barcode,label
GCTTTTCGTTCCC,0
GTACCCTTCCGGG,0
TGGCCCTTGGAAC,0
ATGAAAATTTACG,6
AGGATTCGAAGTG,0
ATGTAACGTTGTC,1
CATGCCGCTTGTA,0
ATCCTTTGCCACT,0
CTCTGGTTCCCAT,5
TTGCAACTGGAGT,2
GATGTTTCCCAGG,1
GAACGGGGGGTAT,2
GGGACAAGGGGGG,0
TGCGTGAAGGAAG,1
TCTCCAAAGGAAT,0
TGCCCACTTTAAC,0
GACAACCATTAAG,0
TTCTACTGAACCG,2
GGCAACGTGGCAC,0
TAGCCAGGGGGTC,5
ATCGTGTTCCCAA,0
AGGCACTCGGGTT,0
AGATGTTGTTGTC,2
ACACGTACAATCT,1
CCTCACGCAAGCA,1
AGGAACGGGGGCG,1
ATTTACGCTTATA,0
TAGTCTTCTTAAA,0
CCACTCAGGGACC,1
GGTCAGAGAACAA,4
CCCCTCATGGACT,0
CTCGTCGGAAGTT,0
CCCACTGAGGGTG,2
TAAGCTATGGAGT,0
TGAATCTACCAGG,3
ATGTAGGGAATAG,1
ATCTAGGTCCTAG,0
CTTGATATCCTTG,0
AAGCGAAGTTAAT,5
TCCGCGCCAACCG,1
GCAGTAGGGGGGG,0
TCACGCCGAATGG,0
GACAGCCGGGGTC,0
GGAGATGGTTTGC,0
CGACATGAAAACG,0
AGAGGCCCTTTCA,3
CTCATACGAACTG,1
GATAATAGAACGT,2
TCGGTATGTTTAC,0
CTCATTATCAAAC,0
CGCGGGATTGCCA,1
CACGAACAGTTTT,0
ATATCCACTGGTG,0
CCGCCCCTCAGTG,2
GTCAGGTGGTCAA,0
CCCCAATGTGACA,2
GATTCCTGACTGT,0
CCGGAATCTGTGT,0
TAGGCCTACAGTC,0
CTCCAATGCATAT,5
TGAGACCAACTTT,0
TCAGTGCGTGAAG,2
GTATACCCACGTA,2
TAATCATCACGTT,1
TCTGGTTGCATCG,1
ACTCTGTGCAAGC,1
GATGACAAACTAG,1
TCTACAAGCAATC,3
GCGTACCGACTAA,0
AAGATGTGACGCG,0
CGCGGAAGTGGGG,1
TCATAGATTGGGT,0
TTTCTCCACAGGG,0
CATGAGCGTGCAC,1
CCCTGAGCTGTGT,0
AATCTCGTACCAG,0
ATGTAGTCGTGTG,1
GTAAAGTGACGTA,1
CCACAGGTACAGT,0
GGCGCTTCCATCC,0
TCGTGAAGTGATC,3
TGTGCTAGGTCGC,0
ACCCCTGTTGCGG,1
CCGGGATGTGTAG,0
TTAGGCGGCACCC,0
TCGTTAGCTGTTG,1
GTATGCGCTGCCA,1
TAGTCGTCCAAAC,0
ACGTCGTGACTTC,1
GGGCGAAGACGTG,3
ATGTGCATCAACT,0
ATGAGCATACGTC,0
GGGGTAAGTGGTA,2
CGCAGCAGGTTGC,5
AGTAGACGACCAC,0
AACTGCGAGTTGA,0
GTTATAGTACTGC,0
CGCAGCTCTGGTC,1
TGATATTTACGTA,0
GGGAATAGGTCTG,0
AAGCCGCGCATCG,0
GGAGATGTCAAGA,1
CCACCGGCACTCT,0
CTCCGCAGACCGA,0
CCTCCGACGTGCG,0
TACATACAACTAG,3
CCTTGCGCGTTAC,1
GTGATAGGACATC,0
AATCTATACACGG,0
GATGATTCACTAT,0
TATCTTAGAGAAG,4
TGGCCCAGAGGTG,1
CGCAGGCGAGTGA,2
TTTAAATGGATCT,0
CATCCTAGAGATC,1
AAACGTTCTCGGC,0
CGACCAACTCGTT,5
GACTGTTCTCTGT,1
CAATGTGCGAAGA,2
TAGTGTACCTTAT,0
ATTCTGGCTCCGG,1
TAGTCTAGAGTGT,0
TTGAGAAGAGTGA,2
CTGAAGCGAGGTG,3
GTGTAGGCAGACA,0
TCTTTCGGAGGTC,0
TCCTTCGTCTACT,0
GGCTCTTGGAACC,0
AGTCCGAGAGAAG,0
ATTAATGGAGCCA,2
CCCATAAGAGAGT,0
CCAGGCCGTCTCT,0
CACCCGGGAGCTC,0
GAATCGGCTCTCG,0
TCATGCTGAGGCT,0
CAACAATCTAGGT,0
GTGCGGTCATAAG,0
AGGGGGACGCGTC,0
TCCCAAAGATACT,2
CCATTTCGATTGT,2
AATGAAGGTACAA,0
TGTCTTTTCGACT,5
TAAGAACGGCTCC,1
AGCCGGCAGCTCA,0
GTAGTTTACGCTT,0
AGCCAAAGGCATT,5
TACACCACTAGCG,5
GGCCTTCGCGTAC,0
TACACCGTTAATT,0
ACCAAAGAGCCGG,5
GGTATTTCATCGT,0
ACAGTTTAGCTAC,5
GGCTCAACGCGGA,0
TTCAACAGCGAAG,3
AAACACCCGCAAT,0
CATGCAGCCGGGA,1
GCGACAGCATGTG,1
TGCCACGTCGACT,0
GTGTCATGTAGTT,0
AAGCCATCATCAT,0
TAGTACTACGGTA,6
GCTATGATCGCTT,2
TACACAAGTACTG,0
CACAGTAGCGTCA,0
GCGCTGAACGATC,1
GTTTGAAGATATC,2
CATCGTATTAATA,0
AAACTGGTCGATC,0
TTACACGCGCGCG,0
CGACACTGATCGG,0
TTATGTTGATATT,0
TCAGAGCTCGCCA,2
TAAATCGGATCCT,0
CAAAGAAGATCAG,0
TAGCCTCACGGTC,1
GGTTCTGGCGGTA,6
TACGTCTAATTGG,0
GACGCTAGTAAGC,1
CAATCTCGTACTA,0
CCTCGAATCGATA,0
CCGATCCGATCGT,2
TAAACTTAATATG,2
CTAGGCAAGCTTC,2
GGAGCGAGATAAT,0
CGTTGCAGATACA,3
GTCCATATGCGTA,1
AGCCTACCTACAA,1
CATATACGATGTC,5
CTTGTAGGATGTT,0
ATGCGAGGCGGTT,0
CTCGGCGTCGTGG,0
CTGCATGGTACAG,1
TATCCGGCTAACT,0
CTTATATAGCACA,0
GACCATTGATGTC,1
TGTAATTGATGTA,2
CCCATAAGCGTCG,6
TACGATAGGCCGT,1
ATCCTAAGTATAG,4
TCGCCGAGATCGA,3
GCTGTAACATATA,2
TTGTGCAGGCTAT,0
ACTAGCAGATTAT,1
TGTCGCCAATATG,1
CCGTGCGATACGA,0
CATCATTCATTAC,2
TATGCGTGCGCGA,0
CACACCAAAGTTT,1
TCAGGGAAAGCCA,0
CCTCTTAAATACC,2
TATCAATAAGTGA,3
ATTATTAAAGCGG,1
ATAGCCAAAGCGC,3
GACAGTAAAGCCG,0
GCTCCAAAAGCAT,0
TCGGTGAAAGCTG,0
ATCGGTAAATCTA,0
GGAAGTAAAGGCC,1
CCTCGAAAAGTTG,3
AGTGTCAAAGTAC,1
ATCCTATAAGGCG,1
GCATGGACCTGGG,3
TGCCGGAACCCCC,0
TTAGCCACCCCCC,0
TAAAGGAGGGGGG,1
TCATCCAGGGTAA,3
CTGTGGATTTGGG,3
TGTATTACCCAAC,2
GAGATTACCCTTG,0
CATGTTAGGGGGT,1
CCCATTAAAGCCT,1
GGCCTTACCTCCT,3
GATCTTACCTGGA,0
ATCTAAATTTCCT,1
CCGCTTATTTTTC,1
AAGCCCATTTAAG,0
AAGTGGCCCCCAA,0
CTCCTTCCCCCGN,5
ACGTTTCCTTTTT,3
CGCGGGCCCCAAA,2
GCTATTCAAAGGG,1
CCTTTTCTTCCCC,0
TCGGCCCTTTGGG,0
TAGCGGCCTTCCA,0
GATCAACCCCGGT,3
TCCGCCCAAACCA,0
AGAACCCTTTTTG,2
GACTAACGGGAAC,3
GTCTTTCGGGCCA,1
TAGAGGCGGGGGT,1
CCCAAACCTTGGA,1
GTTGAACCTTTTC,0
GAATCCCCTTCCT,2
GTGCCCCTTTCCT,4
CGTTCCCGGGAAG,1
TCACTTCCTTTTA,2
ACATCCCCTTTTA,2
CGCCCTCCTTGGC,0
CCGAGGCCTTCCG,3
GGCACCGGAACCC,1
TATCAAGGGGCCC,1
TGGTTTGTTTCCC,0
CCACAAGTTTAAA,0
ATCCTTGAAACCC,3
ATTGGGGCCCCCC,0
CCAGGGGCCCCCC,3
CCGGCCGCCAAAA,0
TCGTGGGCCCCCT,2
TCCTCCGGAACCA,0
CCACCCGGGGGGT,0
ACATCCGGGGGGT,4
CTCAAAGGGGCCA,2
CGACGGGTTTAAC,4
CCACAAGTTTGGT,1
ATGACCGTTTTTG,1
ACATGGGTCCCCA,0
GGCCGGGTTTCCA,0
CAACAAGCCTGGT,2
CCGTAAGCCCCTG,1
GGGAAAGGAACCT,1
TTCACCGTTTGGA,0
GTAAAAGCCTGGA,0
CGCCTTGCCTGGA,4
ACGCTTGCCTTTC,0
TATCCCGGGGGGC,2
AGCTCCGGGGTTA,1
ATTGGGGTTTCCG,1
CATCTTGTTTAAT,0
TTGAAAGAAGGGC,2
CCGTAATTTTGGG,2
AGGAGGTGAACCC,2
CTTACCTGGGCCC,0
CGCCGGTGGGGGG,2
CGGGGGTCCCAAA,1
ACCCGGTTTTTTT,0
TCTTAATCCTAAA,0
AAGCAATTTTTTG,1
GTATTTTTTTCCA,1
TATAGGTTTTGGT,4
GCAGGGTGGGTTG,1
CCTTAATCCCCCA,1
CGAATTTTTTCCT,3
CCACCCTGAACCT,1
TCAGCCTCCCGGA,1
GTCAGGTTTTTTT,1
CGCAAATCCTGGA,3
TCCATTTTTTGGC,2
AACCAATGGGGGC,2
CCAAGGTCCCTTA,0
AACTGGTCCTGGC,4
ATAATTTCCCAAT,1
TGTCTTTAAATTA,2
ACCATTACCTGTT,2
TAGCGGACCTACC,1
CGCGAAACCCGTT,1
GGGTGGAGGGTGG,2
TGCGAAAGGAACC,4
CGCAGGATTTGTT,1
AAGGCCACCCACA,0
GGGGGGAGGGACA,0
GCAAGGAGGGGTG,3
AAGTTTAGGGTGT,0
AACGAAATTTGTG,2
ATCCTTATTTCAC,3
AGTGGGACCTACT,0
ATGCCCACCTGTC,2
ATGTTTAGGAACT,3
AGCGTTAGGGGTC,1
ATTACCATTTTGA,1
CCATTTATCCTGA,0
ATCGTTATTTGTC,0
GTTATTACCCTGC,0
AATATTACCCCAT,1
AGTCAAAGGGACG,3
ATGCGGAGGGACG,3
ATCAGGAGGGTGC,5
AAGTCCATTTCAT,2
TTGTCCCCTTCAA,1
TCTAGGCCCTACC,3
CTGGCCCAAATGG,0
AACGCCCAAATGG,3
GACTGGCTTTGTT,4
CATCAACTTTGTT,1
TTTGGGCGGGACC,1
TGGTCCCGGGGTT,0
AGAGGGCAAACAC,5
TCTCAACAAAGTG,4
GCGATTCAAAGTG,1
GACTTTCGGGCAC,2
TTCATTCGGGGTG,0
CTTCAACCTTCAG,1
TTGCAACCCAGTC,4
GTCAGGCCTTCAG,0
AAGTTTCAAAGTC,0
GACACCCTTTACT,1
GCACAACTTTCAG,2
AGCCCCCCTTGTA,2
TGTCTTCAAACAT,2
AACGGGCAAAGTA,2
AATATTCAAAGTA,0
CCTCTTCTTTCAT,1
TGCGAACTTTCAT,1
CTTCAACGGGTGC,4
GAACAAGGGGCAA,1
TTAACCGGGGACC,0
ATAATTGGGGGTT,2
CTCCAAGTTTACC,3
ACATGGGAAAGTT,5
TGGATTGCCTTGG,2
TCAAGGGCCCCAA,1
TCTTTTGCCCCAA,0
ACCAGGGGGGGTG,1
ATGTGGGGGGTGT,0
GTGAAAGGGGGTG,2
AAGGTTGGAACAC,4
GCGACCGGAATGT,3
TGCGTTGGAACAC,0
GCTTCCGTTTGTG,1
AGAAGGGTTTTGT,2
TCTGTTGAAAGTG,0
TATATTGAAACAC,1
GCCGGGGCCTCAC,0
GACGTTGGGGCAG,1
GGCGGGGGGGCAG,3
TTGCGGGAAAGTC,3
TGGCTTGCCCACT,4
CTCTGGGCCTCAG,1
GGTCTTGGAACAT,0
CCAGCCGGAATGC,0
TCGGAAGTTTTGC,0
GATCCCGTTTGTA,0
AAAGTTGCCCACG,1
GAGGCCGCCTGTA,0
GAAGGGTTTTCAA,2
TCAATTTGGGCAA,0
GGCCGGTGGGGTT,1
TAATTTTCCCGTT,0
TTGTAATCCCTGG,1
CTCGGGTCCCGTT,3
CTACAATCTTTGG,4
TAGTCCTAAAGTT,0
GGAGTTTAAATGG,0
ATGTAATTTTGTG,3
GCAGGGTTTTGTT,5
TCACTTTCCCACA,2
AACGAATCCTGTG,0
CTAATTTAAAGTG,1
AGCTTTTAAACAC,0
ATTATTTTTTACT,2
TAGTAATTTTACT,3
TATCGGTTTTGTC,3
CATAGGTTTTGTC,1
AGACTTTGGGTGA,1
GTTCAATCCTGTC,0
GCTTCCTCCTGTC,2
ACACGGTCCTACG,0
GGAGTTTCCTGTA,0
CTCGCCTCCCTGC,2
GTCGGGACCCTCC,0
ATCATTATTTTCC,1
ATTGTTATTTAGT,1
CGTATTATTTTCA,4
TCATCCAGGGTCT,3
CGGAAAATTTGAG,2
AGACGGATTTTCT,0
ATCCGGAGGGTCG,3
TCACTTATTTAGA,0
GGTGAAATTTAGC,0
CAGATTATTTAGC,0
CTTCTTCTTTCTT,0
GCAGCCCTTTCTT,0
AAACGGCGGGAGG,0
TACTTTCGGGAGG,5
GAGTGGCCCTTCA,0
ACCCAACAAACTG,0
GCACGGCTCCCTG,3
CCGCCCCTTTAGT,5
CTTCGGCCTTTCT,3
GGCACCCCTTCTC,0
CACCGGCAAACTC,3
CTGACCCAAATCT,2
GCCGTTCTTTAGA,1
CCTCCCCGAACTC,0
TGTTCCCCTTAGC,1
TTCAAACCCTAGC,3
TCTATTCAAAAGC,0
CTTACCCTTTTCG,1
CCTGGGGAAATCC,0
CTTGGGGCCTAGG,1
GTTAGGGCCCAGG,0
TTATCCGTTTTCA,4
AGTGCCGCCCAGT,1
TTCGGGGCCCCTG,1
CGCAAAGAAATCT,2
AGGCCCGTTTCTA,4
ATAACCGCCCTCG,3
TGAGAAGCCCTCG,0
CTACTTTCCCAGG,0
CCACCCTTTTTCA,3
TCAGGGTCCTAGT,4
AAATCCTCCTAGA,3
ATGGGGTCCCGAG,2
ATCTCCTAAACTC,0
TAGTGGTGGGTCG,4
ACCTTTACCCTAA,0
CAAGCCAGGGTAA,4
CCAGAAAGGGATT,2
CAATTTACCCTAC,4
TGTGAAACCCTAC,1
AGATGGACCCATG,0
TGCCTTATTTATG,1
CCACAAACCCGCT,2
AAGACCAGGGTAG,1
GACATTAGGGATA,0
TCGTCCAGGGCGC,0
TGCTTTAGGGGCG,4
CGGCCCCCTTGCC,4
CCAAAACCTTTAA,1
GTGAGGCCCCTAA,0
AGTCCCCAAAATT,2
CGTGCCCTTTCGG,0
TGAGGACTTTATT,1
GGCCAACTTTCGG,0
CCCAGGCGGGATT,4
GTGGGGCGGGCGG,3
TTGATTCGGGCGG,0
CGAATTCCTTCGT,0
TTGTGGCTTTCGT,0
TAGTGGCTTTATG,2
TCTCAACTTTGCA,0
GGGAAGCGGGCGT,2
CAATCCCGGGTAC,0
CAACCCCCCCGCT,4
CTGATTCGGGATC,2
ACACTTCCTTTAT,0
ATCGCCCCAATAT,4
AGCGTTCCCTGCG,1
AGAGAACTTTCGC,0
CCGACCCTTTCGC,2
AAGTGGCGGGTAT,1
TTGTTTGGGGTAA,3
AACTTTGGGGCGG,2
TTCCAATTTTTTT,0
TATAAAGGGGCGG,1
ATAATTGTAAATT,0
GCCGGGGAAAGCC,0
CAACTTGCCTCGG,1
ATGTTTGCCCGCC,0
TTCTTTGCCCCTT,0
TGTGGGGGAACGT,0
CGCTCCGGGGTAC,3
GAAATTGTTTTAC,0
CTTCGGGAAAGCA,0
AGGATTGCCCTAC,3
GCACGGGGGGTAG,0
AGTAGGGGGGATC,0
TGCCCCGGGGATC,0
AACGTTGAAATAG,0
TAACTTGCCTGCT,2
CTCTGGGCCCATC,0
CCTGTTGGGGATA,1
AGCACCGTTTTAT,1
CTTCTTGCCTATA,2
ACATTTGCCTATA,0
GCCGAATTTTATT,2
GCCTGGTGGGCGG,1
TGTTTTTTTTTTT,0
ACTGCCTCCCTAA,1
TGAGAATCCCCGG,2
CCGAAATCCTTAA,1
AAATAATAAACGG,3
AGTCTTTGGGTAC,2
GGGTTTTCCCATG,0
CTTGTTTCCTGCA,1
GCCTCCTCCTATG,2
TGAGGGTAAAGCA,1
GCGGTTTAAACGT,1
CTTTGGTTTTGCT,0
ATGTTTTTTTATC,1
GTCGGGTTTTGCT,0
CAGCGGTTTTTAG,0
AAAATTTGGGCGA,2
GGTGGGTGGGGCT,0
TTCTCCTAAACGA,0
GTAGTTTAAACGA,0
AGTACCTGAAGCG,1
TATGTTTGGGTAT,4
GCGTAATGGGGCG,1
AAGGTTTCCCCGC,0
ACTACCTCCCGCG,1
TGCTAATCCTTAT,1
TACTCCTAAACGC,3
GTCCTTTAAAAGC,0
TGCAACACCCCCT,3
GTTCGTAGGGTGG,0
TGTCACACAATTG,4
TTATGTACCTGGT,1
GGGTCAAGGGGGT,0
TACGGTAGGGAAC,0
CTATCAAGGGGGT,1
GACTCAACCCTTC,3
CAGGACACCTTTC,0
CTATCAATTTGGA,0
CCACTGAAGGCCG,0
GGGGCAACCTTTA,0
AAAGACCCTTCCC,0
GAATCATTTTTTT,1
CTGGGTCCTTGGG,2
TTCTCACAAACCC,1
CAGGGTCGGGCCC,1
AGGTTGCCCTAAC,4
TGTAACCCCCCCA,0
AGACACCCTTAAC,2
GCTCCACCCCCTG,4
ACGCGTCCCTGGT,0
CAGGTGCTTTGGT,1
ACGCTGCTTTCCA,1
GAACCACCTTGGA,4
AGTAACCCCTGGA,3
CCATACCAAACCT,3
GCAAACCTTTCCT,3
GACGTGCTTTAAG,3
GTAGCACTTTAAG,2
GAAGGTCGGGGGA,3
AGTTCAAAAATTA,3
CTCAACCCCTGGC,0
ATAATGCCCCTTA,2
TAAATGCTTTCCG,2
CCGTGTCTTTTTA,5
TCGCGTCTTTCCG,2
TGCAGTGGGGCCC,0
ACGACAGTTTTTC,1
CCTCCAGCCTCCC,0
ACTATGGCCTCCC,2
TATTGTGCCCCCC,4
TTTTTGGGAAGGT,2
AGTCCAGGGGGGT,0
CTAATGGGGGGGT,2
TCCGCAGTTTCCA,4
GCTGCAGTTTCCA,2
ACAACAGCCTTTG,0
CCTGTGGCCTCCA,2
GCTCGTGCCCGGT,2
ATCCGTGTTTTTC,0
AATATGGAAACCT,0
GGTGACGCCTTTC,0
GAACTGGGGGTTA,3
CCAGACGGAACCG,5
TCGGGTGGGGGGC,0
CACACAGAAAGGC,3
ACAGGTGCCCTTA,2
ACAGACGCCATTA,2
AACGCAGCCCAAT,2
GGTGACTTTTGGG,3
GGTACATCCTCCC,0
GTGCTGTTTTTTT,1
CGTAGTTCCCTTT,2
ATACACTCCAAAA,0
CTACGTTTTTCCA,0
AGCCACTGGGGGT,0
GTAACATGGGAAC,2
CTGTTGTCCCCCA,0
GGATGTTCCCAAC,3
GTACTGTCCTAAC,0
GCCGACTAAATTG,4
CGCAGTTAAAGGT,1
CATCTGTTTTGGA,5
TAAAGTTGGGGGA,0
CTTTTGTCCCCCT,0
CCTCACTCCCAAG,4
GGATTGTCCCAAG,0
ATCGACTTTTGGC,2
GGCAACTAAACCG,0
GCCATGACCCGTT,0
CTCCTGACCCACC,2
TAGTTGACCCACC,3
GTGGTGAGGGGTT,0
GTGGACAGGGGTT,3
TTTTACATTTCAA,1
TACCCAATTTGTT,0
AACTTGATTTTGG,2
CCGTACATTTGTT,0
TCTTCAACCCTGT,0
AATCACACCTGTG,0
AACAGTAGGGACA,2
ATCGCAATTTTGT,6
TGGTTGACCCACT,2
AACAACACCCATC,4
GGGTACACCCTGC,1
TGTGTGACCCTGC,4
CTCCCAACCTTGC,0
AGAATGACCTTGC,2
ATGCCAAGGGGTA,4
GTCCGTAGGGGTA,1
GGTTTGATTTGTA,0
CTGTCAATTTACG,0
TGACTGATTTCAT,1
ACGCCAATTTCAT,0
GAATCACCCCTGG,4
CTGGGTCAAAGTT,3
AGTAACCGGAACC,1
TTCGCACCGGTCA,0
GGGGGTCAAAGTG,0
TGGAACCAAACAC,2
GTCACACAAACAC,0
GCCCGTCTTTCAC,0
AACAACCTTTGTG,2
CTACCACTTTCAC,0
CTGTACCGGGCAC,1
GATTGTCGGGGTG,1
AGTCTGCCTTGTC,0
AAGTGTCCTTTGA,1
CCTAGTCCCTCAG,1
AATTGTCCCTGTC,3
GAAAGTCAAACAG,4
ACTCGTCAAAGTC,4
AGGGACCTTTCAG,2
GGCCGTCTTTGTC,4
CATTACCTTTTGA,1
AGCAACCCCTCAT,0
GACCTGCAAAGTA,1
CCGAACCAAACAT,1
AGTTACCTTTGTA,4
GCGTGTCTTTCAT,2
ATAGGTCTTTACG,4
CCTCGTCGGGGTA,4
GGCCTGCGGGTGC,4
ACCGTGGGAAGTT,0
AGGCTGGGAAGTT,1
ACACTGGGAAACC,0
GATATGGGGGGTT,1
CAGTCAGTTTGTT,4
GTGACAGCCTGTT,1
CCATGTGCCTGTT,0
TTCACAGGGGGTG,0
ATCGCAGTTTGTG,4
ACGGACGTTTGTG,2
CGTAACGAAACAC,1
GGTTACGCCTGTG,0
AGAGCAGCCCACA,1
CAACTGGCCTTGA,0
GGTAGTGCCTGTC,0
GGAACAGCCCGTC,0
CGCTACGCCTCAG,3
TGTTGTGGGGACG,0
CTCAACGGGGACG,0
TCGAACGGAACAT,1
TCATCAGAAAGTA,1
CCGATGGCCTCAT,3
AACGGTTTTTCAA,0
CTCCGTTTTTTGA,2
TGCACATTTTTTT,0
ATACGTTTTTACC,1
GACTACTCCTCAA,0
GAGCCATAAAACC,3
GGGTTGTTTTGTG,3
CCCAGTTTTTCAC,0
AAATCATTTTACA,1
AGCCCATTTTCAN,1
CGCCTGTTTTTGA,2
CGTGACTGGGGTG,3
CTTAGTTCCTTGT,1
TATGCATCCCGTG,4
TCCATGTAAAGTG,0
AAACACTCCCACT,4
GCTCCATCCCCAG,1
GTTGACTAAACAG,0
AGGCCATAAAACT,0
AACGACTAAAACT,4
TGATCATTTTACG,6
CCCGGTTGGGACG,0
TCCGCATGGGCAT,3
TTCCACTGGGCAT,0
GTCTGTTGGGGTA,1
CATCTGTGGGGTA,1
TATCGTTGGGGTA,0
GGGACATCCTTGC,0
ACCGCATCCCCAT,1
TTCCGTTCCTACG,0
CTGCGTTAAATGC,0
GAGGTGACCCAGG,0
TCGAGTACCCCTT,5
TATCTGAGGGGAA,4
ACTTCAAGGGAGT,2
ATGCCAATTTAGT,1
GACATGCTTTAGN,0
ACCGCACGGGAGG,0
CCTGACCGAACTT,2
ATTCTGCCTTTCA,0
TGTAACCAAACTG,0
TGCCGTCGGGGAC,3
AGACACCCCTTCT,0
CCTATGCAAATCT,2
AAGTGTCGGGCTC,2
CACCCACCCTTCG,0
AAGAGTCCCTTCG,1
TGATCACAAATCG,3
GAGGTGCTTTGAT,0
CAAATGCGGGAGC,2
GAGGACCGGGTCG,3
CGCAGTGCCTAGG,1
CATCGTGCCTTCC,1
CGGAACGGGGCTG,5
GGCGTGGTTTCTG,3
CCAGTGGAAAGAC,0
ATGCACGCCTTCA,1
TCTTTGGCCTCTC,4
CCTCCAGCCTAGA,2
GGTAACGTTTTCG,0
CCTGCAGTTTAGC,0
AAAAGTGCCCTCG,1
TCATTGGCCTGAT,1
TACTACTCCCCTT,4
AGCTACTAAACTT,1
CTCCTGTTTTTCA,5
CCCGGTTCCCAGT,0
TAATACTCCTAGT,3
AAGCCATAAACTG,4
GGTCCATCCCTCT,1
TAGATGTCCTCTC,4
GCCAACTAAGCTC,1
GGGAACTGGGCTA,1
ATGTGTTCCCAGC,2
TGTCACTCCCCTA,1
AATAACTAAATCG,2
GTTGACAGGGGCC,0
GAAGGAATTTTAA,2
GTGTACATTTCGG,0
CTCGCAATTTATT,0
TCTATGAGGGATG,1
GCTCTGACCCTAG,0
CTTGTGAGGGATC,2
ATGTACAGGGGCT,1
CGGCGTATTTTAG,5
GTACTCAAAACGC,1
GACGTGACCCTAT,2
GTTGCAATTTATN,0
CGGAACATTTGCG,1
AGACACCTTTTAA,2
TGCAGTCTTTATT,0
TGTCCACGGGCGG,4
GAGCTGCCTTTAC,1
GCGATGCAAATAC,4
CTTCACCTTTGCA,3
GAATGTCTTTATG,0
TAATACCGGGTAC,4
AGGATGCCCTATC,2
TACTTGCCTTATC,0
ATCCTGCCCTGCT,0
GCTCACCCTTTAG,5
TTTTCACAAAATC,1
CGTCACCAAAATC,2
TTCGACCAAAGCT,1
CAATTGCTTTCGA,0
TAATGTCCCTCGC,1
TCGGACCCCTGCG,4
GGCTACCTTTCGC,0
AGCGGTCTTTTAT,3
GACCCACGGGGCG,2
GCTTACCGGGTAT,0
TGTCGTGTTTTAA,1
CTCCTGGTTTTAA,3
ATCCTGGAAAGCC,2
GACCACGCCCTAA,2
CTGTGTGCCCTAA,3
CTCGTGGCCCTAA,1
ATTGACGGAAGCA,0
CATCGTGTTTCGT,0
GGGTCAGCCTTAC,0
CTGTGTGCCTTAC,4
AAACGTGGAACGA,0
CTGAACGGGGTAG,0
GTGATGGCCTATC,0
ATACACGCCCATC,3
GCAAGTGTTTCGC,2
GATTCAGTTTCGC,0
GTGATGGCCTCGC,1
GCGGACGCCCTAT,2
TGCCGTGCCCTAT,3
CAGGACTTTTATT,0
GCCACATGGGGCC,2
CCCAGTTGGGATT,5
ATGGCATCCCTAA,0
CCTGGTTAAAGCC,1
CGGGACTCCCTAC,1
CCGCCATCCTTAC,0
GTATCATCCCATG,0
AACTTGTTTTGCT,3
GTCTACTTTTATC,2
CAGATGTGGGGCT,0
GGTACATCCTGCT,3
CCTCGTTCCCTAG,0
CTGACATAAACGA,1
CAGTACTTTTTAT,4
AGCTGTTTTTGCG,0
GGTATCACCCCCC,4
GTTCAGAGAACCC,2
GGCGTCATTTGAA,0
CAACCTAGGGCCA,5
CGTGCTAGGGTTG,3
ATGAAGAGGGGGT,4
TTCTCTAGGGGGT,0
TCTAAGAGGGGGT,1
GGCCAGATTTCCA,0
GAGACTACCTCCT,0
TGACTCAGGGGGA,1
ATACCTATTTGGA,1
ACCTTCAGGGTTA,0
AGGATCAGGGCCG,1
GAGGCTAGGGGGC,4
GGAAAGCCTTTTT,1
CGATAGCCCCCCC,1
GGAGCTCAAATTT,0
GGGACTCGAACCC,0
TAGTCTCCTTCCA,4
ATGCCTCAAACCA,1
AATGCTCAAAGGT,1
CAGCGACTTTAAC,2
CATCCTCTTTCCA,0
GCAGGACCTTAAG,1
CTCACTCCTTGGA,2
ACTATCCAAACCT,2
AGTCCTCTTTTTC,3
TCTGAGCTTTCCT,3
GTACCTCTTTAAG,2
GTCTGACGGGGGA,0
TCACCTCCCCCGC,3
CCATTCCCCCCAT,2
TTCGAGCCTTCCG,1
GATTAGCCCCAAT,0
GGCCAGCAAAGGC,0
CACATCCGGGAAT,0
AAGACTGGAAGGG,0
GGCATCGGGGGGG,2
AGTACTGAAACCC,3
ATTATCGCCCAAA,0
TACGGAGCCCTTT,2
GGCCCTGCTTCCC,0
TCCTAGGGGGCCA,3
CTATTCGGGGAAC,4
CTGACTGAAAGGT,3
CGAGCTGAAATTG,2
CAGCCTGGGGCCT,3
CGCCCTGTTTGGA,3
ATGCAGGAAACCT,0
GAGTAGGAAACCT,2
GAATAGGCCTGGA,0
CAAGGAGCCTCCG,3
TGATGAGCCTAAT,0
GGCACTGCCTCCG,0
CAATGATTCCCCC,2
TTGGGATGGGGGG,0
ATGCTCTCCCAAA,1
GCTGAGTCCCTTN,0
GATCTCTTTTTTT,4
TCTATCTGGGGGT,0
CCGAAGTGGGGGT,4
GGTATCTAAAGGT,4
TGCGGATCCTTTC,0
TAATAGTAAACCT,0
CTAGGATTTTTTT,1
GAGAGATTTTTTA,0
CGGTAGTGGGCCG,5
GTCCCTTGGGCCG,0
GTTGTCTCCCCCG,2
TGAGTCAGGGCAA,1
ACGCAGAGGGGTT,2
TTCATCATTTGTT,1
CCACTCAAAAGTG,5
ACACTCACCCCAC,1
AGCTCTAGGGGTG,0
GTATGAATTTACA,1
GCTAAGACCTGTC,1
GGCAAGAGGGCAG,1
TGCGAGATTTGTC,4
GCTGGAACCCGTA,2
GCGATCACCCCAT,0
TAGGTCAGGGGTA,0
GACCTCATTTTGC,1
TGAAAGATTTACG,1
AGTACTCCCTGTT,1
TAATGACAAAACC,0
GATCCTCAAAGTT,0
CCACGACTTTCAA,3
TACAAGCGGGTGG,0
AAGCCTCGGGGTT,2
ATGTTCCAAAGTG,6
GAACTCCTTTGTG,6
TTCGTCCTTTACA,3
CTACCTCTTTACA,0
TTATGACTTTCAC,0
TAGATCCGGGACA,6
CGGAGACCCATGA,3
TCATAGCCCTCAG,1
TTGTAGCAAAGTC,2
CTATGACAAACAG,1
AGCAGACTTTCAG,0
AGCGCTCTTTACT,4
CCCATCCGGGGTC,4
AATCGACGGGCAG,0
GACAGACCCTACG,2
CCAGAGCCTTGTA,1
TACGCTCTTTGTA,0
CGCGGACTTTTGC,2
TTAGGACTTTGTA,4
AATGTCCGGGGTA,1
AACTTCGGGAACC,0
GCTCTCGGAAACC,0
GAACCTGTTTCAA,0
GACCTCGTTTGTT,1
ATCAGAGTTTTGT,3
AAGCCTGTTTGTT,1
GATCCTGTTTGTT,0
CCGACTGAAAGTT,3
ATTCCTGGGGTGT,2
GCTGAGGGGGCAC,3
CTCATCGTTTTGT,0
GATACTGAAAGTG,2
CCTACTGCCTCAC,0
CCGCAGGCCTGTG,0
GGGATCGGAAGTC,2
AACAAGGGAAGTC,1
AATCTCGGGGGTC,2
CATCCTGAAAGTC,2
GGGCTCGCCCGTC,4
TAATAGGCCTACT,2
TAGTGAGCCTTGA,4
GGATTCGCCTCAG,0
TCGTGAGCCTCAG,2
CGCTAGGCCTGTC,0
TCCGGAGGGGTGC,4
AAGGAGGGGGGTA,0
GTTCTCGTTTACG,3
TACTGAGAAACAT,0
GTTAGAGCCTGTA,1
TTGCTCTTTTCCC,4
ACTTTCTCCCGTT,0
TGTCGATAAGACC,2
ACATTCTGGGCAC,0
CCAAAGTCCCACA,1
GAGCGATCCCACA,1
CCGTCTTTTTGTC,0
GAGGGATGGGCAG,1
CGCGAGTGGGACT,1
ACACTCTCCCGTC,1
GTGATCTCCTGTC,0
CCATTCTCCCCAG,3
TATCTCTCCCACT,0
GACTCTTGGGACG,0
CCCCTCTCCTGTA,2
GTGCTCTCCCGTA,2
GCTACTTAAATGC,1
AGCGCTTAAACAT,0
CGCGAGACCTCTT,4
TTTCTCATTTAGG,0
AGATAGACCCAGT,1
CTTTTCATTTTCA,3
TACGGAATTTGAC,0
GTGTCTACCCCTC,4
TGCTCTAGGGGAG,1
GTTAGAATTTTCT,5
TCTCTCATTTCTC,1
CGATCTATTTAGC,1
GACGCTCCCTCTT,0
CAGGGACCCCAGG,1
CCCAAGCCCTCTG,2
TCATTCCCCTAGT,0
CTGCTCCCTTTCA,0
AACGTCCTTTTCA,4
TATTTCCTTTCTG,1
ACGGGACTTTCTG,0
TTGAGACGGGGAC,4
TAGAAGCGGGAGT,0
GCTCTCCGGGAGT,2
AGTATCCCCTCTC,2
TGCGGACCTTTCT,0
CTATTCCCCGAGA,0
CCGAGACTTTCTC,0
TTCTTCCAAACTA,1
GAGTGACTCCTCG,4
TGTGCTGGCCTCC,0
TAGTAGGTTTTCC,3
ATATAGGTTTCTT,0
ATTGTCGCCCAGG,4
CAATCTGCCTAGG,1
GTGATCGGGGTCA,0
GCGTAGGGCCTCA,1
TTTAGAGGGGAGA,2
TACGGAGGGGTCT,1
TTACGAGGGGCTC,2
CATGAGGGGGAGC,2
GTTCTCGCCCTCG,1
AGTCCTTTTTCTT,1
CACGAGTTTTCTT,0
AGAGAGTTTTCTT,0
CGAAAGTTTTAGG,1
GTATAGTTTTTCC,0
CTGTGATCCCCTT,2
ACTCCTTTTTCTG,1
CTATTCTGGGTCT,1
GAACCTTCCCCTC,1
TAAACTTTTTGTA,0
GAAGTCTTTTTCG,3
AAGCAGTTTTTCG,5
CCGCTCTTTTTCG,3
CCGATCTGGGTCG,2
TCCAAGTCCTTCG,5
CCTTGATCCTCTA,2
CCTACTACCCTAA,0
TGGACTAGGGTAA,4
GTCTGAAGGGCGG,1
ACCGTCATTTATT,0
CTGGGAACCCATG,3
AGATAGACCTGCA,0
TGCCCTACCTATG,2
AATCAGACCCTAC,0
GAATGAAGGGATG,1
GACGGAAGGGCGT,0
AGGGCTATTTATG,1
ATTCTCACCTATC,4
TGGATCACCTCGA,1
AGGCCTACCCTAG,2
CTCTAGATTTGCT,1
CCGCTCACCCCGC,4
TTTATCAGGGCGC,3
TAACCTATTTATA,3
GCTAAGATTTATA,2
GCAATCCCCCATT,1
TTTCTCCTTTTAA,0
CTGACTCTTTTAA,1
GGTTGACCCCATG,1
ATGCAGCCCTTAC,0
GACGAGCCCCTAC,3
AATATCCAAATAC,3
TTGGAGCGAACGT,0
ATCAGACGGGCGT,2
AGAGTCCGGGTAC,6
CCGGTCCGGGTAC,0
CTATCTCGGAATG,3
TTCGAGCCTTCGA,0
TTAGAGCCCTCGA,3
TAAAAGCCTTGCG,4
GATTTCCCCTGCG,1
CGTGAGCAAACGC,3
AGGAGACGGGTAT,3
GGCATCCGGGTAT,0
GACTGAGCCCTAA,0
GAGCAGGCCCTAA,0
TGCTAGGCCTTAA,1
GAATCTGGGGATG,0
TATCGAGGGGCTG,4
TACACTGTTTATG,0
TCACGAGGGGGCT,2
CTCTTCGTTTATC,5
AGTGGAGCCTATC,0
CTAACTGCCCTAG,3
CTCTGAGGGGCTA,3
GGCAAGGTTTATA,3
ATACGAGCCCCGC,0
GAGGGATTTTGCC,2
GTGGCTTCCCTAA,0
GTCAAGTCCCGCC,4
ATCATCTCCTGCC,5
TCTCTCTCCCCGG,5
CAGCCTTAAACGG,0
GGCCCTTGGGTAC,0
CGGAGATCCTCGT,3
TACGCTTCCCATG,4
AAGACTTCCCATG,0
TCTATCTCCTTAC,0
GACACTTGGGTAG,2
TAGGCTTGGGGCT,2
CGCCAGTGGGGCT,4
ACGCTCTGGGTAG,2
GCTCTCTTTTATA,3
TGCAGATTTTGCG,0
CAACTCTGGGCGC,2
CCTGTCTCCTGCG,0
GAATATACCCAAA,4
CTAGGCACCCTTT,3
CTAACGAGGGAAA,2
GCGAATACCTGGT,4
ATATATACCTCCA,0
AGAAATAGGGGGT,0
GAAACGATTTAAC,2
CGTTATAGTTAAC,0
ACTTATACCCGGC,5
TTGTCGAGGGAAT,2
CTCCCGATTTAAT,3
GTCCGACCCCGTT,0
ATCCTACAAACCC,0
TGGTTACTTTCCC,3
ATGGATCGGGCCC,0
CTGAATCGGGCCC,1
CACTCGCGGGGGG,1
CCAGGCCCTTCCA,0
TTAAGCCCCCCCA,1
TCGCGCCCCCAGT,0
GGCCGCCGGGAAC,0
GGGAGCCCCCCAG,1
TACGGCCCCTTTC,2
TCTGTACCCTAAG,1
CGACATCCCCAAG,2
GTCGTACCCCGTC,2
AAGGATCAGGCCT,1
CCTACGCAAACCT,0
ATATTACAAACCT,2
AACCATCTTTAAG,0
TGCATACTTTGGA,0
TCCCGACCCCCCG,4
TCATTACCCTCCG,4
ACGGTACCTTTTA,4
GTATGCCCCATTA,2
TTATTACAAAGGC,4
TTCCCGCAAAGGC,1
GATTATGGGGTCC,0
TGCCGCGAAAGGG,2
GCCCTAGCCCAAA,0
TCACTAGCCTCCC,4
TGTAATGCCCCCT,1
AGAATAGCCTCCC,0
CGTGCGGAAAGGT,0
GCTTCGGCCCGGT,0
TGTCCGGGAATTC,6
CGCACGGTTTGGA,3
CCACATGAAATTC,2
TGATATGCCCCCT,1
GAGCTAGGGGGGC,0
GCGTGCGGGGCCG,0
CCTCGCGTTTTTA,1
CCTCGCGCCTTTA,0
TGATCGGCCTCCG,4
TATTGCTTTTGGG,3
ACCAATTCCCAAA,1
TATAGCTCCCCCC,4
CGCCTATCCTGGG,3
TGCAGCTCCCTTN,1
ACCCGCTTTTTTG,4
AGGTATTTCCCCA,0
CAGTATTTTTTTG,3
CGTACGTGGGTTG,1
CATTCGTGGGCCA,4
CGCCTATGGGCCA,0
GGTACGTCCTCCA,5
GAACCGTAAACCA,0
GCCGCGTAAACCA,2
TACCGCTTTTTTC,0
CCACTATTTTCCT,1
TCGTTATTTTTTC,1
GGCAATTGGGCCT,0
TCAACGTCCTGGA,0
TGACCGTAAAGGA,3
ACACTATTTTGGC,2
TGTCGCTGGGGGC,1
CTTCGATCCTAAT,0
CGGATATCCCTTA,0
CACCCGTCCTAAT,1
CGTTTATCCTATA,1
TATTTATCCCCCG,1
AGGTTAAGGGGTT,0
TGGACGAGGGACC,0
AAAGATAGGGGTT,1
GTCCTAAGGGCAA,4
GGCTGCAGGGACC,1
TCTATAAGGGGTT,5
CCCGGCATTTTGG,6
CTGGATATTTACC,1
GCGATAATTTTGG,0
ACATCGACCTCAC,3
TTCCATACCCACA,2
TAGTGCAGGGGTG,1
CTTACGATTTTGT,2
GACTATATTTGTG,1
CCTTGCATTTACA,0
GTCGATATTTTGT,2
GCACGCCAAACAG,4
GAGGATACCCTGA,0
CTTCATAGGGACT,3
GACAATAGGGACT,4
AGCCATAGGGTGA,2
CGCACGAGGGCAG,4
GTGGCGATTTCAG,0
CGATCGATTTACT,1
CCTAGCATTTGTC,0
GGGTCGACCCACG,0
TAAGTAAGGGACG,5
CCAACGAGGGGTA,0
CAGATAAGGGGTA,2
TATCCGAGGGCAT,2
AGACTAATTTTGC,2
GTAACGCCCCACC,1
CATTTACCCCGTT,0
GTACCGCCTTGTT,0
AGCGTACCTTACC,5
AGGAGCCAAAGTT,2
TCCGTACAAACAA,3
CCGGCGCAAATGG,1
ATCATACTTTTGG,2
CAGACGCTTTGTT,1
TAGTCGCGGGTGG,0
CTTCATCCCTTGT,0
GACGTACAAATGT,0
TGATATCAAACAC,0
ATGTGCCTTTGTG,0
CTCCCGCTTTGTG,4
ATCGGCCGGGGTG,4
ACTATACGGGCAC,3
GCCGGCCCTTCAG,3
TAATCGCCCTTGA,0
TGTGGCCCCTACT,0
GACATACCTTCAG,0
AGTCTACCCTGTC,0
TCGAATCCCTTGA,1
AATTATCAAAGTC,1
AGCAGCCAAAACT,3
ATAGATCAAAACT,1
AACCCGCTTTACT,1
CTGGTACTTTGTC,1
CTGGATCCTTCAT,4
AGACCGCCCTGTA,3
ATCTGCCCCTCAT,0
AGCGGCCCCTGTA,4
CTCATACTTTCAT,2
ACTAATCTTTACG,3
CTAACGCTTTGTA,1
TCAGGCCGGGCAT,3
ATACGCCGGGACG,2
GAATCGGGAACAA,4
CTAAATGTTTACC,1
TCGAGCGTTTACC,0
ATGTCGGCCTACC,0
AACATAGCCTGTT,0
GCGACGGCCTGTT,5
AAACGCGGGGTGT,4
TTGAATGGGGGTG,0
TCGCGCGGGGTGT,3
TTAGGCGTTTTGT,4
AATAGCGTTTGTG,4
AGATGCGAAATGT,1
AACGCGGAAACAC,0
TGCGATGAAAGTG,1
ACCGTAGCCCGTG,0
ACCGATGCCCCAC,4
AACGATGCCTGTG,0
GTCCTAGCCTGTG,1
CCGGCGGCCTGTG,0
GTCTTAGGGGACT,0
GCGTGCGGGGGTC,2
GGGTGCGTTTGTC,2
TTCTGCGTTTGTC,2
ATGTATGAAACAG,2
TCTACGGAAAGTC,2
CCCCCGGCCCACT,4
CCCCTAGCTTGTC,0
GCCAATGCCTACT,4
GACCCGGCCCACT,4
GCAGTAGCCCTGA,1
ATCCATGCCCGTC,2
TCGGGCGCCCGTC,3
GCAGTAGGAATAT,3
GACCATGTTTGTA,2
AACTATGAAAGTA,1
ACCCGCGCCTGTA,0
AAACGCGCCTGTA,3
CCCTCGGCCTCAT,0
CGTTTAGCCTGTA,3
GGAAATGCCTTGC,0
TTTAGCTTTTGTT,0
CCGTGCTTTTCAA,1
TCGTCGTTTTTTT,1
TTAGTATTTTCAA,4
GACTATTCCTGTT,3
TACAATTAAAACC,0
ATCATATAAAGTT,4
CCTATATAAGACC,3
GAAGGCTTTTCAC,0
TGACCGTGGAACA,3
GGCACGTAAACAC,1
GAAGGCTTTTGTC,0
ATAAATTTTTCAG,4
AGTCGCTGGGACT,1
GGATGCTGGGGTC,2
CTACCGTGGGGTC,1
GATCATTGGGGTC,1
GGGGTATCCCTGA,4
CACGCGTCCTGTC,4
GTATCGTCCCCAG,2
CTTGTATAAAGTC,0
TCAGATTAAAGTC,3
TGTAATTAAAGTC,0
GCTGCGTAAAGTC,1
ATACATTAAAGTC,2
GTAATATTTTCAT,1
TATCGCTGGGCAT,3
ACGCGATGGGGTA,2
TCAGTATCCCTGC,0
CGCGGCTCCTTGC,1
TATACGTCCTCAT,0
TACTGCACCTTCC,0
CAACTAACCCGAA,0
GCGGGCAGGGAGG,5
GGGTGCACCCGAC,3
TAACTAACCTGAC,1
AAAGATACCCAGT,4
CTTATAAGGGGAC,3
GCACCGATTTAGT,5
CTAATAACCCTCT,4
GGTTTAAGGGGAG,2
CTCCCGAGGGTCT,2
CGGACGATTTTCT,0
GGCGCGACCCTCG,2
CTTACGATTTCTA,2
TATTTAATTTTCG,3
AAGCTACCCCAGG,0
AGTACGCTTTCTT,0
TTCGATCGGGGAA,2
TAACTACTTTAGT,4
ACGACGCTTTGAC,2
CATACGCTTTTCA,0
GCCGGCCCCTGAG,2
CGGCTACCTTTCT,0
CGATCGCCCTTCT,4
TTTCCGCTTTGAG,0
GTAACGCGGGCTC,0
ATTCATCCTTTCG,0
CACGGCCAAGCTA,0
GAAGTACTTTTCG,4
TGCGTACTTTTCG,3
GTTCCGCGGGTCG,1
ATGCTACGGGTCG,1
ACATCGGCCTAGG,2
GTCGATGCCCTCC,0
GGATCGGCCCTCC,5
ACGCCGGCCCAGG,0
GCCCCGGGAATCA,4
TTCCCGGGAATCA,1
TCTTGCGTTTAGT,2
GCAGGCGGGGGAG,3
ATAGTAGGGGCTC,0
TTATTAGGAACTC,0
ATCATAGTTTGAG,4
CCCAGCGGGGAGC,3
TGTACGGGGGTCG,2
ATGACGGTTTCTA,2
TGACCGGTTTTCG,0
GACGCGGAAAGAT,2
GAAGGCGCCTCTA,3
GACGCGTTTTCTT,1
ATACGCTTTTTCC,1
GCTCTATGGGGAA,1
GTACATTGGGAGG,0
TGCTCGTGGGCTT,1
CCTAGCTCCCCTT,0
GTGCCGTTTTAGT,1
CCAAGCTCCCTCA,0
CCTATATCCTTCA,0
GTAGCGTTTTGAG,2
CCGGCGTGGGAGA,0
TCCGATTCCCGAG,1
GTACCGTAAACTA,1
TACCATAGGGATT,3
ATAATAAGGGGCC,1
CCCGTAATTTTAA,0
TATATAATTTATT,1
GCTTGCACCCGCA,3
GACCGCAGAACGT,0
GACCATATTTTAC,0
CAAGTAACCCCGA,0
TCATTAACCTGCT,1
ATACTAACCTATC,1
TGCCATACCCTAG,0
TTATGCAGGGCGA,1
CCCGATATTTTAG,6
TCACATATTTTAG,0
CGTCCGATTTTAG,0
AGAATAATTTATC,0
AGGCCGACCCATA,3
GCGAATACCCCGC,2
AACTGCAGGGATA,0
GCCTTAATTTTAT,0
ATGAATATTTCGC,4
CAATTAATTTTAT,0
TGCACGCTTTGCC,4
TGCGCGCCCTCGT,1
TTACTACTTTATG,0
GCGTCGCTTTTAC,1
TCGCTACTTTTAC,1
CTGATACGGGTAC,1
ATATTACGGGTAC,3
CCGTATCCTTTAG,4
GGTAATCAAAATC,3
TGCTTACAAAGCT,0
GGCGGCCAAAGCT,0
CAGCTACAAAGCT,0
AGGACGCTTTTAG,0
CTTAATCTTTGCT,2
TAGTATCTTTTAG,1
CAGACGCTTTCGA,0
CTTATACGGGTAG,1
GAGGTACCTTCGC,1
GGCTGCTCCCGCA,1
CCACTACGGGTAT,1
ATAATAGGGGATT,2
CCGTATGCCTATT,0
AATCCGGCCTATT,4
TACCGCGGGGCGT,2
CTCGCGGTTTATG,3
CGGTATGCCCCGT,2
AGACATGCCCCGT,2
AGCATAGCCTATG,1
CGCTTAGCCTCGT,0
TCATTAGGGGGCT,0
AATGGCGGGGATC,0
CTTGATGTTTATC,1
CCGGATGTTTATC,3
AGCCGCGTTTCGA,2
TCCAGCGAAACGA,0
TCAGATGCCCATC,0
TTCACGGCCCCGA,3
CGGCATGGGGCGC,2
TGTATAGGGGATA,2
ACTCGCGTTTGCG,4
TATGGCGAAAGCG,1
CTCATATGGGGCC,1
CCAAATTAAAGCC,2
AAGACGTTTTATG,1
AAACGCTGGGGCA,3
ATGATATGGGTAC,3
AAATCGTCCCGCA,2
TCTCGCTCCCGCA,1
AGCCGCTCCCCGT,2
CCCCCGTAAACGT,1
ATTCATTAAACGT,1
GAACTATGGAATC,4
GACTCGTCCTATC,4
CTGGGCTAAAATC,4
CATGATTTTTATA,2
CCTCGCTGGGCGC,2
TCCAATTCCCCGC,0
CGTATATCCTTAT,2
TAGGTATCCCTAT,0
GATCATTCCTTAT,3
GATACCAAACGTA,3
AGTGAAATTGGGG,0
TACTAAATTGCCC,2
TCCGGGAAACCCA,1
CGTACCACCATTG,1
TCTAAAACCACCA,4
AATTGGAGGTGGT,1
GTACTTATTGCCA,0
TTATCCATTGGGT,0
GCGAGGAAACCCT,2
TAGTCCACCAGGA,3
AATCAAACCACCT,1
TACAGGAGGTAAG,1
CTCCGGATTGCCT,1
TGATTTATTGCCT,3
CTCTCCAAACCCG,2
TCCGCCCAACCCC,4
CCTTTTCAACTTT,1
ATCAGGCAACGGG,0
GCCTAACTTGCCC,1
CAGTTTCTTGAAA,0
AGCATTCTTGTTT,0
TCTACCCGGTTTC,3
GGCGGGCGGTTTT,3
TCTATTCCTGCCA,1
AAACCCCAACGGT,1
AGCGTTCAACCCA,3
TACCAACTTGGGT,0
CCGCTTCTTGAAC,4
TTCTCCCGGTCCA,2
AATGTTCGGACCA,0
ATTACCCAACAAG,0
GAATAACAACGGA,4
GGTCGGCAACTTC,1
AGAGGGCAACAAG,1
GATCGGCAACAAG,0
TCGCGGCAACAAG,3
TAACAACCCAAAT,2
TAATCCCAACCCG,1
ATCCCCCAACGGC,0
TCGTGGCAACGGC,2
CCCCTTCTTGCCG,0
CTCGCCCTTGGGC,0
GTAACCCTTGAAT,4
CCGAGGCTTGCCG,2
ACCACCGTTGTTT,1
TATTCCGAACCCC,0
GTTACCGGGTCCA,0
TTGCCCGTTGGGT,3
CAAAGGGAACCCA,1
CGCTTTGCCAGGT,1
GATTGGGGGTCCT,0
GAGAAAGGGTTTC,1
CGTAGGGTTGAAG,0
AGAACCGTTGGGA,5
TCGGGGGTTGGGA,1
TGGGCCGAACCCT,2
GATGAAGAACTTC,2
CGAGCCGCCAAAG,5
CTTAAAGTTGGGC,6
GAATAAGTTGAAT,0
GCTCCCGTTGGGC,0
GAGCGGGAACCCG,2
ACAAGGGCCACCG,1
TACAGGGCCACCG,0
TTCGGGGCCACCG,4
AACGCCTGGTAAA,2
CGTTTTTTTGTTG,1
GCAGGGTTTGGGT,0
CACTAATCCAAAC,2
GGACAATCCAGGT,1
TATAGGTCCAAAC,4
AGATCCTAACGGT,4
CTGTAATGGTTTC,1
AATGAATCCAGGA,0
CAGAAATCCAAAG,3
ACGGGGTAACGGA,2
CATGTTTAACTTC,3
TAATTTTTTGAAT,2
CACCAATGGTAAT,4
GACCTTTGGTCCG,0
TGGGGGTAACGGC,4
TCACGGAAACACC,2
CCGTCCAAACACC,2
TGCTTTAAACCAA,0
CGAACCAGGTGTG,0
TGGATTATTGCAC,0
ATACCCACCAGTC,1
GTCGCCATTGACT,2
TCAGGGACCAGTA,0
CTTGCCAGGTCAT,1
GTAAGGAGGTCAT,0
TGGCTTCCCACAA,3
CATGCCCCCATGG,0
AACACCCAACGTT,0
CGATGGCAACGTT,1
TCAGCCCTTGGTT,0
CTCCAACGGTGTT,1
AGCTAACGGTGTT,4
GAAGGGCAACCAC,1
TGGCAACAAGCAC,4
TACCTTCTTGTGT,0
GACGAACGGTACA,0
ACATCCCCTGTGA,0
TTAGCCCCCAACT,0
CTGTCTCAACACT,0
TATCAACAACACT,2
AGGAGGCTTGACT,3
CCTACCCTTGGTC,5
CATCCCCTTGTGA,4
AAGGCCCGGTTGA,5
CCTAAACGGTCAG,0
GGATCCCGGTTGA,0
TGCGTTCGGTACT,5
CAATCCCCCACAT,1
TACCAACCTGTGC,1
TGATCCCCCATGC,0
CGGCCCCAACTGC,0
CGCGCCCAACCAT,1
AGGGAACTTGACG,3
TCCGAACTTGGTA,0
TGTAAAGGGTGTT,2
TGCCCCGTTGCAA,0
TGGAAAGTTGTGG,0
GGAACCGTTGGTT,0
CGCATTGAACTGG,2
CCGAGGGCCAGTT,3
GACCCCGGGTTGT,1
AACGCCGTTGTGT,1
TGCCAAGTTGGTG,0
CGTCTTGAACGTG,2
GTACGGGAACACA,1
ATAACCGGGTGTC,1
AGCGGGGGGTTGA,5
ATATAAGGGTGTC,0
TGGCCCGAACGTC,1
CCCCCCGCCAACT,2
TCTACCGGGTACG,0
ATTCTTGAACACG,1
CCAACCGAACTGC,0
CGCACCGAACGTA,0
CCGCGGGAACTGC,4
CGGTGGGCCAGTA,2
GGTGAATTTGGTT,0
AGCGTTTTTGGTT,1
GAGTTTTGGTGTT,0
GCGCGGTCCACAA,2
CCCAGGTAACCAA,4
TGCTAATAACGTT,3
CGCCGGTTTGTGT,0
ATGAGGTGGTGTG,2
TCCTCCTCCAACA,1
ATCCTTTCCATGT,0
ACGGTTTCCACAC,1
ACTGAATAACGTG,1
GATTCCTAACACA,2
TGCGAATAACGTG,4
TAAATTTTTGACT,4
CCCCGGTTTGGTC,1
TCGGCCTTTGGTC,1
TCGGTTTGGTGTC,1
AACAAATCCACAG,3
TGTGGGTTTGGTA,1
CATGAATTTGGTA,0
AATATTTTTGGTA,1
GTCATTAAACATT,1
CCTCTTACCAAGG,0
ACTGCCATTGCTT,4
ACGGGGACCAAGT,3
CATTTTAGGTAGT,0
AGTCCCAAACCTC,2
GACTAAAAACCTC,1
CTGGGGACCATCT,0
ACTATTAAACCTA,4
AGTGAAAGGTAGC,5
ATTCGGCCTGTCC,3
ACTATTCCTGAGG,0
ATCCCCCGGACTT,1
AGCGCCCGGTCTT,5
CTCGAACCCAAGT,0
CAACGGCAACTCA,2
GCAAAACAACTCA,0
ACATAACAACCTG,2
GTCTAACTTGTCA,1
AGGATTCGGTTCA,2
GTTACCCGGTCTA,0
CCTGGGCGGTAGT,4
ACGGGGCCTGGAG,2
TGCCCCCGGTTCT,1
GAATTTCAACCTA,2
CCAATTCTTGCTA,0
CGTAAAGAACAGG,0
GGAACCGGGTCTG,2
GGTTTTGCCACTG,0
AGCCGGGTTGAGA,0
CCCAAAGTTGAGC,0
CCCAGGGTTGCTA,4
TCGTTTTTTGTCT,1
TTGTGGTGGACTC,2
TTCCTTTAACTCT,0
AGCAGGTAACTCT,0
TACTAATTTGCTA,1
CGGGTTTGGTGAT,4
CCGCGGAGGTCGG,4
GACCAAAAACCGT,2
GATCCCAGGTGCA,0
TCATCCATTGGCA,0
GAAATTAAACATC,0
GGTGAAACCATAG,0
GCGCTTACCAGTC,0
CTGCCCATTGATC,4
GCTGGGAGGTCGC,0
ATTATTATTGATA,0
GGGGTTCCTGTAA,0
CTGAGGCAACTAA,2
CCATGGCAACTAA,0
GTATTTCAACTAA,1
GATATTCAACGCC,2
TTTAGGCTTGTAA,0
GCCGTTCGGTATT,5
GTCTGGCGGTATT,1
GGCAGGCGGTTAA,4
GGCCTTCCCAGCA,0
TCGGCCCCCATAC,3
CTTCGGCAACTAC,2
AGCTAACAACTAC,1
AACTCCCTTGTAC,3
GGGACCCGGTATG,0
GGGCGGCAACTAG,1
AGTTAACAACTAG,2
TCATGGCTTGATC,0
ACTATTCTTGATC,1
TATTTTCGGTATC,0
GTAAGGCGGTGCT,0
TATGAACCACTAT,1
CCCATTCAACTAT,0
CACTGGCAACCGC,1
TATCTTCAACTAT,0
CGAGCCCAACTAT,0
TCATGGCGGTTAT,0
GGAACCCGGTGCG,2
AGCCAAGGGTATT,1
CGCGTTGAACATT,0
AAACAAGGGTTAC,1
AGGACCGGGTTAC,3
AAGCCCGTTGCGT,1
AGGGTTGCCACGT,5
ACATCCGCTGCGT,0
GTCAAAGCCACGT,2
TTCGCCGCCAGCA,1
GAAGCCGGGTGCT,0
TGTCCCGGGACGA,3
CATACCGTTGGCT,1
GGTATTGAACCGA,0
TGACAAGAACCGA,0
TCGAGGGAACCGA,1
CTATTTGAACATC,1
TTTTCCGCCAGCT,1
AATACCGCCAATC,4
ATGCCCGGGTATA,0
ATATTTGAACATA,0
GAGATTGCCAGCG,4
CGGCCTTCCAATT,1
CTTAGGTCCACGG,4
CCGCCCTCCATAA,0
CTCAAATAACATT,4
AGAAAATTTGGCA,2
GTAGAATCCATAC,0
ATTCCCTGGTCGA,1
GAGGAATGGTGCT,2
CTACTTTGGTTAG,2
GGGAGGTAACTAG,0
ATCAAATAACCGA,1
TGGAAATTTGCGC,3
AACTTTTCCATAT,5
CCTCAATCCAATA,3
TCCATTTAACCGC,0
AAGCTTTAACTAT,2
TGCGCCTAACATA,0
CAGTACAAACATT,0
GACATGAAACGTA,2
CGGATGACCAAAA,3
CGTCACACCAGGG,1
CCTCCAACCATTT,2
TGATTGACCACCC,2
TCCGACAGGACCC,4
GACCTGATTGGGT,3
TTGTTGATTGCCA,2
GGTGGTACCACCT,3
TGCCACACCACCT,0
CGTTGTAGGTCCT,0
ACACCAAGGACCT,0
TCAAACATTGTTC,2
TAGATGATTGCCT,0
GATCGTATTGGGA,3
GTCTCAACCATTA,1
TGACACAGGTAAT,0
TGCTGTATTGCCG,0
AAACCACAACGGG,1
GCCCTGCGGTTTT,2
CTAAGTCGGTAAA,1
AGGGCACCCAAAC,4
TGAACACCTGCCA,4
CGGGCACAACGGT,3
GTAAACCTTGTTG,2
ATCTCACCCAGGA,3
CTGTACCAACTTC,2
CTGATGCAACCCT,0
CATCACCAACAAG,4
GTTCACCTTGAAG,4
GGTATGCTTGCCT,6
TCATCACCTGCCG,0
GCGGCACCTGCCG,0
CGATGTCCCAGGC,1
TCTTACCAACCCG,4
AGTACACGGTAAT,1
GTTGACGGGTGGT,2
GATTGTGTTGGGT,2
CAAAACGAACGGA,6
CGCGCAGAACAAG,3
ATTCCAGCCACCT,3
CGACACGCCAGGA,1
GTTGACGGGTTTA,2
CACGCAGGGTCCG,0
CGAATGGGGTTTA,0
ATTCCAGAACGGC,4
GATCACTGGTTTT,0
GCGCAATGGTAAA,0
TGTTACTAACAAA,0
GATAACTGGACCA,1
AGGTGTTCCATTG,2
AACACATCCAAAC,2
AATGCATCCAGGT,2
AATAACTCCAAAC,1
TTCGACTAACGGT,1
AACAACTAACTTC,2
CCGGACTGGTTTA,4
GCACCATCCAAAT,5
CACACATCGTCCG,3
GAAGGTTAACCCG,0
GAGTTGTAACCCG,2
ACGTGTACCATGG,4
GCCATGAGGTCAA,4
ACGTCAATTGACC,0
CCGCCAATTGGTT,4
ACGGCAAAACTGT,1
TCCATGACCACAC,4
TTTCTGAGGTGTG,4
CTAAGTAGGTTGT,3
AATCTGAGGTCAC,0
TAACCAATTGGTG,0
AAATTGATTGCAC,0
ACAGTGATTGGTG,0
CACTACATTGCAC,2
AAGGTGATTGGTG,0
CCATACACCAACT,0
TTGCTGATTGGTC,0
TTTCGTACCACAT,0
CTCGGTACCAGTA,0
TTATCAATTGGTA,0
TCCCACCCTGGTT,1
TGGTGTTTTGTGN,0
GGAAACCCCACAA,1
CGACCACCCACAA,0
ACTATGCCTGGTT,3
GAAGACCAACTGG,1
TGTACACAACGTT,0
CGTACACAACTGT,3
TGACGTCAACGTT,4
CCCGACCTTGACC,1
CTGTACCTTGTGG,1
TGGCTGCGGTGTT,1
CTTATGCGGTTGG,4
CACCCACCCATGT,0
ACAGTGCCCAGTG,0
AGACACCCTGGTG,0
GGATGTCCTGTGT,4
CGCTCACCCAGTG,2
CTCCCACAACCAC,0
TAGCGTCAACGTG,0
GTTGCACTTGTGT,1
CACCCACTTGCAC,4
CCGGGTCTTGGTG,3
ATTGACCGGTGTG,5
GCCGACCGGTTGT,2
AAAGTGCCTGGTC,0
GTCCTGCCTGCAG,1
GATTACCCTGTGA,3
ACGAGTCCTGGTC,2
ATACACCAACGTC,1
TTTCACCTTGCAG,3
ATCCACCTTGGTC,1
TAGGACCGGTCAG,0
CTCTACCGGTTGA,3
CCGAGTCAACACG,1
TTTAACCAACGTA,4
TTCCACCAACACG,4
GTAAGTCTTGTGC,1
TTGCGTCGGTGTA,0
TCAGTGGAACCAA,0
GGTCCAGCCAACC,5
GCATTGGCCAGTT,0
CTTCCAGGGTCAC,1
CCGTGTGGGTTGT,0
CTTTTGGAACGTG,3
TACTGTGAACCAC,4
TACTACGAACTGT,0
AGACCAGAACCAC,5
GTACACGAACACA,1
TAATTGGCCAGTG,1
TCCGACGCCACAC,0
ATAGCAGCCAACA,0
TAGAACGGGTGTC,1
ACCGCAGTTGGTC,2
CAAACAGCCAACT,4
AGGTACGCCATGA,0
TGAGTGGCCAACT,4
ACCCTGGGGTGTA,0
ACCTGTGGGTCAT,0
CCTTTGGGGTGTA,0
CTCAGTGGGTGTA,1
GGAGCAGTTGGTA,1
GGCCTGGCCAGTA,0
CCGAGTGCCATGC,2
CTAGACGCCACAT,0
AAATCATTTGGTT,1
CCATACTTTGGTT,1
GCCCTGTGGTCAA,1
AGATACTGGTTGG,2
AAGCTGTCCAGTT,0
TCGGACTAACCAA,4
GGAAACTTTGTGT,0
TCTGTGTTTGGTG,3
CTATACTGGTTGT,2
CTACACTCCAACA,1
CATATGTAACGTG,0
CTTTTGTTTGCAG,0
AAACGTTCCAACT,4
GCTCGTTCCATGA,0
ACGCACTCCAGTC,2
GGCGACTCCATGA,0
TCGCGTTCCACAG,2
TCAGACTAACGTC,0
ACGATGTAACGTC,0
CCATTGTTTGGTA,0
AAAAGTTCCAACG,2
CTACTGTCCACAT,5
CTTGACAAACCTT,1
CCATTGACCAAGG,0
ACGTCAAGGTAGG,4
CCCTACATTGTCC,1
CGGCCAATTGAGG,1
GGTGTGATTGAGG,4
ATCTTGATTGTCC,0
GTGCACAAACTCA,5
GGTATGAAACGAC,0
GTCCCAATTGTCA,0
CGGTACACCACTC,2
CGCCACACCAAGA,4
AGACCAAGGTTCT,1
AGACCAATTGAGA,1
ATCGACATTGCTC,1
TACTCAAAACTCG,1
ATGCTGAAACCTA,1
GCAGCAATTGTCG,3
AGCACAATTGAGC,2
AGTTCACCTGTCC,0
CGCCACCAACGAA,0
TTAAACCTTGCTT,1
GCTGTGCAACTCA,3
AGATGTCAACAGT,0
TCGGCACGGTTCA,1
AGACGTCCTGAGA,3
TGGCGTCAACCTC,2
CCAATGCGGACTC,2
TATGACCGGTTCT,0
GAATGTCCCAAGC,1
CGTGGTCCCATCG,1
GTCAGTCCCAAGC,0
AATCTGCTTGAGC,1
GAAAAGCGGTAGC,2
CGCCGTCGGTAGC,1
TAATTGGGGTCTT,3
CGCGCAGGGTTCC,0
AAGTGTGAACCTT,0
CCTCACGAACGAA,0
CTATGTGAACTCC,3
GGGGGTGCCACTG,3
TGGCACGCCAAGT,2
AGACGTGGGTCTC,0
ACAATGGAACTCT,0
CTATTGGAACAGA,2
TGCGTGGAACTCT,1
TTAGCAGGGTAGC,1
CTTTCAGTTGTCG,2
CGCACAGAACAGC,4
GCTTGTTGGTGAA,0
CATCACTAACAGG,2
GCGCGTTTTGTCN,1
TTGTCATAACAGT,1
ATAGCATAACCTG,2
TCTTGTTGGTAGA,1
TTACCATAACAGA,4
CGTACATTTGGTA,4
GTATGTTTTGTCG,0
GTACCATGGTCTA,1
GATCACTGGTTCG,3
TACGTGTCCACTA,4
GGCCACTCCATCG,3
CCGTGTACCACGG,0
GATAACAGGTTAA,1
GTACGTAAACGCA,0
TGACTGAGGTCGT,2
AGTGCAATTGATG,5
TGGCCAAAACATC,1
TGTAGTAAACCGA,3
CTGCTGAAACATC,4
TATCACAAACCGA,0
TCCGTGAGGTCGA,3
ACCGACAGGTGCT,0
GCATTGAGGTGCT,2
GCGCTGAGGTATC,1
CGTTTGATTGCGA,2
TCATACATTGTAG,2
TCAATGAAACCGC,0
TGACACAAACTAT,0
CACAACACCAATA,2
TGTGACAGGTTAT,6
GCTTCAAGGTCGC,4
GAATTGATTGTAT,1
TTATTGATTGCGC,0
GTTCTGCCTGCGG,0
ACATACCAACCGG,0
GAGGCACAACTAA,4
TGATTGCAACATT,1
AAATGTCTTGCGG,2
CGCACACTTGTAA,0
TAACACCCCAGCA,3
GACGACCCTGATG,0
CGATGTCCCACGT,0
ATACGTCTTGATG,0
TCGAACCGGTCGT,1
ATCGGTCCTGCGA,0
AAGTTGCAACCGA,0
TCCCCACGGTGCT,4
CGAACACCCAATA,0
GACCGTCAACTAT,0
AACTTGCAACATA,4
AGCACACAACGCG,1
CGTGCACTTGCGN,3
CCGATGCTTGTAT,1
GCTCACCGGTTAT,4
CTCGTGCGGTATA,2
TCGGGTGGGTTAA,4
GGTCTGGTTGTAA,0
AGTAGTGCCAGCC,1
CCTTACGGGTTAC,0
GATCCAGTGTGCA,0
TGTAGTGCCAGCA,0
ACCTACGGGTGCT,0
TGTACAGGGTCGA,0
GTCGGTGGGTCGA,2
GTACGTGAACATC,4
ACAGGTGCCAATC,2
GTACGTGGGTGCG,0
GTATCAGGGTTAT,1
TGTGTGGTTGATA,0
ATAAGTGAACGCG,5
CCATCAGCCAGCG,1
CTATTGGCCAGCG,2
TTTGGTTCCAGCC,2
CCACTGTCCAAAA,1
AGCCCATCCAATT,2
TAAGACTAACCGG,1
CCCTACTAACCGG,3
TATGCATAACGCC,0
TCCTCATGGTTAC,3
ACACACTGGTTAC,1
TCGTTGTCCACGT,4
CATGTGTCCAGCA,1
TATGACTAACATG,1
TGCTACTGGTTAG,0
GACATGTCCATAG,1
GCCCCATTTGCGC,0
ATCGCATTTGTAT,1
CCTACATGGTCGC,1
GTAAACTAACCGC,3
CCGAACTAACATA,2
CTGGAGAAACGTT,4
ATAGTCAAACTAT,0
AAAGCTAAACGGG,3
AGACCTACCATTT,4
CTGTAGAGGTTTT,1
GCCATCATTGTTT,2
CTTGTCAGGTTTG,2
TACGTCATTGTTG,0
TACAAGACCACCT,2
CGCAGAACCAAAG,3
AGTGAGAGGTTTC,1
TTCATCAGGTCCT,0
CTTGAGAGGTAAT,0
TCCGGAAGGCTTG,0
GTATGAAGGACCG,0
CAATTCATTGGGC,2
TCGTCTATTGCCG,2
CTTCTCCCTGTTT,3
GTGTGACAACGGG,2
AAGTCTCAACTTT,5
CCTGAGCTTGAAA,0
TTTGCTCGGTAAA,1
TGATGACGGTTTT,5
CCTGCTCCCAAAC,2
TTTTTCCAACAAC,1
TCTAAGCAACTTG,0
CGTTCTCTTGTTG,6
GCATGACTTGGGT,4
ACGTGACTTGGGT,0
CCCGAGCAACGGA,1
CCTACTCAACCCT,2
CGAAGACGGTGGA,2
GGGTCTCCTGGGC,0
ACGGGACCCAAAT,1
TATCTCCCCAGGC,2
GTGTGACAACCCG,1
ACTTCTCGGTGGC,0
TAACTCGGGACCC,1
CTTGCTGTTGCCA,1
TAGTTCGTTGGGT,3
CCAAAGGAACTTG,3
TCAGTCGAACTTG,3
TTGACTGGGTCCT,1
ATGACTGTTGTTC,5
CGATGAGAACGGA,0
CGTAGAGGGTCCG,2
GGCACTGGGACCG,4
GTGAAGGTTGCCG,0
TGACTCGAACCCG,2
TACAAGTGGTCCC,5
TGGGGATTTGCCA,0
GAACTCTTTGAAC,0
CTTCTCTGGTAAC,2
GGCGTCTCCATTG,0
AGGTAGTAACGGT,3
CCAACTTAACAAC,1
ATCTCTTAACAAC,2
TTCGGATAACGGT,0
ACAAGATTTGTTC,0
GACCTCTGGTCCT,3
TACAGATGGTTTC,0
ACTGCTTCCAGGA,0
AGGGCTTAACGGA,0
CTATTCTAACGGA,2
GTCTTCTTTGCCG,3
CATGTCTTTGGGC,0
ACAGTCTCCACCG,6
TTAATCTCCACCG,0
CCTTAGTAACCCG,0
TTCTCTAAACTGG,0
ACTCTCAAACCAA,3
TTAGCTAAACACC,0
TGCGCTAAACTGG,0
ACAGTCACCAGTT,3
TCTAGAACCACAA,1
TACAAGAGGTGTT,2
CATCGAAGGTGTT,0
CGGTAGAAACCAC,0
GTAACTAAACCAC,0
TAAGGAATTGGTA,0
TCCATCAAACACT,0
TTTGAGACCAGTC,0
GTGACTACCACAG,2
CCGGTCACCAGTC,0
CCAGTCAGGTGTC,0
ATCAGAAGGTGTC,3
TATTTCAGGTGTC,3
CCCGGAATTGCAG,0
TTATTCATTGCAG,0
CGCGAGAAACACG,4
CGGCGACCTGCAA,0
TACCAGCCTGCAA,1
CTGTTCCCTGGTT,3
GACATCCCTGGTT,2
GTCCAGCCCAGTT,3
TACATCCTTGGTT,1
ACTAAGCGGTACC,2
CTTAAGCCTGTGT,1
GACTGACCTGCAC,1
CGACCTCAACGTG,3
CAGTTCCAACCAC,1
AGGTGACTTGGTG,5
CATAGACGGTGTG,2
TACCTCCAACTGA,0
TAACAGCTTGGTC,2
GCCGGACTTGGTC,2
TGCCCTCGGTACT,2
GGCTGACGGTGTC,1
AAACAGCCTGGTA,3
CCACCTCCCACAT,1
TTGTCTCCTGGTA,1
TTGAGACCCAACG,2
ATCTAGCCTGGTA,0
TATGAGCAACTGC,0
GATCCTCAACCAT,1
TTTACTCTTGGTA,0
TCGTTCCTTGGTA,1
CGCGTCCTTGGTA,0
ACCCGACGGTGTA,2
AAACTCGGGTCAA,0
GGGACTGGGTCAA,0
TCACGAGGGTCAA,0
GCGAAGGTTGTGG,3
TGTCGAGCCATGG,5
CCATCTGCCAACC,1
ACTAGAGCCACAA,5
GCTACTGGGTACA,3
TTTTTCGAACTGT,0
CCTCTCGAACGTG,4
ATAGTCGAACGTG,0
GAGCTCGCCATGT,2
GGAGCTGTTGACT,0
TAGCCTGTTGGTC,0
CCTCGAGAACCAG,3
TTACTCGGGTTGC,5
GATCCTGCCAGTA,0
TCCCAGTTTGGTT,0
GAGCTCTTTGCAA,0
TCTATCTTTGGTT,3
CAGAGATTTGGTT,0
GACATCTCCAGTT,1
CCGGGATCCACAA,0
ATATCTGAACTGG,2
GTAACTTAACTGG,0
GCGTCTTAACTGN,0
CTCATCTTTGGTG,5
TGAGGATTTGCAC,1
CAGACTTTTGGTG,2
AGAGTCTTTGGTG,0
AATACTTTTGCAC,1
CGTAAGTGGTCAC,0
ATCCGATGGTACA,0
AAGTGATGGTTGT,1
GAAGCTTCCATGT,1
ATTAGATTTGACT,4
GTAACTTTTGCAG,0
CCACTCTAACGTC,3
ACAGCTTAACGTC,0
TATCCTTAACGTC,0
TGACAGTTTGACG,4
CATGGATTTGCAT,0
CCGGTCTGGTTGC,1
TCAACTTCCACAT,1
CTTCAGTAACACG,1
GTGGAGTAACCAT,6
GCCACTAGGTAGG,1
CTTAGAATTGTCC,2
CGCGTCAAACTCA,2
ACCTAGATTGCTG,0
GCTTAGAGGTCTC,2
CTGAGAACCAGAT,0
AGGCAGCAACCTT,3
GGTTGACTTGCTT,2
ACTATCCCTGCTG,3
CTTGTCCAACAGT,3
GAATAGCAACCTG,1
GCTGTCCAACAGT,1
ATCGGACAACAGT,6
GCATGACGGTAGT,0
TCAGTCCCCATCT,1
GCTGGACCTGCTC,0
GCGTGACCTGCTC,5
TTGATCCAACTCT,4
TGAACTCAACAGA,4
GTCTTCCAACAGA,1
CGATGACGGTCTC,1
GGTTAGCCTGAGC,4
TACATCCGGTAGC,4
ACGCGACGGTTCG,0
TGTATCGTTGAGG,2
TCTACTGTTGCTT,5
AGACTCGAACTCC,1
ATCACTGGGTCTC,0
CGGTCTGTTGAGA,1
ATGTAGGGGTTCG,5
GGGAGAGTTGTCG,2
TAATTCGCCAAGC,3
CACAGATGGTTCC,1
GAACCTTCCAAGG,2
AACCAGTAACCTT,0
GAGATCTGGTTCA,1
ACATCTTCCAAGT,0
TAGTCTTAACTCA,0
GTTGCTTTTGTCT,0
AGGTCTTAACAGA,5
CCTACTTAACTCT,0
TGGTTCACCATAA,4
TGGAGAACCAATT,2
CACGGAACCACGG,2
TCCCTCATTGATT,2
TAGGGAAGGTATG,1
TGGTGAATTGTAC,1
CCCTCTATTGCGT,3
TGCCGAATTGGCA,3
GCCGCTAGGTCGA,6
GTGCGAAGGTATC,4
ACTTTCAGGTATC,0
CCCTCTATTGGCT,2
TATGAGATTGTAG,1
CGGATCACCATAT,0
AAGGAGACCAATA,1
CCGGCTAGGTATA,1
TCACTCCCTGCGG,1
CCGTGACCCACGG,4
GCAGCTCAACTAA,4
GAGCCTCAACCGG,0
GCTGGACTTGTAA,3
TACAGACGGTCGG,4
AGAGAGCGGTGCC,3
TGCAGACGGTTAA,3
AGGGAGCAACCGT,1
GACGGACAACTAC,1
TTCCGACAACGCA,0
TGCCAGCTGTGCA,0
ACGACTCGGTATG,5
TACAGACCCAATC,0
CAGACTCCTGATC,4
AAGCCTCCTGTAG,1
TTATAGCCTGGCT,1
AATTAGCGGTCGA,1
CAATCTCAACATA,1
GGAATCCAACCGC,2
CCTCCTCAACTAT,5
TACTAGCTTGGCG,4
TGCATCCTTGGCG,1
GTTCCTCGGTCGC,0
GCTACTGGGTGCC,2
CTCGAGGCCATAA,1
CTTGCTGTTGCGT,4
CCCGTCGTTGATG,0
TGGCGAGAACTAC,1
ACTCCTGAACGCA,2
CATAGAGAACCGT,1
AACAAGGGGTGCT,1
AGCTAGGAACCGA,0
CGAGAGGGGTTAT,2
GAACTCGTTGATA,4
TGAACTTGGTTAA,1
CGGTTCTCCACGG,0
CGACCTTCCACGG,3
ATTCCTTAACCGG,2
GACTGATAACGCC,0
AGCGCTTAACCGG,1
GGGCCTTGGTCGT,0
AGTTAGTGGTCGT,1
ACAGCTTCCAGCA,1
CTCAAGTCCAATG,1
GTCCCTTAACTAC,2
TCATTCTCCAGCT,3
TATCTCTCCATAT,0
TCCAGATAACCGC,2
ACGGCTTAACTAT,6
TGATGCAAACAGC,3
CTACTAAAACGTA,0
AAGCTAAGGTGGG,2
TCAGGCATTGGGG,1
ATGCCGAAACGGT,1
CTAACGACCACCA,3
CCTACGAGGTTTG,4
GACCGCAAACTTC,3
CGAGATAAACCCT,1
CTGGGCACCATTC,0
ATGGCGACCACCT,6
TAATCGATTGAAG,5
GTGTCGATTGAAG,3
ACGTGCAAACGGC,0
TGGACGACCAGGC,0
ATTGTAAGGTCCG,1
AATCATAGGTGGC,0
GTTTGCATTGGGC,1
TCCTTAATTGAAT,2
GCATGCCAACGGG,0
TAGCTACAACTTT,0
AGTAGACTTGGGG,2
TTGCATCGGTGGG,3
TACATACCTGGGT,2
CTGAATCCTGCCA,2
ATCATACCCATTG,3
ACCTCGCAACAAC,2
CCTACGCAACTTG,1
AAGATACTTGGGT,2
TGGTGCCCTGGGA,2
CATTGCCCTGCCT,4
AGTTGCCAACAAG,1
GCGGGCCAACAAG,3
ACTCTACAACCCT,0
AGCGGCCAACGGA,0
CGAACGCTTGCCT,0
TGGGCGCGGTGGA,2
CTTCGCCGGTTTC,3
AGCGGCCGGTTTC,0
TCCCGCCCTGTTA,1
CGGAGCCCTGTTA,1
TCTGATCCCAGGC,4
GTACTACCCAAAT,0
TATCTACCTGAAT,0
CTTGCGCAACCCG,2
GGGCATCAACCCG,0
TTGGCGCAACCCG,1
GAAACGCTTGAAT,0
TAACGCCTTGGGC,0
TTTCCGCTTGAAT,1
CAGATACTTGAAT,1
ACTGCGCGGTTTA,0
AATCATCGGTAAT,1
CACGATGGGTAAA,2
GTGCGAGAACAAA,1
AACCTAGCCATTT,1
ATGTGCGCCAGGG,3
ATCCCGGGGTAAC,0
GAGCTAGGGTAAC,2
TAAGCGGTTGGGT,1
TACCGCGCCACCA,0
CCGATAGCCAAAC,0
AGGGGCGTTGAAG,0
ATCTGCGAACAAG,2
GTGACGGAACGGA,3
CCCTAGGTTGAAT,2
CGTTCGGTTGGGC,0
TCTCATGAACTTA,4
CTATGCGAACAAT,2
GTTGATTTTGTTT,2
TGGTGCTGGTTTT,3
ATGCATTGGTCCC,3
CGGAATTCCATTT,3
AACACGTCCAAAA,4
GATCATTCCAAAA,0
GTTTCGTAACTTT,0
TGTAATTAACTTT,1
TTAGCGTAACCCC,2
ATTCGCTGGTAAC,4
GCGGTATGGTCCA,4
CTTATATAACGGT,3
GATTTATAACCCA,1
GGATATTGGTCCT,0
AAGGTATCCAAAG,0
GCCCCGTAACGGA,1
TATGGCTAACAAG,1
TTAGGCTAACTTC,2
CGGTGCTTTGCCG,6
TCCTATTTTGGGC,0
AAAGCGTTTGCCG,0
CTGGGCTTTGCCG,2
ATGTCGTTTGCCG,0
CTGATATGGTTTA,0
AGCTTATGGTGGC,4
GAAAGCTCCAAAT,1
AAAGGATCCACCG,4
TACCCGTCCAAAT,1
TTTGATTAACCCG,1
CCAACGTAACGGC,1
GAACCGAAACACC,1
ACTGGCACCACAA,0
TAAGCGAGGTGTT,0
TACGATAGGTGTT,1
CTCGTAAGGTGTT,0
CGAGGCATTGCAA,2
TTACATATTGCAA,1
TCCCCGATTGGTG,1
CAACGCATTGGTG,0
CTAAGCAAACACT,0
GCGCTAAAACGTC,1
GACCTAAGGTGTC,0
TCGAATAGGTCAG,1
AGGAGCATTGTGA,5
GGTCGCATTGGTC,0
CCAGCGATTGCAG,3
AAGCATATTGGTC,1
GTTCTAACCAGTA,4
CCTACGACCAGTA,3
TCCGATAGGTTGC,3
ATGTCGAGGTGTA,0
TAGACGATTGGTA,2
AGGTATCCCATGG,0
CTATGCCCTGGTT,2
CGGGTACAACGTT,4
CCATCGCAACACC,0
GGATATCAACACC,0
ACGACGCTTGGTT,4
AGCAGCCGGTCAA,0
ATGACGCCTGGTG,0
TCTGTACCCACAC,0
TCGACGCCTGGTG,0
GGTTCGCAACTGT,1
TTGAATCAACCAC,0
ATTAGCCAACCAG,0
TTGACGCAACCAG,2
ATCAGCCGGTGTC,6
TACATACCTGGTA,1
CCGTGCCCTGGTA,4
GTAGTACAACGTA,4
AGACGCCGGTGTA,1
GGTATACGGTTGC,2
TGATTACGGTTGC,0
CCTAATCGGTCAT,0
CGCCTACGGTTGC,1
CAGGGCGGGTCAA,0
CTCAGCGGGTGTT,0
GAAATAGGGTTGG,0
ACACATGAACCAA,4
AAGTATGAACGTT,1
AACGGCGCCACAA,0
CAGAATGCCATGG,1
GGACTAGGGACAC,0
CTGTGCGTTGGTG,2
TAAAATGAACTGT,1
ATACTAGAACACA,1
GGCGTAGAACGTG,0
ACTGTAGCCAGTG,1
AATTGCGTTGGTC,1
GATCTAGTTGCAG,0
ACGTATGAACGTC,0
TACGTAGGGTGTA,2
AGCGCGGGGTACG,1
AGCGGCGTTGGTA,1
TTGCTAGAACACG,0
GCCGATGCCAGTA,1
CAGTCGGCCAGTA,4
GGGAGATTTGGTT,0
CTGGATTCCACAA,1
GACGTATCCAGTA,1
TAGTTATAACCAA,1
TCGTGCTAACTGG,2
TATATATAACCAA,2
GACCGCTTTGGTG,0
TGCCCGTTTGGTG,4
TTAGCGTTTGGTG,0
GGGATATGGTCAC,4
AGACGCTCCATGT,0
CAAGATTCCACAC,0
TGTTCGTCCAGTG,2
GTGACGTCCATGT,5
CGATCGTCCACAC,2
CGTCATTAACACA,0
GGTAATTAACACA,1
GCTTTATAACGTG,0
CCTACGTAACGTG,0
CTCGATTAACCAC,1
TCGTATTAACACA,5
ATGTATTTTGCAG,6
GGAAGCTTTGACT,1
ACTGGCTTTGGTC,1
CCTACGTTTGCAG,2
TTTTCGTGGTGTC,2
TACGTATGGTACT,1
TGCCGCTGGTCAG,2
ACTCGCTCCAGTC,2
TCCAGCTAACTGA,3
CCTCCGTAACACT,5
AGTACTTGGTACG,0
TCTTTATAACGTA,2
ACTGTATAACTGC,4
TCTGATACCATCC,1
AGAATAACCACTT,2
GATAGCACCATCC,1
AGCTCGAGGTCTT,0
AACCCGATTGCTT,2
GTGTTAATTGTCC,0
CCTAGCACCACTG,1
TCGCCGAGGTTCA,3
CTTCTAATTGTCA,2
TGATCGATTGCTG,1
TGGTGCAAACGTC,1
TTGCATAAACAGA,2
CTTCTAAAACTAT,2
CGTATAAAACTAT,4
TAATTAACCATCG,0
GCGTCGACCATCG,0
TCCCTAAGGTTCG,0
AACAGCAGGTTCG,3
TTCCTAAGGTCTA,2
AGCTTAAGGTTCG,3
CCCCTAATTGTCG,0
TTAGCGATTGTCG,0
TCCACGCAACTCC,0
TAGCCGCAACAGG,2
CCTACGCAACTCC,0
GAGTGCCTTGCTT,0
CCGTCGCTTGAGG,0
GGCGATCTTGGAA,1
AGCCGCCGGTCTT,2
TACGCGCCCAAGT,0
CTGTATCAACCTG,1
CTGAATCAACTCA,0
CCCTTACCCACTC,1
AAACTACAACTCT,0
CCATCGCAACTCT,2
GAGTGCCAACAGA,0
TAGCATCAACTCT,1
GTTCCGCTTGAGA,5
TACAATCGGTAGA,0
TAGTGCCAACCTA,1
ATGTGCCTTGTCG,2
TACACGGTTGAGG,4
TACTATGAACCTT,4
CTCGCGGTTGAGT,1
CAAGGCGGGTCTC,3
CTGTATGGGTTCT,3
AACATAGGGTCTC,4
AAATGCGTTGTCT,3
CCCGCGGTTGCTC,4
CTATCGGTTGCTC,1
CCTCATGAACCTC,2
TATCCGGCCACTC,3
CACCTAGAACCTA,1
CAGCCGGAACCTA,2
GCGAATGAACTCG,1
GTCACGGCCACTA,0
TAGAATTTTGCTT,1
AAACCGTGGTTCC,2
GATTTATAACTCC,3
GTTAGCTAACTCA,0
TCATATTAACTCA,2
CCTCCGTCCAAGA,2
CTGGGCTAACAGA,2
TTCGTATTTGTCG,0
CTACTATCCAAGC,0
TAACCGTAACAGC,4
CTCGGCAGGTTAA,5
AACACGATTGATG,4
CTCCATATTGCGN,4
GTAGATATTGTAC,1
GGGGATAGGTCGA,1
ATTAGAAGGTTAG,4
CGCCTAAGGTATC,1
ATGCCGAGGTGCG,0
GTGGGCCCCAATT,0
GAATATCTTGTAA,2
CAAAATCTTGGCC,2
TCGTCGCGGTCGG,4
CAGACGCGGTCGG,4
TGGCTACAACTAC,3
CTGGATCAACCGT,2
CGTAATCAACATG,5
TTTGCGCGGTCGT,0
AGAAGCCCCATAG,0
ACCACGCCTGTAG,1
CCACATCAACATC,1
GAGGGCCAACTAG,2
CGAGCGCAACATC,3
GGATATCAACTAG,1
GAGGATCTTGTAG,4
AGATTACGGTCGA,3
CTCTGCCGGTTAG,2
GCGACGCCTGCGC,0
AAAGCGCTTGATA,3
AGTTCGCTTGCGC,3
ATAAGCCTTGTAT,0
ATATAGCTTGCGC,0
GGTCTACGGTATA,0
CCGAATCGGTTAT,3
ATGACGGAACTAA,1
CCTAATGAACGCC,0
TCGCTAGAACTAA,3
ACTCGCGCCACGG,2
CGATATGAACTAC,0
CCTAGCGCCAATG,3
ATGCTAGGGTTAG,0
GTCCGCGGGTATC,0
TTCTATGGGTGCT,5
GTGGATGTTGCGA,5
TATATAGAACGCT,2
ACCCTAGCCAATC,1
GGGGCGGGGTTAT,2
CGACATGGGTCGC,0
TCTCTAGTTGGCG,3
CATCGCGAACATA,0
GACCGAGCCACGC,5
CTCTTATTTGCGG,4
CACGATTGGTATG,4
AGCCTATGGTTAA,0
ACTGTATTTGCGT,1
CTTGATTGGTCGT,1
CCGCATTGGTGCA,0
CGATCGTCCAGCA,0
CGAACGTAACATG,3
GATGGCTAACTAC,1
TCCTTATTTGGCT,0
ACTACGTTTGCGA,1
GCGAGCTTTGTAG,1
ATTGTATGGTTAG,2
AGGAATTGGTATC,5
GCTGCGTCCAGCT,5
AGAACGTAACATC,1
CTCTATTAACATC,0
CTGTTATTTGATA,2
GGTCCGTTTGCGC,4
TCGAGCTGGTGCG,2
CGAGCGTGGTCGC,0
GAGGATTCCAATA,6
ATACTATCCATAT,0
GATACGTAACATA,3
GGTCTTACCTTTT,4
GCTCTTAGGAAGG,2
ATCTCCAGGAGGG,4
ATGCCGAGGAAAA,0
TCGCGAGAAGGGG,3
CCCCGGATTCCCC,0
ATAATTATTCCCC,0
GAATGGAGGAAAC,2
TTGATTAGGATTG,0
CTAGGGAGGAAAC,1
TATGTTACCTCCT,1
CCAAGGATTCTTC,2
TATCCCATTCGGC,1
CGCTTTCCCTAAA,0
GTCTTTCTTCAAA,3
AAGATTCCTCCCA,0
CGGCTTCAAGGGT,2
ATCGAACAAGGGT,3
CCCCCCCGGACCA,1
CCACTTCCTCTTA,1
TAGACCCCTCTTA,0
TTAAAACAAGGGC,0
GCGCGGCAAGGGC,2
TTAAGGGGGAAAA,0
GGACCCGTTCGGG,0
GGCCGGGGGAGGT,1
GCCTGGGTTCGGT,4
ATTCTTGAAGAAC,1
AAAGAAGGGAAAG,3
CGCCCCGGGAAAG,0
TAAGCCGTTCAAG,0
CGGTGGGAAGCCT,2
CGGTGGGGGACCG,1
CAACTTGGGAGGC,0
CTAGGGGGGACGC,4
TATGAAGTTCCCG,0
AACAAATTTCAAA,0
GACTGGTTTTTTT,1
CTCTAATTTCCCC,5
ATCCAATGGAAAA,1
AATATTTGGACCC,3
GCAGTTTTTCAAC,0
ACGCCCTGGACCA,1
GATACCTGGAAAC,4
GTGATTTCCTCCA,3
AAGTAATAAGGGT,3
CCATAATTTCTTC,2
TTACGGTCCTCCT,0
GCTGAATAAGCCT,2
GTTGCCTTTCAAT,2
GCCTAAAGGATGG,3
CCACTTATTCTGG,1
CGCGCCATTCCAA,0
TCCTTTATTCTGT,1
AGGCAAATTCGTG,1
GAGGTTATTCGTG,0
TGGTTTAGGAACG,3
GCGGTTAGGACAT,2
GGGATTATTCACG,4
GTACGGATTCACG,1
AAGGCCCCTCACC,0
CGTCCCCAAGACC,3
TTGTGGCTTCCAA,2
AGAGAACTTCACC,4
GCTCAACGGACAA,0
ATACTTCCCTTTG,3
CTCCCCCAAGGTG,4
CGCAGGCAAGGTG,1
ATGGGGCTTCTGT,1
CTAGGGCGGAACA,2
GCCCTTCAAGGTC,5
GTTCCCCAAGGTC,2
TAAGTTCAAGGTC,2
TACATTCTTCGTC,0
CTACTTCTTCGTC,1
CGCATTCTTCTGA,0
GAGAGGCCTCACG,3
TAGGGGCAAGACG,0
GCTGTTCAAGTGC,0
GCTGCCCAAGCAT,0
TGCTAACAAGCAT,0
CGTGGGCTTCGTA,2
GAGGAACTTCCAT,0
CCGTTTCTTCGTA,0
TATGTTCTTCTGC,1
CGTGTTCGGACAT,0
GGCTCCCGGAGTA,3
TTTTAAGGGATGG,0
CCCGGGGGGAGTT,1
ATTAGGGGGACAA,0
GCCTAAGAAGGTT,2
CCAGAAGAAGCAA,5
AACCCGAAAGGTA,0
AGTCCCGAAGCAC,0
CTCACCGCTCGTG,1
TGGCGGGTTCCAG,0
AGTGGGGGGAACG,0
GGCATTGGGAACG,4
TATTAAGGGAGTA,3
TCCGTTTAAGCAA,0
GCGTGGTAAGGTT,1
AGCGTTTAAGCAA,1
TCGATTTAAGTGG,1
ACGTGGTGGACAC,2
TGTCGGTCCTTGT,3
GCTGGGTCCTGTG,2
TCGATTTCCTGTG,0
CTTAGGTAAGGTG,3
AATGCCTAAGGTG,4
GAAAAATAAGGTC,0
AGCAAATTTCACG,5
AAGCCCTAAGGTA,3
CTTTGGAAAGGTT,4
AAGACCAAAGACA,1
TCATGGACCTAGT,0
GGCTAAAGGACTG,0
AGCGTTACCTTCT,0
TATATTACCTTCG,1
TAGGCCAGGAAGC,2
TGCGGGCAAGTCC,3
CTCGTTCTTCAGG,0
CGTTGGCTTCTCA,0
GAGGCCCTTCCTA,4
CCCAGGGGGATCC,1
CTCCCCGGGATCA,0
GTTCAAGAAGTCA,0
TTAAGAGAAGGAC,1
GATGGGGTTCAGA,1
TCCTCCGTTCTCG,5
GAGGAAGTTCGAT,3
TGGAGGGAAGTCG,1
CGTTCCTGGAGAC,5
GTTCGGTCCTTCG,2
CGGATTTAAGCTA,4
TGGCGGTAAGAGC,4
CTCCTTACCTTAA,0
CGGCGGATTCTAA,0
ATGAGGATTCGCC,3
GAAGGGACCTTAC,0
TATCAAAGGAATG,4
CAGAAAATTCCGT,0
ATTGGGACCTTAG,5
GTGCTTATTCATC,0
GTATTTATTCCGA,6
TCACGGAGGAGCG,5
ATCGTTATTCATA,0
CCTGGGCCTCTAA,1
GTGGGGCAAGGCC,1
GAAACCCTTCTAA,0
TATGAACTTCATT,4
TAACCCCGGAATT,1
CGTCAACGGAGCC,2
GCTGTTCGGAATT,4
ATGATTCCTCGCA,3
TTCAAACCTCCGT,2
TCTGGGCAAGCGT,0
GACCTTCTTCTAC,0
ACTGCCCGGACGT,0
GCACTTCAAGCGA,0
TCGGAACAAGATC,2
CCAGTTCTTCATC,1
ACGATTCGGACGA,1
ATTCCCCCTCCGC,0
ACTCTTCTTCATA,3
GTTTTTCGGATGC,0
CAGGCCCGGACGC,0
AGTCTTGAAGTAA,3
CCGCGGGAAGTAA,4
TAATCCGGGATAC,2
GCTAAAGAAGCGT,0
CTGTTTGTTCGCT,0
CTATGGGTTCTAG,4
CCTCGGGAAGATC,0
TAAGAAGTTCATA,2
ATTATTGTTCTAT,3
ATCGTTGTTCTAT,3
GTTCTTGCCTTAT,0
TATCGGTTTCCGG,3
TACCAATGGACGG,1
CTCATTTGGAGCC,0
CCCGGGTCCTTAA,0
ATCCCCTTTCTAC,2
ATATGGTTTCGCA,0
GCAAGGTGGACGT,0
AGATTTTCCTCGT,0
AAAACCTAAGTAC,0
AACGGGTTTCTAG,2
TGTCTTTGGAAGA,1
GCATCCTGGAATC,5
GACTTTTCCTTAG,1
ACAGTTTAAGATC,0
GCAGAATTTCTAT,0
CTATTTTGGAATA,0
GGCGTTTCCTTAT,3
TGATACAGGATTT,2
GTGGCAAGGAGGT,4
GCGATGAGGAAAC,1
GGCTACAGGAGGA,3
AGTTACATTCTTC,1
GGAACAATTCAAG,3
TATTGTATTCGGA,1
AAACGTAGGATTA,5
CTCCCACAAGTTT,5
AATGACCTTCCCC,1
CCCCTGCGGACCC,2
AGCTGTCAAGTTG,1
AGAAGTCTTCCCA,0
GATCGTCTTCTTG,0
TGCATGCCTCTTC,0
CTGATGCTTCTTC,3
CGTAGTCGGACCT,4
AACAGTCCTCAAT,1
TGTAACCCTCCCG,0
AGAAACCAAGCCG,5
GACCTGCTTCAAT,3
TGACACGGGAAGG,4
CTCCCAGAAGGGG,0
TCCCACGGGAGGN,2
ATTGACGAAGAAC,2
CTTGGTGTTCCCT,3
CGGTACGTTCCCT,1
TTGTACGGGAAAT,1
GCACCATTTCCCA,0
TAGTACTTTCTTG,0
AAACACTTTCAAG,4
AGAGGTTTTCGGA,0
ATGAACTTTCTTA,0
TAACGTTGGACCG,3
CGGTTGTAAGCCG,2
GGAGTGACCTGTG,4
TAACTGAGGAGTG,0
TTTCCAAGGATGT,3
TCGGCAATTCGTG,3
TTGTACAAAGTGA,4
TACTGTAGGAACT,2
TACAGTAAGACAT,0
AGGTCAAGGAACG,3
GACCCAAGGAGTA,0
TGCATGATTCCAT,0
GGAGTGCCTCCAA,3
TAACACCTTCGTT,0
ACAGGTCCTCGTG,3
CGGGACCTTCTGT,2
GCCAACCGGACAC,0
CCCAACCGAGTGT,0
GCAGACCGGATGT,2
CGCGACCGGAACA,1
CCCAACCTTCACT,2
CCATCACTTCTGA,4
TGTACACGGAGTC,4
ACGGTGCGGAGTC,1
CCGTACCGGAGTC,0
CCCAACCGGACAT,0
CCCACACGGACAT,0
ATTCCACACTGTA,2
GCATACCGGAGTA,0
GATGTGCGGAGTA,4
TCACTGGGGACAA,4
ACTTTGGGGACAA,4
ATTAACGTTCTGG,1
TTGTGTGGGATGT,0
CTCGACGGGAGTC,1
CTGCCAGAAGACT,0
AACCTGGGGAGTA,3
TTTCTGTTTCTGG,0
TTCACATAAGGTT,1
TCGGACTAAGTGG,4
ATCTACTGGAACA,2
ATCGGTTTTCCAG,2
ATAATGTTTCCAG,0
CGGCCATGGAACT,1
GTCATGTCCTTGA,3
GATACATCCTCAG,0
GAGGCATAAGTGA,2
TACAACTTTCCAT,0
CCACCATTTCTGC,0
TCACCATAAGGTA,0
AAGACATAAGCAT,0
ACTGACAAGACTT,0
GCAAACATTCAGG,1
TGAGCAATTCCTG,3
TTCGGTATTCTCG,4
CTAGACATTCTCG,0
TTTGCACCTCAGG,0
CGCGGTCCTCAGG,3
TTCTCACAAGTCC,1
GTGGACCTTCAGG,0
CCTTGTCTTCAGG,0
GATCCACGGACTT,2
TGTGGTCAAGCTG,4
CTCGTGCGGAAGA,0
GTTTCACAAGCTC,2
ATGAGTCAAGCTC,4
GGGTGTCTTCCTC,0
AGTCGTCGGAAGA,0
TAATTGCAAGCTA,2
GTGGACCTTCGAT,3
AGCAGTCTTCCTA,1
GAGGCACGGACTA,0
ATGTCAGTTCGAA,0
TCCCCAGAAGAGG,1
TAGTCAGAAGAGG,0
CGCGTGGAAGGAA,2
GAGTCAGGGACTG,2
GACACAGTTCTCA,4
AATTTGGTTCCTG,1
ATTCCAGTTCAGA,3
CAAACAGGGACTA,0
CTGGCAGAAGCTA,0
AAATGTTAAGCTT,0
ACTTACTAAGCTT,2
AACCCATTTCTCA,0
ACGACATAAGAGT,0
GAAGCATGGACTC,4
TACAACTGGAAGA,4
TCACTGTAAGAGA,4
CCTCTGTAAGAGA,2
GCCGTGTTTCAGC,1
AGATCATAAGCTA,1
CCGCTGTAAGAGC,4
GTCCCAAGGAATT,2
TGACACAGGAATT,0
TCTCTGATTCTAA,1
CATCACAGGATAC,0
ACACACATTCTAC,2
TATTACATTCGCA,5
ATACTGATTCATG,2
ACCCGTACCTTAG,1
GCTGACAGGATAG,2
ACAATGATTCATC,0
CACTACATTCCGA,2
CTTGCAAGGAATA,0
ATCATGAGGAATA,0
TCGGACATTCCGC,0
ATCACACCTCTAA,0
CATATGCTTCTAA,3
TAAATGCGGAGCN,3
CGTACACGGAATT,0
CTCCACCTTCTAC,2
TGAGACCTTCTAC,0
GTTGCACAAGGCT,0
CGTAACCAAGGCT,1
GAAATGCGGAATC,0
AGACTGCGGACGA,2
TGCACACCTCTAT,0
AGTCTGCAAGTAT,2
ACGAACGGGATAA,4
GCACTGGTTCCGG,1
GGATCAGAAGGCC,0
TCAACAGGGAATG,0
TCGAACGGGAATG,2
AAATACGGGAGCT,2
GTAGTGGAAGTAG,2
CCCGTGGGGATAT,0
TGGGACTAAGCGG,3
CTCTTGTGGAATG,2
TGATTGTCCTCGT,0
GCCTTGTAAGTAC,0
ACACACTAAGATG,2
GTTACATGGACGA,0
CCAGCATTTCCGC,1
CCATCATTTCGCG,4
TTGCCTACCTAAA,0
GCAAGAAGGATTT,3
TTATCTAGGACCC,2
TCGCGAATTCTTT,0
GGGGCTAGGACCA,0
CAACGAAGGAAAC,0
CTAATCATTCGGT,0
GATGTCAAAGTTC,4
ACTGCTACCTAAG,1
TATTAGAGGACCT,0
CGGAAGATTCTTC,2
CGGATCATTCTTC,1
TATTCTCCTCGGG,5
GTTCGACCTCCCA,1
TACCAGCCTCCCA,1
GCGGAGCAAGGGT,1
TTTACTCTTCGGT,1
ATACTCCTTCCCA,4
TGGTAGCAAGTTC,4
GTCGGACTTCCCT,2
AACGTCCGGACCT,5
GCCTGACAAGTTA,3
AGTGGACTTCGGC,2
TAGGAGCGGAGGC,2
GTATCTCGGAACG,4
TGCCAGGGGAAGG,0
TCCTGAGGGAGGT,1
CTTCAGGGGAAAG,0
CGGGTCGTTCAAG,1
CTTCAGGCCTCCT,5
AGTCAGGGGAGGC,4
CACTAGGTTCTTA,5
GGCTTCGAAGGGC,0
GCCGCTTTTTTTT,1
TTGGAGTAAGGGG,2
TATCGATAAGGGG,0
AGGTGATTTCCCA,3
TAACCTTTTCCCT,4
TCAAGATTTCCCT,0
CAGCCTTTTCTTC,0
TGTGCTTGGAAAG,5
GCTCGATAAGGGA,0
TATAGATTTCAAT,1
TCTGAGACCTTGG,5
ACTGAGACCTCAA,4
ACAACTATTCTGG,2
CTTATCACCTTGT,2
CTCTTCATTCGTG,2
CGCGGAACCTTGA,2
GGTGAGAGGAGTC,0
TCTTGAATTCGTC,4
GATGAGATTCCAG,0
GATCCTATTCGTC,1
AAACGAAGGACAT,5
CTCATCAGGAGTA,2
GGGGTCATTCCAT,2
GCGTAGATTCCAT,0
CGTTTCCAAGTGT,0
GACGGACAAGGTT,2
AATGGACTTCTGG,0
GTGGTCCAAGGTG,4
TTGTGACAAGGTG,3
TCACTCCTTCTGT,4
GGTCGACTTCGTG,0
CGCTTCCTTCACA,0
TTTACTCCTCGTC,0
GGCGGACCTCGTC,0
TTTAGACAAGTGA,3
AAACGACTTCCAG,2
GGCTAGCTTCTGA,2
TGCGAGCGGAGTC,3
AGGGTCCAAGGTA,3
TGTGGACAAGGTA,0
GGTATCCAAGGTA,0
GAGTTCCAAGCAT,6
GTACAGCTTCGTA,0
CGCCGAAAAAGTT,0
GTTATCGTTCACC,4
CGTTAGGAAGGTT,3
GACTCTGAAGGTT,2
GGCAGAGAAGTGG,0
TGCTAGGTTCACA,0
ATCGTCGAAGCAG,0
TCAGGAGGGAGTA,0
TTGTCTGTTCGTA,1
TCACTCTTTCGTT,2
TTCATCTAAGTGG,1
ATCGGATAAGCAA,4
CTTACTTTTCACA,4
TATTCTTTTCTGT,0
GCTTTCTCCTGTG,1
TCGACTTCCTCAC,4
TAATGATTTCGTC,1
TAGAGATAAGGTC,1
GATGGATAAGCAG,0
GTATAGTTTCGTA,3
TCTGCTTAAGTGC,0
TTAGGATAAGGTA,2
ACTCGAATTCTCC,4
TAGCTCACCTCTG,3
GAAATCATTCAGT,0
TCAAAGAAAGCTC,1
CACCAGAGGACTC,4
TACCCTATTCCTC,2
TGATGAATTCCTC,2
CTGTAGATTCAGC,1
GGGGTCCAAGCTN,1
GGCAGACTTCTCC,0
AACTAGCTTCCTT,3
CGAACTCTTCCTT,0
CGTGCTCGGATCC,1
GTTCCTCCTCTCA,0
GAGGAGCCTCTCA,1
TGATCTCGGAAGT,2
AGCGCTCCTCGAG,2
CTAATCCAAGGAG,2
CGTCTCCCTCAGC,1
CTGGCTGTTCGAT,3
CCTCCTGAAGCTA,0
ACGCGATTTCGAA,0
CCGATCTTTCAGG,2
GTATTCTTTCGAA,0
TTTTTCTCCTCTT,1
ATGTAGTCCTAGG,0
ACTCCTTAAGAGG,4
GGTATCTGGACTG,0
TGCGAGTGGAAGT,6
AACCGATTTCGAG,1
ATCACTTGGAAGA,2
AAGGTCTCCTCTC,2
CTTAAGTAAGTCT,4
GGCCCTTAAGAGA,2
CAGCCTTCCTTCG,2
AACATCAGGAATT,0
TCAGAGAGGAATT,0
TAACGAAGGAATG,1
CGTCGAACCTTAG,3
TCACTCATTCATC,3
AAGTAGATTCATC,2
TCATCTAGGAATA,0
TTTTGAATTCTAT,2
TGCGAGCCTCTAA,3
GCCACTCAAGCGG,3
ATCGAGCAAGGCC,0
TAACCTCTTCTAC,2
TACGAGCTTCCGT,4
TAAGAGCAAGGCT,2
CCGTCTCAAGCGA,1
CGGGCTCTTCATC,2
CTGAGACTTCATC,1
GAACTCCGGATAG,0
ATGAGACGGACGA,1
CTACCTCGGAATC,2
GACGAGCCAGTAT,0
ACATGACTTCCGC,0
ATCCCTCTTCATA,1
ACGCTCCTTCTAT,1
TGTTAGGGGAGCC,4
AGATCTGGGAATT,3
TGTCTCGTTCATT,1
GAGCTCGTTCATT,3
ATCTAGGAAGATT,3
GCACGAGAAGCGT,2
GGGTCTGTTCTAG,4
GACCTCGAAGTAT,0
GCCACTTTTCCGG,1
ATGATCTGGAGCC,4
AGTAGATAAGCGG,2
TCGTTCTAAGTAA,0
ATTACTTTTCCGT,2
TGCATCTTTCATG,2
CCAGGATGGACGT,0
CGTCAGTGGAATG,1
GTGGCTTAAGGCA,0
TGAGAGTAAGGCA,5
ATAGCTTGGACGA,0
GTTGAGTCCTTAG,2
GTTAAGTAAGATC,1
GCACCTTAAGATC,6
AGTCCTTTTCGCG,2
ATCTGATTTCGCG,0
CCGGCTTTTCCGC,0
TTAGGATGGAGCG,4
CGAGGATGGAATA,1
GATGCTTCCTCGC,4
CGGGAGTAAGTAT,5
AAGATCTAAGCGC,0
GGGCCGACCTGGG,4
CGAAATATTCCCC,4
CGCGATATTCAAA,0
AAGAATAGGATTG,4
GTCTCGAGGACCA,0
CTAAGCAGGAAAC,4
GCTCATAAAGCCT,0
TTGCGCAGGAGGA,1
TCAGGCAAAGGGC,5
ATGACGAGGACCG,0
TACCCGCAAGGGG,0
TTCAGCCAAGCCC,0
GTGCATCTTCAAA,1
GGGTTACCTCAAC,0
GCTTTACCTCAAC,2
CGAACGCAAGGGT,1
TTACCGCTTCGGT,3
TCGTATCGAGGGT,0
TAGACGCCTCCCT,4
CGATTACCTCAAG,4
GAGAGCCAAGCCT,0
ATGGGCCTTCCCT,1
GATGCGCTTCCCT,1
ACAGGCCCTCGGC,1
TCACTACAAGCCG,2
GGCAGCCAAGCCG,0
CTGGCGCTTCGGN,1
CTTTCGGGGAAAA,2
AGATGCGTTCTTT,3
TCGAGCGAAGCCC,3
TTACCGGGGAAAC,0
GGCGATGTTCTTG,1
ACGTCGGGGAAAG,1
TAGCATGTTCCCT,0
AGATCGGTTCCCT,0
TGCGATGTTCCCT,2
GCTTGCGAAGCCT,3
TAGGATGAAGTTC,2
TCCAGCGGGATTA,3
GATAATGTTCAAT,2
AAGTCGTTTCCCC,0
TGTGCGTGGAAAA,2
ACACGCTGGAAAA,1
AGAAGCTGGAAAA,0
CCTCGCTGGAGGG,4
GCTGGCTCCTGGG,3
CCCGGCTAAGCCC,0
TCGGGCTAAGCCC,4
CCCTCGTTTCCCA,3
GGTGCGTCCTTTG,1
GCAAATTAAGCCA,1
TCAGATTGGACCT,1
TGAAATTCCTCCT,0
GTTAGCTTTCGGC,0
TGGGGCTGGACCG,1
TAAACGTAAGCCG,0
TAATTATAGATAT,0
CACCTAACCTCAA,0
GGTCATAGGAACC,0
TGCTGCAGGAGTT,0
CTTAATATTCTGG,0
GGAAGCAAAGGTG,2
ACTACGAGGAACA,2
ATACCGAGGACAC,1
ACCACGATTCTGT,0
CGTGCGATTCGTG,0
GGCATAATTCACA,2
GTAGGCATTCGTG,0
CCATGCAGGAACT,2
ATCTCGAGGACAG,3
CCCTTAATTCCAG,0
CACATAATTCTGA,1
TTTGTAAGGAGTA,2
GAACTAAGGACAT,0
GAAACGATTCTGC,0
TTTCTAATTCGTA,0
AATGCGATTCGTA,0
GGATCGCCTCGTT,2
CTTTCGCAAGACC,3
GTGGCGCTTCGTT,1
CACGATCTTCTGG,3
TCATTACTTCACC,0
ACATATCAAGCAC,2
TTCTCGCAAGTGT,0
CTAGGCCTTCCAC,1
GCGGGCCGGAACA,1
CAATATCCTCGTC,1
AACTGCCCTCCAG,1
GACGCGCCTCTGA,0
CGTATACCTCGTC,2
TTCCGGCCCTACT,0
TTCGTACCTCTGA,2
TCAGATCTTCGTC,3
AACGTACTTCCAG,4
AACCTTCTTCGTC,3
CTCCTACTTCGTC,0
GTGTGCCGGACAG,2
GGTCATCCTCGTA,0
TAAGTACAAGGTA,0
GCCTGCCAAGTGC,1
CCAAATCAAGCAT,1
TTATCGCAAGTGC,0
CCAGGCCTTCGTA,1
CGGTCGCGGACAT,0
AGCGTACGGAGTA,2
GTAACGGGGAGTT,0
GACGATGTTCACC,3
CCGTATGGGAACA,4
GGGTGCGGGAACT,2
AGTGCGGGGAGTC,1
TGTAATGGGAACT,1
CGATGCGTTCGTC,1
CCATTAGTTCGTC,0
TGAAATGAAGCAG,1
AATATAGAAGGTC,1
GTGTATGGGAGTA,1
CCTATAGTTCACG,2
AATTCGGTTCTGC,0
AAGTGCGAAGGTA,1
GAGATAGAAGCAT,0
ATGTTATTTCGTT,0
CGGTTATGGACAA,2
ATGGCGTGGACAA,0
GGTGATTGGAGTT,2
CTTTCGTAAGCAA,0
AAATATTAAGGTT,2
TAGGTATAAGGTT,1
CTCTATTAAGGTG,0
AACTCGTTTCTGA,1
CGACCGTTTCGTC,2
ACCAGCTGGAACT,5
CTTACGTAAGGTC,1
ACCGCGTGGATGC,1
GTCTGCTGGAGTA,0
AACGCGTCCTCAT,1
CGCACGTCCTACG,2
GTCATATAAGCAT,1
GGATATTAAGACG,3
AACGCGACCTAGG,1
TCAATAACCTCTG,0
TGAAATAGGAAGT,2
ACTTATAGGATCA,0
TACTGCAGGATCG,5
ATTCATATTCAGC,4
CTCAATCCTCTCC,4
GACTATCAAGCTG,3
ACACTACTTCCTG,4
GGCCTACTTCTCA,0
GGTACGCCTCAGA,4
ATTTTACAAGCTC,0
ATGGCGCGGATCT,0
GAGACGCTTCAGC,0
ATGTGCCGGAAGC,4
GTGAATCGGACTA,1
TTACTACGGATCG,2
AAGTCGGTTCAGG,1
GACTGCGGGAAGT,1
GCAATAGTTCAGT,2
ATGATAGTTCGAC,0
GTCTTAGTTCCTG,2
CAGACGGTTCAGT,1
AACTCGGGGAGAG,3
CGATCGGTTCTCT,4
AAAAGCGAAGTCT,0
CTGAGCTTTCAGG,2
GGCATATCCTTCC,0
GGCGATTGGAAGA,0
TTCACGTCCTTCT,0
TATAATTAAGCTC,3
CGGTTATTTCAGC,1
ACATGCTTTCAGC,2
AAGTATTAAGAGC,0
TAGAGCTAAGCTA,3
GTAATAACCTTAA,0
ATATTAAGGAATT,6
CTTGCGATTCATT,0
TATCGCATTCGCC,2
TTTGCGACCTTAC,0
TGTCTAAGGATAC,1
CTTGATATTCATG,0
TCGCGCATTCTAC,0
TTCTCGAGGATAG,4
GAGACGATTCTAG,0
AAGCATACCTTAT,1
TAAAATAGGAATA,5
CCATTAAGGACGC,0
CCTCTAAGGACGC,4
AGAAGCAGGAGCG,1
CTTTATATTCCGC,0
CCAAATATTCTAT,1
TATCTAATTCCGC,0
TATACGCAAGATT,3
CCATTACTTCATT,2
GACTCGCGGATAA,0
AGGCGCCCTCGCA,2
TGAAGACTTCGCA,3
CTTCGCCAAGTAG,2
GGAAATCAAGATC,0
CGCCATCAAGGCT,4
CAACGACTTCGCT,3
TCATATCTTCGCT,0
CCGGGCCTTCTAG,0
GGCCGACTTCGCT,1
TCGCTACCTCGCG,0
AGGCGCCTTCCGC,1
ATCTTACTTCATA,1
CCCCCGCGGAGTA,2
AGGACGCGGACGC,3
AGGGCGGTTCCGG,2
GGGATAGTTCTAA,0
ATCCCGGTTCTAA,0
TTAATAGTTCATT,1
GGTCGCGAAGATT,4
ATAAGAGAAGATT,0
CGCATAGAAGATT,1
TAATTAGGGAATG,2
ACCACGGTTCATG,0
CCCTTAGAAGATG,0
CTGTTAGAAGGCA,3
GGATTAGGGAATC,5
TGTCATGGGACGC,3
TCGGATGGGATAT,0
CATCCGGGGACGC,0
ACGATAGAAGGCG,0
ATTATATGGAATT,4
AGCCTATGGAATT,3
CGGCTATCCTTAG,0
TGGACGTAAGATT,2
AGAAGCTAAGCGG,2
GCGCCGTAAGGCC,0
TACGATTGGAATG,2
CGGCTATAAGTAN,4
AACGCGTAAGTAC,2
CAAGATTTTCATC,3
TGTCTATCCTAGA,5
GGGGCGTAAGCGA,2
ACCGCGTAAGGCT,3
CCCCCGTTTCTAT,2
GACATATTTCCGC,4
CGCATATTTCGCG,2
CGGTCGTGGAATA,1
GAGTCGTAAGTAT,2
CGCACGTAAGGCG,2
CATCATTAAGCGC,1
GAGAAAAAATTCA,0
TGCCCCAAGCCCC,0
GAAGAAAGGCAAA,1
GGCACCAGGCCCC,3
CGTGAAAGGCTTN,1
ATAGGGAGGCGGG,0
GATCGGAAATCCA,3
GCTACCACCGGGA,4
CCCCCCAGGCGGA,2
ATTGGGAGGCAAG,0
TAATCCATTAAAG,3
ATCCCCCCCGGGG,3
TAATAACAATCCC,0
CCTCGGCAATTCC,4
CGGTAACTTAAAA,4
GTTACCCTTAGGG,0
GGGGAACCTAGGT,1
ACGGGGCCCGAAC,3
GTTGCCCAATGGT,0
GGCTAACAATCCA,0
AAATTTCTTACCA,0
GACCTTCGGCCCA,0
GACAAACGGCGGT,0
CTCAGGCGGCTTG,0
ATAGAACGGCCCA,0
ACTACCCCCGGGA,0
CTATGGAAATTTC,4
GAGTAACAATAAG,1
GGAGTTCAATCCT,3
TGTGCCCTTAGGA,0
CGTCTTCTTAAAG,4
CGCACCCTTAAAG,4
CGTCGGCCTAGGC,1
GAGCGGCCTAAAT,0
CTTGGGCAATTTA,0
GGGAGGCAATGGC,1
CCGCGGCAATCCG,4
CTGAGGCTTAAAT,1
GGTAGGCTTACCG,5
AGGAGGCGGCCAT,0
CCTCCCCGGCGGC,0
GTAACCGAATGGG,0
GCGCTTGCCGCCC,0
ATCCTTGGGCGGT,2
CGGCTTGTTAAAC,0
GTGCGGGCCGCCA,2
ACCCAAGGGCAAG,0
TATGAAGGGCCTC,0
GGCCTTGTTAGGA,1
GACTGGGAATGGA,0
TTAGTTGCCGGGA,0
AACCTTGTTAAAT,0
ATGTGGGAATGGC,3
TTACTTGAATTTA,5
TTTCTTGCCGCCG,2
CTCCAATGGCCCC,2
AAAATTTCCGTTT,3
TCCCCCTAATCCC,4
TAGGCCTTTATTG,3
GGGTAATGGCCCA,3
TCAAGATCCGGGT,1
TTCTGGTAATCCA,2
GAGCGGTGGCTTC,0
CTAATTTGGCAAG,3
GACACCTAATCCT,3
TCCGAATTTAGGC,0
TTAAGATCCGGGC,0
TCACGGTAATCCG,3
AGCCTTACCGGTT,0
ATTGGGAGGCGTT,0
TACGCCAGGCTGT,1
GGAAGGAGGCACA,2
GAGCCCAGGCCAC,1
GCCGTGACCGGTC,5
GCCAGGATTAACT,0
CACCGGATTAACT,2
TGTCCCACCGTGC,1
GTCGGGAGGCGTA,3
AGGGGGATTAGTA,3
CTGTGGATTACAT,0
TAGATTATTACAT,3
CCACTTCCCGCAA,0
TACTTTCCTACAA,0
CGCAAACCCGGTT,2
GCGAGGCAATGTT,3
GAATGGCTTAACC,2
GTGCAACTTAGTT,1
TGACAACGGCGTT,1
CGACAACGGCCAA,3
GAGAAACGGCACC,1
AGTACCCCTAACA,5
CGAGTTCCCGGTG,1
ATCGCCCCTAACA,0
GGAGCCCAATGTG,4
GGGGAACGGCCAC,0
GATTAACGGCCAC,0
GCAGTTCCCGTGA,2
TCTCAACCTAGTC,1
CAGAGGCCCGGTC,0
TCGAGGCCTAACT,3
CAATGGCAATCAG,1
CATCCCCTTAGTC,0
CCGCTTCGGCACT,3
TTAGGACCCGCAT,0
GTGACCCAATCAT,0
TATCAACAATCAT,2
TGGATTCTTACAT,1
CTAGCCGGGCCAA,1
TACCAAGTTAGTT,5
ATCCGGGTTAACC,1
ACAACCGAATGTT,2
GAGGCCGCCGCAA,3
TAAAGAGAATCAC,2
CGAAGGGCCGACA,0
AGACTTGCCGGTG,4
GATCGGGGGCCAG,0
TGTATTGTTACAG,2
ATAGGGGTTAACT,1
TATCTTGAATACT,1
GAAGAAGAATGTC,1
ACCGAAGGGCACG,2
ACATGGGGGCTGC,1
AATGTTGTTATGC,2
CATCTTGTTAACG,4
TAAATTGAATCAT,1
CGCCTTGAATCAT,0
CAGCTTGCCGACG,0
GCTTAATGGCTGG,3
GCGACCTCCGTGG,0
GTTGCCTTTAACN,4
GCATAATTTACAC,0
CTCATTTTTACAC,1
GGCGTTTTTATGT,1
GGTGGGTGGATGT,0
AATTAATGGCTGT,4
GAAAGGTCCGGTG,1
GGGCCCTAATCAC,2
CGATGGTAATGTG,2
ACTCCCTTTAGTC,0
TGTCGGTAATACT,1
GATCGGTAATACT,6
AGCAGGTTTACAT,0
AAACCCTGGCCAT,2
CCATTTTGGCGTA,0
CCATGGTGGCGTA,4
ACCAGGTCCGGTA,3
TCACAATCCGACG,1
CGATCCAAATCTT,4
GAGAGGAGGCAGG,4
GACGTTATTACTT,0
TACGCCATTAAGT,4
TGATAAATTAAGT,0
GAGGAAAGGCCTC,0
CCAGTTATTAAGC,0
ATACTTCAATTCC,2
CCACTTCGGCAGG,3
AGAGTTCGGCAGG,2
AAGACCCGGCCTT,4
TACACCCAATTCA,1
CTGCGGCAATAGT,2
TGATCCCAATTCA,3
CCTGTTCTTACTG,0
TCGCTTCCCGTCT,0
CTCAGGCGGCTCT,4
GGAGCCCGGCTCT,5
ATTTTTCCTAAGC,4
CCACTTCCTAAGC,0
AGTGAACCCGCTA,3
CGTAAACAATTCG,4
GGGGCCCTTAGAT,3
TGGTAACTTATCG,0
TTGAAACTTATCG,2
TTAACCCTTAAGC,0
TGGGGGCGGCCTA,3
CTCCGGCGGCTCG,0
GATGAAGGGCTCC,4
AAACGGGCCGTCC,0
TCTCAAGAATCTG,3
ATCGAAGGGCTCT,2
CATCCCGCCGAGA,0
GCCCGGGGGCAGC,0
CTTCCCGTTAAGC,0
GCCAAAGCCGTCG,0
GACGCCTAATTCC,1
TGCACCTTTATCA,0
TCTATTTGGCTCA,0
GCATGGTCCGAGT,0
GTTACCTAATCTG,2
GCGGCCTAATCTG,0
ACGCTTTAATTCA,0
CGCGTTTTTATCT,1
GAAGGGTCCGGAG,3
GGCATTTCCGAGA,1
GGTCGGTTTACTA,0
ATGTGGTGGCAGN,0
CGCGGGTAATTCG,4
GTCCGGACCGCGG,0
CACCCTAGGCATT,0
TGCGAAATTATAA,0
TTGGAAACCGTAC,4
CTTCTTAGGCATG,2
GGTTTTAGGCGCA,2
ACACAAAAGCGCT,4
CCTAAAAGGCTAG,2
GTTGTTATTAATC,2
TTTAAAAGGCATA,0
GGCATTAGGCATA,0
GGCTAAAGGCTAT,2
ATTGGGATTACGC,0
ATTCCCCCTATAA,2
TGTATTCAATTAA,3
GCATAACAATGCC,0
TGCCTTCAATCGG,0
GCCCTTCTTAATT,1
CTGAAACTTAGCC,0
CCTCAACTTAATT,1
AGCTCCCCTATAC,0
TTGCGGCTTAGCA,0
GTGCGGCTTACGT,4
GGCGAACTTATAC,4
GTGTAACGGCTAC,2
ACTATTCCCGCGA,1
ACAGGGCAATATC,1
GCGCGGCAATATC,2
ATAAGGCGGCGCT,0
CACTTTCCCGGCG,4
ACGATTCCTATAT,0
GAGTGGCAATTAT,3
GGCCCTCAATATA,3
TGCGTTCAATGCG,1
GGAACCCTTACGC,5
TATATTCTTAGCG,2
TGCCAACGGCTAT,1
CTTACCGGGCTAA,0
CGTTGGGGGCCGG,0
CAGGTTGGGCGCC,2
CTATCCGGGCATT,0
ACGGTTGTTATAA,0
GTATGGGAATTAA,2
TCCGCCGCCGTAA,2
CGAATTGCCGTAA,0
TTTCCCGGGCCGT,2
GAGGGGGGGCCGT,2
TACCGGGTTATAC,5
AGCGAAGAATGCA,3
CGAAGGGGGCGCT,1
GGCCAAGAATATC,0
GAAGAAGCCGTAG,0
TCCAGGGGGCATA,0
CCCGAAGGGCGTA,0
TCACCCGGGCATA,1
ACAGGGGGGCTAT,0
GATAAAGTTATAT,1
CTAGAAGCCGTAT,0
CGATCCTTTAATT,0
TATCCCTTTACGG,0
ATGTGGTGGCGCC,0
ATACTTTGGCTAA,2
GACTCCTCCGATT,0
CCGCGGTCCGTAA,1
TCTACCTAATATT,2
ATTTCCTTTAGCA,6
GTTCAATCCGCGA,5
GGACTTTCCGGCT,0
TCATTTTAATTAG,4
TTCCAATAATCGA,0
CCTATTTAATCGA,0
TCCGGGTTTACGC,0
ACTAGGTTTAATA,0
GTTCTTTAATATA,0
CTTCTTTAATTAT,0
CCATCCTAATCGC,1
CGTTTGAAATGTC,1
ATAAACAAATGCG,2
CATTGTAAATGCG,0
CTAGGTACCGAAA,0
AATACAGAATGGG,0
CGTTACAGGCCCA,4
CCTATGACCGGGA,0
CAAAACATTACCT,0
CAATACATTAAAG,2
CATCCAAAATCCG,0
TCGCGTACCGCCG,1
CAACACAGGCTTA,2
ATTATGAGGCCCG,1
CACGGTAGGCCCG,1
GGGACACCTAAAA,0
TCATTGCCCGGGG,1
ATCTGTCCTACCC,4
AAGAGTCCTAAAA,1
TGCAGTCCTAAAA,5
CTGGCACTTAAAA,0
ATGTACCGGCCCC,2
TAGCCACGGCTTT,1
TTCCACCCTACCA,4
GATCACCCTAGGT,1
TTTCGTCAATAAC,0
TCAAGTCTTACCA,3
ACACACCTTATTG,0
ATACTGCTTATTG,1
TCTCACCGGCGGT,1
CAATACCAATGGA,5
CAGCGTCAATCCT,0
CGGATGCTTAGGA,0
TACGGTCCTACCG,0
TCGGACCCTACCG,0
TCCAGTCAATTTA,1
TATACACAATGGC,3
CGCGACCAATTTA,1
CGGCCACTTATTA,1
GAAAACGAATGGG,5
TTTATGGAATTTT,5
TGTGGTGCCGAAA,2
TGTTTGGTTAAAC,0
CTGGACGTTACCA,2
CTCTCAGAATAAC,1
GGCGACGGGCAAG,2
AAGGACGTTACCT,4
GCTCTGGGGCCTA,0
GACCACGTTATTA,0
CTTCACGCCGTTA,0
TCGAACGCCGCCG,6
TAAGTGTTTTTTT,1
TCTGACTGGGCCC,1
TGCCACTGGCCTT,0
ACTCACTCCGTGG,5
AGTACATGGCTTG,0
CGCATGTGGCAAC,0
CGCGCATGGCCCA,2
AGACTGTCCGGGT,1
CCCGCATAATAAN,5
GAGGTGTAATGGT,0
TTGACATTTATTC,0
GGATGTTTTACCT,1
AATCCATGGCGGA,0
AACCGTTGGCCCG,0
GCAGCATGGCGGC,1
CTCGCATGGCTTA,3
TCAATGTCCGCCG,0
TCCCACACCGGTT,4
TGCAGTACCGCAA,1
GATCGTACCGCAA,1
GACCTGAGGCGTT,1
TAGGTGATTAGTT,0
CAGAACATTATGG,0
TCGCTGATTACAA,2
CTGTTGAAGCCAC,1
TACGTGATTATGT,3
GCTTCAATTATGT,2
TGACGTAAATCAG,2
ATTTGTACCGGTC,0
TAAATGACCGGTC,0
ATCTACACCGCAG,3
CGCAACAGGCACT,5
GGACGTAAATCAT,2
TACGACACCGGTA,0
AGCAACACCGACG,0
ATGTACAGGCCAT,2
AGTCGTAGGCGTA,0
GAGGTGAGGCCAT,3
AATCACAGGCGTA,2
AACCTGATTACAT,0
GGTCTGATTAGTA,3
CCATACATTAGTA,0
ATACTGATTAGTA,1
CTCGACCCTACAA,0
GATGGTCCTAGTT,1
CGCTTGCCCGGTT,3
TTTCACCAATTGG,4
GTTCACCTTATGG,0
AGGCCACTTACAA,2
CAAGTGCGGCACC,0
TTCGTGCGGCGTT,2
GCCGCACCCGGTG,0
CTGGTGCCTACAC,1
CCCCTGCAATCAC,0
TCTATGCAATCAC,0
AGCTCACAATGTG,0
CCCCTGCTTATGT,0
ATGTCACTTATGT,0
ATCTCACTTAGTG,0
CCACTGCGGCCAC,1
GTTAGTCCTACAG,0
CGTCTGCCCGGTC,4
TCGCTGCCCGGTC,2
CTGACACTTACAG,3
CATAACCGGCCAG,1
GAGTGTCAATGTA,5
GGCTACCAATTGC,1
TCCAACCTTAACG,0
AACAGTCTTAACG,0
GCGTGACTTATGC,1
TAGTCACTTACAT,0
CGGCGTCGGCACG,3
AACCACCGGCGTA,2
CTAAGTCGGCACG,1
CCGACACGGCGTA,0
ATTCCAGGGCGTT,5
GAGACAGGGCCAA,0
AGGGACGGGCCAC,1
TTTGCAGGGCCAC,0
TCCAACGTTAACA,1
GTCCCAGCCGCAC,0
GCGGGTGCCGCAC,0
CCATACGTTAGTC,0
GCTCCAGAATCAG,0
AAGACAGAATCAG,2
TCGTACGAATACT,0
ACGCTGGAATCAG,1
GGGGGTGCCGGTC,0
TTTCACGGGCTGC,0
CTGTCAGGGCCAT,1
TGTAACGGGCCAT,0
AACATGGCCGGTA,3
AAATTGTTTACAC,3
TACCGTTTTATGT,2
TGGTTGTGGCACA,1
TTCCTGTGGCACA,4
CATCCATGGCGTG,0
GCACACTCCGGTG,4
TCTACATCCGGTG,0
GACTCATAATACA,0
GATCGTTAATGTG,0
TTATACTAATACA,3
CTTTGTTTTAGTC,0
GTGACATCCGCAG,2
GTAAACTCCGGTC,1
AGTTTGTAATTGA,2
GATGGTTTTATGC,2
CTGGACTCCGTGC,2
CCAAACTAATGTA,1
CGCCCATAATCAT,2
GATTCATAATTGC,3
TGAGGTAGGCAGG,3
TACTGTATTATCC,1
CTTGTGATTAAGT,1
GTTCACAAATTCT,1
CGAGACAGGCTCT,0
GACCCAATTATCT,0
GTTGGTAGGCTCG,0
TTCGACAGGCAGC,4
TCCTCAATTAAGC,1
AGTGTGATTACTA,3
ACGGGTCCCGAGG,0
AACGACCAATTCC,1
GTTTACCCTATCA,0
TCCATGCTTAAGT,0
GGTGCACCTACTG,1
CGTCACCCTAGAC,1
TCCACACAATTCA,0
CGTGCACAATTCA,2
GACTACCAATCTG,0
ATGCACCAATAGT,1
GGTAACCGGCTCA,2
GGCTACCGGCAGT,0
CAAACACAATCTC,0
TACCACCAATTCT,0
CATCACCAATAGA,3
CTCTCACCCGCTA,0
TGTTACCAATCTA,0
CAGAGTCAATTCG,0
GCGGACCAATCTA,1
GATCGTCTTACTA,2
AAGGGTCGGCCTA,2
CAAGGTGAATTCC,0
TAGTACGAATTCA,0
ATGTACGAATAGA,1
GATACAGAATGAG,1
CCTAACGCCGCTC,1
AACATGGAATTCG,4
CGCGCAGCCGCTA,1
CGGGCATCCGCTT,4
CGGAACTCCGCTT,4
ACTCTGTTTAGAC,1
GCATACTGGCAGT,3
GGAGACTGGCCTG,0
GCCCACTAATAGT,1
GTGAACTTTATCT,0
TGATCATTTACTC,0
GAGGTGTGGCAGA,2
CTTAGTTAATAGA,2
GGAAACTTTAAGC,0
GAAGGTTGGCAGC,0
TTGCGTTGGCTCG,3
TAGTCATGGCTCG,1
TTACCATGGCTCG,4
CCTCGTTCCGAGC,0
CGCGCATCCGAGC,2
ATTAGTAGGCTAA,0
ATGGTGATTACGG,3
TTAAACATTACGG,3
TGCTCAATTAATT,2
CCATGTACCGTAC,2
GACGCAAGGCATG,2
TGGGTGATTACGT,0
TGTGACATTATAC,2
GATGACATTAATG,2
GGGACAACCGTAG,2
CGACTGATTATAG,2
CGTCTGAGGCCGC,3
TTGATGAGGCGCG,5
TAGGTGAGGCTAT,0
AAGCGTATTATAT,1
TATAACATTACGC,1
GCCGGTCAATTAA,0
ATCATGCTTATAA,1
ACAACACGGCGCC,1
TGCCACCCTATAC,1
CCGCGTCCTACGT,4
CCGTTGCAATATG,1
GGCAGTCGGCATG,5
ATGTCACTTAGCA,0
GGTCACCTTAATG,0
GAAAGTCGGATAC,1
GCTGGACGGATAC,1
GACCTGCCCGATC,2
CACATGCCCGATC,0
AAGTGTCCATTAG,0
CCTCACCCCGATC,4
GGATTGCCTATAG,0
ATCGGTCCCGGCT,0
AACGACCAATGCT,2
CTCACACTTAATC,2
TAAATGCGGCATC,4
CAAGCACGGCATC,0
GATCACCGGCATC,2
TAAGTGCAATGCG,1
GTGCACCAATGCG,2
CGTGGTCGGATAT,4
TGCCGGCGGCTAT,5
TCCCTGGCCGATT,1
ACACTGGTTATAC,2
TCCAACGAATGCA,1
CCAATGGAATTAC,2
TGTGTGGAATTAC,1
TAGATGGCCGGCA,4
GACGTGGAATATC,0
CGGGTGGCCGCGA,0
CCCGCAGGGCATA,4
TCTGGTGGGCATA,1
GGGGGTGTTAATA,4
AAACTGGAATATA,1
GTTCACGAATTAT,1
CGTGCAGCATCGC,1
GCAAACTGGCTAA,1
ATCAGTTAATATT,1
TTTACATTTATAC,2
CAGTGTTTTAATG,3
TTCATGTGGCTAC,0
TCGGACTGGCCGT,2
CGGGGTTCCGCGT,4
AGTAACTCCGCGT,2
TCTGACTCCGATG,1
AGACCATTTACGA,0
CGGTACTGGCTAG,1
GAAGCATGGCTAG,3
AGGCTGTCCGGCT,1
CCGGGTTCCGCGA,0
ATTCACTAATATC,2
AACGCATAATCGA,0
GGACTGTGGCATA,1
ACGTCATGGCCGC,2
GATCTGTCCGCGC,3
ATGACATAATCGC,2
TGCATGTAATATA,2
GACAAGAAATCAA,3
AGCATCAAATGTG,5
GGGCCTAAATCCC,0
ACAAGAATTACCC,2
AGAATCAGGCCCA,5
TAGCCTAGGCAAC,2
GCCTTCATTAGGT,1
CCTCTCATTAAAC,0
GGCCTCATTAAAC,0
CGGGCTAAATCCT,1
AACAGAAAATCCT,0
CTCCTCAAATCCT,0
TGATTCAAATTTC,0
CTCTAGAGGCAAG,1
TTCGAGAAATCCG,6
GTGAAGACCGTTA,6
TTTTTCAGGCAAT,0
GCTGTCAGGCTTA,4
GATGAGAGGCAAT,0
TGATCTCCCGGGG,3
ACGCCTCCCGTTT,1
AACCAGCAATCCC,3
CACAGACAATTTT,0
TCGGTCCAATTTT,2
AGGAGACTTAGGG,4
AAAGCTCTTACCC,4
AGTATCCCCGGGT,3
TCTGGACCCGGGT,4
TCACAGCAATGGT,2
AATCGACAATAAC,2
TGCGCTCAATGGT,0
AACTCTCTTACCA,4
TAGATCCTTACCA,2
ACATTCCGGCAAC,0
TTGTTCCCCGGGA,1
GAGGTCCCCGCCT,3
ATACTCCCTACCT,0
CGAGAGCCCGGGA,3
TCATGACAATTTC,0
GGCAGACAATAAG,2
GATTGACTTAAAG,0
CCTCGACGGCTTC,0
GCATCTCAATGGC,0
GTTGGACTTACCG,2
CCACAGCGGCCCG,0
CACAGAGGGCAAA,4
AGCCGAGGGCCTT,4
TTGCAGGAATTTT,0
TGATTCGAATCCC,2
TCACTCGCCGGGT,1
TTCACTGCCGGGT,2
CCTCTCGCCGTTC,0
TTATGAGGGCCTA,0
GGCGTCGAATAAT,0
CCCTCTTCCGAAA,4
TGTAGATGGCGGT,3
GCGAGATGGCCCA,0
AGCGAGTGGCGGT,0
AGCCCTTCCGTTG,1
GGATGATTTATTC,2
TGGGTCTGGCGGA,4
GGGACTTGGCTTC,2
GAGCGATCCGAAG,2
CGTGAGTTTAGGC,2
TCTCCTTTTAAAT,0
AGCCTCTTTATCG,1
CACCTCTGGCGGC,1
GTCTTCTCCGGGC,1
GCCTTCACCGGTT,2
CTGACTAGGCGTT,3
ACAATCATTAGTT,0
GTGAAGATTAGTT,1
TTAACTATTATGG,0
GTCCTCATTAGTG,2
AGTGAGACCGTGA,1
CTCACTACCGACT,3
GTATGAACCGACT,0
ATGTTCAGGCGTC,5
GGTCAGAGGCCAG,0
GTGAGAAGGCGTC,3
GACGCTATTAACT,5
GAGAGAATTAGTC,0
AAAGCTAAATCAT,1
ATGCAGACCGGTA,1
TTCGCTACCGGTA,1
GTAGCTACCGGTA,1
GCGGGAAGGCCAT,0
CGGTTCCCCGGTT,2
CTACTCCCCGCAA,0
CGCGGACCCGCAA,0
ATTCCTGAATCAA,1
TCCACTCTTACAA,2
TATGCTCTTAACC,2
CTTATCCGGCCAA,0
ACACCTCCCGTGT,2
TGTCAGCCTACAC,0
CGAATCCCCGCAC,3
GTACGACCTACAC,1
AACCGACAATCAC,0
CTAATCCAATGTG,2
GGACCTCGGCACA,2
ATTACTCAATGTC,1
GTGTCTCAATCAG,0
AACGTCCAATCAG,2
ATCTTCCAATGTC,2
AGCCTCCAATCAG,6
AATACTCTTAGTC,2
CCTCGACGGCTGA,3
GATGCTCGGCGTC,2
GCGCCTCGGCACT,0
GAACTCCCCGGTA,1
GTTAAGCCCGCAT,3
CCAAGACCTATGC,6
AACTAGCCTATGC,4
ATGCGACCTACAT,0
GCTCCTCCCGGTA,5
CGCACTCCCGTGC,2
CGGAGACTTAGTA,1
AGCAAGCGGCGTA,0
AAATCTGGGCTGG,1
GTGTCTGGGCACC,0
GTGCGAGGGATGG,2
CCTAAGGGGCCAA,4
CTATCTGGGCCAA,0
TGGCCTGTTACAA,1
CCCGTCGTTAACC,0
ACTAAGGAATGTT,3
GATCTCGAATGTT,1
CGAAGAGCCGCAA,0
TGACTCGCCGGTT,4
CTAGTCGGGCGTG,0
ACCCGAGTTAGTG,2
CTCGCTGTTATGT,1
ATGAGAGAATACA,3
CCATGAGAATTGT,4
GTAAAGGAATACA,4
ACCTGAGCCGCAC,0
GATAGAGCCGCAC,6
AGTATCGGGCTGA,0
TTCACTGGGCGTC,1
GTAGTCGGGCTGA,0
GGGAGAGAATGTC,1
TATGAGGAATGTC,1
CACTAGGTTAGTA,3
GTCGAGGTTAACG,5
CCGTAGGTTAACG,1
TGTGGAGAATCAT,1
TATGAGGCCGCAT,0
TGGACTTTTAGTT,2
CTAGTCTTTAACC,0
CCGCAATTTAGTT,2
GCCAGATGGCTGG,3
GTTCGATGGCCAA,1
TCATGATGGCTGG,0
GAGTGATGGCGTT,1
GTACTCTGGCCAA,3
AAGTCTTCCGGTT,2
GGCTTCTCCGGTT,1
AATCTCTAATCAA,1
AAGATCTTTATGT,2
TTCGTCTTTAGTG,1
GATTAGTGGCACA,0
GTGTCTTCCGGTG,2
AACACTTAATTGT,0
TGTCGATAATGTG,4
TTACTCTAATCAC,1
AAGCCTTTTAACT,2
GGCTAGTTTACAG,2
GATAGATTTAGTC,2
GTTTTCTGGCGTC,1
CAACTCTGGCCAG,1
GGTCTCTGGCCAG,0
TGGGAGTAATACT,1
AGTACTTAATACT,0
AGCTAGTAATGTC,1
CTCATCTTTAGTA,2
AATATCTTTAACG,1
TGCCCTTGGCGTA,1
CTACCTTGGCTGC,0
CCGCGATCCGGTA,0
TCAGGATAATGTA,1
ATCAGATAATCAT,3
CGACTCACCGCTT,0
CGGAAGAGGCTCC,1
TGTGAGATTATCC,0
TGTGAGAGGCAGT,4
CGCCCTATTACTG,0
GTAGTCAAATCTC,3
AGTAGAAGGCTCT,2
TCTCAGAGGCTCT,2
GGGCCTATTATCT,1
CTTGTCAGGCCTA,1
CGGTCTCCTACTG,1
GATGTCCTTACTG,3
AGTTTCCCTAAGA,0
TTAATCCAATTCT,1
ATAGTCCTTATCG,4
GGTGAGCGGCAGC,4
CGGGGAGCCGCTT,4
ATCGCTGGGCTCA,0
TATCAGGGGCCTG,0
AATACTGGGCTCA,0
CGGTCTGTTACTG,3
CGCCCTGTTATCA,1
TGGCCTGGGCAGA,1
ATCCAGGCCGTCT,0
ATACCTGCCGCTC,3
TCGTAGGCCGTCT,1
AGTAGAGGGCTCG,1
GTCGTCGGGCAGC,0
AGGACTGAATTCG,4
TAATCTGCCGCTA,2
TCGATCGCCGTCG,3
AGCCAGTTTATCC,1
ACGCAGTCCGTCC,4
CACGTCTTTACTG,1
CTTTTCTAATCTG,0
AGACAGTAATCTG,0
TATGGATTTATTC,0
CGTCCTTGGCCTC,0
TTCTTCTCCGTCT,3
ATATGATAATGAG,4
ATGAAGTGGCAGC,0
TGCGAGTGGCAGC,4
CCAAAGTCCGAGC,0
TCTATCACCGGCC,0
GCAATCAGGCCGG,1
CTATAGATTACGG,4
AGGGTCAAATCGT,1
TAAGGAACCGTAC,1
TCCCAGAGGCGCA,3
GAAGCTATTACGN,4
TACGTCATTAGCA,1
GTGCTCATTAGCA,0
CGGTAGAGGCATC,5
CCTGTCAGGCCGA,3
AGTGCTACCGCGC,3
GATGTCACCGGCG,4
AATCGAAGGCTAT,0
CTATTCATTATAT,2
ATGCTCCAATATT,2
GATACTCAATATT,0
CGCACTCTTAATT,0
CCGCCTCCCGATG,2
CTATCTCCTAATG,3
ATATTCCAATTAC,0
CGCGAGCAATATG,1
TGTTTCCTTAATG,2
CATACTCTTATAC,3
ATAGCTCGGCTAC,2
TCACTCCCTAATC,5
GTAGAGCCTATAG,5
CCGCAGCTTATAG,0
AGAACTCCCGCGC,3
CCTAGACCTAGCG,2
GCCGGATGGCTAC,0
AACTAGCAATTAT,4
TCGAGACAATATA,1
TCCGGACTTAATA,5
CAGTGACTTAATA,3
TTAACTCTTAATA,3
TCTTCTCGGCATA,1
GTCTCTCGGCTAT,1
GATCTCCGGCGCG,2
ACGCCTCGGCGCG,1
CTATCTCGGCGCG,1
CGATAGGGGCGCC,3
ATGGAGGCCGTAA,3
ACCGAGGGGCCGT,3
TTCGTCGTTACGT,1
GTTCTCGAATGCA,1
TTTCTCGCCGCGT,0
GTGGCTGCCGGCA,0
CCGGAGGGGCTAG,3
AGTGAGGTTAGCT,1
TCTCAGGTTAATC,2
CCAAAGGAATATC,2
CAGGAGGAATTAG,1
TAAATCGCCGGCT,4
AAGACTGCCGATC,0
TGGGGAGTTAATA,0
CAACTCGTTAGCG,3
CTCCTCGCCGATA,0
CCGGAGGCCGGCG,3
AACTCTTTTAATT,0
TTATTCTGGCTAA,1
TGTCGATCCGATT,4
TCGGCTTCCGGCC,4
CGCGTCTAATCGG,1
AAACGATGGCTAC,2
CTCAGATGGCGCA,1
TAGGCTTCCGCGT,0
ACCCTCTAATCGT,0
AGTCAGTAATCGT,2
ATTCAGTTTAGCT,3
AATCGATTTAATC,1
GTCGAGTGGCTAG,0
GGGTTCTAATTAG,2
TGTGCTTAATTAG,0
ATGAGATAATCGA,3
AGACAGTAATATC,1
CTAATCTTTACGC,0
TAATGATCCGTAT,1
AACAGATCCGGCG,4
CCATGATCCGTAT,0
TTTACTTAATGCG,1
AGCATCTAATGCG,0
AACCGCAAACGGG,0
TTCCATACCGGGG,1
GGACGCACCGTTT,2
CGCCGCAGGCCCC,0
TTTAGCATTATTT,4
GTCCCGATTATTT,2
CTCCTAATTACCC,6
GCTCCGAAGCCCA,0
CTAAATACCGGGT,1
GAATTAAGGCTTG,2
AGCCCGAGGCTTG,2
GAGGATATTACCA,1
CCCCTAATTACCT,0
GAATATATTAGGA,4
GATCGCATTACCT,2
GCGCGAAAATCCG,0
CTCCCGAGGCCCG,2
GATGTAAGGCCCG,3
GGACTACCCGTTT,0
GATAGCCCTACCC,0
CCTCATCTTACCC,4
GTTACGCGGCCTT,1
ACGGTACGGCCCC,5
CGCCTACGGCAAA,4
TGCAATCTTAAAC,1
AGCAATCTTACCA,1
TAAAATCGGCTTG,5
TTTACGCGGCGGT,0
CAATATCGGCCCA,0
TCTGCGCGGCAAC,2
GGTTATCCTAAAG,0
GGTCTACCCGCCT,2
AGCCTACCCGAAG,2
GAGCCGCAATTTC,4
TGGGATCTTAAAG,5
GCTGCGCGGCCCT,2
CCCTTACCTAGGC,3
TCCTCGCCCGTTA,0
ACCGATCCCGCCG,0
CTTATACCCGGGC,3
TCAATACCCGAAT,3
ACGTATCAATGGC,3
TTAGATCAATAAT,0
TACGTACTTAGGC,0
GAGTTACTTACCG,1
GTAGTACTTAAAT,4
AGTTCGCGGCGGC,0
CGGGTAGGGCAAA,2
CCTCATGGGCTTT,0
ATGCATGCCGAAA,0
CTCGATGCCGGGG,0
CTCAGCGGGCCTG,1
TTCATAGGGCCCA,0
GCCGCGGCCGCCA,0
CGAAGCGCCGGGT,0
AGACATGCCGGGT,0
GAAGCGGTTAAAG,3
CGGGATGAATTTC,4
AGGACGGAATGGA,0
ACCTCGGAATTTC,0
CGCCCGGCCGCCT,0
CATCTAGGGCGGC,2
TAGAGCGTTAGGC,3
CAAGATGAATTTA,2
ACTGTAGCCGCCG,4
ATACCGGCCGCCG,2
AGGAGCTTTAAAA,2
CTTACGTTTAAAA,1
CACGGCTGGCCCC,5
CTATGCTAATTTT,0
TAAAATTTTACCA,2
TCGATATTTAAAC,2
GGTTTATGGCAAC,2
GACGCGTGGCGGT,4
GGGGCGTAATAAC,0
GCACCGTAATAAN,1
CTCACGTTTACCT,0
TCAAGCTCCGCCT,2
ACCTTATTTACCG,2
CTGGGCTTTATTA,0
TAAAGCTGGCGGC,3
ACGCAATGGCGGC,4
AGTCGCTCCGCCG,1
TTCGCGTCCGCCG,2
CCCCGCTAATCCG,1
AAATTATAATCCG,3
TCAACGTAATTTA,1
TCGATATAATCCG,0
CAACATACCGTGG,0
CTGCATACCGACC,2
TGAAGCACCGCAA,0
TAGTCGACCGGTT,1
GTAAATACCGTGG,0
TCACCGAGGCGTT,1
TGTCTAATTACAA,0
TGAAATATTAGTT,0
AAACATAGGCTGT,1
GACGGCAGGCACA,2
AACGGCAGGCGTG,0
GAAAGCACCGGTC,1
GCTCCGACCGTGA,4
GTTAATAGGCCAG,4
CTTCCGAGGCACG,1
TACCTAAGATAAT,4
TTTTATATTACAT,2
AACCGCATTACAT,0
GTGTGCATTACAT,2
AGTCGCATTAGTA,0
TGTACGATTACAT,1
ACGTATATTAACG,4
GCTTCGCCTAACC,2
CCGACGCCCGACC,5
AATACGCCTACAA,4
GACTATCAATGTT,0
TTCTCGCAATGTT,1
CGCCGACAATGTT,3
TGTCGCCTTAGTT,0
ATCCTACTTACAA,0
ATGTTACGGCACC,2
GTCGCGCGGCGTN,0
AGTTGCCCTATGT,1
TTGGCGCCTACAC,0
GTTTATCAATCAC,2
TCTTGCCAATTGT,2
AATCGCCAATCAC,4
TATACGCAATTGT,0
AGTTCGCTTAGTG,2
CTCCTACTTAACA,0
AATGGCCTTATGT,1
CCCCATCGGCTGT,4
TCCAGCCGGCTGT,4
ATATGCCGGCACA,2
AGAGCGCCTAGTC,0
GATGGCCCCGCAG,0
TTATTACCCGACT,2
GCGCTACCTAGTC,0
TAAACGCAATACT,3
CGGGCGCAATACT,3
CTGAATCAATGTC,4
GCATGCCAATCAG,4
AACATACTTACAG,0
CCATATCGGCCAG,2
TGCCTACGGCACT,0
GACATACCTCGTA,3
ACAGGCCAATACG,0
TCCGGCCTTAGTA,5
AGAACGCTTAACG,1
TGCGATCTTAACG,1
TGTGCGGGGCGTT,2
CCTTTAGGGCGTT,4
CCGAATGGGCCAA,1
GGTCTAGTTAGTT,1
TAGGGCGTTAGTT,3
TGGGATGAATCAA,1
TTCCTAGAATTGG,0
CGATTAGAATCAA,0
CAGCCGGCCGACC,1
GGCTCGGAATTGG,3
ATCCCGGGGCGTG,0
GACACGGTTAACA,0
GTGTTAGCCGTGT,0
TATTGCGCCGACA,1
GCGTCGGCCGGTG,1
ACTAATGTTAGTC,0
CTCGCGGTTACAG,4
CTTGTAGCCGGTC,0
TACGGCGCCGCAG,2
CGATATGCCGTGA,4
GCCGCGGGGCGTA,4
TCTAGCGGGCGTA,2
CATATAGGGCTGC,5
GAACCGGTTAGTA,4
TGTAGCGTTAACG,3
CTCCATGTTACAT,4
CCTCGCGTTACAT,3
CGCTGCGTTACAT,5
GTTGTAGCCGCAT,3
CCCGGCGCCGGTA,1
CGACCGGCCGTGC,0
TCCCGCTTTACAA,0
AGGACGTTTACAA,1
GTCCGATTTACAA,1
TGGGATTGGCGTT,1
CACCATTGGCCAA,0
CTGCATTGGCCAA,2
CAGAGCTGGCACC,0
ATATATTGGCGTT,1
TTCCATTTTAGTG,0
GCTGGCTTTAACA,0
TGCTATTTTAACA,0
CATATATGGCGTG,1
ATCGTATCCGGTG,5
TGACTATCCGCAC,2
TACCGATAATTGT,5
CTGACGTAATACA,4
GCTGGCTAATACA,0
TTGGGCTTTACAG,0
GACCTATGGCGTC,1
ACGTGCTGGCGTC,2
TCGAGCTGGCGTC,1
GGGGATTCCGGTC,0
ATTGATTAATTGA,1
TGAGCGTAATGTC,3
ACGATATTTATGC,5
TAATTATGGCTGC,0
GTTACGTCCGCAT,0
CCCGCGTCCGGTA,0
GGGTATTAATTGC,2
AGGTATTAATCAT,0
TAGAATTAATACG,1
GGAGCGTAATTGC,5
GCTACGACCGTCC,3
AGTCTAAGGCAGG,5
GCTCCGATTACTT,0
TCGGGCACCGTCT,1
GAATATAGGCCTC,3
CCACATAGGCTCT,0
TGTCGCAGGCTCT,1
TGCCATATTACTC,0
CCTAATATTATCT,0
TGTAGCAGGCAGC,0
TAGGATATTATCG,0
CGAGGCCCCGGAA,2
AGCTCGCCTAAGG,0
AATACGCCTACTT,3
CTTCGCCAATGAA,4
AGTCTACAATCTT,0
GTGAATCGGCCTT,0
TATAATCCCGTCA,0
ATATGCCCTATCN,0
CTGACGCAATTCA,0
GACCCGCTTACTG,2
ATCGATCTTAAGT,1
CGCTGCCTTACTG,2
GGACCGCGGCTCA,1
AATATACCTATCT,0
ATCAATCAATTCT,0
GATCGCCAATTCT,4
TCCCTACTTACTC,0
TAATGCCCTACTA,1
CTCACGCCTACTA,0
TCGATACAATCTA,4
TCACGCCTTACTA,1
CCGGATGGGCTCC,0
GAAAGCGCCGAGG,1
GCCTCGGCCGTCC,0
TTCCGCGGGCTCA,1
TATCTAGGGCAGT,0
GTGCGAGAATAGT,4
ACATGCGGGCCTC,0
GAACCGGTTACTC,3
GCAAGCGAATAGA,2
CACCGAGAATCTC,1
TCTGCGGCCGAGA,2
CGATATGGGCAGC,2
TGCAGCGTTAAGC,0
CGGTGCGAATAGC,0
GACGGCGAATCTA,4
TTGGCGGCCGCTA,1
ATCGCGTTTACTT,2
CCTGATTGGCTCC,0
AGTAGATCCGCTT,0
AATGTATTTAAGT,5
GGTCTATGGCAGT,2
CAACATTCCGAGT,3
TTTCCGTCCGCTG,1
CATGGCTGGCCTC,1
TTTTTATCCGGAG,2
GCCTTATCCGCTC,5
CGCCGATAATAGA,2
ATGAGCTTTACTA,1
GACGATTTTAAGC,0
ACCGCGTAATTCG,0
GTTGCGACCGGCC,0
TTACGCACCGCGG,2
TCGATAACCGTAA,5
GTCCGCATTAATT,1
CTCCGAAAATCGT,1
TAACGCATTACGT,5
TACAGCATTATAC,4
GTAGATAGGCGCT,1
GGTCCGACCGCGC,4
CTCAGCACCGCGC,4
TTGCATAGGCATA,4
ATATTAATTAATA,4
ATCCTAATTATAT,2
AGGACGCCTAATT,0
TGTCGCCCTAGCC,3
TGCGTACCCGGCC,2
GGGATACAATATT,0
CCGTATCAATATT,0
GTGTATCTTAATT,2
ATGTTACCCGGCA,3
GAGTCGCCCGATG,1
CTAGATCCTAGCA,0
GTTGGCCAATCGT,3
GTTCTACAATGCA,2
CTTCGACAATTAC,3
GATGATCAATCGT,1
TCCACGCTTATAC,0
ATTAATCTTAATG,1
TTGTCGCTTAATG,1
CCAGTACTTACGT,0
ACAGCGCGGCATG,0
TCCCGCCCTACGA,0
CTGAGCCCTACGA,0
TCTTCGCCCCCGA,0
AATCTACCCGCGA,0
GATCGCCAATTAG,1
CATACGCTTATAG,0
ATTAAGCCCGCGC,2
CCCGTACCTAATA,0
ACTTGCCCTATAT,2
GAGTATCCATTAT,3
GTTCCGCAATATA,1
GAGTGCCAATCGC,3
TGCGATCTTAATA,0
TTCAGCCGGATGC,0
TAGCTACGGCATA,0
GTCGATCGGCGCG,1
GATTTACGGCTAT,0
CGCTTACGGCCGC,1
ATCACGGGGCATT,0
TCGGATGGGCATT,3
CGGTGCGTTAATT,0
ATTAGCGAATTAA,4
TTTTCGGCCGGCC,0
TGTACGGCCGATT,3
CGGCATGGGATAC,2
CTCGATGAATGCA,2
ATGGGCGGGCGCT,0
AGTTCGGAATATC,1
ATAACGGAATATC,0
CTTATAGCCGATC,0
CACACGGGGCTAT,3
ATCGGCGGGCCGC,5
AGCGTAGAATATA,0
ATATTAGAATGCG,4
GTGATAGCCGATA,1
CTCGTAGCCGTAT,0
GACTTATGGCATT,1
TTCAATTAATCGG,3
ACTCCGTAATATT,0
GTGAATTGGCTAC,1
CAGATATGGCCGT,0
TCCCGCTAATATG,2
GTTTATTAATTAC,4
AGTCATTTTATAG,2
GGATTATTTAATC,4
CCATCGTCCGCGA,2
ATAAGATCCGATC,0
ACCCCGTAATCGA,4
CCCACGTAATCGA,0
TGAACGTAATCGA,4
TTCATATTTAGCG,3
ACAGCGTGGCATA,0
CAGTTATGGCTAT,2
AGCGTATGGCGCG,0
ATTCATTCCGTAT,6
CGGCGCTAATCGC,3
GAGGATTAATTAT,1
GATAATTAATGCG,4
TGGTCCGTGTACA,0
GTTCCCACAAATA,1
GAATCCACAAATA,4
ATCCCCAACCCCC,4
GTGATTACAATTT,1
GCTGCCAGTTCCC,0
CTAATTAACCGGT,1
ATTCTTATGGGGT,0
TCAAGGATGGGGT,3
GAGGTTAACCAAG,1
ATATCCAACCGGA,0
CTACTTACAACCT,1
AGGGAAATGGTTC,4
GCATGGCCAACCC,2
ACGTAACCAAGGG,6
GTACGGCACCTTT,1
GAATGGCACCAAA,0
GATCCCCACCGGG,1
CGATGGCACCGGG,2
GCCGTTCTGGAAA,3
CGGCGGCTGGGGG,4
TCTCCCCTGGGGG,2
AGAGAACGTTTTT,3
GGCGTTCGTTTTT,4
CCACCCCCAAAAC,0
AACGAACAGGCCA,0
GCGGCCCACCTTG,0
GTGGAACTGGCCA,3
CCTGGGCGTTTTG,3
GTATTTCGTTCCA,1
CCTCGGCCAATTC,0
CACCCCCACCGGA,3
TTATAACACCAAG,0
ATGACCCTGGGGA,2
TGATGGCACCAAT,2
ACGATTCACCCCG,2
AGCGGGCACCCCG,1
CTATCCCACCTTA,3
TGGTAACTGGTTA,2
GTTGCCCTGGGGC,4
CCGCCCGTGGGGG,0
CCAATTGACCTTT,0
AACAAAGACCTTT,0
AGCCTTGACCGGG,0
TCATAAGCAACCC,2
AGCGTTGTGGGGT,0
TCCGCCGACCCCA,3
GGTTCCGACCCCA,4
CAGTTTGACCAAC,0
CCTTAAGCAACCA,2
CATGCCGCAAGGT,1
CAACGGGGTTTTC,2
TACTTTGACCCTA,0
TGATCCGACCCCG,4
CTGTTTTGTTTTN,3
CACTGGTGTTTTT,0
TCATGGTGTTAAA,1
TCTGGGTACCAAA,5
GACGGGTTGGGGT,0
TTCACCTTGGGGT,4
AGCGGGTTGGAAC,1
TAGTGGTGTTAAC,0
AAAGCCTCAAGGT,3
TTTCAATACCAAC,1
CAGGCCTGTTGGA,0
GGTTCCTCAATTC,0
TCTTCCTACCAAG,2
GGACAATTGGCCG,2
ATCACCTTGGGGC,0
TCCCCCTCAAAAT,3
TCCGCCTCAAGGC,1
AATCTTACAAGTT,0
AGTCTTAGTTTGG,0
AGTAAAATGGGTT,6
TGTGTTAACCGTG,0
CGTAGGAACCGTG,0
TTTGCCACAACAC,3
CCTCGGACTTCAC,1
TGACCCAGTTACA,0
TCCAGGATGGCAN,2
GAGACCATGGCAC,2
GCTCGGATGGACA,3
CATTTTATGGGTG,1
ATTTGGAACCTGA,2
TTTCCCAACCTGA,1
ACTCCCAACCACT,0
CGCCTTACAAGTC,5
TGATCCAGTTTGA,0
TTTGAAAACCCAT,1
AGTACCAACCCAT,2
ATTCCCACAAGTA,0
TGTCAAACAATGC,1
TGACTTACAATGC,2
TGCTTTAGTTCAT,1
CTCTGGATGGGTA,0
AGCCGGATGGGTA,0
CGTCGGCCAAACC,3
CGAGCCCCAATGG,1
GGTGAACACCACC,0
TACGGGCACCGTT,1
TGTCGGCTGGACC,0
GTCACCCCAAACA,1
CTGATTCTGGCAC,0
ATCATTCGTTCAC,2
GTCTTTCGTTGTG,0
GCAATTCCAAGTC,4
CGAGGGCCAAGTC,0
CGCCAACCAATGA,0
CTATGGCCAACAG,0
GAACCCCAGGCAG,0
AGTAGGCTGGGTC,0
TGCCCCCGTTCAG,1
TAGCAACTGGGTA,0
AAGGAACTGGTGC,3
AGGGTTGACCGTT,3
CGCCAAGACCGTT,1
TAAAGGGCAAGTT,0
ATTAGGGCAACAA,0
CTCGAAGCAAACC,0
ACTGAAGCAAACC,5
TAGACCGGTTACA,0
AGTGAAGTGGGTG,0
ATTGGGGACCTGT,0
TTCGCCGACCGTG,4
GCACCCGCAACAC,0
CCGTAAGCAAACA,4
GCCCCTGGTTTGA,1
CTGCTTGGTTCAG,1
CCGGTTGGTTCAG,2
GATAAAGGTTACT,2
GACGAAGTGGGTC,0
TCTGTTGACCTGA,2
GGGGGGGCAAGTC,0
GATTCCGCAATGA,1
GTACGGGCAACAG,1
AAATGGGGTTACG,4
CCCGAAGGTTGTA,4
ATCCTTGGTTGTA,0
GGTCCCGACCCAT,4
TCTATTGACCGTA,3
GGCTCCGCAAGTA,5
CCAACCTGTTTGG,0
TCTTCCTCAATGG,1
AATGCCTCAATGG,0
CGCCCCTACCGTT,0
TTACGGTTGGCAC,4
CTTAGGTCAACAC,2
GGCTAATCAATGT,4
TCGAGGTACCTGT,3
CCATAATACCGTG,0
TGTGAATTGGACT,4
GTCCGGTTGGCAG,2
CCATAATGTTCAG,0
TTGGCCTCAACAG,1
ATCACCTCAACAG,4
GGTCGGTCAACAG,1
AGGTCCTACCGTC,0
ACCGAATACCCAG,0
CTACTTTACCCAG,0
CGATGGTTGGGTA,0
CTATAATTGGTGC,4
CAGAGGTGTTCAT,0
TGATTTTGTTGTA,1
GCCCTTTCAAGTA,3
ATCATTTCAATGC,1
TGTGGGAACCTCC,2
CAACTTATGGTCC,3
TTGAAAAACCTCA,0
GTACAAAACCAGT,3
AGCATTAGTTCTG,0
AGGACCATGGTCN,3
CGGCCCATGGTCA,1
GATTGGATGGTCA,0
TCGGCCATGGTCA,0
CCTACCAACCAGA,0
ATTACCACAATCG,1
CCCGAACCAAAGG,4
GCATGGCCAACTT,3
TTAACCCACCAGG,1
AATTGGCAGGCTT,4
TACGGGCACCTCA,1
CGGGTTCTGGAGT,0
CAATCCCTGGTCA,4
GCATCCCCAACTC,2
TACTTTCACCCTC,0
CAATGGCCAATCG,1
GATCCCCGTTTCG,1
GTTTGGGCAATCC,3
GATCAAGCAACTT,0
GGCGGGGCAACTT,2
ATACTTGGTTAGT,0
CGAACCGTGGTCA,2
CCTTGGGACCAGA,4
CGGAAAGACCTCT,0
TATTAAGACCTCT,0
GTCCCCGCAATCT,6
GACATTGGTTAGC,0
GCCCTTGTGGTCG,2
AAATAAGTGGGAN,4
GCTTGGGTGGTCG,0
CATTCCGCAAAGC,1
TCATTTTTGGCTT,0
CCCCAATACCTCC,3
AAAATTTGTTTCA,2
CGTTCCTCAAAGT,3
TATAAATCAAAGT,0
AAGAGGTCAAAGA,0
GACAGGTACCTCT,0
CTGTAATACCTCT,0
GTGCTTAACCTAA,0
AGCCCGAACCCGG,0
TTAAAAAGTTATT,2
TCGCCCAACCCGT,0
CGGATTAGTTTAC,0
CTAGAAAACCCGA,2
GACATTAGTTTAG,2
GGCATTAACCTAT,4
TCGAGGATGGCGC,0
GCACTTCACCCGG,0
ATAGTTCACCTAA,0
ACCGGGCTGGTAA,0
AGTCTTCGTTATT,0
TCTGCCCGTTTAA,5
CAACCCCTGGATG,0
GATCTTCTGGTAC,3
GAATAACGTTTAC,1
CAGTCCCGTTATG,4
TATCTTCGTTTAC,4
TATAGGCGTTCGT,1
CCCAAACACCATC,0
ATCGAACACCTAG,0
CTTCTTCTGGATC,1
AATGAACTGGATC,1
GAGCGGCCAAATA,0
TAAGTTCACCTAT,2
GCGTAACTGGGCG,4
ACTGAACGTTATA,6
GCTGCCCGTTGCG,0
CTGGAAGTGGATT,0
ATAGAAGTGGTAA,2
GTCCCCGACCCCG,0
GCGGAAGCAATAA,4
TACGTTGGTTTAC,2
TTCAGGGTGGTAG,3
AATCCCGTGGCGA,0
GCAAGGGACCATC,3
ATATCCGGTTTAT,1
GAGCCCGTGGTAT,5
GTCTAAGCAAATA,0
TGCGAATGTTCGG,5
GGAACCTCAAGCN,0
TTGCGGTTGGCGT,3
AATCGGTGTTTAC,4
ACCTAATTGGGCT,2
TATATTTTGGCGA,1
CTTTTTTCAACGA,0
TGGCGGTACCGCT,0
GATGGGTACCGCT,0
TTTTGGTGTTTAT,0
GTCCGGTGTTCGC,2
CAAACCTCAATAT,2
GGTGAATCAAATA,0
GTTGAGAACCAAA,2
GCGACAACAACCC,0
CGTGTGATGGGGG,0
ATGTCAATGGTTT,0
GACTACAACCGGT,0
CCTGACAACCCCA,4
ATTGCAACAACCA,2
CCTCGTACAAGGT,2
CAAAACAGTTAAC,2
TGTGACATGGAAC,3
TGAAGTATGGGGT,2
AGGAGTATGGCCG,2
TCAGCAATGGGGC,6
GCTCACATGGAAT,3
TCAACACTGGGGG,1
AGGCGTCGTTCCC,2
ATGGTGCGTTCCC,0
GAAGTGCACCGGT,2
TAATACCACCTTG,0
GAAATGCTGGAAC,1
GGCAGTCGTTGGT,0
TGCTACCACCGGA,0
ACGGACCTGGAAG,2
ACGTACCTGGGGA,2
ACGACACTGGCCT,1
AGCGACCTGGGGA,2
TTGCACCAGGCCG,1
TTACCACACCCAT,0
ATGGGTCTGGGGC,0
CTCCACCTGGGGC,0
TCTGACCTGGGGC,2
GAGTACCTGGAAT,1
TACTCACGTTCCG,0
TCGTACCGTTGGC,3
GCCGACGTGGTTT,3
TTGCCAGACCTCC,0
AACCCAGGTTGGT,3
CAACGTGGTTGGT,2
AGTCACGGTTCCA,1
TTAGACGTGGCCA,0
ATTCCAGACCAAC,1
AAGTACGACCAAC,2
TTCCTGGCAAGGT,1
GCGATGGCAAGGT,2
CTCGGTGGTTTTC,2
GCAGCAGACCCCT,2
CGAGGTGACCCCT,4
TGCGTGGACCCCT,4
CAGTTGGCAACCT,0
CGCACAGGTTGGC,2
CGGGCAGTGGCCG,4
CCATTGGTGGCCG,1
GTCTCAGGTTCCG,0
ATCCCAGACCTTA,4
TCCTACGCAACCG,2
ATGAACGCAAAAT,0
TGTCGTGCAACCG,4
ATAACATTGGTTT,1
TGGGGTTCAAGGG,4
AAATGTTCAACCC,0
GCCGACTCAACCC,0
CCAGTGTCAACCC,1
CTCTGTTCAACCC,2
AATACATCAACCC,0
TGAGACTACCCCC,1
TATACATACCGGG,3
CTATCATACCGGG,3
GATGCATTGGAAC,0
AATGACTGTTTTG,1
ATGGACTCAAAAC,1
ATAGGTTCAAAAC,3
CCGCGTTCAAAAC,4
GAGCACTTGGGGA,2
TGCAACTTGGAAG,2
CAAAACTCAATTC,3
CAACACTCAAGGA,0
CAATCATTGGTTA,0
TGTGCATTGGTTA,1
ATATGTTCAACCG,0
CCCTTGTACCGGC,1
ATTCGTAACCACC,1
GCTCACACAAACC,3
TTATACACAACAA,1
CTAGACAGTTGTT,0
TGGGACATGGGTT,1
CGGTGTAACCCAC,1
GAAGACAACCACA,2
GAACGTAGTTGTG,2
GCTGGTAGTTCAC,1
TGAATGATGGACA,0
AAAGACACAACAG,0
AAGTCAACAAGTC,0
TGCTTGACAAACT,2
CGACGTAGTTGTC,0
GAATGTATGGGTC,1
CTCCTGATGGGTC,1
CTCTTGATGGTGA,1
AATGCAATGGGTC,4
TGAGACAACCCAT,0
GTGTTGACAACAT,0
GTTCACAGTTACG,2
TCTGCAAGTTGTA,0
CTTTTGATGGTGC,0
ACACTGATGGACG,0
CGTAGTATGGGTA,0
TCTGTGATGGGTA,1
TGCCACATGGACG,1
AGCGGTCACCACC,5
AGCAACCAGGCAA,0
TCCCACCTGGGTT,4
GTCAGTCTGGTGG,0
AGCGTGCTGGGTT,0
AATATGCTGGGTT,0
CCCACACGTTACC,4
TTGTACCGTTACC,0
TCTGCACGTTGTT,0
CTTGTGCCAAGTG,0
GCATACCCAAGTG,0
CGCCACCACCTGT,0
TAAGCACTGGCAC,0
TCCGGTCCAAGTC,1
CTTAGTCAGGCAG,1
CGTCTGCAGGCAG,0
TCATCACACCCAG,0
CCGGGTCACCCAG,0
AATACACACCCAG,1
AGCCGTCTGGTGA,0
GATCCACTGGGTC,4
TAGTTGCCAATGC,5
CGGAACCACCACG,0
AAAGCACACCGTA,0
TTCACACAGGGTA,1
CTTAGTCTGGCAT,4
GTTTACGGTTGTT,2
GGTTACGTGAACC,0
TCCAGTGACCTGG,2
GAGGCAGCAACAA,3
TAGAGTGCAAACC,3
GATTCAGCAACAA,3
ATAGACGCAAACC,1
AATCACGACCTGT,1
GGTCTGGCAAGTG,2
AATCACGCAATGT,2
TCGAGTGTGGACT,4
GGCGGTGTGGGTC,3
AAAAGTGACCCAG,2
CCGTTGGCAAGTC,3
TAGGTGGGTTCAT,2
ATCCGTGTGGGTA,0
ATACACGTGGGTA,1
AGCTCAGTGGCAT,0
CTATCAGTGGACG,1
TCCCTGGACCTGC,5
TTGGGTTGTTGTT,0
CCCGCATCAACAA,1
ATTTACTACCACC,2
CCGGGTTTGGCAC,2
ATTGACTTGGTGT,0
GTTAGTTTGGACA,4
CCTGCATTGGCAC,2
CCCCGTTCAAGTG,1
CCTGACTCAACAC,3
CATCTGTCAACAC,1
TAACGTTACCGTG,1
GTACCATTGGGTC,0
GCGACGTTGGACT,1
TTTCCATCAAACT,2
ATGTGTTCAACAG,1
CATCGTTCAACAG,0
ATGAACTACCCAG,3
GTTGACTTGGACG,0
CGATGTTTGGACG,0
ACACGTTGTTCAT,0
ATGACATGTTCAT,2
TCAGCATGTTACG,3
CTATCATGTTACG,0
CCGAACTACCGTA,0
TCCTACACAACTT,0
GGACTGATGGCTT,1
TTGCCAATGGAGT,0
CTTATGAACCTCT,1
CTGTGTAGTTCTC,0
TCTAACATGGTCT,0
CGCTGTCACCCTT,0
TTACTGCTGGTCC,1
AGCGACCAGGTCA,2
GAATGTCTGGCTG,1
GTCACACGTTTCA,0
CTGACACAGGCTC,1
TGTCGTCTGGTCT,0
GTGACACGTTTCT,1
ATAGCACACCTCG,0
CTCAACGGTTTCC,2
CCTCACGTGGTCN,3
CTATCAGACCAGG,0
CGGCACGCAAAGG,1
CGTGGTGCAAAGT,0
TGTCACGCAAAGT,2
TGTAGTGCAACTG,3
AGCTACGGTTTCT,1
CTAGTGGCAAAGA,2
GACTCAGGTTTCG,0
GGAATGGGTTAGC,0
ACGGGTGTGGTCG,2
GTAAACGACCTCG,0
AGTTGTTTGGGAA,4
TGTAGTTGTTGAA,3
CTGTGTTACCCTT,1
TTCGACTACCCTT,1
AAAGACTTGGCTG,0
AGCCGTTTGGTCA,2
TCACGTTGTTTCA,3
CCGAGTTCAAAGT,1
GAATTGTACCAGT,2
GCAGACTGTTAGA,3
AGTACATGTTTCT,0
AGTAGTTCAAAGA,3
TACGGTTACCTCT,0
AAGGACTACCTCT,1
AGTTTGTTGGGAT,0
CCCAGTTGTTAGC,0
GTCCACTGTTGAT,0
CCTGACTGTTCTA,1
TAGACATCAATCG,0
TACGACACAAGCC,6
GTCAGTATGGATT,2
ACTCCAATGGTAA,2
TGAAACATGGATT,0
CGGGTGACAACGT,0
AAGTCAACAATAC,2
CTGGGTAGTTCGT,0
TCTAACATGGTAC,4
GATATGATGGTAC,1
CTGGCAAACCTAG,1
TCATTGAACCATC,0
GCGAGTACTTTAG,1
TCACGTACAACGC,0
TGTATGATGGCGC,3
AAGCGTATGGTAT,0
GCATGTCCAATAA,4
AAGCCACCAAATT,2
TGGTTGCAGGTAA,0
TATGACCCAAATG,3
TGCGACCCAACGT,1
TGATGTCAGGGCA,1
TACGACCTGGGCA,1
TCAAACCGTTCGT,1
GGTCTGCCAAATC,3
TCGTACCCAAGCT,3
GTAATGCACCTAG,2
TTACTGCACCATC,0
GCGTACCTGGTAG,0
GGGTCACGTTGCT,1
GTGTACCGTTCGA,1
CAGCGTCGTTCGA,0
GACCCACACCATA,0
TTGGACCACCATA,0
AAAAGTCTGGCGC,0
CTCAACCTGGTAT,0
ATGTCACGTTCGC,1
GGATCACGTTTAT,0
GATATGGTGGGCC,5
TCTCGTGCAAATT,2
TAAGCAGTGGTAC,0
ATATGTGACCCGT,1
TGGCCAGGTTATC,0
GGGTCAGTGGATC,2
ACTGACGTGGATC,0
TACTGTGACCATC,0
CTGCACGACCTAG,1
GGAGGTGCAAGCT,1
AGCGACGGTTATA,3
GAGCTGGTGGCGC,2
TATAGTTGTTTAA,0
GACCTGTACCTAA,2
CTAATGTACCTAA,0
GATCACTACCGCC,0
TTCGGTTTGGGCA,0
CATTCATTGGTAC,3
CTCTTGTCAACGT,0
AGATCATCAATAC,1
CCAGGTTCAATAG,1
TCATACTACCCGA,0
ACGGTGTCAAATA,0
CCTCACTACCATA,3
ACGGGTTACCTAT,2
ATCGCTACAAAGC,0
GTTAGAACAACCC,3
TGCATCATGGAAA,3
AATCCTATGGCCC,2
CATCTCATGGGGG,1
CTTTTCAGTTTTG,5
AGTTTCAGTTCCA,0
GACACTATGGCCA,4
TCAGCTATGGGGT,4
GATAGAATGGTTG,3
AAGGGAAGTTTTC,3
GGTGTCATGGAAG,4
GACATCATGGAAG,1
TAGGTCATGGCCT,4
TGGGAGAACCGGC,4
ATCCTCAACCCCG,2
CGAAGAAACCTTA,5
ATAATCAACCCCG,3
TTACCTAGTTCCG,0
GGGTAGATGGCCG,4
CAAGTCCACCGGG,5
CGTATCCAGGAAA,3
ACGATCCACCGGG,0
TTTCCTCTGGGGG,1
CTCAAGCTGGAAA,1
GAGTGACTGGTTT,0
TGCACTCTGGTTT,2
GGGTTCCGTTAAA,5
TAACTCCCAATTG,1
GTCTAGCCAAGGT,0
TAGCTCCCAAGGT,0
ACCAAGCACCTTG,5
GCGTGACACCCCA,1
ATCACTCTGGGGT,0
GGCGGACTGGGGT,1
TTACAGCCAAGGA,0
CGTCGACACCAAG,1
AGCAAGCACCCCT,2
TGCAGACACCAAG,2
TACTAGCGTTTTC,0
GTCTTCCCAACCG,4
GCCTGACACCTTA,0
CTCGTCCTGGGGC,1
GCCCGAGGTTGGG,0
ACTTGAGGTCCCC,1
CATCCTGGTTCCC,1
ATTACTGTGGGGG,0
AAAGTCGGTTGGT,2
GAAATCGCAAGGT,0
TAAGTCGCAACCA,3
CAATGAGCAAGGT,2
GGTGAGGTGGCCT,4
TCTGAGGACCCCT,1
ACGTTCGACCAAG,4
CAACGAGCAAAAG,1
ATGTGAGCAACCT,4
AGAAGAGTGGCCG,3
CTTGCTGACCTTA,3
TCGGTCGACCCCG,2
GTAGCTGACCCCG,2
CGAGTCGCAATTA,2
CGGTGATCAATTT,5
GTACGATCAACCC,3
GCACTCTTGGTTG,2
CAGGTCTTGGGGT,0
TGGACTTCAATTG,0
GCTACTTTGGAAG,0
GATGCTTACCAAG,4
ATGGCTTTGGCCG,1
AGCGCTTGTTGGC,0
CCGGCTTCAATTA,4
TTTGAGACAATGN,1
CTTTGAAGTTACC,0
GCGAAGAGTTGTT,4
CGTCCTAACCGTG,0
AGGTAGACAAGTG,1
GACCAGAGTTGTG,0
GTGATCAGTTCAC,1
ATGATCATGGACA,0
TAGCTCATGGCAC,5
TCGTAGATGGGTG,2
ATTCCTAACCGTC,2
GTGAGAAACCCAG,0
GACCGAACAAGTC,1
ACTATCACAAGTC,1
CCGTCTACTTGTC,3
ATCGGAAACCGTA,4
GCTATCAACCCAT,0
CTGCTCACAACAT,4
CCTTCTAGTTGTA,0
CTTAAGATGGGTA,5
CACTTCATGGTGC,3
AGAAAGATGGGTA,4
CGATTCATGGTGC,1
CGATGAATGGTGC,2
GTCAGACCAAGTT,4
CAGTCTCCAACAA,1
TGCCAGCCAACAA,2
GCTATCCACCGTT,4
CCTGAGCGTTCAA,0
CTTTGACACCGTG,0
TCCTGACACCACA,1
GAAGCTCAGGACA,3
GGTGGACACCTGT,0
GCACGACAGGACA,1
GAGGAGCAGGCAC,1
AAGACTCACCGTG,4
GATGCTCACCTGT,2
GGCTCTCACCTGT,0
GAAATCCTGGGTG,0
GGTAAGCTGGTGT,1
TTGCGACTGGTGT,0
CCGTAGCTGGGTG,2
TGGCTCCGTTACA,2
TCGTAGCCAAACT,0
TGGGCTCACCACT,3
GACTAGCACCGTC,1
CGCCTCCACCACT,1
AAGACTCGTTGTC,0
AGGTCTCCAACAT,0
AGGGCTCACCCAT,1
GTGAGACAGGGTA,0
CTAAAGCACCTGC,1
GCCCTCCTGGTGC,5
CCCGAGCTGGGTA,0
AACCGACTGGGTA,0
GCACAGCTGGGTA,3
CGACAGCTGGTGC,1
TAATTCGTGGTGG,0
GCCGCTGACCCAA,2
CCAACTGACCCAA,3
CGTAAGGACCGTT,0
CCGTAGGACCGTT,0
GCAACTGCAACAA,1
ACGGGAGCAAGTT,0
CGGGGAGGTTTGT,1
ATTCTCGTGGTGT,1
TACAAGGTGGACA,1
AGTCCTGTGGTGT,1
ACGGAGGTGGTGT,4
TTTTTCGACCGTG,2
GTGGGAGACCGTG,0
AGATAGGCAACAC,2
CTTGAGGTGGTGA,2
CTGTAGGTGGCAG,0
TGCACTGACCCAG,4
GCTGTCGCAAGTC,0
TGGCAGGGTTGTA,2
CAGCAGGGTTGTA,2
AATCTCGGTTGTA,3
CGGTCTGTGGGTA,2
TGCCGAGTGGTGC,1
GGTCTCGACCTGC,0
GGCCTCTTGGGTT,3
ACCGCTTTGGGTG,1
CAGGCTTTGGTGT,3
TCCTCTTCAAACA,2
ATGAAGTCAATGT,0
CCAGAGTCAAGTG,0
TTGCAGTCAATGT,0
CCATAGTCAATGT,0
TCGGTCTCAAGTG,0
CCTTCTTACCACA,5
ATAGCTTACCCAC,0
ACCTAGTGTTGTC,0
CCATCTTGTTTGA,0
TTCCCTTGTTACT,3
CCACGATCAAGTC,4
CCCGCTTACCGTC,4
TGGTCTTTGGACG,0
ACATCTTTGGTGC,3
CTAACTTTGGGTA,1
CTACTCTTGGCAT,3
CCGATCTTGGGTA,2
GTGGTCTACCACG,0
TGATGATACCACG,1
ATTGCTAGTTCTT,0
ATGATCAACCAGT,0
AATCGAACAAATG,4
GGGGTCATGGCTG,5
GTGTAGAACCTCT,0
ATGTGAAGTTAGA,0
AGGACTAACCTCG,0
TTCCCTCTGGGAA,0
GTATGACTGGCTT,1
GCGGTCCACCTCA,3
CGCGCTCACCAGT,5
CGTGAGCTGGTCA,1
ACTGTCCTGGAGT,0
CCATCTCACCCTC,0
ACGGCTCACCTCT,0
CCTGAGCGTTGAG,4
CGCTGACGTTTCT,4
TAACTCCAGGCTA,0
CCCTTCCACCTCG,0
ACCGTCCAGGCTA,0
GGTAGACACCGAT,2
GGAGTCCACCAGC,1
CGCTGACACCTCG,2
TTCGCTCGTTAGC,0
TCGTTCGACCAGG,4
TTAAAGGCAACTT,2
CGTCAGGGTTTCA,4
AGTAAGGTGGTCA,1
CGTGGAGGTTAGA,1
TGCCAGGACCTCT,0
AGCACTGCAATCT,1
GCATTCGGTTCTA,1
GGCTCTGGTTTCN,0
AAACTCGTGGTCG,3
TCTCCTGTGGAGC,5
TACGAGGACCTCG,3
ACCTAGGCAAGAT,2
TATCGATGTTTCC,2
TGGCAGTCAAAGG,0
AAATTCTACCGAA,0
TCCTGATTGGAGT,1
TTCAGATTGGAGT,1
CATCTCTGTTAGT,2
CACTAGTCAATCA,5
GTATGATCAATCA,0
AGCATCTGTTCTA,1
ATGGCTTACCAGC,5
AACTAGTACCCTA,2
ACGTTCAGTTCGG,2
TCCTCTAACCTAC,1
TACCTCAACCTAC,4
TAGTGAAGTTTAC,0
TATCAGATGGATG,0
ATATCTATGGTAC,1
CCGCGAAACCATC,2
CCTGCTAGTTTAG,1
GAACTCAACCCGC,1
ATAACTATGGATA,2
AATTGAATGGATA,3
TGGTGACACCTAA,1
TGGTCTCAGGTAA,4
TACGAGCACCTAA,0
CGAGAGCACCATT,2
TTATTCCACCATT,1
TGGAAGCTGGGCC,0
GTTCTCCTGGGCC,0
GCCACTCCAAATG,1
AACCGACCAAGCA,2
GGGTTCCTGGATG,1
ACATCTCTGGATG,3
TTCGCTCTGGTAC,1
GGTCGACGTTTAC,0
CCTGCTCGTTGCA,2
TGCCAGCACCTAG,1
GGCCAGCGTTGCT,2
CGTCCTCCAACGC,0
CTTAAGCTGGATA,1
TTAGAGCTGGGCG,0
GGGGTCCGTTGCG,2
CTGGGACGTTATA,1
TGCACTGGTTCGG,3
GTGATCGTGGGCC,0
GATATCGGTTCGT,2
CGCACTGTGGCGT,0
GAGACTGGTTATC,0
CTCTCTGGTTGCT,0
TCTCGAGGTTATC,2
GCGTTCGGTTCGA,5
TCCCAGGGTTCGC,3
ACGAGAGGTTCGC,3
ACCACTGCAAGCG,0
CTGTCTTTGGCGG,2
CCGAGATTGGGCC,3
AGAGAGTGTTCGG,1
CGGCAGTCAAGCC,0
TTCATCTACCTAA,0
TGGGTCTTGGGCA,4
ACTTGATTGGCGT,0
CGCCTCTGTTCGA,2
TGCGGATGTTGCT,4
AGGATCTCAAATC,2
TATGAGTTGGGCG,1
GAATAGTGTTGCG,0
TGCTCTTCAATAT,4
CTCTGATACCATA,0
GGTTTAACAAAAC,3
ATCAGCAGTTGGG,3
GCTAATATGGCCC,0
GTTGATAACCTTG,0
ATACCGAACCTTG,4
CCGCCGACTTCCA,0
TGGGTAAGTTTTG,0
TACTGCATGGGGT,0
GGTATAATGGAAC,0
CCTGGCATGGTTG,0
CTGCCGAGTTTTC,0
TACGATAGTTGGA,5
CCCACGATGGGGA,1
GTCATAATGGAAG,4
GGCGCGACAACCG,1
GTAGATACAACCG,0
TGCGTAACAACCG,1
GGATTAAGTTCCG,3
GTGCTAATGGTTA,4
TCTTGCATGGTTA,0
CTAACGATGGCCG,0
AAGTGCCCAAGGG,0
TCTTATCACCTTT,1
TCGCCGCTGGGGG,3
AATTTACCAAAAC,4
CGTTGCCACCCCA,2
CCACCGCACCAAC,1
GACATACTGGGGT,0
GGAATACTGGCCA,0
TTCACGCTGGGGT,0
CACCCGCGTTGGT,3
GCACGACCAATTC,0
GGGTGCCACCGGN,2
ACTGGCCTGGTTC,0
GCAAATCGTTAAG,0
CCTGATCGTTCCT,0
TGTTCGCACACCG,0
AATTGCCACCAAT,0
GAAATACTGGCCG,0
CACGGCGGTTGGG,4
TTATATGGTTAAA,2
GATCCGGGTTCCC,3
ACGAATGACCTCC,3
AGTAGAGTGGCCA,2
AAAGGCGACCCCA,0
CCCGCGGCAACCA,0
TGTCATGGTTCCT,3
CTGGATGTGGGGA,2
CCTTTAGACCAAG,2
TGATTAGACCCCT,0
TAGCATGACCCCT,4
GTGCCGGTGGCCG,3
ATTCTAGACCGGC,0
GAAAGCGCAACCG,3
ATGACGGCAAAAT,4
CGCAATTTGGAAA,5
ACGTATTTGGCCC,0
GCATGCTCAATTT,5
GCTGGCTACCTTT,0
TGAAATTTGGGGT,0
TATCCGTTGGGGT,0
CAACATTGTTAAC,2
AGGTGCTGTTTTG,2
CCACCGTGTTTTG,0
TGCAGCTGTTCCA,1
ATGATATCAAAAC,5
CCTAATTACCGGT,2
GGGCCGTTGGGGA,3
TAGCGCTGTTGGA,2
CATGATTGTTCCT,2
CACATATACCAAG,0
TTCCTATACCCCT,1
GGGTCGTTGGTTA,2
ACTGGCAACCGTT,1
TGACATAACCGTT,1
TAGTTAAGTTACC,0
ATTATAATGGCAA,1
CCGTCGATGGCAG,1
CGATGCAACCACA,0
CCGATAAGTTGTG,0
ATCCCGAGTTTGT,4
TTCTTAATGGACA,0
AATAGCATGGGTG,2
GGCGATAACCGTC,2
GCACGCACAACAG,0
AGCTGCACAAGTC,0
CCCGCGAGTTACT,3
GTCCGAAGTTGTC,1
CTGCATATGGGTC,4
GACGATAACCCAT,2
ATTGGCACAAGTA,2
ATTGCGAGTTGTA,1
TGTTCGATGGCAT,0
TGTGCGATGGGTA,3
TGGGCGCCAAGTT,2
TGGAGCCACCTGG,1
AGTATACACCTGG,1
GTCGATCAGGCAA,1
TTGGCGCTGGGTT,0
TAGCCGCTGGCAA,3
ACGCGCCTGGGTT,0
GTAAATCCAACAC,1
AGGTGCCACCCAC,0
GGCGGCCGTTAGT,0
TATTGCCCAATGA,1
CGGGGCCAGGGTC,1
TGTCTACACCTGA,3
GGACCGCACCTGA,0
TCCCGCCTGGCAG,3
AGGTATCTGGGTC,0
TTTCTACTGGCAG,2
AGGAGACACCGTA,0
CGCTTACACCTGC,5
CCGATACACCCAT,3
ACAAGCCTGGGTA,4
TCATGCCTGGGTA,1
GTTTATCGTTGTA,1
ATTAGCCGTTACG,2
TGTTATGGTTGTT,4
CTATTAGTGTTGG,0
GATTTAGACCTGG,2
CAGCGCGCAAGTT,3
GCCCGCGGTTCAN,0
ACATTAGGTTGTG,3
TCAGTAGTGGTGT,0
ACTTATGGTTGTC,1
CGGTATGACCACT,1
GCACCGGACCTGA,0
TCGCCGGACCACT,2
CCCTGCGCAACAG,1
TACCCGGGTTGTA,4
GTGTCGGGTTTGC,0
TGAATAGGTTGTA,2
TATTCGGTGGGTA,3
ATGTATGCAACAT,4
TAGTCGGCAACAT,1
GGCACGGCAAACG,0
GTCCATTTGAACC,0
TTTGATTCAAACC,1
TCCGCGTCAATGG,6
ATGTCGTCAAACC,0
ATTGATTACCTGG,1
AGTCTATTGGACA,0
GCTCGCTGTTCAC,2
TTGATATCAATGT,2
CAAGCGTACCCAC,0
ATGGCGTACCCAC,0
CTGAGCTACCCAC,1
CGCTTATACCACA,2
TCAGATTTGGCAG,3
ATCCGCTGTTTGA,0
CTGCGCTACCACT,2
TTCTTATACCTGA,1
TCATCGTTGGGTA,0
CGTATATTGGGTA,0
GTCTGCTTGGTGC,0
AGCCATTTGGGTA,2
AATCCGTTGGCAT,2
TGCGGCTTGGCAT,2
TGATATTTGGGTA,1
GGGATATGTTACG,0
CTGGGCTGTTTGC,1
AGTTGCTGTTTGC,2
AATTTATCAAGTA,0
ACCTTATCAAACG,4
GGGACGTCAAACG,0
GCTACGATGGCTT,1
AGTGGCACAAAGT,0
TGCCTAAGTTAGT,4
TGCCGCAGTTTCA,0
GGCTTAAGTTGAC,4
TGGTATATGGGAC,0
CGGCATAACCGAT,5
AGCGATAACCCTA,3
TACTTAACTTTCG,0
CAGAGCATGGAGC,3
TGCCGCATGGAGC,3
CATCTAATGGTCG,0
TTCTATCACCTCC,0
CCACTACTGGAGG,4
GGTCATCTGGCTT,1
CCTGGCCTGGAGG,3
CCATATCCAAAGT,0
GTCTGCCACCAGT,3
AATGATCGTTAGT,0
ACGTGCCACCCTC,2
AAAGCGCACCTCT,0
GCACCGCACCCTC,0
CCAAGCCTGGCTC,1
TTCAATCACCAGC,6
GTCATAGTGGCTT,0
TAGAGCGTGGAGG,2
ATATGAGTGGAGG,0
CGCGCGGTGGGAA,0
AGGCTAGCAACTT,3
GTCCTAGTGGGAC,1
TATAATGCAACTG,2
TGAGTAGACCTCT,0
CAAGGCGTGGAGC,2
ATTTTAGACCAGC,4
GCTGCGGCAAAGC,4
AGAACGTGTTTCC,1
GGTATATCAAAGG,0
AGCGCGTACCCTT,2
ATGGATTTGGTCA,3
TAAGGCTGTTAGT,2
CTACCGTGTTCTG,1
CCGCTATCAAGAC,6
AGTATCTACCGAC,1
CCAGCGTCAATCT,0
GCCGGCTACCCTC,4
TGTGCGTACCGAG,2
AGTACGTACCCTC,0
TTTTATTCAAGAT,3
AAACCGAACCATT,1
ACTTCGACAACGG,0
AGTTGCATGGTAA,2
CATCCGATGGGCC,1
TATGTAAACCCGT,0
CAGCGCATGGCGT,0
CGGACGAACCTAG,0
TGTCCGATGGATC,5
CGAGTAATGGATC,0
TAACTAAACCCGC,0
GGTAGCAACCGCG,0
ACCAGCACAAGCG,4
ATTAATACAATAT,0
GTCACGACAACGC,0
CGGAATAGTTATA,1
AATCATATGGCGC,2
GATGATCCAATAA,0
TGGAATCACCTAA,4
CGTCCGCACCCGG,0
ACGGGCCACCGCC,0
TAATGCCTGGGCC,0
AACCTACACCATG,0
GTGTCGCTGGCGT,1
TCAGGCCTGGGCA,1
AGAAGCCTGGTAC,1
AATCGCCGTTATG,5
AGGCGCCCAAGCT,1
CTATCGCCAACGA,0
GACTGCCACCCGA,0
CTCAATCACCGCT,0
TCTCGACACCGCT,0
AACTGCCTGGCGA,0
CTAGGCCTGGATC,0
TGTCATCACCGCG,4
TCGTATCACCCGC,0
GCTAATCTGGCGC,3
GCTCGACGTTCGC,2
GGTCTAGGTTATT,1
CCTGGCGGTTCGG,0
GATGATGGTTTAA,3
CCGTATGGTTTAA,3
GCGAGCGTGGTAA,1
CTGACGGACCCGG,1
TTTCCGGTGGTAC,0
CTGCTAGTGGCGT,0
TATACGGACCGCA,2
TCCATAGGTTTAG,2
CGATCGGTGGCGA,1
CCAATAGACCCGA,0
GGTATAGACCATC,0
TAGGATGACCTAG,6
GGAATAGGTTGCG,2
ATGATAGACCGCG,4
TCCTATGCAAGCG,0
ATGGTATTGGGCC,0
TACGCGTGTTGCC,2
CAATATTACCTAA,3
CGTGATTACCCGG,2
ATCGGCTACCATT,1
CATCGCTTGGGCA,3
ACGCGCTTGGCGT,1
TCGGGCTGTTTAC,5
TAAGTATCAACGT,1
GTTCATTCAAGCA,0
TGCTGCTCAAATG,1
TCTCATTTGGGCT,1
TTCGCGTTGGCGA,3
GCGAGCTCAAATC,2
AGAACGTACCCGA,0
GAACCGTACCGCT,1
CTGGGCTTGGTAT,4
GCAATATGTTGCG,4
AACTCGTGTTGCG,0
AACGATTACCATA,2
GGCACGTACCTAT,1
GGTAGGAACAACG,0
AACGAAAACAAGC,3
CGAATTACACGGT,5
AGATCCACTGCCA,1
CTCAGGAGTGGGT,0
AATCTTATGACCA,1
GACCGGACACGGA,0
TTGTAAAGTGCCT,0
CATCGGAACAGGC,2
CTATCCAACACCG,1
AGTGAAACACTTA,3
CCGTAAACACGGC,2
ACAGCCAGTGTTA,0
ATCGAAAGTGAAT,3
CCAAGGATGTGGC,2
TACAGGATGTTTA,3
AGATAAATGACCG,1
GATATTATGTCCG,1
TACCAACCACTTT,1
GGTAAACCACCCC,1
ATACCCCCACAAA,0
CTGAAACACAAAA,0
CGTAGGCACACCC,0
GAGTTTCACAAAA,2
AAGGAACACACCC,4
TAAATTCTGTTTT,2
TATGTTCTGTTTT,1
GTAGTTCGTGCCC,1
ATTGTTCACACCA,0
AGCTAACACATTG,1
TGTGAACCACGGA,4
AAAGCCCACACCT,1
CCTGCCCACATTC,0
ACGTTTCACAGGA,1
CAACCCCTGTAAG,5
TCAGGGCTGTCCT,1
GTGACCCTGTAAG,4
GAGTGGCTGTGGA,2
TATTTTCACTTTA,2
CGGAGGCTGTAAT,3
GTGCTTCTGTAAT,1
ACCTGGCGACGGC,1
TCCCCCGGTGCCC,0
CGTGCCGGTGAAA,0
TCACCCGACAGGG,3
AATTAAGACAAAA,2
TCCTAAGCACTTT,3
CCTACCGCAGCCC,2
GATTTTGGACCCA,1
GTTAGGGTGTTTG,1
CATTTTGACAAAC,1
CGCCCCGCACAAC,0
AATTGGGCACTTG,4
TCATAAGGTGCCT,1
CTACTTGTGTAAG,1
GCACCCGGTGCCG,1
CGCAGGGGTGCCG,3
TGGTGGGCACAAT,2
TGTACCGCACGGC,0
CATAGGGCACTTA,3
GGTGCCTCACTTT,1
ATCTTTTCACTTT,2
ACCTCCTACACCC,1
GCATGGTACAGGG,4
TGTAGGTTGTAAC,0
CATGTTTTGTAAC,0
TCTCCCTCACTTG,4
TTTTCCTACACCA,4
CGGTTTTTGTAAG,0
ATATTTTTGTGGA,4
TCTTAATGTGGGA,1
TAGGTTTCACTTC,5
CCGACCTCACAAG,0
TATTTTTGTGGGC,0
AGACGGTCACCCG,0
TATTGGTACAGGC,0
GGCCTTTACAGGC,3
GTAAGGATGTGTT,1
CCTTTTAACAACA,3
GCGTCCAACAACA,1
TGGGGGACTGCAC,1
TGGTGGACACCAC,3
CCTTGGACACGTG,2
TGACGGACTGGTG,2
TGGAAAAGTGGTG,3
CTTCTTAACAGTC,0
GCAGCCACACACT,2
CCTCGGACACGTC,0
ACGTCCACTGCAG,4
GACCTTAGTGTGA,0
TGTCCCAGTGTGA,0
TGCAGGAGTGGTC,0
TCCGGGATGTTGA,0
CGCTGGATGTTGA,0
CTCATTACACTGC,0
CAGTAAACACGTA,0
GTAGTTACACACG,4
TAATCCAGTGCAT,0
TGCGCCAGTGGTA,0
GGCAGGATGTACG,2
CACGTTCCAGACC,1
GCTGCCCACACAA,1
TACAGGCTGTGTT,0
TGTGAACTGTTGG,1
GATCTTCCACGTG,0
AGCTCCCCACCAC,1
CGCGAACCACTGT,0
GTTCTTCACAACA,0
GAGCTTCACATGT,2
ACACTTCTGTGTG,1
ATAGGGCTGTGTG,1
AATCTTCTGTCAC,0
CCCGGGCGTGGTG,0
TACAGGCGTGACA,4
GTGCCCCACAGTC,2
GACGTTCTGTTGA,2
CCGTCCCGTGGTC,0
TCATAACCACACG,0
TCGATTCCACGTA,2
GTTTAACACTTGC,3
GAACCCCACTGTA,4
CTCACCCTGTTGC,4
GGATGGCTGTGTA,2
CATTCCCTGTCAN,3
GTTCAAGGTGGTT,2
AGTAAAGGACACC,0
ATGACCGTGTTGG,2
TGTACCGTGTGTT,1
TGTAGGGTGTGTT,0
TAGTAAGTGTACC,3
ATACGGGTGTTGG,2
TGGATTGACACAA,0
GTCGCCGACATGG,2
GATAGGGCACCAA,5
AAGAGGGGTGACA,4
TCGCGGGTGTGTG,0
ATTAAAGACAGTG,2
TGCGCCGACACAC,6
GGGGTTGCACGTG,2
GGCTCCGGTGACT,0
AATAGGGGTGGTC,2
CCATTTGTGTGTC,0
CGAACCGACATGA,2
TTGTAAGACAGTC,1
GTCAGGGCACTGA,5
ACACGGGGTGACG,0
CGAATTGTGTGTA,0
TGAGAAGTGTTGC,0
AGTCGGGACAACG,2
TTCTAAGACACAT,0
CAGCGGGACAACG,2
TAACTTGCACCAT,1
CTTAAAGCACACG,1
TTCCAAGCACCAT,0
TAGTTTGCACCAT,3
TGGCCCTTGTACC,1
ATCACCTTGTGTT,0
CGCCCCTTGTGTT,1
AGTAGGTGTGGTT,1
GGATGGTGTGCAA,0
TTACTTTGTGGTT,2
TAAGAATCACTGG,4
AACGGGTTGTCAC,0
GCATAATTGTCAC,2
GCGGTTTTGTCAC,2
ACGATTTTGTGTG,2
CTTTGGTGACGTG,1
CTACCCTGTGTGT,1
GCTATTTCACGTG,1
CAGCAATACAACA,0
CTCGTTTTGTGTC,0
CCGACCTTGTGTC,0
GTAAAATGTGGTC,0
GCGGCCTCACCAG,2
GGAAGGTTGTGTA,1
GATCTTTTGTACG,0
GAGAAATGTGGTA,1
GTGCCCTCACGTA,0
TCGAAATCACGTA,1
AAACCCTACACAT,1
GAGTGGTACAACG,0
TAATCCAACACTT,3
CGTCTTAGTGAGG,4
TTACCCGACTTCC,5
TATCAAATGTAGG,5
ACGAAAACTGGAC,1
AAGCAAACTGTCA,1
ATACGGAGTGGAC,4
AAGTGGATGTCTG,5
GCAAGGACACGAG,1
GACCGGATGTGAG,2
CGAGGGAACAAGC,3
ATACAAACACTCG,4
TTATGGACACCTA,0
CTGGGGCCACTCC,2
TTTTGGCTGTCTT,3
ATTCTTCTGTAGG,0
AGCCAACCACAGT,6
TCCACCCAGTTCA,0
GAAATTCTGTTCA,1
AACAAACTGTGAC,1
GTCTGGCTGTAGT,0
CCGCTTCTGTTCA,1
GCCACCCGTGGAC,2
CAGATTCGTGTCA,1
CCTTAACAGTTCT,0
CCGCTTCACATCT,2
GGGGGGCTGTCTC,0
AGAGGGCACAAGC,3
GCCTGGCTGTTCG,1
GGCCTTCTGTTCG,0
TACTTTCGTGAGC,0
GCACTTGGTGCTT,1
TCTTGGGGTGCTG,2
CCCCAAGTGTAGT,0
AACGAAGTGTTCA,0
GTACTTGCACGAC,0
GTTTAAGGTGTCT,1
TACAGGGGTGCTC,0
TGATAAGGACTCT,0
CCACAAGTGTAGA,0
TGTCTTGACACTC,1
GCCTAAGCACTCT,0
GGTTAAGTGTAGC,0
CGTATTGCACAGC,3
CCGGGGGCACGAT,1
CTGCCCTTGTCTT,0
CTAGTTTCACTCC,2
CCAATTTACATCC,0
TGGAAATGTGAGT,4
CCACTTTGTGTCA,2
CGAGGGTGTGAGT,6
GATTCCTACATCA,1
TGCTAATGTGTCT,0
GAGTAATTGTTCG,2
AATATTTCACAGC,1
GACGTTGGTGGCC,1
GAGGCCATGTTAA,1
CAGGGGACACTAC,2
AGACAAACACTAC,2
ATAGAAACACGCA,0
AATCTTAGTGGCA,4
GCAAGGATGTCGT,2
GAGTGGATGTATG,1
GGCCAAAACAATC,2
CCCGCCACACTAG,0
GGTCCCACACATC,2
CGTATTACACTAG,1
GTGACCATGTTAG,0
GTAGAAATGTCGA,2
CATATTATGTGCT,5
TCCGGGAACAGCG,5
AAGACCAGTGATA,3
CCTCTTAGTGTAT,2
TAATAAATGTGCG,0
GACCCTCCAGGCC,1
CTGTAACCACATT,2
ACAGTTCCACTAA,0
ATTGTTCACAGCC,3
TCAACCCACAATT,2
GGTTGGCACATAA,1
AGTAGGCGTGATT,2
AAATCCCCACGCA,1
ATACGGCTGTCGT,4
ATTAGGCGTGGCA,2
TCGAGGCGTGTAC,0
CGCCTTCCACTAG,4
GGCGTTCCACCGA,5
ACACTTCTGTATC,4
ATGCCCCTGTCGA,0
GTCGGGCTGTCGA,1
TGAGGGCCACATA,1
GAGGAACTGTTAT,1
AATGTTCTGTATA,0
TGGTCCGTGTGCC,0
GTCCTTGTGTTAA,0
TCGGCCGTGACGG,1
AGCTGGGACAATT,0
TATAAGGACATAA,2
TCTCCCGCACATT,1
ACCTGGGCACTAC,0
AGTCGGGCACGCA,4
TGATAAGCACCGT,2
TCGGGGGCACCGT,2
ATTCGGGCACTAG,1
CACATTGCACTAG,0
ATAATTGCACTAG,5
CAGCAAGCACATC,0
CCCCCTGACACGN,2
AGTATTGACATAT,1
CGTACCGCACTAT,2
CTACCCGCACCGC,2
AACCCCTTGTCGG,3
TATCTTTGACGCC,0
TGGTGGTCACATT,2
GCAGTTTACAGCC,0
TGCCTTTACAGCC,0
TCAAGATCACGCA,0
CGCGCCTCACTAC,2
AGATAATCACATG,0
TCATCCTTGTTAG,5
GAGGCCTTGTATC,1
TCGTTTTCACTAG,0
TAAATTTACAGCT,1
GCTCTTTACACGA,0
GTCTTTTTGTATA,1
ACCGTTTGTGATA,2
ATCTAATCACATA,1
TATTTTTCACCGC,1
CGCATTTCACCGC,5
ATAGCCTACACGC,0
TGTAGTAACACCC,0
ATCTACACACGGG,0
TAAGACAGTGGGG,1
GACGGTAACACCA,1
CACTACACACCCA,0
CTCCACACACTTG,1
CATGGTAGTGGGT,2
GATGACAGTGGGT,0
AGCGGTATGTAAC,0
TTTCCAATGACCT,0
AGGAGTATGTCCT,6
AGGAACAACAGGC,3
TCAAGTAACAGGC,6
TTCCGTAACACCG,6
TCACGTATGTTTA,0
TGCCGTCCACTTT,3
CCACGTCAGTAAA,0
CAGATGCACACCC,2
GCGACACAACAAA,4
TCGTTGCTGTGGG,3
TTGAGTCCACGGT,4
TCTGCACCACCCA,0
TTGAGTCACACCA,0
CTCGTGCTGTTTG,0
CCGGTGCTGTAAC,1
CCTGGTCCACAAG,1
ATGGCACACAGGA,1
TGAAACCACAAAG,0
TATTCACTGTCCT,1
CCGATGCTGTTTC,2
TATCACCCACCCG,1
GGGCAGCACACCG,1
CCTGCACACATTA,1
CTTACACTGTAAT,1
TACCACCGTGAAT,0
AGAAACCGTGAAT,4
TGCATGGGTGGGG,3
CGGAGTGCACAAA,1
TAATGTGCACCCC,0
GACCCAGCACCCC,4
CGACCAGCACGGG,1
GAGAGTGGTGGGT,1
GAGTTGGTGACCA,0
TCGGCAGTGTCCA,3
ATTACAGACAGGT,2
CCAACAGACAGGT,4
TCACCAGACAGGT,1
TATCCAGACACCA,1
CTTGCAGCACTTG,2
GAATTGGCACCCA,0
CTCACAGCACTTG,1
CTAAGTGCACAAC,1
CCGAACGCACGGT,0
GTAGGTGGTGCCT,2
CTCCTGGTGTCCT,0
TAAGACGACATTC,1
CCAACAGACAAAG,4
GACACAGCACCTC,1
ACAAACGGTGAAT,0
TAGAACGACACCG,3
CCCACAGCACAAT,0
AGTGCAGCACAAT,1
CCAACATCACGGG,2
CTCGCATCACCCC,1
GGAATGTACACCC,4
GCAGACTTGTCCA,4
GATACATGACCCA,5
TTCTTGTCACCCA,0
TGGTGTTTGTGGA,3
TACTACTTGTCCT,0
CTCACATTGTGGA,0
TATGCATGACCCT,0
CCGCTGTGTGTTC,2
CGGTACTCACCCG,0
TGAGTGTCACGGC,1
CACCGTAGTGGTT,3
GCACACAGTGGTT,0
ATCCGTATGTTGG,1
GATCACATGTACC,2
GGAAACAACAGTG,1
CTCAGTAACACAC,2
ATTCTGACTGGTG,3
ACGCACACACGTG,4
TGGAGTAGTGCAC,2
TTAAACAGTGGTG,2
GAGACAACACGTC,1
CGCTCAACCACAG,2
ACACACAGTGCAG,0
TCGAGTAGTGCAG,0
TGACCAATGTGTC,0
CCTGCAATGTGTC,0
AGCACAATGTCAG,2
ATCAACAACATGC,2
CCTACAACACACG,0
AAGGTGGACAGTA,2
CAGTCAAGTGCAT,0
CCTAGTAGTGGTA,2
ACCGTGATGTTGC,3
TGGCTGATGTCAT,2
AGTATGATGTGTA,0
GAGGCAATGTACG,0
CCGTGTATGTGTA,2
AGGCCACCACCAA,3
GGAATGCCACTGG,5
CCGTACCCACACC,0
GACCACCACAGTT,1
GGCACACAGTCAA,0
TGTACACTGTGTT,3
CTCAGTCTGTACC,1
TGATGTCTGTGTT,0
TAGATGCGTGTGG,0
TAGGCACACACAC,0
GATGGTCAGTCAC,2
GTCCTGCTGACAC,0
GGACCACTGTCAC,3
AAGTGTCTGTTGT,3
AACCACCGTGTGT,2
CCGGCACGTGGTG,0
AACAACCCACCAG,3
TAAAACCACACAG,2
GTTTCACACACAG,1
CTGGTGCAGTCAG,2
TAACGTCTGTACT,0
CGTGCACTGTGTC,1
AACGGTCCACGTA,0
ACTAGTCCACGTA,3
GGCCTGCCACACG,1
CAATCACACACAT,0
ATCATGCAGTACG,6
ATCTACCACAGTA,3
CCCTACCTGTGTA,1
CCCGACCTGTCAT,4
TGTAACCTGTACG,0
GGATGTCTGTTGC,0
TCGGCACTGTCAT,1
CCGTTGCTGTGTA,0
TACCCACGTGACG,2
GAATCAGGTGTGG,2
TGCCGTGTGTCAA,2
GTCGCAGCACCAA,3
CCGTACGCACCAA,2
TGGATGGGTGGTG,0
CGCATGGGTGCAC,2
GCCCTGGTGACAC,3
TGTGGTGTGTGTG,0
GGCCGTGTGTGTG,1
GGCACAGTGTCAC,2
GCGATGGTGACAC,3
GCATCAGACACAC,0
ATTGGTGCACGTG,1
ACGGACGCACGTG,5
GTAGGTGCACGTG,0
TAAAACGGTGTGA,1
GTTACAGGTGGTC,2
CTGTCAGGTGGTC,1
CCGAGTGGTGGTC,0
GCTACAGTGTTGA,0
CCGACAGACAGTC,1
TGTCTGGCACGTC,1
GAGGTGGCACACT,1
TCCACAGTGTCAC,5
TTGCGTGTGTTGC,3
GTGGGTGACAGTA,4
TCAACAGACACAT,0
ACATCAGACACAT,0
AAGATGGACACAT,2
TCGTACGACAGTA,2
TCATGTGCACTGC,2
ATCCGTTTGTACC,0
CATGACTTGTGTT,5
AGCCACTGTGGTT,0
TATAGTTGTGCAA,0
AAGAGTTCACTGG,3
CAGTCATACAGTT,1
GCTCGTTACAACC,0
CCTCGTTTGACAC,2
TGGTCATGTGGTG,4
GTAGCATGACCAC,2
CCCGGTTCACCAC,1
GCACGTTCACGTG,0
GAGTGATCACACA,2
GGGACATACAACA,2
ATTACATACAGTG,1
AAGGTGTGTGGTC,6
ACAGGTTCACTGA,4
GGAAGTTCACCAG,0
CGCGCATCAGCAG,3
CACGACTACAGTC,0
GCTTCATACAACT,1
TGAGACTACAGTC,0
GCAAACTTGTCAT,2
CTACTGTTGTGTA,3
CACCTGTACAGTA,0
ACGGGTAACACTT,0
TACCCAACACTCC,1
TAATACATGTCTT,0
AACCTGATGTCTT,0
CAGTTGATGTCTT,0
CAGTCAATGTAGG,2
AAATTGACACAGT,0
GCAAACACACTCA,1
CTGTTGACACAGT,1
CCATACACACAGT,3
TGTGCAATGTTCA,0
ACGCGTATGTAGT,2
AATTGTACACAGA,0
AAGCGTAGTGAGA,1
ACGTCAATGTTCT,2
AGACACAGTGCTA,2
AGGTTGCCACAGG,5
AACAGTCACACTT,0
TGATTGCACACTT,0
CCGGGTCACATCC,0
GAATGTCTGTTCC,4
GTCGACCTGTTCC,2
GCGGTGCCACTCA,1
TGTACACACAGAC,1
GATACACACACTG,2
ACTAGTCTGTAGT,0
AGTAACCCAGCTC,1
CTAATGCCAGCTC,1
GAGGGTCACAAGA,4
GGTAACCCACAGC,2
GCTCACCCACAGC,1
CCCACACTGTTCG,0
TGCACACTGTGAT,0
GATATGCTGTAGC,1
CTTGCAGGACAGG,2
AGCGACGGACAGG,2
GTATACGACACTT,1
ATTGTGGCACCTT,4
TCATACGCACTCC,0
CCGATGGTGTTCA,2
CCGAACGACAAGT,0
TGAGGTGCACTCA,3
GCGAACGCACGAC,0
CGCGACGTGTTCT,4
ATTCACGCACTCT,0
AGATCAGCACGAT,0
GTGCTGTCACTCC,1
TCTCTGTTGTAGT,3
GGAGACTTGTAGT,1
TTATTGTTGTAGA,1
CGGAACTACACTC,0
TGCCTGTACATCT,0
TGCCACTTGTAGC,0
TGAGCATCACAGC,0
CCGGACTCAGCTA,2
GGGTCAACACATT,0
TGAGACACACCGG,1
TCACTGAGTGGCC,4
ATCAGTATGTATT,0
TATGCAATGTTAA,0
GACGGTAACATAC,2
TAACTGATGTTAC,0
CGACACATGTATG,2
CCGCGTATGTGCA,0
CCCTTGACTGCGA,3
GGGACAATGTATC,0
TACGCAATGTATC,0
AATGGTATGTATC,0
CGCTTGAACACGC,3
TGTTTGCCAGCGG,1
AGTGGTCCACCGG,0
GGGCCACTGTCGG,3
GGGTGTCGTGTAA,0
CGCGACCGTGGCC,1
CCTCGTCCACATG,1
ATCGCACCACTAC,2
TAATCACACACGT,0
CTCCCACACAGCA,0
CAAGACCTGTTAC,1
GCCGTGCTGTGCA,1
TGAGCACTGTATG,0
TAAGCACGTGTAC,1
CAATACCACAATC,4
AGATTGCAGTTAG,6
GATAACCACATAG,1
GATATGCACAGCT,3
ATTGCACTGTATC,1
AGACCACTGTATC,1
GATCACCTGTATC,0
TTAACACGTGATC,0
AGGTTGCCAGATA,0
GCATACCCACCGC,2
GCTCGTCCACCGC,1
GGGTCACACAGCG,2
AGGATGCACTATA,1
GACGACCACAGCG,1
CTCTTGCACAATA,0
GCGCTGCAGTTAT,1
AACCCACTGTATA,3
CGCGTGCTGACGC,2
ATCCACCGTGATA,2
GAGACAGGACCGG,1
GCTCGCGGGTGCC,3
ATCATGGTGTTAA,3
GATATGGTGTCGG,1
CTGGGTGACATAA,2
TTTAACGCACTAA,0
CTATCAGCACTAA,3
CGGAACGGTGGCA,0
AACTCAGGACATG,0
ATAGACGGTGTAC,0
AGTCACGTGTATG,5
GGGATGGACAATG,1
CACGCAGACATAC,0
TGAAGTGACACGT,2
GCTTCAGACAATG,5
ACTCGTGACATAC,5
GAGCTGGACACGT,0
AAGCTGGACAGCA,0
CATTCAGCACCGT,4
AACCTGGGTGATC,0
TGCACAGACAATC,1
CGGGCAGCACATC,2
CTGACAGCACCGA,3
CTCCTGGCACGCT,0
GAATCAGGTGATA,0
TCCCGTGTGTTAT,3
GTCTACGTGTCGC,2
AACCACGACAATA,2
GTGCGAGACACGC,2
CCATACTGTGGCC,4
CCCAACTTGTTAC,0
GAGAGCTTGTGCA,1
TCTTTGTGACCGT,0
GCGCAGTGTGCGT,0
TTACGTTACACGT,0
CCCCGTTCACATC,0
CGCACATACTGCT,3
TTGCACTTGTGCG,1
GCGTACTGTGGCG,1
AAGTACTCACCGC,1
CATCACTCACCGC,2
ATCCCTACACGGG,3
GACACTATGTTTT,2
AGTCGAACACTTG,3
CTATGAACACCCA,1
GTGACTAGTGTTC,4
CAGACTAGTGCCT,1
CCCCTCATGTCCT,2
ATTATCATGTTTC,1
CGTCGAATGTCCT,3
CCGGCTAGTGAAG,0
ACTCGAACTGAAT,1
CACTCTAGACCCG,0
TCGCAGCCAGCCC,0
GACGAGCAACAAA,2
TTCTAGCTGTGGG,1
AGATGACTGTTTT,0
CTGAGACCACGGT,0
TTACCTCCACGGT,1
TCAAGACAGTTTG,0
CCACAGCACACCA,3
CGATCTCACATTG,1
CTAGGACTGTCCA,0
CCCCGACGTGCCA,4
GTTGAGCCAGCCT,3
TCGGCTCACAGGA,3
GTGATCCGTGTTC,2
CCATGACCACGGC,1
TTGCTCCCAGAAT,2
CTCGAGCACAAAT,1
CTATAGCAGTTTA,2
GGACAGCGTGAAT,0
GTGTTCGCACGGG,2
GTCACTGGTGCCA,0
GACGCTGTGTAAC,0
TAACTCGACACCA,0
TGAGCTGACACCA,0
CGAATCGACAAAG,3
TAGTCTGACATTC,2
TTGGCTGCACTTC,4
GTAGTCGCACTTC,5
CTCGCTGGTGCCG,2
TGGTTCTGTGCCC,0
GATTAGTGTGAAA,0
GTGCTCTCACAAA,1
AGAGAGTCACTTT,6
CCACCCTACACCC,0
GGACAGTACAAAA,3
CGGCTCTTGTCCA,0
TGTCCTTTGTAAC,2
ACCCCTTCACCCA,2
ATGTTCTACAAAC,0
TAGACTTGTGGGA,1
CTCACTTACACCT,2
TAACCTTGTGGGC,1
CCTCTCTGTGGGC,0
CCGTGATCACGGC,2
CGTCAGAACACAA,4
CTCGTCAACACAA,0
CCACTCACACCAA,0
CGTTTCAGTGGTT,0
GTCTGAATGTGTT,3
TCGTGAATGTGTT,0
CTGAGAAACAGTG,1
TCACTCACACACA,0
ATGAGAACACCAC,2
AATTAGACACACA,1
TCTACTAGTGTGT,3
TGGATCATGTGTG,0
GTAACTAACACAG,1
TGCCTCAGTGGTC,2
TGCGGAAGTGACT,0
ATTTAGATGTTGA,0
ATTGTCATGTGTC,0
AATTAGATGTCAG,0
GACCCTAACAGTA,1
TACAGAACACCAT,2
GACGTCACACGTA,0
GTAAAGACACCAT,0
TGCTTCACACGTA,4
CTGCTCAGTGGTA,3
AACACTCCACGTT,0
AGGTTCCACATGG,2
GAGGAGCACAGTT,2
AGCGTCCACATGN,0
AAGGTCCTGTTGG,0
CCTACTCTGTACC,3
AACAGACCACGTG,4
GGCTCTCCACCAC,1
GGGGCTCACAACA,3
GAGTGACTGTGTG,1
TAGAAGCTGTTGT,0
TCGAAGCGTGGTG,0
GAGAGACCACACT,0
TGACCTCCAGTGA,4
GTGATCCTGTGTC,3
AGTACTCTGTCAG,5
AGAAGACGTGGTC,1
TGAGTCCGTGGTC,4
AATCTCCCACTGC,2
ACAGCTCACAACG,1
CCATCTCACAACG,0
TGAGGACACTGTA,1
CCGTCTCACAGTA,0
GCACCTCTGTGTA,3
TCAGCTCTGTGTA,4
CAGTTCCTGTCAT,0
AGCATCGGACACC,0
TTGCAGGCACACC,0
GTGGTCGGTGACA,1
TGCAGAGTGTACA,1
CGCACTGACAGTG,4
CTCGCTGTGTGTC,1
TATTCCGCACTGA,0
CGGTCTGTGTCAT,4
GAGCAGGTGTCAT,0
CCTATCGTGTGTA,0
CACATCGACAACG,0
CGGTAGGCACCAT,1
AGGCTCGCACACG,1
GAATTCTTGTGTT,0
GGTTTCTTGTACC,3
CCTCTCTTGTACC,1
AGAGCTTTGTTGG,1
TTTCGATCACGTT,1
ATTACTTACAACC,1
ACCGAGTACAGTT,5
CTACTCTTGTTGT,3
CACGCTTGACCAC,1
GGTCTCTCACCAC,6
ACATCTTACAGTG,4
CCCGGATTGTCAG,3
GGATGATTGTTGA,4
TCGTTCTTGTTGA,2
TCGATCTGTGCAG,0
AAACAGTCACGTC,2
TCACTCTCATCCT,0
TATGCTTCACTGA,2
TGCGGATCACACT,1
GAACTCTACAACT,1
AAGAAGTACAACT,0
TTTGTCTTGTTGC,2
AGGCTCTGTGCAT,3
TGTCTCTGTGGTA,4
ACAGAGTCACGTA,0
CCTCGATCACTGC,4
TTGACTTACACAT,0
CGCAGATACAGTA,4
AGCGCTTACAACG,0
CCTCCTAGTGTCC,0
ACAGCTAGTGAGT,3
TCAGCTATGTAGT,0
GATCGAATGTCTG,0
CCGGAGATGTAGA,1
ATCTGACTGTTCC,3
GGTGAGCGTGAGG,1
GCGTAGCCACTCA,2
ACGTCTCACACTG,0
TGTTTCCTGTGAC,3
AGTCAGCCACAGA,0
CCTTCTCCACCTC,2
CCCCTCCACATCT,1
CCGATCCTGTTCT,2
CCGCAGCCACCTA,1
CAAATCCACACTA,2
GGAAAGCACAGAT,0
TTCGTCCGTGCTA,0
GTCGGAGTGTTCC,2
CTTGGAGCACAGG,2
TAACCTGGTGCTG,0
ATTTTCGACAGAC,0
GCGCGATCACTCC,1
CTACCTTGACTCA,2
GAAGTCTCACCTG,3
GTTCCTTACATCA,1
TTGTCTTACAAGT,3
AAAGGATCACAGA,0
GCTCGATCACTCT,0
AGATAGTCACGAG,1
TAAGGATTGTGAT,1
TTTTTCTGACCTA,3
GGGGAGTCACAGC,0
TTCGAGTCACTCG,0
AATCCTTCACTCG,2
AAACAGTACACTA,0
CCCGCTTACACTA,4
CGGATCAGTGATT,1
CACATCAGTGCGG,0
GATACTAGTGTAA,2
CGACCTATGTCGG,1
GCTCCTATGTTAA,1
AATACTATGTATT,2
GTAACTACTGGCA,0
TGTTGAACTGGCT,0
AACCAGACACTAG,2
TACGGAACACGCT,0
CTGGTCAGTGATC,4
GTCGCTACACGCG,0
TACCCTCCAGATT,0
GAACTCCTGTCGG,0
CGTGCTCTGTATT,0
CCATGACCACGCA,4
TTCACTCCACATG,0
GACAGACAGTTAC,0
ATCTAGCAGTGCA,0
AGGTGACTGTGCA,1
GTGGGACTTGATG,0
TTGTGACGTGGCA,0
AAGGGACAGTTAG,0
GGATTCCACAGCT,2
CCATGACGTGCGA,0
GAAAAGCCACCGC,0
GTTATCCCACTAT,3
TAACGACACAATA,2
GGGAGACAGTGCG,4
TACTAGCACATAT,3
CCATTCCAGTCGC,1
TGAATCCTGTTAT,0
CCGATCGTGACGG,3
GATGCTGACAATT,1
CGTCTCGCACCGG,2
TGTATCGCACTAA,2
AGATTCGCACCGG,4
GGGACTGACATAC,0
TAGGAGGACAGCA,1
TTACAGGCACATG,4
ATGAGAGTGTCGA,1
TTCACTGTGTATC,1
TCTAGAGTGTGCG,2
GTGTGAGACAGCG,2
AGATAGGCACATA,0
ATAACTTGTGATT,0
CGCTCTTGTGGCC,0
TAGAGATACAGCC,2
TACTCTTTGTTAC,0
CCTGGATACAGCA,0
GGTAGATGTGTAC,2
TCCCTCTCACTAC,1
AGAACTTACACGT,2
TAATGATTGTGCT,2
CTGCCTTACAATC,1
CCTCCTTACATAG,2
CTACAGTACAGCT,2
GTTGTCTTGTTAT,2
CTCCTCTTGTCGC,2
GCTGCTTGTGTAT,0
GGCCTCTGTGTAT,4
TATATCTCACCGC,0
ACTGCGAACAGAA,0
GAGACGAACAATA,0
GAAAGCAACATTT,0
ACTGATAACAGGG,2
GGGTTAGTGTGGG,3
TGACTAACTGCCC,1
CACGGCAGTGCCC,0
ATAATAATGTTTT,3
ACTAATAACACCA,0
GTTTGCACACGGT,1
GGACCGAGTGGGT,0
AACGGCATGTTTG,0
CATGATAACACCT,2
GTAGCGAACACCT,2
GCGGATATGTCCT,0
AAAACGAACAAGC,4
AATATAAACACCG,3
CGATATACACTTA,1
TTAGGCAGTGGGC,0
GACTTAATGTGGC,1
GCGACGATGTCCG,2
GGTCTACCACTTT,3
CCATATCCACTTT,1
GTGTATCACAGGG,0
CGTCTACAGTCCC,1
TAGTGCCTGTAAA,1
TATCGCCACAGGT,2
AAGGTACCAGCCT,3
ACCTCGCACACCT,3
CTAGATCAGTCCT,0
TGCGCGCAGTCCT,0
CCACCGCTGTCCT,3
ATATATCTGTCCT,1
CGGCTACCACCCG,1
TTCTATCCACGGN,3
TCGAATCACATTA,2
ACCATACTGTGGC,4
TTGTGCCTGTCCG,4
GATTCGCTGTCCG,4
TCGGCGCTGTAAT,0
CAATTAGACAAAA,1
ATTCCGGCACGGG,1
GACGCGGCACAAA,1
TGGTTAGACACCA,0
AGCCATGCACGTG,0
AATAGCGTGTCCT,1
ATGCTAGCACAAG,0
AGCACGGCACAAG,3
GTCATAGCACAAG,0
GGCGGCGCACAAG,4
TACCTAGACTTTA,1
CTTCGAGCACGGC,0
CTCCTAGCACTTA,4
TAGCATGCAGTTA,2
GGTTATTTGTTTT,4
ACCTGCTGACCCC,0
GATCCGTGTGTTT,1
CTTCTATCACCCC,2
ACTTGCTCACAAA,2
CTCAATTTGTCCA,3
GGTGATTCACAAC,5
TCGTGCTCACCCA,4
ACTGCGTACAGGT,3
TGCGATTACACCA,0
CCCGTATTGTCCT,4
TGATGCTGTGTTC,2
TAGGCGTACACCT,1
CCGTGCTTGTTTA,2
ATTCCGTACAGGC,0
AGGCCGTACACCG,0
AATTGCTACATTA,1
TCTGATAACACAA,2
CATAGCAACACAA,3
CAAACGACACCAA,4
GAGAATACACGTT,3
ATGAATATGTTGG,0
ACGGCGATGTACC,0
CTATATACTGCAC,1
CTGGATAGTGGTG,0
GACCGCAGTGGTG,0
CCTTGCAGACCAC,0
AGAACGAGTGCAC,1
GCTAGCATGTGTG,3
CCAAGCAACACAG,3
GACCGCAACAGTC,2
AACAGCACACACT,0
TGCCCGACACTGA,0
TGCATAACACTGA,1
CGCGCGAGTGTGA,2
GTTGGCAACACAT,0
GGTTGCACACACG,2
ATCTCGACACGTA,0
GCGTCGACACACG,0
CCGAATCCACTGG,1
CGACCGCTGTCAA,0
CTCGGCCGTGCAA,2
GGCCATCGTGGTT,0
TCAGCGCCACGTG,0
GTGAATCACAGTG,0
GGCTGCCACAGTG,4
TGCCATCGTGTGT,3
ACTTATCCACTGA,2
CTCACGCCAGACT,1
GGGATACACAACT,1
TCTGATCACAGTC,0
CGCTATCACAGTC,3
ATATGCCACAGTC,1
TACACGCTGTACT,5
ATCAATCTGTCAG,1
CTCGTACTGTGTC,2
ATTAATCCACGTA,1
GATCCGCACAGTA,4
TATGATCGTGGTA,2
CGTGCGGGCATGG,4
CCGGCGGGTGACC,2
AATATAGGACCAA,3
AGCGGCGTGTGTN,2
TACGGCGACAGTT,2
ACTGGCGACAGTT,1
TTCGCGGACACAA,2
CCGATAGCACGTT,3
TGCCGCGCACGTT,2
AGTCTAGGTGGTG,4
GGAAGCGGTGACA,3
CATGCGGGTGCAC,1
CCATGCGTGTACA,2
TGCTGCGTGTGTG,0
TAAGGCGCACCAC,1
CGTGGCGCACGTG,0
AACACGGCACCAC,1
TCTACGGCACCAC,0
GCGCATGCACTGT,3
GATATAGCACACA,0
ATGTCGGGTGCAG,0
CCATTAGGTGCAG,0
ATCTTAGGTGGTC,5
TGCGATGGTGGTC,1
TCAAATGTGTCAG,5
CTTCCGGACACAG,1
TTGGGCGACAACT,1
GGATCGGCACGTC,4
ATCGATGCACGTC,0
CGTCGCGGTGGTA,0
TGACCGGGTGGTA,4
ATCCGCGACACAT,4
GTCGTAGCACGTA,2
CCGAGCTTGTGTT,4
TCGTGCTGTGCAA,0
GTGGATTCACACC,2
GTACTATACACAA,4
TAATATTTGTGTG,4
CCACGCTTGTCAC,1
AGCACGTTGTGTG,1
GCACTATCACCAC,3
GAGCTATCACGTG,1
TCTAGCTACACAC,3
TGCCATTACAACA,3
GTTCCGTTGTCAG,1
ATGGCGTGACTGA,4
TGTCATTCACGTC,1
GGCAATTACAACT,4
ATGAGCTTGTCAT,0
CCCAGCTGTGGTA,5
GAACGCTCACACG,2
CGCAGCAACATCC,4
TTGATAAACATCA,3
CACGTAACTGGAC,0
GCTCATAGTGCTG,0
AAAGTAAACAAGA,3
CAGTTAAACACTC,2
AATGGCAACACTC,3
GCTCCGACACTCT,1
ACTTTAAGTGCTC,0
GATACGATGTTCT,0
CCTATAATGTAGA,0
GAACTAAACAAGC,1
AGTCTAACTGGAT,0
CAGTGCACACCTA,0
CTCCCGCCAGGAA,2
TCCGATCACACTT,1
TCAATACAGTTCC,0
AACATACACACTT,4
TCCTGCCTGTTCC,2
ATAGGCCTGTCTT,1
ACAAATCGTGTCC,1
GTTATACAGTTCA,1
CCGAGCCACACTG,4
CTCTTACCACTCT,0
TGGATACTGTTCT,2
CTGACGCACAAGC,1
GTACTACACACTA,3
AACGCGCTGTTCG,2
TCGCTACTGTGAT,2
GTTCATCGACTCG,1
CAACCGGCACAGG,0
CTCCGAGTGTTCT,3
CGTACGGACAAGA,0
CGCCCGGCACTCT,0
TATGATGCACGAG,1
CGCGCGGCACAGA,0
GGAGATGGACGAN,3
AAGAGCGGTGCTA,1
GAGCTAGGTGAGC,3
TGCCTAGGTGCTA,4
GATCGCGGTGGAT,2
ATTGATGACAAGC,2
ATGGCGGACACTA,3
CTCTGCGACAAGC,2
GGCGGCGACATCG,0
ACGGTAGCACCTA,2
TGCAGCGCACTCG,0
AGAACGTTGTAGG,0
CCTATATTGTTCC,2
CCGCGCTCACCTT,4
CACGATTACATCC,2
GGTACGTTGTTCA,1
ATGACGTGACCTG,2
ACGCTATGTGAGT,0
GATTCGTGTGGAC,4
GCCTCGTCACTCA,2
TTGGTATACAAGT,4
GACTATTTGTAGA,3
GCCAATTGACTCT,2
GTTGTATACATCT,0
CAGGCGTACATCT,1
TGATTATCACTCG,5
CTCTATTACACTA,0
GCTCATAACAGCC,1
AAGTGCACACGCC,1
ATCTCGACTGCGG,0
ACGGTAACACATT,3
GCATATACACATG,3
AAAGCGAGTGATG,0
TTAGCGAGTGTAC,1
TACATAATGTTAC,4
TTTGCGAACATAG,5
AATTGCACACGCT,1
CCTACGATGTATC,0
AACGGCAACAGCG,3
TTCCATAACATAT,1
GACCCGACACTAT,0
CTGCGCACACGCG,5
TTCCATACACTAT,1
CTCACGATGTATA,3
GCAGCGCCAGCGG,1
AGATATCACAATT,4
TGAAGCCTGTGCC,1
CCTTCGCGTGATT,1
TGGTTACCACCGT,3
TTCGTACCACATG,2
TTTGCGCACACGT,0
TTTCGCCACACGT,0
CTTATACACAGCA,2
TCAACGCACAATG,0
GCAAGCCACAATG,1
TCTAGCCACAATG,1
TAAAGCCTGTCGT,2
ATAGCGCTGTCGT,0
TCTTGCCCACTAG,4
CTGCTACACACGA,0
AGGCCGCTGTTAG,5
TCAGCGCTGTTAG,4
GGTAGCCTGTGCT,1
TGACCGCTGTTAG,1
CCGTATCTGTTAG,2
AATCTACTGTGCT,0
AGGTGCCCACCGC,0
CTCGCGCCACATA,0
ATTAATCACAGCG,1
ACTAATCACAATA,0
TGCAGCCACACGC,5
CGGATACTGTCGC,1
GGTGGCCTGTCGC,0
CCTGATCTGTTAT,0
GGGAATGTGTCGG,1
CTGGTAGTGTCGG,0
TTCCATGACATAA,1
AAGCATGACATAA,5
CACTTAGCACCGG,1
TAATGCGGTGATG,0
AGTTGCGGTGATG,1
ATGGGCGTGTTAC,0
GGCAGCGTGTATG,0
GTGACGGCACATG,1
GAGCTAGCACTAN,1
GCATATGGTGGCT,1
CCTCATGGTGTAG,0
GTTTGCGTGTCGA,1
GGAGGCGTGTATC,2
ACGGGCGCACATC,2
AAGTATGACACGC,2
CTTGTAGCACATA,6
GTCCTAGCACCGC,2
TACATATTGTCGG,4
CGCCCGTTGTCGG,2
TGATTATTGTGCC,1
ATGACGTGTGATT,2
GCTCTATACACGG,1
CCGAATTTGTCGT,2
TACCTATGTGGCA,2
TGGAATTCACCGT,3
TTGGGCTCACGCA,2
TCCCGCTACATAC,2
GCTGGCTACACGT,1
AGCTCGTGTGATC,2
TGCGGCTGTGCGA,1
CTTTTATCACCGA,3
ACCTCGTCACCGA,0
TGTCTATCACATC,1
GGAAGCTCACTAG,0
ACCCATTGTGTAT,1
CGCCGCTGTGCGC,1
CTGTTATCACCGC,3
ACGAGCTCACTAT,0
AAAAGTACAGGCG,3
AACCGGAACTTTT,0
TTAATTAACTGGG,2
CATCTTAACTAAG,0
CATGTTACAGCCC,0
GTATGGATGAGGG,0
ATACTTAACTCCA,1
GCCGAAAGTCAAC,0
GTCGAAAGTCCCA,0
TGTCCCATGAGGT,0
CCAGCCATGACCA,1
AAACGGAACTCCT,0
GTGCGGAACTCCT,1
GAAAAAAACTCCT,3
GGTGTTATGACCT,1
AAGCAAAACTCCG,6
CGGGTTAGTCGGC,1
ATGAAAATGAGGC,3
TTAGGGCACTGGG,1
TTGGAACAGAAAC,0
GTGATTCACTCCA,4
CGCGTTCAGATTG,3
GGGTTTCTGAAAC,2
TGTGAACGTCAAC,0
CTGGGGCAGATTC,0
GCATGGCACTAAG,4
GGCCAACACTCCT,5
ATAGAACACTCCT,1
AAGGTTCTGACCT,2
CTGCCCCTGAAAT,2
AGGCGGGTGAAAA,0
TAATAAGCAGGGG,0
AACATTGCAGGGG,0
TAGTGGGTGAAAC,1
GAGATTGCAGAAG,3
TGCATTGCAGGGA,1
AATAGGGCAGCCT,1
GTCGAAGCAGGGC,1
TGCGCCTGTCAAA,4
GGTCTTTACTCCC,2
CCTGCCTGTCAAC,2
AGGCAATACTCCA,0
GTGTAATACTCCA,0
CAGAGGTACTAAC,1
CCCCAATACTGGA,1
GCCAGGTACTCCT,3
TACGCCTACTCCT,1
TGAAGGTGTCGGC,1
CCCCTTTCAGAAT,0
CTCCAATCAGGGC,1
CACCCCTACTAAT,3
GACAGGTACTTTA,0
GGAATTTACTGGC,2
CCTGCCTACTTTA,1
ATCTGGTACTAAT,1
ACGCTTAACTGTT,0
AGTGGGACAGTGG,3
TTTGGGAACTCAC,0
ACGGCCAACTGTG,1
TGTAGGACAGTGT,0
AGCAAAACTCCAC,1
AAACTTAGTCTGT,0
ATAACCAGTCTGT,3
CCGACCAGTCGTG,1
ATTAGGATGAACA,4
TGGTTTAACTACT,0
CCAGCCAACTGTC,4
TGGACCACAGTGA,2
GGTCTTACAGTGA,4
ACGCAAACAGGTC,0
GAACTTATGAGTC,0
CCCAGGATGACAG,2
TGCAAAAACTTGC,0
AGACCCACAGCAT,0
CTCTTTAGTCGTA,0
ACGTCCATGAACG,0
GGTGCCCACTGTT,0
ATCAAACACTGTT,4
TCTATTCACTGTT,0
AGCCCCCACTGTT,1
AATGAACACTTGG,0
GTTCTTCTGATGG,4
GTTGTTCGTCGTT,0
GCAACCCCAGGTG,4
GGGTGGCACTTGT,1
CCCATTCACTGTG,0
CGATTTCACTACA,0
ATGTAACTGACAC,5
TATCCCCTGATGT,4
ATTGAACAGACAG,4
CGACCCCAGACAG,0
GAGCCCCACTGTC,0
TGCGCCCAGACAG,1
CGCGCCCACTTGA,0
TAGTCCCTGAACT,0
TGTGCCCCAGCAT,1
GCAGTTCAGAGTA,0
CCCAAACTGACAT,0
CTTGAACTGACAT,3
GAATGGCTGACAT,0
CCATTTCGTCTGC,1
TCAGGGGTGAGTT,0
TCGGAAGACTGTN,4
GATACCGACTCAA,3
GGCAAAGCAGCAA,2
AAATCCGACTACA,0
ATGAAAGACTGTG,0
CTGCCCGCAGGTG,2
TCACAAGGTCGTC,0
GGGTTTGACTCAG,0
CCCATTGCAGGTC,1
TGTCAAGCAGGTC,2
TTCCCCGCAGACT,4
CGACGGGGTCGTA,1
GCGGAAGGTCGTA,1
ACCGCCGTGAGTA,0
TAGTAATTGACAA,1
TTAAGATTGACAA,0
AGAATTTTGAGTT,3
GAACCCTCAGGTT,2
CGGACCTACTACC,4
GAGGGGTACTGTT,0
TAAAGATTGAACA,0
GAGAGGTTGAGTG,0
TTCGTTTTGACAC,0
ACCCGGTCAGACA,1
TGGACCTCAGCAC,0
TTTCTTTACTTAC,0
GGAGAATACTGTG,0
GGCAGGTACTACA,0
GACTTTTCAGGTC,1
CTTCCCTACTGTC,2
CTGCTTTACTCAG,0
GATGTTTACTGTC,2
AATCAATTGAGTA,3
TGCCTTTACTCAT,0
AATCGGTACTACG,0
GATAAATACTGTA,1
AGCCGGAACTAGG,0
CCCCGGAGTCCTT,4
TGGGAAACAGTCA,0
TCGGAAAGTCTCA,0
GTTAAAACAGCTC,2
CCTATTACAGAGA,2
AGCCCGAGTCCTC,2
ATAACCAGTCCTC,2
TTATAAAACTCTA,4
GATGTTACAGAGC,1
AGGGAAATGAGAT,1
GTTGGGATGAGAT,0
AGTCCCATGAAGC,0
GCTAAACACTTCC,2
AATGTTCACTAGT,2
TGGCTTCTGAAGT,4
TCGGTTCTGACTG,4
TCGACCCTGACTG,3
TAAGTTCACTCTC,1
ATGCAACACTCTC,4
CCAAGGCTGAAGA,0
GGCGGGCTGAAGA,3
TCCGGGCACTTCG,0
ATTACCCACTCTA,0
GTATTTGTGAAGG,2
GACCAAGCAGCTT,3
TCTCGGGCAGAGG,0
CTACAAGCAGGAA,5
TTACGGGCAGTCC,3
TAGATTGGTCCTG,0
CGAGTTGTGATCT,1
GGCGGGGACTCTC,3
TTATCCGGTCAGC,4
TCAAGGGTGATCG,2
GGCATTGACTAGC,0
GACGTTTGTCAGG,1
AATCAATACTTCC,3
CCCGGGTTGATCA,2
GCATCCTGTCCTG,2
GATTTTTGTCTCA,0
TATAGGTACTTCA,1
GTGGTTTTGATCT,1
GACAAATTGACTC,2
ACTTGGTGTCGAG,1
CTAAGGTGTCAGA,2
CATCCCTGTCTCT,3
TATGAATACTAGA,0
ACCCGGTCAGAGC,1
GACAGGTCAGTCG,0
AGCCCCTCAGCTA,3
GCGTCCTCAGTCG,2
ATAAGGTACTCTA,2
CAACGGAACTTAA,0
GTGTTTAACTATT,0
GGTGTTAGTCATT,0
CTGCGGAGTCTAA,2
CTAGAAAGTCTAA,2
CCCAGGAACTTAC,5
GAACCCACAGGCA,0
CTCGGGATGACGT,1
GCATCCAACTTAG,0
CTCCTTACAGACT,2
TGACTTAACTCGC,3
CCGGAAAACTCGC,1
GTAGAAACAGGCG,2
TAGAGGAGTCCGC,1
GATGTTAGTCATA,0
GTTGCCATGAATA,4
CTCCGGATGACGC,1
GCGATTCGTCATT,3
GGACGGCCAGCGT,0
GCACCCCACTCGT,5
GTTGGGCGTCATG,0
CTTAGGCACTGCT,0
CCAGGGCACTTAG,0
ATGCAACACTTAG,1
CTTCGGCTGAGCT,2
ACGACCCGTCATC,0
TCCACCCACTATA,1
AGCACCCAGATAT,2
TTGGTTCTGAGCG,2
GGAGAACGTCATA,4
TGCTGGCGTCTAT,0
TCCAAAGTGAATT,0
GAAGGGGTGAATT,1
CGCCGGGCAGTAA,5
GTTTGGGACTATG,3
GTGAGGGCAGCGT,3
GCATTTGCAGGCA,0
CACGAAGCAGTAC,0
CCTAGGGCAGATG,3
GATGCCGCAGATG,2
ATATTTGCAGCGT,3
ACCGTTGGTCTAG,1
TACGAAGGTCTAG,1
AAAGGGGACTGCT,1
TGACAAGACTATC,0
CCCCCCGCAGCGA,4
ACAAAAGCAGGCT,2
GTGACCGGTCTAT,3
TTTATTGTGAGCG,1
AAGGAAGACTTAT,3
AAGACCGACTGCG,2
GCTGGGTTGACGG,0
CCAAGGTCAGCGG,1
CTGGAATACTGCC,2
CTCGAATACTATT,5
TTGGGGTTGACGT,0
GCAAGGTTGAATG,0
CTATGGTTGAATG,0
AGGAAATGTCTAC,1
GCTGGGTGTCCGT,1
GAGCTTTTGAATC,0
CGACCCTCAGGCT,1
GCCGAATACTATC,1
AATACCTACTTAG,1
GGTTAATTGACGC,1
ATCTCCTGTCATA,1
GTTCGGTACTGCG,4
GTGAAATACTATA,0
AGCTTTTACTGCG,0
CGTTGTAACTTTT,4
AGTCGTAACTAAA,0
GATTACAGTCGGG,2
TATGACAGTCTTT,0
CTATGTACAGCCA,0
TATACAAGTCAAC,5
ACCACAACAGCCG,3
AACGGTAGTCTTA,5
ATCGTGAGTCAAT,3
ATGCTGATGATTA,3
TGCCACATGAAAT,0
GCGCTGATGAAAT,1
GGGCGTCAGACCC,5
CCGGCACACTCCA,0
CAGCGTCTGATTG,0
TGTCACCTGACCT,0
GAGCTGCCAGGGC,1
TGGATGCACTGGC,5
TTACACCTGACCG,1
CTCTACGACTAAA,0
GGTAACGCAGCCC,3
GCGCCAGTGATTG,1
ATTTACGCAGGGT,0
TGGATGGCAGGGT,4
CGAGACGCAGGGT,2
CGATCAGGTCTTC,4
TGTGACGTGAAAG,2
TTTGCAGACTTTC,0
TCACTGGACTAAG,4
AAATCAGACTAAT,2
CCTGCAGACTCCG,3
TAATCAGCAGTTA,5
TGGCTGTGTCCCC,4
ACAGCATACTAAA,2
ACTCACTACTGGG,0
AAATACTTGAGGT,2
GGGACATGTCAAC,0
AGGTACTCAGCCA,1
GTTCGTTCAGCCA,3
CAGGACTCAGGGT,4
TGACACTCAGGGT,1
GTGATGTACTTTG,2
GCGCCATACTCCA,2
CGGTCATTGACCT,2
AACGGTTTGACCT,2
AACGTGTTGAAAG,0
TGACCATTGAAAG,6
GTTATGTGTCGGA,2
TGTGCATGTCCCT,1
TTAACATGTCTTC,0
TGTTCATCAGGGA,0
ATTGACTACTAAG,0
CGTGTGTACTGGA,6
AGTGACTCAGCCG,2
GCTAACTCAGTTA,1
AGCTCATCAGAAT,1
GAACGTAACTGTT,2
TGACACAACTACC,3
CAGCCAAACTGTT,5
GGCCACAACTGTT,1
AATGACACAGGTT,0
TCGGACATGAGTT,0
TAATCAAACTCAC,1
TCTGCAAACTCAC,0
CCGGTGAACTGTG,5
AATAACAACTACA,2
CTTGCAACAGTGT,3
CGCTACAGTCGTG,0
TCTGCAATGAACA,1
CACCACAACTGTC,2
CCTGACAGTCCAG,2
AAACTGATGAACT,5
TAATACATGAGTC,2
TTGACAATGAGTC,2
GCGCCAATGAACT,1
GAACTGAACTTGC,2
TACCACAACTCAT,2
TCCCACACAGGTA,6
TGTAACAGTCGTA,0
CCCAACATGAGTA,5
GAACCACAGACAA,1
GGCCACCAGACAA,3
CTAGACCTGACAA,5
AGGGGTCAGAGTG,0
TACACACACTGTG,2
TCGCGTCACTTGT,2
TCGTCACTGACAC,0
AGTCACCGTCGTG,5
CGATACCGTCACA,4
GAACCACCAGTGA,0
ACCTACCACTACT,0
CTGGACCACTACT,1
ACACTGCACTCAG,0
CCATACCACTCAG,2
CCTAGTCACTTGA,2
AATTACCACTGTC,2
CTAGTGCACTTGA,1
CTGGACCTGAGTC,0
CCACACCACTCAT,1
GTATGTCAGACAT,1
TTGTACGTGACAA,1
TCGTTGGTGAGTT,0
TCAGACGACTCAA,1
GGCTCAGACTGTT,1
TGACCAGCAGGTT,1
ATGTACGGTCTGT,3
CCCTTGGTGACAC,1
CTGATGGACTACA,1
GATCACGACTGTG,0
TCAGCAGCAGGTG,4
TATGACGCAGGTG,2
GACTCAGACTGTC,1
TAGTCAGCAGGTC,0
ACTCACGCAGGTC,0
CCGCACGCAGTGA,2
CGCAACGGTCCAT,0
ACATGTTTGAGTT,2
AAAGCATGTCCAA,1
GAAGTGTCAGTGG,0
TGATCATCAGTGG,3
ACATACTCAGCAC,5
AATTTGTCAGTGT,0
CTGATGTACTCAC,1
GGACTGTACTCAC,2
TCCTTGTGTCCAG,5
TGCAACTCAGCAG,4
TGTTGTTACTGTC,2
TACTCATACTGTC,3
CTATTGTACTGTC,0
GCCCACTTGAACG,4
GACAACTCAGGTA,0
GCTGCATCAGGTA,0
ATGATGTACTCAT,0
CAGTCAAACTCTT,2
AAAGTGAGTCCTT,4
TTCTCAATGATCC,0
CCTGACATGAAGT,1
TGATGTAACTGAG,0
AATCCAAACTAGA,1
GGACCAAACTAGC,1
GAAGACATGAAGC,1
GTTACACACTTCC,0
GCACACCACTGAA,1
CCTTACCAGACTT,0
TCTACACAGATCC,0
CGGCACCACTCTC,2
GGTAGTCACTTCT,0
GGTATGCACTCTC,2
CAACCACTGAAGC,0
TGCTCAGCAGAGG,2
CGGTCAGACTCTG,0
ACGAACGACTTCA,0
GCGCCAGACTAGT,1
CTTCGTGTGAAGA,3
TGTCCAGTGAGAG,1
CGAAGTGTGAAGA,0
AAAAGTGACTAGC,0
ACTGTGGACTCTA,0
CCTCCAGCAGGAT,0
ATACACGCAGAGC,1
AAACACTTGATCA,1
CTCGCATGTCTCA,4
ACATCATCAGCTG,2
TCTGCATCAGAGT,1
AAAGGTTACTAGT,0
TCTTAGTACTTCA,0
CCCGGTTTGAGCT,0
GCCGACTGTCAGA,0
GTTCGTTTGACTA,2
GTGGACTCAGAGC,2
ATAAGTTCAGAGC,4
CGAAGTTACTCTA,4
GTCACATACTTCG,0
TTGCTGACAGCGG,0
CACGCAACAGGCC,2
CTCAGTACAGGCC,0
ACAGACATGATAA,3
CGCAGTAACTATG,3
GAACACATGACGT,1
AGACGTATGAATG,2
GAGGTGACAGATC,2
CATCCAACAGATC,0
GCTCCAAACTGCG,3
GTTCGTACAGATA,4
CCAAACAGTCTAT,0
AGCCTGAGTCTAN,1
CGTCACATGACGC,3
TAGCTGATGATAT,1
GATTTGCCAGCGG,4
TATAGTCACTTAA,1
TCACTGCGTCCGG,0
CGACTGCGTCTAA,0
ACTCGTCGTCGCC,0
CGGGCACTGAGCA,1
GCACTGCTGACGT,3
ATCGCACTGAGCA,6
TATACACTGAGCA,0
GGTAACCCAGTAG,1
GAAACACACTGCT,0
CCGAGTCTGAATC,2
ATGGTGCACTCGC,1
AAGTACCAGACGC,1
CTATACCACTATA,0
TTTTTGCTGAATA,2
AATCGTCTGAATA,2
CTAGGTCTGAATA,1
TAGTGTCGTCGCG,2
GAATACGACTGCC,4
GAGAGTGCAGATT,1
GTCATGGACTTAC,4
ACGGTGGCAGGCA,0
CTGTTGGTGAGCT,3
AAGCACGTGAATC,2
CGCCGTGTGATAG,0
GGCCCAGCAGCGA,2
CTCCTGGGTCATA,0
GAAGACGACTATA,5
GTAGTGGCAGATA,1
CTGATGTTGAGCC,0
TAGTTGTTGACGG,3
AGGTCATGTCGCC,0
CATTACTACTGCN,0
GGTGGTTCAGGCA,1
ATTCTGTACTGCA,3
TCACCATACTTAC,0
GGCCACTTGATAG,0
CGCAACTCAGGCT,3
TCGTACTCAGGCT,2
TTAGCATCAGGCT,4
ATGGACTTGACGC,0
CGATTGTTGAGCG,4
AATACATTGACGC,2
GCTTACTGTCGCG,1
CAGTACTGTCGCG,0
ATCGACTGTCCGC,0
GGCTGTTCAGATA,0
GACTTGTACTGCG,0
GGAACATACTTAT,2
ATCCACTACTGTG,0
TGCACATACTTAT,2
CAAACTAACTCCC,0
TGATAGACAGGGG,3
CCGTAGACTCCCC,1
TGATAGAACTAAC,0
GTGCTCAGTCGGT,2
CCGATCATGACCA,4
CCGAAGAACTCCT,0
CGGGCTACAGAAG,5
AATCTCACAGAAG,2
GCGCTCACAGAAG,4
TGGTAGATGACCT,0
AAACAGAACTCCG,0
CTGAGAACAGCCG,4
GTATCTATGAGGC,1
GAATAGCCAGGGG,0
TAGGAGCACTAAA,2
CGACGACTGAAAA,1
GCCGTCCTGAGGT,0
GACATCCGTCAAC,1
CGCGGACACTCCT,1
AGAAAGCTGACCT,2
GACAAGCACTCCG,4
ACACAGCACTCCG,0
GTACAGCAGATTA,0
CCCATCGACTTCC,0
CGGCAGGACTTTT,0
ACATAGGACTTTT,1
TCAGAGGCAGGGG,3
GATGTCGGTCAAC,3
TGTCAGGACTAAC,4
CGCCTCGACTCCA,0
TATGAGGCAGGGT,0
CCGATCGCAGAAC,0
GCCTAGGTGACCT,4
GGGGGAGCAGCCT,1
TGAGTCTCAGGGG,2
ATAATCTCAGGGG,1
CGTCTCTGTCGGT,0
CGACCTTGTCGGT,3
TAGTGATGTCTTG,0
CGTGCTTACTCCA,2
AAGCTCTACTTTG,4
TGCAAGTACTCCA,0
CTAATCTGTCTTC,0
CAGTTCTTGATTA,0
ATAACTTCAGAAT,0
TTAATCTCAGTTA,3
GATTGATACTCCG,0
TATCTCTACTGGC,4
CATATCTACTCCG,2
TTTTTCAACTACC,2
GCTGTCAACTGTT,3
GACTGAACAGACC,2
CTGAAGAGTCGTT,0
AAGGGAAGTCCAA,1
ATGCCTATGAACC,0
GGTTCTAACTCAC,4
TACACTAACTACA,5
CAGAGAAGTCCAC,0
TTTGAGATGACAC,4
GGTTTCATGAACA,0
AAGCTCATGACAC,2
CCACAGAACTACT,3
GTGGCTACAGCAG,3
AATGGAACAGGTC,0
TCGGTCAGTCTGA,0
ATCTCTAACTTGC,2
CTAACTAACTGTA,2
TGATTCACAGCAT,0
CCAAGAATGAGTA,5
TGGTCTCAGACAA,0
TAGTGACGTCACC,1
GGTAAGCAGACAC,4
TGTCTCCTGATGT,2
ACAGGACACTGTC,0
GAGACTCACTACT,2
TTGCCTCTGAGTC,4
AAACCTCGTCACT,3
GGGCTCCAGAGTA,0
CTCATCCAGAACG,3
TAATGAGACTCAA,0
GAGGGAGACTACN,0
GGCTGAGCAGGTT,0
CATCAGGCAGACC,1
TCGGTCGTGAGTG,2
AGTTAGGACTGTC,2
AAGGTCGCAGGTC,4
CACGAGGGTCGTA,1
ATCTAGGTGAGTA,1
AAGCCTGTGACAT,1
AACATCGACTACG,0
TTCGGAGACTACG,1
GGCCAGGACTGTA,0
ACAATCGCAGGTA,1
GAGGAGGCAGGTA,0
TGAAAGGCAGGTA,1
GCCACTTTGAGTT,1
GCGACTTTGAACC,0
AGGAAGTCAGGTT,1
GTGGGATCAGCAA,2
TTCGGATCAGTGG,1
TCGACTTCAGGTT,3
GGGTGATACTACC,1
CCAGGATACTTGG,0
TACGCTTACTGTT,0
CGTATCTTGAGTG,1
CTGCAGTGTCGTG,4
TCTTTCTGTCGTG,0
CGTGCTTCAGGTG,0
CTGCCTTCAGGTG,0
TGACAGTCAGGTG,0
TATCTCTCAGGTG,2
TCCCAGTACTTGT,3
TGTGTCTACTTCA,1
GGATAGTACTACA,0
ATGGTCTTGAGTC,1
CAGAAGTCAGCAG,1
CCTCAGTTGACAT,0
GTGGCTTCAGGTA,0
CTATCTTCAGGTA,2
ATCACTTACTGTA,1
GAACTCACAGTCC,0
GAGGGAACAGTCC,0
CCATGAACAGCTG,0
TGCAAGAGTCAGT,0
ATACGAATGAAGT,3
TCGCCTATGATCA,3
TGAAAGAACTAGC,4
TCGTTCAGTCCTA,0
CAGCCTATGAAGC,4
GTATGAATGAAGC,1
AGGGGACACTCTT,1
ATTCTCCACTCTT,1
GTGAGACTGATCA,4
CTGGTCCCAGTCT,0
GACAGACTGATCT,0
TTCCAGCTGACTC,0
GAGCTCCTGAAGA,1
ACAGGACACTCTA,1
TGTCAGCACTTCG,0
GGGTTCCTGACTA,4
TAATGACTGAGAT,2
AGTGAGGCAGAGG,0
TGAGGAGCAGCTT,1
GTTCTCGTGATCA,0
TGTTAGGTGATCA,0
GCTAGAGACTTCA,1
GTTGCTGCAGAGT,1
ATTGTCGTGACTC,0
CGGATCGTGAAGN,2
TGCATCGACTTCT,0
CTCGTCGCAGGAG,0
AATCAGGGTCAGC,0
GTCGCTGACTGAT,2
AGCGGAGACTTCG,3
AGATTCTTGAAGG,0
TACACTTCAGTCC,4
AGTACTTCAGTCC,4
TCAACTTGTCTCT,1
AGTCGATCAGCTC,0
TGCCAGTCAGTCT,1
CCGATCTTGACTA,0
GCGCTCTTGACTA,3
GCGGGATGTCTCG,4
ACAGGATCAGTCG,0
CTATGATCAGTCG,3
CGGTTCATGAGCC,2
TAGCTCATGACGG,0
CTAGGAATGACGG,1
TGGTCTAACTCGT,0
CGGACTACAGTAC,2
GTCGTCACAGGCA,4
TATCGAAGTCGCA,0
CCGCTCATGAATG,2
ACGCGAATGAATG,3
CTCTGAAACTTAG,0
GATAAGACAGATC,0
CAACTCAACTTAT,4
ATAGAGAACTATA,0
TCATGAACAGGCG,1
TGGTCTAGTCGCG,0
GGGTCTATGACGC,0
CGGTCTATGAGCG,0
TAATAGCACTTAA,3
AGACTCCACTCGG,2
TCGTCTCAGATAA,5
CCGAGACACTCGG,3
TGCGCTCACTATT,1
CAGGGACGTCCGG,4
TCGAGACGTCTAA,0
TACAAGCACTCGT,0
TGGGCTCGTCCGT,1
TGTAGACACTATC,0
CATGAGCAGATAG,3
GCGCCTCACTTAG,1
CTCCCTCGTCGCT,0
ACTTAGCGTCATC,5
TCTACTCAGACGC,2
TAAATCCTGACGC,3
TCTGCTCTGAATA,2
GGGATCCGTCTAT,4
TCCTTCGTGAATT,0
ATCCTCGTGAGCC,5
AGCTAGGTGACGG,1
TCACAGGACTTAA,0
CTTGGAGCAGTAA,1
GGTTTCGCAGTAA,1
AGATAGGCAGCGG,1
GACGGAGGTCATG,2
GCTCGAGTGAGCA,0
TCCGCTGACTATG,0
GACTGAGACTCGT,0
GATCTCGACTGCA,0
CCTGAGGCAGGCA,1
CGAACTGTGAATC,4
TCATAGGACTTAG,3
ATTGAGGCAGATC,1
AGTGTCGCAGGCT,1
TACTGAGCAGCGA,3
GACAAGGGTCCGC,1
GTGCCTGACTTAT,2
TGATTCGACTCGC,0
ATTATCGCAGGCG,1
TGTTGAGCAGCGC,2
CGATTCGCAGATA,2
GCGTCTTTGATAA,0
TGACCTTGTCATT,0
CCAGAGTACTTAA,3
CCTGGATACTCGG,0
AGTTAGTACTCGT,0
CTGACTTACTTAC,2
GTTTCTTTGAGCN,3
TGAGCTTCAGCGC,0
CGCGTCTACTTAT,2
ACTCTAAACTGGG,2
GTTTCGATGAGGG,0
ACCGGCACAGGGT,2
GTATGCATGAGGT,2
AAAGGCAGTCTTC,4
GCATTAAGTCAAG,0
TATAATAACTTTA,4
GATAGCAACTGGC,2
GCCAGCACAGAAT,0
CGGCGCACAGGGC,1
CGCTATAGTCTTA,1
CTAGATATGACCG,0
ACCGATCACTTTT,3
GGGCGCCACTTTT,1
TGATTACACTGGT,0
CGCTTACACTCCC,0
TCGTGCCGTCCCC,0
ATATCGCGTCAAA,0
GGGTGCCCAGTTG,2
TAGTATCACTAAC,1
CTTCTACTGACCA,2
AATATACCAGAAG,0
CTCTGCCACTCCT,1
ACGTGCCACTCCT,3
TCCGGCCGTCCCT,2
TGACTACCAGCCG,0
TTCTCGCACTATA,2
TTGTTACTGAGGC,0
TGAGCGCGTCAAT,1
AAGTGCGGTCTTT,0
AAGACGGACTAAA,3
GCATTAGACTGGT,1
TGGAGCGCAGTTG,3
GAGTATGGTCGGA,0
GAGGTAGTGAGGA,2
GGCAGCGTGAAAG,0
GCAACGGACTTTC,2
AAGAATGACTAAG,0
ACATGCGACTGGC,2
AACGATGACTGGC,0
GATCCGGACTCCG,0
CTGCGCGCAGAAT,2
ATCTCGGCAGGGC,0
TTCCCGTTGAGGG,1
TGAGATTCAGGGG,5
GCTGCGTACTTTT,2
GGTACGTTGAGGT,0
CGCGATTTGATTG,2
CGTCGCTACTTTG,0
CCTAGCTACTTTG,0
AGCTGCTCAGGGA,2
TTCTGCTACTGGA,0
TATATATACTGGA,0
CACATATGTCAAT,3
ATATCGTGTCCCG,0
CTCACGTCAGTTA,0
CCGTATTCAGCCG,3
ATCATATACTGGC,1
GTAAGCTACTCCG,0
GCGGTAAACTGTT,1
TCAGATACAGGTT,2
TCTAATACAGGTT,3
TATCTAACAGGTT,0
TGAACGAGTCGTT,0
TAATTAATGACAA,0
ATTAGCATGAACC,1
AAATGCACAGGTG,2
TGAGATACAGTGT,2
AAAATAAGTCACA,0
TTGTCGATGAGTG,0
CCAAGCAACTTGA,1
GCCAGCACAGGTC,1
CATCTAACAGGTC,1
TCAACGAGTCTGA,0
TACTTAATGAGTC,1
GAGTTAATGAACT,3
TATGGCATGATGA,1
CAGTATAACTGTA,1
GTAAATAACTTGC,0
GGCTATAACTCAT,5
CGGTATACTCCAT,0
ATTCTAACAGGTA,1
GGAACGATGACAT,2
ATAATAATGACAT,0
GAATCGCACTGTT,0
AACAGCCACTTGG,0
CTGAATCACTGTT,5
ACCTTACTGAACC,4
CAATTACTGAGTT,2
GGCACGCAGAACA,0
AGAAGACTGACAC,4
CGCTATCTGAACA,0
TCAGTACACTACT,2
GGATCGCAGAACT,0
GGTCTACGTCGTC,4
TCAAATCTGAGTA,5
TGTGCGCTGAGTA,0
CCATTACTGACAT,0
GAGGATCTGAACG,5
CTTTGCGGTCCAA,1
TTTCGAGGTCCAA,0
CATTTAGACTGTT,3
AACCCGGACTTGG,1
GGAAGCGACTCAA,0
TGTCATGCAGACA,2
GATATAGCAGCAC,0
TTTATAGGTCTGA,0
TCTAGCGGTCGTC,0
GGGACGGCAGGTC,0
CCAAATGCAGACT,2
GCACATGCAGGTC,3
CTTCGCGTGACAT,0
TGCGATGGTCGTA,4
AAATTAGACTCAT,3
CCAATAGACTTGC,1
GCCTATTTGAGTT,1
AGTCCGTCAGACC,0
TGCCGCTCAGGTT,0
CAACTATACTACC,2
GTCAGCTCAGGTG,6
GTTCTATACTGTG,2
CACGCGTACTTCA,0
GAAAGCTTGAACT,4
CTCTATTTGAGTC,4
ATGCTATGTCCAG,1
CGCCTATCAGGTC,2
TGCGATTCAGCAG,2
GTGGGCTTGAACG,4
CCTTTATTGAACG,1
AGGTGCTGTCCAT,0
GGGCTATGTCGTA,0
TACAATTCAGGTA,0
GATGTATCAGTGC,0
CTCTTATCAGTGC,3
AGAGTATCAGGTA,0
TGGACGTACTACG,4
CTTCCGAGGATCC,0
ATTCATACAGCTT,5
AGCGATAGTCCTT,0
CTTCTAATGAAGG,2
CGGTATAACTTCA,0
CCACGCAACTTCA,0
GCGCCGACAGTCA,0
TATGTAAGTCTCA,0
CTACGCAGTCTCA,1
TCAGATATGATCA,0
GATAATATGAGAC,3
GCTACGAACTTCT,2
CTTAGCACTCCTC,0
TCACCGACAGCTC,0
CGCACGATGACTC,5
AGAACGACAGTCG,3
ATTGTACACTCTT,2
CCACCGCAGACTT,0
AACGTACACTAGG,1
TCTTTACAGATCC,1
CAAATACTGACTT,1
TGCCGACTGAAGG,0
GTTCATCGTCAGG,4
ACTAATCCAGCTG,0
TTATTACCAGAGT,2
GTTTATCACTCTG,0
ATTGCGCACTCTG,1
TTCCTACAGATCA,1
ATCAATCACTTCA,0
CCGGGCCACTTCA,0
CCTTGCCTGATCA,0
CTCTATCCAGCTC,1
GTCCGCCACTAGA,2
CCAAATCTGATCT,1
CACCTACGTCAGA,0
AGCCATCGTCAGA,2
GTGTATGGTCTCC,1
TTCCGCGACTCTT,0
TGCTGCGACTAGG,4
TATGTAGACTTCA,0
TCTAATGCAGAGT,6
CTAATAGCAGAGT,2
GGCCCGGGTCCTC,0
ATGTTAGACTCTC,1
CTACTAGCAGTCT,2
TCGGGCGCAGTCT,1
TTGAATTTGACTT,1
CCTAGCTGTCTCC,2
TTGATATACTGAA,1
GTATCGTACTTCC,0
GACCGATTGATCA,1
CTCTTATTGATCA,2
TGGAGCTGTCAGA,0
CTAGTATGTCAGA,2
AGCCCGAACTATG,2
CGTGGCAACTGCT,3
CACGGCAACTCGA,2
GTTTCGACTCTAG,1
TAACTAACAGTAG,4
CCGCTAACAGGCT,2
GTTAGCAGTCCGA,0
AAAAGCAACTGCG,3
GTGGATAACTTAT,0
CACTATAACTTAT,3
GGAAGCACAGGCG,1
CTTCCGAGTCATA,1
GGACTAAGTCTAT,0
GGATCGATGAATA,1
AGAGCGCACTTAA,4
TCGATACACTCGG,0
ACATGCCTGAATT,5
TCCTATCAGAGCA,2
TAGGATCACTATG,0
AACATACTGACGT,0
CCGACGCTGACGT,5
GGGTTACACTATC,1
TTTCCGCACTGCT,4
ACCGGCCACTCGA,1
CCAAGCCACTCGA,3
AGAACGCACTCGA,1
ATCAATCACTTAG,4
ATCGGCCACTATC,0
AACTTACTGAGCT,1
TCATGCCTGATAG,0
TACAATCGTCTAG,0
TTGTGCCACTATA,1
GGCCTACACTTAT,1
AGCCGCCACTTAT,0
ATATTACACTCGC,2
GCCGATCTGAATA,4
GGATCGCTGAGCG,5
AGTGGCGACTGCC,0
CGGGATGACTCGT,1
TGCTCGGCAGGCA,2
TCAGCGGTGACGA,0
CACCATGCAGGCT,3
CACATAGCAGCGA,1
ATGTATGCAGTAG,0
GCTCGCGGTCATA,1
CTGGTAGTGAGCG,1
CGCTGCGTGAATA,1
CGACCGGACTGCG,0
GGTAGCGACTATA,2
AATGATGACTCGC,0
GAGATAGCAGTAT,1
TCGCCGTTGATAA,4
GAATCGTGTCCGG,3
TGCGATTGTCTAA,3
ATAATATCAGTAA,0
GTGCATTACTATT,5
GTCAGCTACTATT,1
GACTCGTTGAGCA,2
AGGTCGTGTCATG,3
TAAGATTCAGTAC,1
GGAACGTCAGGCA,0
CCCCTATACTATG,0
ATTAGCTACTGCA,3
GGAAGCTACTTAC,3
AAGCATTACTGCA,3
CCGCGCTACTATG,3
ATGAATTCAGATC,0
AATAAGTCAGATC,3
AGCGGCTACTTAG,2
GGGATATTGATAT,2
CGTTGCTTGAATA,0
TCCCGCTCAGATN,0
TTCCTATACTATA,5
GTCGCGTACTTAT,1
AATTGATACTATA,1
AACCTTAACGTTT,0
GAAGGGAGTAGGG,0
GAGAGGAACGTTG,0
CTGACCATGCAAC,1
CCTGGGATGCAAG,1
GATCGGACATCCG,0
TGTAAAAGTACCG,1
AGCAGGATGCCCG,0
AATTTTCACGTTT,4
CATGGGCACGGGG,1
GCCTTTCTGCGGG,3
TATCTTCTGCGGG,1
AAACGGCGTAAAA,3
CCCATTCACGTTG,2
CGGGTTCGTAAAC,1
GTTAGGCGTACCA,0
GATCGGCGTAGGT,4
CCCAAACAGCAAT,0
AAACCCCACGCCG,1
GTCATTCACGAAT,1
TCGCAACACGCCG,1
TTCATTCTGCCCG,5
CTCTTTCTGCGGC,1
GGATCCCGTACCG,0
CTTATTGGTACCC,0
TCATTTGACGAAA,2
GAGAGGGACGAAA,0
CCCGCCGTGCAAC,3
TAACTTGACGCCA,4
CGCATTGACGCCA,0
TATATTGCATAAC,0
CCACTTGGTAAAG,2
GGTACCGGTAAAG,1
CACCCCGTGCCCT,1
CACTTTGACGGGA,5
ATATCTGACGTTC,3
GTCATTGCATGGA,0
CTCGAAGACGAAT,0
TTGGGGGCATTTA,0
CTTTGGTTGCGGG,0
TTTGCCTGTATTT,3
ACCCAATCATTTT,0
GCATTTTCATTTT,0
TCGTAATCATTTT,1
GACAAATACGTTT,2
GGTGTTTACGAAA,1
GAAGTTTTGCCCA,0
GCTCAATCATTTG,4
GAATAATTGCCCT,3
CCTAAATTGCGGA,0
CAGCCCTCATCCT,2
ACCATTTACGGGN,1
AATACCTACGCCT,2
TATCTTTTGCCCG,1
GTATTTTTGCGGC,1
TCTCAATGTAGGC,0
GTGCCCTCATGGC,3
ATCAAATCATGGC,3
CCAAAAAACGGTT,0
ATGGTTACATTGG,2
GAATAAAGTAGTT,0
GACATTAGTAGTT,4
GGATCCAGTAACC,3
CAAACCATGCGTT,0
AGCCTTATGCACC,0
TGCGGGATGCTGG,1
TATGCCAACGCAC,2
ACGTAAAACGGTG,0
AAGGTTACATACA,3
TAGTGGAGTAACA,0
ACCCAAATGCGTG,0
CGTTAAATGCGTG,4
TAGTGGATGCACA,0
TCGCCCATGCTGT,4
TCGTCCACATGTC,1
CAATGGAGTAGTC,2
CTCGAAAGTAACT,0
ATACAAAGTATGA,2
CCTCAAATGCCAG,1
TGCGAAAACGGTA,0
ATGTAAACATCAT,1
ATCCGGACATGTA,2
TGAGGGACATTGC,5
ACATGGATGCTGC,0
GATTAAATGCGTA,3
ATGTGGCACGGTT,1
GGATGGCAGCCAA,1
ATCGTTCAGCCAA,2
CGCAGGCACGTGG,4
GTATTTCACGGTT,0
TATCAACTGCACC,0
GCTGAACGTAGTT,2
CCCCGGCACGGTG,2
CTCCAACAGCGTG,1
GCGTCCCACGGTG,0
GTCGTTCCATGTC,1
CCCTTTCACGGTC,0
TCATAACACGGTC,0
TCTGGGCGTACAG,0
CGGTAACACGTGC,3
AAGCGGCACGGTA,0
ACGATTCAGCCAT,1
TGGTCCCTGCACG,3
TGAATTCGTATGC,1
TCGTTTCGTAGTA,0
TCTCTTGTGCGTT,0
GCTGCCGACGACC,0
GTCTAAGACGGTT,0
CGATAAGACGGTT,6
TAACCCGCATGTT,0
CCACGGGCATGTG,2
TGAGCCGCATCAC,0
GTCGTTGTGCCAG,1
AGCCTTGACGGTC,0
AGCGAAGACGGTC,1
CGGTCCGCATGTC,2
TCAGTTGCATGTC,5
ACATGGGCATCAG,0
TAGTTTGCATTGA,0
TGCTAAGCATTGA,5
ATGTCCGGTACAT,2
CACATTGGTATGC,0
GCTCCCGGTAACG,3
AGCGTTTTGCACC,1
CATTTTTCATACC,3
TCGCTTTCATGCC,0
CACTTTTACGACC,4
CATGGGTACGGTT,1
CATGCCTACGCAA,3
TCGATTTACGCAA,1
CTTCGGTTGCTGT,2
TGTAAATTGCACA,3
CCCGGGTGTAACA,2
GGGCAATCATACA,4
TCTCCCTCATGTG,1
TGCATTTCATGTG,0
CTGGCCTACGCAC,0
CTGTAATACGGTG,2
AAGGCCTACGCAC,1
CGACTTTTGCACT,2
CGCGTTTTGCCAG,0
CTGTGGTGTAGTC,3
GGAATTTCATGTC,3
GAGGCCTCATTGA,2
AGCGAATCATCAG,0
ATTCCCTACGGTC,3
GCACTTTACGGTC,0
TTATGATACGGTC,5
CTTGCCTTGCCAT,0
TTAATTTTGCTGC,0
CCCCGGTGTAACG,0
ATTCAATGTACAT,4
TCCGGGTGTAGTA,4
AAACAATCATGTA,4
TACCTTTCATGTA,3
CCAAGGTCATCAT,2
TTCGAATACGACG,3
AGATCCTACGGTA,3
CATCGGTACGGTA,0
GCCCCCACATTCC,3
ATTACCACATTCC,0
CGAGCCACATCTT,2
TTAATTACATTCC,1
AAAACCATGCTCC,0
CTTACCATGCTCC,2
GATCGGATGCCTT,1
GGTTAAAACGCTG,3
TATTCCACATCTG,4
TTTCGGATGCTCA,0
CGGCAAATGCGAC,2
GGGTGGACATGAG,1
TAACCCATGCTCT,1
ATTACCATGCTCT,2
CAATCCAACGAGC,2
ATGACCAACGCTA,0
GTCCAAAACGAGC,4
ATCATTACTATCG,0
CTGCAACACGTCC,2
AGGTAACTGCCTT,0
TGTAAACGTAAGG,0
ATTCTTCCATCTG,0
TATGCCCCATAGT,0
GCCGGGCAGCTCA,0
GGCATTCACGTCA,0
TCGACCCACGCTG,1
TTAATTCTGCGAC,2
ACGAGGCTGCCTG,2
CCAATTCGTAGAN,2
ACGCAACCATCTC,4
ACGTGGCAGCCTC,1
TTGACCCCATAGC,1
AATCAACGTACTA,1
TGTCGGGACGTCC,0
GGATTTGACGGAA,4
ACGTGGGACGTCC,2
AGCTCCGCATCTT,0
TTGGGGGTGCCTG,1
GATACCGTGCTCA,0
GTTCAAGACGGAC,1
CCCCAAGCATAGT,2
CTCAGGGCATAGT,0
TGGAAAGCATGAG,4
ACATTTTTGCTCC,2
CTGCAATGTAAGG,2
TATGCCTCATTCC,6
GCGTAATACGCTT,0
GTGAAATTGCCTG,0
TTAAGGTACGAGT,0
GGAAGGTTGCTCT,1
CAAGTTTCATCTC,2
GAGCGGTCATCTC,0
TACGTTTACGAGA,2
CCTTGGTACGAGA,5
GAGCTTTTGCCTA,0
CCTATTTCATCTA,0
TTAGCCTCATCTA,1
CTGCAATACGCTA,2
GTCAAATACGAGC,1
GAGGGGATGCTAA,3
CAACTTAACGGCA,0
AGCAGGAACGCGT,4
TGGAAAACATTAC,3
CTTTGGAGTACGT,0
GTGGAAAGTATAC,2
TACGAAAGTAATG,0
GAACGGATGCTAG,2
TGCATTATGCTAG,0
AGCGTTAACGATA,0
TAGGCCACATATA,0
TGAAAACCATATT,1
CGGGAACACGGCC,0
TGCTAACTGCTAA,2
TTGGAACGTAGCC,1
ACCGGGCAGCGCA,1
TTGAGGCAGCTAC,3
GCTTGGCTGCGCA,2
TCTTGGCTGCTAC,0
CAGTGGCTGCATG,2
TAGAGGCTGCTAC,3
GACCGGCGTAGCA,0
ACGCCCCCATTAG,0
ACTCCCCACGTAG,4
ATGGGGCTGCTAG,0
CTCTTTCCATATA,2
AAAGGGCAGCGCG,0
TCCGTTCACGCGC,1
TGTTTTCACGCGC,1
ATGTGGCACGCGC,0
TCAGCCCAGCTAT,2
GCTACCCAGCGCG,0
TGCGCCCAGCTAT,2
GTCAGGGTGCATT,0
ACGTGGGTGCCGG,1
GCGACCGACGTAA,3
AACATTGCATTAA,2
ATAACCGTGCGCA,4
ATCATTGACGTAC,2
GTACCCGACGATG,0
AGGTGGGTGCATC,1
AACCGGGAGCATC,1
TGTGGGGGTAATA,3
TACTTTGTGCTAT,3
TGAAGGGTGCATA,0
TGTAGGGACGATA,0
ACCACCGCATCGC,0
GACGGGGCATATA,0
GTCGAAGCATTAT,2
CTGCCCTTGCCGG,5
GCTGTTTTGCTAA,2
TATCGGTTGCGCC,6
GAGTAATGTAGCC,0
TCAGGGTACGTAA,1
TTTTTTTTGCATG,6
AGGTGGTGTAATG,2
TACTTTTGTATAC,4
CTTCGGTTGCCGA,1
AGTACCTTGCTAG,0
TTGACCTACGCGA,0
GCTGCCTACGGCT,2
CCGGCCTACGTAG,0
TGTTCCTTGCTAT,1
GCCGCCTGTACGC,2
CCATTTTGTAGCG,2
TGACTTGTGCGCG,2
AGCATTTGTAGCG,0
AGGTAATCATCGC,6
GTCTTTTCATGCG,0
CTCTAATCATTAT,0
GCTATTTCATCGC,0
CGCTGGTCATATA,0
CGCGAATCATTAT,0
CGCCGGTACGATA,1
TATCCCTACGCGC,0
TGCTCCTACGGCG,3
ACTCCAAACGCCC,1
TGGGACATGCGGG,0
CTTATGAACGAAC,1
TCTTGTAGTACCA,5
CAATTGAACGCCT,1
GGTGTGACTACCG,1
GACACAACTACCG,1
CTCACAACTACCG,0
GGCGACACATTTA,0
GTAGACAGTACCG,5
CTTTGTATGCAAT,0
AGTGGTATGCTTA,1
ACAGGTATGCCCG,1
GGAAGTATGCGGC,0
GCCGACCACGGGG,2
TTAATGCACGTTT,0
CGGTACCTGCTTT,0
GGTGACCTGCCCC,0
GAAGTGCAGCCCA,0
CACCGTCTGCTTG,1
TGTGACCGTATTG,5
GCATTGCGTAAAC,1
GTATTGCAGCAAG,3
ATGCACCTGCGGA,1
AGAGGTCACGCCG,3
ATTGGTCTGCAAT,1
GGTACACTGCAAT,5
CACGACCTGCTTA,4
AGCCACCTGCAAT,4
GGTCACCGTAAAT,0
AATGTGCGTAAAT,4
ACCGCAGGTAAAA,1
CTAGGTGGTACCC,4
TGCTACGTGCAAA,3
CTCGCAGTGCGGG,2
TGCAGTGTGCTTT,1
ATGCACGACGGGG,0
ACTTGTGACGGGG,0
TACAGTGCATAAA,2
CTGTCAGACGGGT,4
GTCCTGGACGAAC,2
TGGGCAGCATGGT,1
TATACAGGTAAAG,1
GATAACGTGCTTC,5
CTATGTGACGGGA,0
ATGGACGCATGGA,4
GTAGTGGCATAAG,2
CCGGACGACGGGC,0
GAACACGCATCCG,2
AGTAGTGCATCCG,0
GTTAACTGTACCC,1
TCTAGTTGTAAAA,0
ACACTGTCATGGG,0
ACATGTTCATCCC,1
TTCTCATCATTTT,0
GCAGTGTACGGGG,0
CGATACTACGAAA,1
CTATGTTACGGGG,2
GTTTACTCATCCA,0
TGCCACTCATCCA,4
GCATACTACGAAC,2
AAAATGTCATGGA,1
TAGTTGTCATCCT,0
TAGTCATCATCCT,4
ACGGTGTACGGGA,0
CCGCACTACGCCT,0
CGCAGTTTGCGGC,2
TCGCGTTTGCAAT,3
ACGATGTGTAAAT,0
CCAAGTTCATGGC,0
AGTCACTCATAAT,3
GAGGCAACATGTT,5
AGGTTGATGCCAA,1
CTTATGATGCGTT,0
CCGTACATGCCAA,1
CCAGGTACATGTG,4
CGTCCAACATACA,0
ACCCCAAGTAGTG,0
ACGGCAATGCTGT,2
CCGGGTAACGGTC,1
GGCGACACATGTC,0
GACCACAGTAGTC,0
GATGCAATGCGTC,0
AACCACAACGGTA,1
ATGAACAACGCAT,0
TCATTGAACGCAT,1
CCTTCAAACGTGC,1
GCTTACAACGTGC,5
GAGATGAACGGTA,5
ATCCACACATGTA,0
GCTTACATGCTGC,1
TGCTTGATGCGTA,2
CAGTTGCCATGTT,3
CTGTTGCACGACC,2
TCTCGTCACGGTT,0
GGATCACACGTGG,4
CGCGTGCAGCACC,0
GTTCACCTGCGTT,1
CCAAGTCTGCGTT,3
CAGCCACTGCCAA,1
CATCCACTGCACC,1
AGTGGTCGTAGTT,1
GAGTCACGTAGTT,0
TGAGGTCACGTGT,1
CTCTACCAGCCAC,3
ACGATGCACGCAC,0
TGTATGCTGCGTG,0
AGGGCACAGCACT,0
TTTCTGCACGCAG,3
AAATGTCACGACT,0
CCAAACCACGGTC,1
GTTACACTGCCAG,1
TTGGACCTGCCAG,3
TTCGACCTGCACT,1
GATCTGCTGCACT,1
ATGGACCCATCAT,1
GAGACAGTGCGTT,1
TGCCGTGTGCGTT,1
GCCCGTGACGACC,3
CGTGCAGACGGTT,2
GGATTGGCATACC,0
TCTGCAGGTAACA,1
TCTCGTGACGGTG,4
TGGTCAGCATTGT,0
CTGTTGGGTATGA,0
AGTCCAGTGCCAG,5
CCTCTGGACGCAG,2
CTGTACGCATACT,1
TCTAACGCATACT,0
TATTCAGGTAACG,1
CGCGCAGGTAGTA,3
TCTCACGACGGTA,0
TTCCACGCATGTA,0
CCGGGTGCATCAT,4
AAGTTGTTGCGTT,0
GTCGACTTGCCAA,3
TGAGTGTCATACC,0
GTCTGTTCATGTT,0
TTATGTTCATGTT,0
TACTACTACGCAA,1
ATGATGTTGCGTG,0
GGTAACTTGCTGT,0
TAGCCATTGCTGT,2
TTCGCATGTAACA,4
GGTGGTTCATACA,4
CGCCCATCATTGT,1
TCTGGTTACGGTG,2
AGCCTGTACGGTG,0
TATAGTTACGACA,3
GAATCATTGCACT,4
TGTCTGTTGCTGA,0
GCGCACTGTACAG,4
AAGGTGTCATCAG,1
CGACACTTGCACG,1
ATATACTTGCGTA,2
TAGCACTCATGTA,0
TCCTACTACGTGC,4
AACGGTTACGCAT,1
AAACGTACATAGG,5
TCCTACAACGAGT,0
GACTTGAACGAGT,2
GTGTGTATGCCTG,1
CTCTTGAACGTCT,1
CCAGGTACTACTC,2
ACGTGTAACGTCG,4
GAATGTCCATCTT,0
TATAACCTGCAGG,1
GACTCACCATGAC,1
AGTATGCCATTCA,4
CGAGACCTGCTCA,0
AATTACCTGCCTG,0
ATACTGCTGCCTG,2
AGGGTGCGTAAGT,0
TGGTGTCAGCGAG,0
GCTAGTCTGCTCT,1
TTACACCTGCAGA,1
ACAAGTCGTATCT,2
ATCCTGCCATTCG,2
GCTCGTCCATAGC,4
AGGATGCACGTCG,2
TAGAACCACGCTA,2
GTAAGTCAGCAGC,3
CACGTGGGTACTG,0
GCGTACGGTACTG,0
CGGAGTGCATAGT,0
GTGCACGCATTCA,2
CTGTCAGGTAAGA,0
AATTACGGTACTC,0
GATGACGGTACTC,0
AGTCCAGTGCAGA,0
ATAATGGTGCCTC,2
AGCCGTGCATCTC,4
GGTCCAGGTATCG,3
TCTTGTGACGTCG,0
CAACTGGCATAGC,2
GTGCCAGCATCTA,0
CACATGTACGAGG,2
GATCACTACGTCC,2
AGCTACTTGCCTG,2
TAACACTAGCCTG,0
TACCGTTTGCTCT,5
GGTCACTTGCTCT,2
TCTAGTTTGCTCT,0
AATTGTTGTAAGA,5
TGGATGTACGCTC,1
GCCGGTTACGCTC,0
TGCGGTTACGAGA,1
TACCCATTGCTCG,1
TTAACATTGCCTA,1
GCGACATTGCTCG,5
TGTCGTTCATCTA,0
AACTTGTACGAGC,1
CCTATGTACGCTA,0
AATCACTACGAGC,0
TGCGCATACGCTA,3
TAACACAACGGCA,2
AGGCTGAACGGCA,3
ACCCTGACATATG,2
GAATACACATCGT,1
GGAAACACTAGCA,2
AATGTGACATATG,0
AAGATGATGCTAC,0
TGATGTATGCTAC,1
TCTCTGACATTAG,0
CATACAACATGCT,1
CGGGCAATGCGCT,0
CCAAACAACGATA,4
CTGTTGAACGGCG,1
AACAGTACATTTA,0
TATCACACATTAT,0
ACATTGAGTAATA,0
CACGACCCATATT,1
CGAGTGCCATCGG,1
AGTACACACGCGG,1
CTCGACCAGCTAA,1
CATAGTCAGCTAA,0
CTACGTCGTAATT,2
TGATTGCCATTAC,0
TAGCCACCATCGT,5
GGGCACCACGGCA,0
TCTTCACACGATG,2
TTCTCACACGCGT,4
TATGTGCACGGCA,1
ATAAACCTGCATG,3
GTAGACCGTAGCA,0
CCTGGTCCATGCT,1
CTTGCACACGGCT,2
CTTCCACACGCGA,3
GAGAACCACGGTC,4
CATCGTCACGGCT,1
GAAGTGCTGCTAG,4
AAATTGCTGCGCT,0
TCACCACGTAATC,0
ACTGACCGTAATC,0
GCATCACCATCGC,0
GAAGGTCACGTAT,3
ATGTCACAGCCGC,1
AGTGACCTGCGCG,1
TGCGTGGGTAATG,6
ATGGCAGTGTATG,3
GCATCAGTGCGCA,1
GCAAGTGACGGCA,1
GTGCTGGACGGCA,1
ATCATGGACGCGT,0
GCGGTGGACGGCA,0
CGGCGTGCATATG,5
TCAAGTGTGCATC,1
CCAGACGGTACGC,0
CTACCAGGTAATA,2
TCTCACGTGCGCG,1
GATGACGTGCTAT,4
GTTGCAGACGATA,1
CACATGGACGCGC,3
ATCACAGCATCGC,0
CTATGTGCATTAT,5
ACCTGTTTGCATT,4
GAGGCATTGCGCC,3
AGCGGTTGTAGCC,5
CGACGTTCATATT,2
ATCCTGTTGCCGT,1
TGGTACTGTACGT,0
CCCTACTGTACGT,0
TTTACATCATATG,2
TTGGCATCATCGT,2
TTTCTGTAGCCGT,0
ATCACATACGGCA,0
CATCCATACGTAC,0
ACGCCATACGGCA,4
TCCCGTTTGCTAG,2
AGTCACTTGCCGA,2
GCCTTGTGTAGCT,5
AGTCGTTCATATC,0
GAGCTGTCATCGA,2
CAGTACTACGCGA,2
AAGCCATACGATC,0
TCTACATACGCGA,0
TATATGTACGGCT,1
GAGAGTTGGCTAT,0
GTCTCATCATCGN,1
TGATGTTCATATA,3
CCGGCATCATATA,1
TCATCATACGTAT,4
TTAAGTTACGCGC,1
AAGTAGAACGGGG,3
CGAGCTATGCTTT,0
TTAATCATGCAAA,0
CGTGTCAACGCCA,3
GTTCCTACATAAC,0
AGGCAGACATCCA,0
ATGATCATGCGGT,1
GTCTAGATGCAAC,2
TGCCTCAACGAAG,3
CTTAGAATGCAAG,4
GACCAGATGCTTC,0
AATCAGATGCGGA,0
CGCGCTATGCCCT,4
CACCGAAACGCCG,4
CCTTAGAACGGGC,0
CTGGCTAGTAAAT,3
CGACAGCACGCCC,0
TCCAGACTGCAAA,4
GTGAGACGTAAAA,1
AGGCTCCACGGGT,0
GGCTCTCAGCCCA,0
AACTGACTGCGGT,5
CCTACTCTGCGGT,2
CCGTTCCTGCAAC,1
AGGATCCCATCCT,0
TGTCAGCAGCAAG,2
CCTCAGCTGCTTC,2
ATCTCTCGTACCT,0
ATCATCCCATAAT,2
CTCATCCAGCTTA,1
ATAGCTCACGCCG,2
GGTTGACTGCGGC,2
CCGCTCCTGCCCG,0
AAGCTCGACGTTT,0
GCCTCTGGTAGGT,0
GTGTCTGGTACCA,2
GTTCAGGACGAAC,0
AGAGAGGCATGGT,1
ATTTAGGCATCCT,4
CGTTGAGGTACCG,1
CGATAGGGTATTA,1
CGTCCTGTGCCCG,2
ATCGCTGTGCAAT,1
GCGTAGGTGCCTA,0
TGACCTGCATCCG,1
GTCACTGCATGGC,0
GAAGGATTGCCCC,3
GTTTGATCATGGG,3
GCGGTCTACGTTT,0
ACGGAGTACGCCC,1
GGGCAGTTGCGGT,3
GTAGAGTTGCCCA,1
CCTAGATTGCTTG,2
CTGAAGTGTAGGT,0
GCGCCTTGTAAAC,0
GCCGCTTCATGGT,2
ATTATCTCATGTG,1
TCACGATCATCCA,3
GCACGATCATAAC,1
CGTCTCTCATAAC,1
CCGGCTTCATTTG,0
TGTACTTTGCCCT,0
CGCATCTCATGGA,2
ATCGAGTCATTTC,4
GATATCTACGGGA,5
AAGGTCTCATAAT,0
TAGCCTTCATGGC,0
CATGAGTCATAAT,1
CGATGATACGGGC,4
GTGATCACATGTT,0
ACGACTACATCAA,4
TCTCGAAGTAACC,0
TCCTCTACATACA,0
TCAACTAGTACAC,1
ATAAAGATGCGTG,2
GTTGAGATGCACT,2
CTCAAGATGCACT,2
ATTGGAAACGCAT,0
CCACCTACATCAT,2
ATAGTCACATTGC,0
GGCGCTACATCAT,4
GCGGTCAGTAGTA,3
CCGGCTAGTAGTA,0
GATATCAGTATGC,2
AACGCTATGCGTA,0
TTGAAGATGCCAT,4
GACCTCCCATCAA,5
CGCCCTCCATGTT,3
ATTTCTCAGCACC,0
AGGATCCAGCCAA,0
CGAGAGCAGCCAA,0
CTAAGACACGTGG,0
GTGCCTCTGATGG,0
GAGAGACTGCGTT,4
ACCGGACACGGTG,1
TAATGACAGCCAC,1
TACCCTCACGGTG,2
TATGGACACGGTG,0
GGGACTCCATCAG,4
ATGGAGCACGACT,0
CACTAGCACGGTC,1
TAGAAGCAGCACT,1
GCTAGACACGGTC,0
AATGAGCACGCAG,0
CTAGCTCACGGTC,1
AGGGCTCTGCACT,1
TTGGCTCTGCTGA,0
GTAATCCTGCGTC,2
CCTCAGCGTAACT,0
GCTTGACCATTGC,1
GAACAGCACGTGC,1
CGGCTCCACGACG,1
ATTGAGCTGCGTA,3
ATCCTCCTGCACG,2
GGATCTCTGCCAT,0
GGCTAGGTGCTGG,1
GAGGTCGCATTGG,1
GAGTGAGCATGTT,2
CCATAGGGTACAC,2
GAGAGAGGTAACA,2
ATTACTGTGCACA,4
CTAAGAGTGCTGT,0
GACGCTGACGCAC,4
CCCAGAGCATGTG,2
TTACCTGCATGTG,4
TTTCAGGTGCGTC,1
GCTCCTGTGCACT,0
GACAAGGACGCAG,3
TGGGAGGCATACT,0
CCAAGAGCATACT,0
GCTATCGCATTGA,1
AAGTAGGGTAGTA,3
GGCCCTGCATCAT,1
GAAGGATTGCACA,4
TCCTAGTTGCCAC,1
TTACTCTTGCGTG,0
TCCCCTTCATACA,0
TCTATCTCATGTG,0
TGATCTTCATCAC,0
ATTCCTTTGCGTC,4
AAGGCTTTGCGTC,0
AGACCTTTGCACT,1
AGGTTCTGTAACT,1
ACCGCTTGTAACT,0
GGTGAGTCATGTC,0
ATCATCTACGGTC,1
GAACCTTTGCGTA,4
TCTAAGTTGCGTA,6
GTATGATTGCACG,1
GCATAGTACGCAT,4
TGCCAGTACGCAT,0
AAAACTAACGAGG,2
TGTCGAACATTCC,0
GATAAGAGTACTG,0
CCACGAATGCAGT,1
TGACTCATGCCTG,0
GACGAGAACGCTC,0
CTGAAGACATTCT,3
AGCCTCATGCTCT,2
TCGTTCACATGAT,5
ACCGCTATGCAGC,0
GGCGGAATGCCTA,4
ACCAGACCATTCC,0
GATCAGCCATTCC,0
AAACGACACGTCC,5
TTTATCCACGCTT,0
GGCAGACACGCTT,0
CCGAAGCAGCTCC,0
GATCTCCACGCTT,3
TTTTCTCTGCAGG,3
GACGCTCACGAGT,1
ATCCCTCTGCTCA,0
CGCGCTCTGCGAG,0
TGGTTCGACGGAA,1
AGCATCGCATAGG,6
ACACGAGACGCTC,0
CGGACTGTGCAGA,2
GCGTTCGACGCTC,0
GTCCTCGCATAGA,4
CCGTCTGTGCAGC,0
CGCATCGACGTCG,2
CTGTAGGCATAGC,1
GAGCAGGCATTCG,1
TGCTAGTTGCTCC,1
CGGCTCTCATTCC,1
AACCGATACGTCC,0
TGAAAGTTGCTCA,3
CCTGCTTGTATCA,5
GGTAAGTCATAGT,6
ATAAAGTCATTCT,2
CTAGTCTACGTCT,0
TAATTCTTGCAGC,0
CTTTCTTCATTCG,0
AGGGAGAACGATT,0
AATCGAACATATT,4
CCTATCAACGGCA,1
AGCCCTAACGGCA,1
GTGGTCACATCGT,3
CCTACTACATGCA,2
TTCATCATGCTAC,2
CGGTGAACATTAG,1
GATCCTACATGCT,3
GGCTAGACATATC,0
TAAAGAAGTAATC,0
ATTCCTAGTAATC,4
AGGGCTATGCTAG,3
CGTGAGAACGTAT,2
ATGTCTACATATA,1
TTTCAGATGCCGC,2
AAGCTCATGCATA,2
ATGGAGCAGCTAA,1
AAGACTCAGCGCC,0
GATAAGCAGCATT,4
ATGGTCCTGCATT,0
CGTAAGCTGCTAA,2
ATAAAGCTGCGCC,1
GTCGAGCTGCTAA,1
CGACAGCGTAGCC,1
GTAAAGCAGCTAC,4
CCCCTCCAGCCGA,0
GGGTAGCACGATC,3
TACGGACACGATC,1
CTGCAGCACGGCT,3
AGAACTCACGATC,4
TGACTCCAGCATC,0
GGAGGACTGCTAG,2
ATCGCTCGTAGCT,4
TGAGAGCTGCGCG,0
CGAGGACTGCTAT,0
CGCTAGCGTACGC,0
TAACCTGTGCCGG,3
CTTACTGCATATT,1
GACCAGGCATTAA,1
TCGCTCGGTATAC,2
TACGTCGTGCTAC,0
TAGCTCGTGCTAC,1
GTACCTGTGATAC,6
CGTCCTGCATATG,2
GCTACTGCATCGT,1
GCATCTGTGCTAG,2
TGTCAGGACGATC,1
GTGCAGGACGCGA,4
GTCGAGGCATTAG,2
CAGGAGGACGCGC,0
TCTACTGCATCGC,1
TAAGGATTGCATT,0
GTCTGATGTAATT,0
TTCTGATCATATT,0
TGATGATACGATT,2
AATGGATACGCGG,1
AAAACTTTGCGCA,1
CTACTCTACGATG,1
AGTGAGTTGCGCT,2
TCACGATCATGCT,1
GGCCCTTACGGCT,0
CAGTCTTGTACGC,4
CTTACTTCATTAT,3
CTCCTCTCATCGC,1
TCAACTTACGCGC,0
GAAAGCAACGCCC,0
CGCTGCACTACCC,0
ACCACGATGCAAA,4
CTCTTAATGATTT,6
GGTGGCAACGTTG,3
TGATCGACATGGT,1
AATCATAGTATTG,1
AGCGGCAGTACCA,0
TCCAATATGCCCA,1
AACCATATGCGGA,0
AGTAAGATGGCCT,1
GGAGCGAACGTTA,4
TGGACGACAGCCA,4
ACTCGAACATGGC,3
TAGCGCACATGGC,4
TGCTCGACTACCG,1
GAAACGAGTAGGC,0
TTCAGCCCATAAA,2
GATTGCCAGCAAA,1
CCAGCGCTGCAAA,1
TTCCTACTGCCCC,0
ACTCCGCTGCGGG,0
CGGACGCTGCCCA,0
GAGCGCCTGCGTG,0
CGTGGCCGTACCA,1
GTCCCGCGTAAAC,3
AACCGCCACGAAG,3
ATCATACAGCCCT,1
GATGATCACGGGA,4
CATCATCAGCCCT,1
CTCGTACTGCAAG,5
TATGTACTGCCCT,0
TATGATCCATCCG,2
AGAGATCACGAAT,4
CCTAGCCACGGGC,1
GGTGGCCTGCGGC,3
ACGGGCCTGCCCG,5
GAGTGCGACATTT,3
CTCGCGGTGATCC,1
CGCCTAGTGCTTT,5
ACCCATGACGGGG,2
TACTTAGCATAAA,2
GAGCGCGCATTTT,0
GAATTAGGTAGGT,2
AATCTAGGTAAAC,1
TGAAATGTGCGGT,1
CGGTTAGACGTTG,0
TCAGGCGACGCCA,2
TCGTGCGACGCCA,0
GGCCCGGCATGGT,2
TGCAGCGCATAAC,0
CCTTGCGTGCCCT,1
TCGGATGTGCCCT,1
ACCGCGGAGCCCT,1
TGTGGCGACGGGA,0
CTAACGGACGAAG,3
GCTAGCGGTAAAT,0
CAACATGACGTTA,2
CTATTAGCATCCG,1
AGACCGTTGCGGG,1
CGCGCGTTGCCCC,3
TAAATATGTAGGG,0
AAGTATTTGCGGT,5
ATTGCGTGTATTG,1
CATAGCTGTAGGT,0
TAACTATCATTTG,0
CTTGATTCATCCA,2
GGTCATTCATGGT,2
ACATGCTCATAAC,3
AGTCTATTGCGGA,0
GAGGATTTGCGGA,1
ATTAATTCATCCT,2
GACCGCTCATCCT,0
GATCCGTCATTTC,0
AATCCGTACGAAG,4
GGTAATTGTACCG,2
CCCAATTCATGGC,0
TGTGATTCATCCG,4
ATCGGCTCATAAT,1
TCAATATCATGGC,0
ACCAGCAACGACC,2
CTCCGCACATCAA,1
CGCACGACATACC,1
ATCCCGAGTAGTT,2
TGTTTAATGCACC,1
ACTCATAACGCAC,2
AAGTCGAGTAACA,0
TCTACGAGTACAC,0
TGCAATATGCCAC,1
CGTAATAACGCAG,6
TCTTGCAACGGTC,5
AGAGGCAACGGTC,0
GGAAGCACATTGA,4
ATACATACTACAG,1
CCACATATGCACT,1
AACTGCATGCCAG,0
TATATAATGCCAG,3
GTGTTAAACGGTA,0
TAGAATAACGGTA,5
AGATATAACGGTA,3
CGTTATACATGTA,1
CGCGTAACTACAT,1
AACTTAAGTACAT,2
TTAGCGATGCGTA,1
TGTTCGCCATGTT,0
TACACGCCATGTT,0
CCCCGACACGGTT,0
AGGACGCACGGTT,2
ACATGCCACGGTT,0
AACGCGCTGCACC,2
AAGGCGCTGCGTT,1
GGAGATCTGCTGG,5
GGATGCCTGCACC,5
GACCCGCCATTGT,1
CGCATACCATTGT,3
CCAGGCCACGCAC,4
TCCGATCTGCCAC,6
AGTCGCCTGCCAC,0
TACGCGCTGCGTG,4
TCGCATCTGCTGT,1
TCGCTACCATGTC,0
TGCGCGCCATGTC,5
ATGGTACACGGTC,3
TGCTGCCACGGTC,1
ATTAGCCTGCACT,4
TAATAGCTGCGTC,1
TTCGATCTGCTGA,0
TGGAATCGTAACT,2
TGGTCGCACGTGC,1
CAATATCACGTGC,2
TAGGGCCACGCAT,6
GTACATCAGCGTA,4
GCTGATCTGCGTA,1
TCATCGGGTAACC,0
TCTCCGGGTAGTT,0
CTGAGCGCATGTT,0
ACGTTAGGTAGTG,0
CACACGGTGCCAC,1
GTCCGAGTGCCAC,0
TGACCGGTGCACA,0
GGGTGCGACGGTG,0
TAACGCGACGACA,1
ACCGCGGACGGTG,3
AGCTTAGACGGTG,0
GAGCTAGCATGTG,0
CGAAGCGTGCGTC,0
CTCCTAGACGCAG,0
TTTGGCGCATCAG,1
CGCCATGCATACT,3
CACGGCGGTATGC,4
AGCCCGGTGCCAT,0
GGGCTAGCATTGC,2
GTGTGCGCATCAT,0
CGTGATGCATCAT,1
CGTCTAGCATGTA,2
TATGCGGCATACG,3
CGCCGCTCATGTT,0
GAATGCTCATTGG,4
GGACTATCATGTT,3
CAGAATTCAGCAA,4
CGTAGCTGTAACA,1
CTGGGCAGTAGTG,0
GACTATTACGCAC,1
GCTGATTACGTGT,2
CCGTGCTACGTGT,0
CTGAGCTGTACAG,1
TACCTATCATTGA,3
GCAGGCTCATCAG,0
TCTTCGTCATCAG,3
CGGCCGTACTACT,0
TACAATTACGTGA,0
ATAGTATACGTGA,1
AATAATTTGCACG,0
CGATCGTCATCAT,2
CTGATAACATAGG,1
GAGACGACTATCC,0
GAATTAATGCAGG,0
ACGGTAATGCAGG,3
CTTCGCAACGAGT,2
GCTGATAACGCTG,5
TATCTAAACGAGT,0
ATCGATACATAGT,1
TTCCCGATGCCTG,5
TTGTGCATGCTCT,1
GGATCGATGCGAG,2
CTGGATAACGTCG,0
AGACATACATTCG,0
CCGAGCACATTCG,3
CCCAATATGCTCG,0
GAATCGCAGCCTT,2
TCCGCGCACGTCC,2
TAAAGCCTGCAGG,4
TATCGCCTGATCC,3
TCGATACCATGAC,0
TGTGTACACGTCA,0
GAGTGCCAGCTCA,0
ATAAGCCACGCTG,1
ACATTACTGCAGT,3
ACGCGCCCATTCT,0
ACTGCGCACGCTC,1
AAAGATCTGCTCT,2
CGATTACTGCGAG,3
GTCCCGCGTACTC,0
GCTAGCCGTACTC,1
GATATACCATTCG,0
AAAGCGCACGGAT,0
TTAGGCCACGCTA,0
GCCTGCCTGCGAN,0
TATCCGCTGCTCG,2
TTATATCTGCAGC,1
GATTCGCGTAAGC,0
AGCATAGGTAAGG,2
TCCAGCGTGTAGG,3
ATAGATGGTAAGT,5
ACAGCGGTGCTCA,0
GTCCTAGTGCAGT,6
AACAGCGCATAGT,2
GGTCGCGGTAAGA,2
GTGCATGCATTCT,2
TTCTCGGCATCTC,4
GACGATGCATGAT,4
ACTAATTTGATCC,1
ATCTTATTGCCTT,4
TGATCGTCATGAA,1
GACCATTACGCTT,0
TGTAGCTACGCTT,0
ATCCATTGTAAGT,2
AGCACGTGTAAGT,2
CATGCGTGTATCA,4
CTTAATTCATTCA,4
ATATTATACGAGT,5
GATGCGTTGCAGA,4
ATCATATCATTCT,3
ATAGGCTCATGAG,0
CCATTATACGCTC,2
GTTTTATTGCAGC,1
ATCGTATCATTCG,1
CACCGCTCATAGC,2
AGAGGCTACGCTA,0
CGGTTAACATGCC,3
CTCGCGAGTATAA,3
TGCATAAGTAGCC,3
AAACATATGCTAA,0
TCAGATATGCGCC,0
CCGGTAATGCGCC,0
CCTGCGAAGCCGT,1
AGGAGCACATTAC,1
AATAATACATTAC,4
CGCCCGACATATC,1
CCATTAAGTAATC,2
TGGGCGAACGTAT,1
TACAATAACGCGC,1
AAGTTAAACGCGN,4
TGTTATACATGCG,4
CATCTAACATATA,1
ATTGTAAGTATAT,4
GTTTGAATGCCGC,1
GAAAGCCCATGCC,0
AACGGCCACGTAA,4
GCCTTACTGCTAA,1
CACGGCCGTAGCC,1
TAATATCAGCTAC,2
ACTCCGCACGTAC,0
ATTCGCCTGCCGT,1
GGCGGCCCATATC,0
ATATCGCCATATC,0
CTTCGCCAGCTAG,2
TGTCGCCACGATC,3
GTGATACACGTAG,4
TTTGTACTGCGCT,0
GTTCTACTGCGCT,0
TGAACGCTGCCGA,2
CCGTGCCTGCATC,1
GAACTACGTACGA,2
TTGGCGCCATCGC,1
ATTAATCACGCGC,1
AATATACACGATA,0
CCATCGCTGCTAT,2
AGAACGCTGCATA,2
CCTTATGTGCGCC,1
CTAATAGTGCCGG,3
GTACCGGACGGCC,2
GTTTTAGCATATT,2
CCCAATGCATCGG,1
GCAATAGCATATT,0
TTACTAGCATGCC,1
GGTCGCGGTATAC,1
GACGGCGGTATAC,3
CTCACGGGTAATG,3
TCGCGCGTGCTAC,0
GTTGCGGCATTAC,5
ATTCTAGCATCGT,2
TTGAGCGCATATG,4
CGAGCGGCATATG,4
CCGTATGCATGCA,0
CGAGATGTGCGCG,4
GAAAATGACGATA,1
TACTGCGACGATN,2
CAGGTAGCATCGC,1
CTTAATTTGCTAA,3
AAGTTATACGCGG,0
AGATATTACGATT,2
TGGAATTGTATAC,0
AGCTATTCATATG,1
CTTATATACGTAC,4
CTCCGATACGATG,4
TCTGTATACGGCA,0
AGTAGATACGGCT,5
CAGGGCTTGCATN,1
TTAGGGAAGAGGA,4
CTAAAAAAGAGTT,0
TGTTGGTAGTACT,0
GTCCCATAGTGGG,0
GTAGTCAAGGAAT,1
AAACGATAGAAAT,1
TACCAGAAGAACC,1
CATCAGAAGATCC,0
GTCGCGTAGAAAT,0
AGATCGAAGAACG,2
TGGGTTAGAATGA,3
AGCAAAAAGGGGG,2
TTAGTTAAGGGGT,0
AACATTACTTGGT,2
GGATAAAGAAGGT,0
GATTTTAGAACCA,1
GCGCAAGAGAAAC,4
TGGAGGACTTAAG,1
TGTTGGACTTGAG,1
CCAACCACTTCCT,5
TAGAAAAAGGTTA,1
CTTCTTACTTGGC,4
TCTCGGACTTAAT,0
GGTTAACTCCTTT,1
CGCAAACTCCCCT,0
CCTTAACTCCCCG,3
TTTGTTCGAAAAT,1
GTGCTTGAGGGGG,2
GTTATTGCTTCCC,2
TACTAAGCTTGGG,1
TTTCTTGTCCGGT,0
GTCCCCGTCCGGT,0
GTGATTGAGGGGT,5
CTCTGGGAGGAAC,1
ATATTTGAGGGGT,2
TTCTGGGCTTCCA,0
GCGGCCGCTTTTG,1
GAAAGGGCTTAAG,0
GGCCAAGCTTAAG,1
CCTCTTGCTTTTA,3
AATGTTGCTTGGC,1
GCACGGTGAATTT,0
CCCGTTTCTTAAA,1
AAGTTTTCTTCCC,2
ATTATTTAGGCCC,2
AATCGGTTCCGGT,6
ATATCCTTCCTTG,2
GAGCCCTGAAAAC,5
TGAGAATCTTGGT,1
ATAATTTAGGAAC,1
TCGCTTTAGGTTG,2
GGTGGGTTCCAAG,1
GATGAATTCCTTC,0
GTTAGGTCTTCCT,1
GTGTTTTCTTTTC,0
CCTGGGTCTTGGA,2
TGTCCCTCTTAAT,2
CTGATTTCTTAAT,2
CGCGCCTCTTTTA,0
CCACCCTAGGGGC,0
AATAGGTAGGTTA,0
TCAGGGAAGGGTT,0
GAGAAAACTTTGG,1
CAGGAAACTTTGG,0
TAAGTTAAGGGTG,0
ATCTAAACTTTGT,3
TCTCAAAAGGACT,3
AGTTGGATCCGTC,3
GTGGCCATCCACT,0
AAGGAAATCCGTC,1
ATGGGGACTTGTA,1
AACGTTACTTTGC,0
TGCTGGACTTTGC,0
ACACCCATCCACG,3
TTCCCCCAGGGTT,0
GGCATTCAGGCAA,1
TCTTAACTCCGTT,0
TGGGCCCGAATGG,0
TCATCCCGAAGTT,0
AATCAACTCCGTG,0
CGCGGGCTCCTGT,3
GTTCTTCGAAACA,4
GCCGCCCTCCTGA,2
ATCATTCTCCACT,4
GGCCTTCTCCGTC,2
GTAAGGCTCCGTC,1
GGCCGGCGAACAG,3
TAGGGGCTCCACG,2
GGACTTCTCCTGC,1
TCTCAACTCCTGC,0
TGATCCCGAAGTA,4
AAGAGGGAGGTGG,3
CGGTTTGCTTCAA,0
GCCTCCGCTTACC,3
CTGGCCGCTTCAA,0
GTCGTTGCTTGTT,2
CGTGAAGGAAACA,4
GTTAGGGCTTTAC,0
AGCCTTGAGGTGA,1
ACCAAAGCTTTGA,0
TACGCCGCTTGTC,2
TCATGGGTCCACG,5
CGGGAAGAGGGTA,3
GTTAAAGAGGCAT,3
CGTAGGGCTTCAT,0
CCATAAGCTTCAT,0
TGATGGGCTTCAT,0
AATTTTGCTTTGC,4
ATAGCCGCTTCAT,0
CGTTCCTTCCACC,1
TGACCCTGAAGTT,2
GTTTAATCTTACC,1
AAACAATCTTTGG,1
AAATGGTAGGGTT,2
TCGGTTTAGGGTT,0
CCCATTTGAAACA,3
GGTCTTTGAAGTG,0
TCTCTTTCTTTGT,6
AGATGGTCTTGTG,1
AATGTTTCTTCAC,0
TGTGTTTAGGGTG,0
GAGTTTTAGGGTG,0
CTATCCTAGGACA,4
CTGGCCTGAACAG,4
CCGGGGTGAAACT,3
AAAGTTTCTTACT,2
CGTAAATCTTGTC,1
AATGGGTTCCCAT,1
CCCTAATGAAGTA,1
CTCCGGTGAATGC,2
TCTACCTCTTCAT,2
GGTCAATAGGCAT,0
TGGGCCACTTTCT,1
TCAGGGATCCAGC,2
CGCTAACAGGAGG,2
AGCGGGCGAAAGG,1
TTCACCCAGGTCA,1
TGGTAACTCCTCA,2
AACTAACAAAAGA,1
GTCAAACAGGTCT,0
GTAATTCTCCTCT,2
TGCGGGCTCCCTC,3
AGGCTTCTCCCTA,3
GGTCGGCTCCTCG,4
AACAAACGAAAGC,4
TATAAAGTCCGAA,2
TGTCTTGGAAAGT,4
AAATGGGCTTCTG,1
CGAAAAGCTTCTG,1
TATACCGCTTGAC,3
TAAGGGGGAATCT,0
AAAACCGTCCTCT,1
GGTCAAGCTTTCT,5
GATCTTGCTTGAG,0
TACTGGGTCCTCG,0
CCTTGGGCTTTCG,3
TTATTTGCTTCTA,1
AGCAAATTCCTCC,2
TGCGTTTCTTGAA,4
AACCGGTAGAAGG,4
CGAAAATTCCTCA,3
CTGTAATGAACTG,0
TGTCTTTCTTCTG,1
AGTCTTTCTTAGT,3
GTCGAATTCCAGA,1
TAGTAATTCCAGC,1
TATGTTTTCCTCG,4
TTGATTTGAAAGC,0
ATGAAATCTTTCG,0
CTAGTTTCTTCTA,0
CCTTGGACTTCGG,4
CCAACCACTTTAA,1
GAGCAAACTTTAA,3
CTTCGGATCCCGG,5
CGTGCCATCCTAA,2
CGCTAAATCCCGG,0
CTACCCAAGGATG,4
GCTCCCACTTATC,4
CCCGTTATCCGCT,0
AGTTGGACTTATA,3
GTGTTTACTTTAT,3
ACCCTTATCCCGC,2
CGGTCCCAAAATT,0
TACGAACTCCATT,1
CGCCCTCGAAATT,3
CGTGGGCTCCTAC,3
GTCTTTCGAACGT,0
TGATGGCGAACGT,1
GATCTTCGAAATG,1
CGATTTCCTTATC,0
CTCCTTCTCCTAG,1
GGCGTTCGAAATC,0
ACCGCCCTCCGCG,5
ATGACCCTCCCGC,0
CAAGTTCGAAATA,1
GCCTTTGGAAATT,0
TGTCGGGTCCTAA,3
CATAAAGTCCTAA,1
GATCAAGAGGGCC,1
TCATGGGCTTTAA,5
ATATGGGAGGTAC,1
CTTTGGGGAAATC,2
TAACTTGAGGGCT,2
TATCCCGTCCTAT,0
TGCGCCGTCCATA,1
CCTAGGGAGGGCG,5
TCTTCCGCTTATA,3
CCGATTGCTTCGC,2
CGCCCCTGAAATT,1
CAGCTTTCTTTAA,4
TGCGGGTAGGGCC,3
CTGTAATTCCATG,0
TTCCCCTTCCTAC,0
TACTGGTGAAATG,1
ATTAAATCTTCGT,4
GTGACCTCTTTAC,4
TCTATTTCTTTAC,2
ATTACCTAAAATG,1
CCAGTTTAGGTAC,0
GTACGGTAGGATG,2
CCACTTTCTTGCT,5
GGTCAATCTTATC,0
CACGTTTCTTCGA,0
GGATAATCTTTAG,2
ACGAAATAGGCGA,0
CTAGGGTTCCTAT,2
TCTCGGTAGTGCG,2
GTATGTAGAAGTT,2
TACCACAGAATAC,2
TCAGCAAGAATAC,6
GGCACAAAGGTTT,0
CCCAGTAAGGGGT,0
GGGAGTAGAACCA,0
AAAACAAGAACCA,3
TCAAACAAGGGGA,1
ATTATGCTCCCCC,0
GGTATGCTCCAAA,4
GGGCACCTCCTTG,1
TTAGACCTCCTTG,4
TTGATGCGAACCT,0
GCTAGTCTCCGGC,3
TACGCAGGAATTT,1
CACAACGTCCTTT,3
GCACGTGCTTTTT,0
GTTAGTGGAAAAC,1
AATAACGTCCTTG,3
TGTTCAGAGGCCA,3
CCGGTGGTCCCCT,5
GTTTACGAGGCCT,5
GAACCAGAGGTTC,2
TTCACAGAGGCCT,0
ACGCGTGAGGCCT,0
GGTGCAGGAAGGC,5
CCATCAGGAAGGC,0
GTCAACGAGGGGC,0
CTACCAGCTTCCG,2
TTTAACTCTTGGG,0
GCGTACTCTTCCC,1
GTTGTGTAGGAAA,2
AGCGCATTCCTTG,0
CGGCACTGAACCA,0
TCCAGTTCTTCCA,0
TCATACTCTTCCA,1
TACGCATCTTAAC,2
CTCCGTTTCCGGA,2
GAAACATCTTGGA,0
TCGGACTAGGAAG,1
CTTATGTCTTTTA,0
TACGCATCTTCCG,0
TACGACAAGGGTT,2
CGACCAAAGGGTT,3
CTTCGTACTTCAA,0
AATTGTACTTGTT,0
CGGAACAAGGACA,1
CTGTCAAAGGCAC,0
AACGACAAGGGTG,0
TCGGTGACTTGTG,0
CATCACACTTCAC,0
GCATCAATCCTGA,1
CGTGGTACTTGTA,0
CTCCTGACTTACG,0
GGTCACATCCTGC,1
TTGTGTCAGGGTT,0
AGTTACCTCCTGG,2
AGTCTGCTCCTGG,3
ACTGCACTCCCAA,1
GCTCTGCTCCGTT,1
AGCGCACTCCCAA,1
GTGCACCGAAGTT,0
ATGCTGCGAAGTT,2
TGTACACTCCGTG,2
GATACACTCCCAC,3
GCTCGTCGAAGTG,1
TCACACCAGGGTC,4
GGTCACCAGGACT,2
GAAGCACTCCCAG,1
AAAGTGCTCCTGA,0
CCGACACTCCACT,4
GGGGCACGAAGTC,0
TTTGGTCTCCTGC,2
TGCAGTGGAACAA,0
GATATGGGAACAA,0
GAGCACGTCCCAA,4
TATGACGTCCGTT,2
CGTAACGAGGGTT,2
GTATACGAGGGTT,0
ATCGCAGAGGCAC,2
GGTTCAGCTTGTG,0
GATGGTGCTTCAC,0
TGCTACGCTTTAC,4
TCGCTGGCTTGTG,0
GGGACAGTCCCAG,1
GGCGGTGTCCCAG,0
TGAATGGCTTCAG,0
TGCACAGCTTGTC,0
CAGATGGGAAGTA,4
TCAACAGTCCGTA,0
GCATGTGAGGTGC,0
CCAAACGCTTACG,1
CACCCAGCTTGTA,0
CGTAACGCTTCAT,0
GGAAACGCTTTGC,0
AGCGTGTTCCGTT,2
TGGAGTTGAAACC,3
ACGATGTCTTGTT,2
ATACGTTCTTCAA,0
GATCTGTCTTGTT,1
CCGAACTAAACAA,4
TGGACATTCCACA,2
GCGCTGTGAAGTG,5
GTTGCATCTTCAC,0
AAATTGTCTTGTG,0
TCTGACTCTTCAC,4
GCGAGTTAGGTGT,3
GAACCATAGGGTC,3
CTGAACTTCCACT,2
TCGGGTTTCCCAG,0
AAGTACTTCCTGA,2
GTACACTCTTGTC,0
GATCGTTCTTACT,4
CCCCCATAGGTGA,1
TGAAACTAGGCAG,2
ATACTGTAGGGTC,5
TGCTGTTAGGGTC,0
CCTTGTTTCCACG,0
TGGAACTCTTTGC,1
CTGGGTTCTTGTA,4
ATGCACTCTTGTA,2
ATTAACTAGGTGC,2
ATCAGTTAGGACG,4
TGCTTGTAGGGTA,2
TAACCAACTTCTT,2
GAGAACACTTCTT,0
TGGTGTAAGGTCA,0
AGACTGATCCAGT,4
CTAGACAAGGTCT,2
AAAAGTAAGGTCG,1
TGATGTACTTTCG,0
GAGGTGCAGGCTT,1
AACAACCTCCTCC,0
AAGAGTCAGGCTG,0
TAAGCACTCCAGT,3
AACGTGCTCCAGT,5
AAGCCACTCCTCA,0
GTGACACGAAGAG,2
AGACCACGAAAGA,0
AGGTCACGAATCG,3
GAGGTGGCTTTCA,2
TGTCGTGAGGAGA,5
GAGGTGGAGGCTC,2
ACTGACGAGGTCG,1
GGACCAGCTTAGC,0
GCACTGTGAATCC,2
GCCACATCTTCTT,0
GGTAACTCTTGAA,1
GTCGCATTCCCTG,2
TCTACATCTTTCA,1
GCGTGATCTTCTG,2
GGGGGTTTCCAGA,1
CTGGACTTCCTCT,3
ATGTCATGAAAGA,1
TTTCTGTAGGGAG,3
AACGACTAGGTCG,1
AATAGTTAGGAGC,4
CGGGACAAGGATT,4
TCAGGTACTTTAA,0
CATAGTATCCATT,3
CGACCAAAGGATG,1
TAAACAACTTTAC,3
GAGAGTACTTCGT,0
GAATGTATCCCGT,0
GTCTTGATCCTAC,0
GCGAACACTTCGA,1
CTGCGTCAGGCGG,0
CGGTCACTCCGCC,2
CATCGTCAGGGCA,4
GCGAGACTCCATG,1
CTGGTGCGAACGT,3
CATGACCCTTATC,2
CCGTGTCAGGATA,1
TATGACGAGGCGG,2
AGGCACGCTTATT,1
GAGACAGCTTCGG,0
TGCCTGGCTTTAA,1
GAAAACGGAAGCA,4
GTGGACGTCCTAC,2
AGGGCAGAGGCGT,0
CGAAAAGAGGCGT,2
AGAAGTGCTTTAC,5
TTACTGGCTTTAC,0
CTGGCAGGAATAG,1
GGTGACGAGGGCT,5
ATCGACGAGGCGA,0
AAAAGTGCTTATC,0
AAACCAGCTTGCT,1
AAGTTGGCTTATC,2
GGCGCAGCTTTAG,0
AGGCACTTCCTAA,2
CGACCATTCCATT,3
CCGAACTTCCCGG,1
GACCACTGAAATT,0
GCGTACTGAACGG,2
CGTCCATCTTCGG,0
TCTTTGTCTTATT,0
GTGTGTTAGGCGG,0
ACGGACTTCCGCA,1
CAGAGTTGAACGT,2
GATCCATCTTCGT,0
ATACACTTCCCGA,0
ACCCGTTGAACGA,3
GGCCGTTGAAATC,0
ACCCCATCTTATC,3
CAGAACTCTTCGA,0
TCTCTGTCTTATC,1
ACGACATCTTTAG,2
CCCCGTTAGTATC,5
ACGACATTCCCGC,3
GTTCGTTCTTGCG,2
TAATTGTCTTTGC,4
GGGCCATCTTATA,5
CGTCACTAGGTAT,1
AAATGAATCCGGG,4
GCTATCAAGGCCA,2
AGCCAGACTTAAC,5
GCATGAAGAACCA,0
ACGAGAACTTTTC,1
GAGTTCATCCGGA,5
CGACCTATCCGGA,0
CATGAGATCCAAG,3
GTAGAGAGAAGGC,4
CTACGAATCCGGC,0
AGGATCCAGGTTT,1
CCATCTCAGGCCC,0
AACAGACTCCTTT,2
TTTCGACTCCCCA,0
TTACAGCAGGGGA,0
TGCAGACTCCGGC,1
TGCGGAGTCCTTC,1
CGATGAGAGGGGT,1
GTTCGAGCTTCCA,1
GTGTCTGCTTTTG,5
GGTAAGGCTTCCA,1
CGTACTGCTTCCA,1
GAGATCGAGGCCT,3
TGTACTGCTTTTC,4
ATCGAGGCTTCCT,0
GCTGTCGTCCTTA,2
AACCCTGCTTGGC,4
GGAGCTGCTTCCG,4
CCTATCGCTTCCG,1
TGTCCTTGAATTT,2
TACCAGTCTTCCC,1
GAGTTCTCTTGGG,0
CGCTGATCTTCCC,0
AGTCGATTCCGGT,1
GTAAAGTGAAAAC,1
CCAGGATCTTCCA,5
TTCAAGTTCCTTC,1
ACCTTCTCTTGGA,0
GCCCCTTAGGGGA,0
TAATAGTAGGGGA,0
TGTTAGTAGGAAG,4
GCTGAGTTCCGGC,0
CTACCTTCTTGGC,0
TCGAAGTCTTTTA,2
AAATTCACTTGTT,2
AGCTCTACTTACC,3
GATGCTATCCGTT,0
CGCAGAAAGGTGT,3
TTTATCACTTTGT,0
TGTGCTACTTGTG,0
AGAGGAACTTTGT,0
GATGGAACTTACA,3
TGAAAGATCCGTG,0
AAATCTAAGGGTC,0
CTCGGAAAGGTGA,4
TAATCTACTTACT,0
TTCGAGACTTACT,2
CGAACTCTCCTGT,3
ACCAAGATCCGTC,1
TAGCCTAAGGGTA,0
TCGTTCACTTACG,3
CAAATCAGAACAT,0
TCTAAGATCCGTA,2
GTCAGACAGGGTT,2
GGCCTCCAGGTGG,2
AGGCGACTCCACC,2
AGCAAGCTCCACC,0
TAACGACGAAGTT,0
AAATCTCTCCACA,1
TGCGGACTCCGTG,0
CTATTCCTCCCAC,4
ACAAGACGAATGT,0
AAGTTCCGAATGT,0
GTGAAGCAGGACT,2
CCGCAGCTCCTGA,0
AAACAGCGAACAG,0
GTTGAGCAGGGTA,3
CGGAGACAGGTGC,4
TCCAGACGAAGTA,0
TATCTCGTCCTGG,4
TCACTCGAGGTGG,1
CCAGAGGCTTTGG,2
CATAGAGCTTGTT,3
CCCATCGTCCACA,2
TTAACTGTCCACA,0
GCAGAGGAAAACA,4
ATACTCGCTTCAC,2
GTATTCGGAAACT,1
CATGAGGAGGGTC,1
CTATTCGCTTTGA,2
AGTCGAGGAAGTA,1
CCAGAGGAGGCAT,1
GCAATCGCTTGTA,4
CAGGTCGCTTCAT,2
CTAGTCGCTTCAT,1
ATCGTCTGAAGTT,2
GCCAGATCTTCAA,2
GTAGCTTCTTTGG,2
CCACCTTTCCACA,2
ACAGCTTTCCTGT,2
TAAAAGTGAAGTG,3
GTTCAGTTCCCAG,3
AAGTCTTTCCTGA,2
AACCCTTGAAACT,1
ACCACTTCTTTGA,0
ACTGTCTCTTCAG,2
ACACGATCTTCAG,1
GGCCCTTCTTCAG,0
ACCATCTAGGGTC,0
CCTACTTTCCTGC,2
TTAGTCTTCCACG,3
CCCGTCTGAAGTA,3
CACGAGTGAAACG,0
AACCAGTCTTGTA,0
TGCGAGTCTTGTA,4
AGCGCTTCTTGTA,1
GTTCAGTAGGGTA,4
CTGTCTATCCGAA,4
TGCATCATCCCTT,1
TGCTCTACTTTCA,2
ATCGAGATCCAGT,5
CCTCTCAAGGAGC,1
AGAGTCACTTAGC,0
AGCAAGCCTTAGT,2
CAGCTCCAGGCTG,5
GCGGTCCAGGAGT,1
CAAAAGCTCCTCA,4
GATAAGCTCCAGT,5
TACGAGCGAAAGT,0
TTGACTCGAACTC,0
TCCGGACGAAAGC,2
TATTTCGGAACTT,3
TTTGAGGCTTCTT,2
CTTGTCGTCCTCA,1
AACCCTGCTTTCA,0
GCACGAGCTTCTG,3
CCGACTGGAATCT,0
ACGTTCGTCCAGA,0
AGTCGAGCTTCTC,1
CTCTTCGCTTTCT,1
AGCATCGCTTTCT,2
ATGCAGGTCCAGC,3
GCGGCTGTCCTCG,5
GCTCGAGAGGAGC,4
CGGACTTTCCTCC,1
TTACCTTAGGCTT,3
GCGGTCTTCCAGT,1
ATACGATGAACTG,2
GTCTTCTTCCCTC,4
GCCTCTTGAACTC,0
AAAGGATCTTCTC,4
ATGCGATAGCAGA,0
TTAGAGTTCCAGC,2
ATAATCTAGGTCG,3
GGCACTACTTTAA,1
CGTATCAAGGCGT,0
TTTCAGAGAACGT,0
AAAGGAATCCCGT,0
GTGCTCATCCCGT,1
TCCCTCACTTGCG,1
CTACCTACTTGCG,0
CTTGCTCTCCTAA,1
CCTCCTCTCCTAA,3
TCTATCCTCCTAA,3
CGGTCTCAAAATG,1
GGATTCCTCCGCA,4
CGATTCCTCCTAC,0
ATTACTCGAACGT,6
TGCAAGCGAAATG,0
CCGAAGCAGGATC,2
CAATCTCTCCGCT,3
ACATTCCTCCCGA,0
TACGAGCAAAATA,0
TAGTTCTCTTCGN,0
CTAGTCCTCCGCG,0
AGGTAGCGAAGCG,0
CGGCCTCGAAGCG,3
TGACGACGAAGCG,0
AACGAGGCTTATT,0
CGAATCGCTTCGG,0
CCTAAGGCTTTAA,1
GATCAGGTCCTAC,3
CTCCCTGCTTTAC,3
TTACTCGGAAATC,5
TTCAAGGTCCCGA,4
ACAATCGAGGCGA,0
CTGGTCGCTTTAG,3
ATCATCGCTTATC,2
TTTGTCGCTTATA,4
ACCACTGCTTATA,3
CCTTCTGCTTTAT,0
ACTGGAGCTTATA,1
AAGTAGTTCCATT,1
GCACCTTGAATAA,1
CTTGGATCTTTAA,4
TCCGAGTCTTGCC,1
GAATAGTCTTTAA,1
CCGGAGTCTTATT,3
AGGATCTAGGATT,0
TTGGCTTAGGATT,0
AGATGATTCCATG,0
CATCAGTTCCTAC,0
CAAGGATCTTATG,3
TGGTTCTAGGATG,0
TCACCTTGAAGCT,0
TCTGTCTGAACGA,0
GTTCCTTCTTCGA,1
CAGTCTTCTTGCT,1
TAGCTCTCTTATC,2
ATAGTCTCTTATC,5
TCGTGATAGGATC,0
CTATAGTGAACGC,3
CGGATCTAAATAT,2
TAACGCAGAAGTT,1
GACCCGGGAAAAA,0
CCGAATAAGGGGG,3
TGGGTAACTTTTT,4
TCATCGACTTCCC,1
CGTTGCATCCTTT,1
CTCTATATCCGGG,1
GTCAGCAAGGGGT,2
CCACATATCCGGT,1
CACGCGACTTCCT,3
GTAGCGACTTAAG,2
GCAATAATCCGGC,1
ACCACGCAGGGGG,0
CGCGCGCAGGAAA,1
TGAGCGCTCCTTT,0
TGCAATCTCCCCA,1
TCGGTACGAAGGT,0
ACCGGCCTCCTTC,3
CGATTACTCCTTC,0
CGTCCGCGAAGGA,2
TCCTTACAGGTTA,3
AACGTACAGGGGC,4
CGAGTACGAACCG,3
CCGGCGGTCCTTT,2
GTTCCGGAGGAAA,1
GCTCCGGAGGGGG,4
TGGTGCGCTTAAA,2
AGGATAGCTTCCC,2
GACTGCGCTTCCC,2
CAGGTAGTCCAAC,2
AAGGCGGAGGGGT,1
GCGGATGAGGAAC,1
GAGCTAGCTTCCA,3
TGGCATGAGGTTC,3
AACACGGCTTCCT,2
CGAATAGCTTGGA,1
ATACTAGCTTGGA,1
GTTCCGGGAATTA,1
CCCTCGGTCCAAT,0
GAGTGCGTCCGGC,0
GACACGGCTTGGC,0
TTGGATTCTTAAA,1
GCGTTATCTTCCC,1
GACCGATAGGTTT,0
ATGGGCTTCCGGT,2
CCCATATCTTTTG,2
AGTTTATCTTCCA,3
CATCATTCTTTTG,0
GAGTATTTCCCCT,4
GCCCTATGAATTC,2
AATAGCTCTTCCT,0
CGTAGCTTCCAAT,5
TATGTATTCCTTA,0
CCCACGTGAAGGC,0
AACTATTGAAAAT,0
GTTACGTCTTAAT,0
TCAAGCTCTTCCG,3
TACGCGTCTTGGC,3
TCTTGCTCTTCCG,2
AGACCGTAGGGGC,0
TCGACGAAGGGTT,2
ACGTATACTTTGG,3
AGGCCGATCCTGG,1
TCCGATATCCACC,0
CTGCTAATCCACC,3
CATGGCATCCACC,0
CATAGCAAGGCAC,3
CGTGGCACTTACA,0
CGTCCGACTTGTG,3
AAGCTAATCCGTG,0
ACGCCGATCCACA,1
CTGCGCAAGGGTC,0
GCCGGCACTTGTC,3
AAGGATACTTTGA,1
CCGAGCACTTGTC,2
GCTCTAATCCCAG,0
TATTATATCCGTC,3
CGCATAATCCGTC,0
ATGAGCAAGGTGC,1
TAACATACTTGTA,3
AATAGAACTTCAT,0
TCCTATATCCACG,2
AATAGAATCCGTA,5
ACCACGCCTTTGG,0
AAACTACTCCTGG,1
TGGTATCTCCCAA,0
TGTCGCCTCCGTT,0
TTATGCCTCCTGG,1
CTGTCGCGAATGG,5
GGCACGCGAACAA,0
CCCTCGCAGGGTG,1
CCTCGCCAGGGTG,0
CCCCATCTCCGTG,0
TACTATCTCCGTG,0
GGACTACTCCACA,2
CTCAGCCTCCCAC,1
GAGCGCCGAAGTG,1
TCGTCGCAGGTGA,4
CTTCTACTCCGTC,0
TCATGCCTCCGTC,5
TCTGGCCAGGGTA,3
CGAAGCCTCCGTA,1
TAAGATCTCCACG,4
TTTATACTCCTGC,1
GCGGTACTCCCAT,3
ACGATACTCCCAT,2
GGCGTACTCCTGC,0
CACAATCGAAACG,0
TGTGTACGAATGC,3
TTACTACGAACAT,0
GTCCGCGGAACAA,2
CAAGATGAGGGTT,1
TCTGCGGAGGTGG,2
TAGCCGGAGGGTT,3
AGAAGCGCTTCAA,1
TGCCCGGCTTCAA,3
ATATGAGCTTCAA,1
ATCACGGTCCGTG,2
AGGGTAGCTTACA,0
CTGGTAGCTTCAC,1
TGCGATGCTTCAC,0
CCACCGGTCCGTC,1
CTCAATGTCCACT,2
TCCGGCGCTTGTC,0
CCAAATGCTTGTC,0
GATCGCGCTTCAG,2
TAGTTAGGAACAT,0
GTACATGGAAGTA,0
TCCCGAGCTTGTA,0
GTTGGCGCTTTGC,2
CACCTAGCTTTGC,0
GCATTATTCCGTT,2
CACACGTGAAGTT,0
CCAGTATGAATGG,2
TCAGATTGAAGTT,0
ACCTCGTCTTGTT,0
TCGTCGTCTTGTT,4
TATTGCTGAACAC,3
CTATGCTGAAACA,1
TAAGTATAGGGTG,5
GAAGTATGAAGTC,0
AATACGTGAAACT,4
GTGTTATCTTGTC,1
ATACCGTCTTACT,2
GTTCCGTTCCGTA,0
CAAAATTTCCTGC,0
GCCAATTCTTGTA,0
CCTCGCTCTTGTA,2
AAGCTATCTTACG,2
TGCCCGTCTTGTA,2
TTAAGCTAGGGTA,1
TGCATATAGGCAT,3
AGCTATTAAAACG,0
TCAAGCACTTAGG,3
CGATATACTTCTT,1
TCTGATATCCAGT,2
AACACGAAGGAGA,4
ATCATAACTTAGA,0
ATTGATCCTTCTT,2
CAAGATCAAAAGG,0
TAGATACAGGAGG,2
TACATACTCCAGG,1
ACGTGCCTCCAGT,0
GATCATCTCCAGA,1
TTCCCGCGAAAGA,0
GCACGCCTCCCTA,0
TGTTATGTCCTCC,1
GGCCCGGCTTTCA,2
CCTATAGGAATCT,2
ATTAATGTCCTCT,1
GAGCCGGTCCTCT,1
GGATCGGTCCAGA,5
AACCTAGAGGTCT,2
GGGTGCGCTTTCT,0
TCTTGCGCTTTCT,0
ACGGCGGCTTAGA,3
AGATTAGGAAAGC,1
TGCCGAGTCCCTA,1
CTAGGCGTCCAGC,3
CTGTATTCTTGAA,1
TGCCGCTCTTAGG,3
AATATATCTTAGG,3
CTTCTATCTTTCA,4
AACAGCTCTTGAC,1
TGGCCGTAGGAGT,4
CATCCGTAGGAGT,0
AGGAGCTCTTGAG,0
ATCGTATCTTCTC,1
ATACGCTCTTCTC,1
GCGATATTCCAGC,3
TAGTATTGAATCG,1
CGCTGCTAGGCTA,3
TTTCGCACTTATT,4
CAACATACTTCGT,2
CACCCGACTTATG,0
CGCACGAGAACGT,6
TAACTAATCCTAC,0
GTCGCGACTTATC,0
GTAACGATCCGCT,0
TCGACGATCCATC,0
CAGTGCAGAAGCG,2
AGTGATCAGGATT,1
CGCCATCTCCATT,0
AATGCGCTCCTAA,3
TAGTTACGAATAA,1
GTTATACTCCATG,0
GACCCGCTCCTAC,4
CTTGTACAGGATC,4
GTAACGCAAATAT,0
ATAGATCAGGCGC,0
GGTATACTCCATA,2
ACGGATCTCCCGC,2
AATGGCCTCCTAT,0
CGGCTAGGAAATT,1
GATGGCGGAACGG,0
TTGCTAGAGGGCC,2
GCCAATGCTTCGG,6
CCGAGCGCTTATT,2
GTTGATGAGGTAC,4
GACAGCGAGGGCT,1
TGGGTAGCTTCGA,3
GTCTGCGCTTCGA,0
TCGAATGAGGGCG,2
CTATTAGCTTCGC,4
AATACGGCTTATA,0
TTTTATTGAGATT,1
AACCGCTCTTGCC,0
AACAATTAAAATT,2
AGTCTATAGGGCC,0
CCTCATTAAATAA,5
CGTATATAGGCGG,3
GTATCGTTCCGCA,0
GACGATTCTTTAC,0
GACGCGTCTTATG,0
ATAATATCTTTAC,3
CTGTCGTAGGCGT,1
GCATGCTAGGATG,0
GATCATTTCCATC,0
AAATTATGAAGCT,3
TACGATTGAAGCT,5
CGCCATTGAAATC,1
CAGAGCTGAAATC,0
ATTTTATCTTTAG,4
GCCCGCTCTTCGA,4
GCTTTATCTTCGA,0
GAGTTATAAATAG,0
CTCAATTAGGTAG,2
CTCTGCTAAATAG,3
CGGTTATCTTTAT,2
TAACTTAGACGGT,1
GTGGAAATCACCT,1
CTATTTACTGGGC,0
GCCAGGAGACTTA,0
TTTCTTAGACTTA,1
TAGCTTCCTGGGG,1
CACATTCTCATTT,0
GGTATTCGACTGG,0
TGGCGGCAGTGGT,1
AAGGGGCTCAGGT,4
GCCATTCTCAAAG,0
TAGGAACTCAAAG,0
TAGCCCCGACGGA,0
ACAAAACAGTAAT,0
CTGAGGCAGTAAT,1
TTTTGGCTCACCG,1
GACAGGCGACAAT,1
CTTGAAGGACGGG,1
TAAAGGGAGTGGG,0
TGCCCCGAGTAAA,0
ACATAAGTCAAAC,1
TAGACCGCTGAAC,3
TTCTCCGCTGGGT,0
GGGGAAGGACGGA,0
TCCTAAGGACGGA,4
AAGTGGGCTGCCT,3
AGATTTGCTGCCT,0
GGGGGGGGACTTA,2
ATGTTTGGACGGC,0
ACGGAAGGACGGC,0
AAATAATGACAAA,1
GGTCCCTGACAAA,5
TCGTCCTGACTTT,2
GAACCCTCTGGGG,1
GCAGGGTAGTCCC,2
CCATGGTTCAAAC,0
CGTAGGTTCAAAC,1
GGTACCTCTGCCA,0
AGCCCCTCTGGGT,3
ACCTTTTAGTGGT,0
TGCGGGTAGTAAC,0
AGTAGGTTCATTC,2
AGAACCTAGTCCT,4
CTTGGGTGACCCG,0
ACGAGGTGACGGC,0
CCCGAAAGACCAA,0
GCATGGAGACCAA,1
GAGCTTAGACTGG,2
AGTGGGACTGTGT,1
ATACCCAGACACA,2
CCAAAAATCAGTG,0
ATGACCACTGCAG,1
ACGACCACTGTGA,1
AACCTTAGACCAG,0
GATGTTAGACCAG,0
TCGGCCATCATGA,0
ACGGTTAAGTCAT,3
CTTCCCAGACGTA,2
GACGTTAGACTGC,0
AACCGGATCACAT,6
CCATTTATCACAT,2
TCACGGCTCAACC,0
TCAGAACTCAGTT,1
TGCATTCGACTGG,3
GACGTTCAGTGTG,0
AGGCTTCTCATGT,2
ACAATTCTCAGTG,0
TCCGCCCGACGTG,2
GCTCTTCGACGTG,3
GGATTTCGACTGT,5
CTTGTTCAGTTGA,0
TCTGGGCAGTACT,0
TGCAAAGTCAGTT,2
GATAGGGGACTGT,5
AGGAAAGTCATGT,3
AATCCCGCTGCAC,0
GCAGAAGAGTACT,4
CATTAAGAGTACT,3
GAAGAAGCTGACT,2
GTCCCCGGACGTA,0
TTCGAAGGACGTA,4
CCGGCCGGACGTA,0
AGCTCCGTCAGTA,0
GTTAAATTCAACC,0
GTGGCCTGACACN,4
AGCGTTTGACGTT,0
ACGGGGTCTGGTT,1
TGCTGGTCTGTGG,3
CTTCAATTCAACA,0
AGATCTTCTGGTG,4
ACTAGGTCTGGTG,3
GTTCAATAGTACA,4
GCACTTTGACGTC,3
TAAAGATCTGTGA,4
AGTCTTTAGTGTC,2
ATAATTTTCAACG,2
AAGGCCTGACCAT,0
TTTTGATCTGCAT,0
ATTGCCAAGTTCC,0
GTACTTACTGCTT,4
CTAAGGAGACCTT,2
TTACCCAGACCTT,4
AGTATTAAGTTCA,0
GAATGGAGACAGT,1
AAGATTATCATCA,0
TACGGGACTGGAT,4
CCCACCAGACTCG,4
ACACGGAGACAGC,2
GTCAAAAGACTCG,1
ACATGGCGACAGG,0
GCACGGCAGTAGT,3
GAAAGGCTCAAGT,3
CTCCCCCGACAGT,5
AGAGAACAGTAGA,0
CGGTCCCTCAAGA,4
ACTATTCTCAAGA,1
CGCATTCGACTCT,2
TATGTTCAGTAGC,0
GTCGTTCTCACTA,1
ACTCAACGACTCG,2
ATAAGGCGACAGC,1
AATAAAGGACCTT,0
CGGCGGGCTGAGG,3
CTGAAAGCTGCTT,2
AGGCTTGTCATCA,6
GGCGTTGAGTTCA,0
ATGGTTGCTGTCA,0
CGCCTTGCTGCTG,0
GATATTGAGTTCT,0
TACCAAGAGTTCG,2
TGTACCGCTGTCG,0
GGATTTTAGTAGG,1
CCAAGGTTCATCA,2
AACAAATTCAAGT,0
AGCCGGTCTGCTG,4
GACGTTTGACTCT,0
TATCCCTGACTCT,1
ATAGCCTGACTCT,2
GGACGGTCTGCTC,1
TCTAGACAGTTCT,2
CATACCTACAAGA,0
ATGTTTTGACTCG,5
TACGCCTCTGCTA,0
AACCCCAGACGCC,0
AGTGCCAGACATT,3
GAGTCCAAGTATG,3
AACCCCAGACATG,0
ATAAAAAGACCGT,3
CATTGGAGACTAC,0
GATGAAAGACCGT,1
TAAGGGACTGGCT,4
CTTCAAACTGCGA,2
CGTCAAACTGATC,0
ACGTGGAGACCGA,3
ACTCCCAGACATC,2
CCCATTATCAATC,1
TGGGAAAGACATA,1
ACATAAAGACGCG,4
GAGGCCAGACGCG,2
CTGACCCAGTCGG,3
CCCCCTCTCAATT,0
TCCGTTCTCAGCC,3
ATGGCCCTCATAA,0
ACCTCCCTCATAC,1
ATCTTTCGACATG,3
GGGGGGCAGTATC,0
GCGCTTCGTGTAG,3
TACCCCCAGTCGC,2
CGTGAAGGACTAA,2
GGTGCCGGACTAA,0
CGTTAAGCTGATT,4
TTAAGAGTCAATG,0
CCCACCGCTGTAC,1
CTGCTTGCTGCGT,2
CTAAGGGCTGGCA,2
TGCGAAGCTGTAC,3
GGTGGGGGACGCT,2
GCGACCGTCAATC,0
CGAGCCGAGTTAG,3
GCCAGGGCTGATC,1
TTTATTGCTGATC,1
TCATAAGCTGATC,3
TTTGTTGGACATA,0
ACCATTGGACCGC,3
CACAAAGCTGATA,1
CAATGGTGACTAA,0
GCCGCCTCTGTAA,2
AAGCGGTCTGCGG,3
ATCGCCTCTGGCC,1
GGAGCCTTCAATG,1
CTAAAATGACATG,0
CCTGAATGACCGT,0
GTGTAATCTGATG,0
CCTGTTTCTGGCA,1
AACATTTTCACGA,0
ACTCTTTGACTAG,5
TACTAATCTGTAG,4
CTGCAATCTGGCT,0
TTCTGGTCTGTAG,3
AATGCCTCTGGCT,2
CCCCCCTAGTATC,0
ATGGCCTAGTTAG,0
CAGATTTTCAATA,1
AGGGTTTCTGGCG,0
CTATTTTCTGCGC,2
GGCTTTTAGTGCG,0
CCATACACTGGGG,3
CTCCGTAGACGGG,3
CCCGACATCACCC,1
GCCGCAACTGTTG,1
GGCCGTAGACTTG,0
ATGAGTATCAAAC,1
TGCCTGATCACCA,6
CCTAGTAAGTTTC,0
GCAATGAGACGGA,2
ATGAACAGACCCT,4
CGACCAAGACGGA,0
TCCGCAATCACCT,3
TCACTGAAGTGGC,5
GCTCTGAGACGGC,0
GCTCGTATCAGGC,3
CGCTACATCACCG,1
TTGTACCAGTAAA,3
TACAGTCTCAAAA,0
CTAGCACTCAAAA,0
TTCTCACGACAAC,0
TCAATGCAGTTTC,1
GCCGTGCTCATTC,1
TTGATGCGACTTC,4
AAGCTGCGACCCT,1
AACGCACTCAGGC,2
TATTTGCGACTTA,0
AAGTGTGGACTTT,1
TGATCAGCTGGGG,0
CTCCGTGTCAGGT,3
CTGATGGAGTGGT,1
GAGAGTGGACAAG,1
TATTACGGACGGA,0
GGGACAGCTGGGA,0
TACCACGCTGGGA,1
TTTTTGGGACGGC,2
CCTCACGTCAAAT,0
TGGGGTGCTGCCG,3
TAAACAGCTGTTA,0
CGATCAGCTGGGC,2
GAATCATTCAGGG,1
CGTGGTTGACCCC,0
GGCTGTTCTGGGG,1
ACCATGTACAAAA,1
CCCTGTTAGTCCC,5
TAACACTTCAGGT,2
GCCATGTTCAAAC,1
TAGGTGTTCAAAC,0
CGACACTGACTTG,1
AACGACTGACTTG,3
CGTGACTCTGGGT,0
ATGCCATCTGTTG,3
CCTGTGTCTGTTG,1
ATGTACTAGTTTG,2
AAGTGTTAGTGGT,0
ACTCACTAGTCCA,1
GGCGTGTAGTGGT,2
GATTGTTGACAAG,1
TTATCATCTGTTC,2
CCGTCATAGTAAG,0
GTACACTGACAAN,0
TCCTACTCTGGGC,1
CGTGTGACTGGTT,0
CTATCAACTGCAA,3
TTCATGAGACGTT,1
AGGACAACTGTGT,2
AGGAACAGACACA,3
AAAGCAAGACTGT,1
ACAGTGATCAACA,5
ATTAGTAAGTTGA,0
TGAGACACTGGTC,3
TTGTCAAGACGTC,2
TGGTCAATCAGTC,0
GGAAACATCAACT,0
ATGTCAAAGTTGC,2
AGCGACAGACCAT,3
CCGGACATCAACG,0
GAATTGCAGTGTT,3
TGGGTGCTCACAA,1
CCAATGCTCAGTT,0
TACAGTCTCAGTT,0
GGTGCACGACCAA,0
ACCGCACAGTGTG,5
CGCACACAGTGTG,4
TCTGCACTCAGTG,0
TTACTGCTCATGT,1
AAATACCGACTGT,6
AGAATGCGACTGT,0
CCGGACCCTGGTC,0
ACTATGCAGTGTC,1
CTGTTGCTCAACT,3
ACTTTGCAGTTGC,0
CCTCACCGACGTA,0
CCGCTGCGACACG,1
TTGATGGGACGTT,1
ATCAACGGACGTT,1
GCTCGTGAGTGTT,0
CCAAGTGGACTAC,0
GCCGTGGAGTTGT,4
ACACTGGAGTCAC,0
GATCACGAGTCAC,1
CCATGTGCTGCAC,0
TCTAGTGCTGCAC,2
AGCCTGGCTGCAC,1
ATATCAGCTGACA,3
GAACTGGCTGTGA,2
ATAAACGCTGGTC,0
GGCGCAGCTGTGA,2
ATGTCAGGACCAT,6
TTCTTGGTCAGTA,0
ATTGACGAGTACG,1
CTGGCAGAGTACG,0
AGTCGTGAGTCAT,0
AGCAGTGAGTGTA,0
TGCGACGCTGGTA,0
ACTCGTTTCACAA,1
TCGTCATTCAGTT,3
CAGTTGTCTGCAA,2
AACGTGTAGTGTT,5
AGCCGTTTCAACA,0
AATACATTCAGTG,2
CCCATGTGACGTG,0
AGACGTTCTGACA,0
ATAAACTCTGACA,0
CCGCACTCTGCAC,0
GATTACTAGTGTG,1
GGCATGTAGTCAC,0
GGGGTGTTCAGTC,0
ATGTACTCTGCAG,2
TTGATGTCTGTGA,0
CACGGTTCTGACT,0
TGATTGTCTGCAG,1
CGCATGTAGTGTC,2
TTTCGTTTCAGTA,0
CAGATGTGACTGC,0
ACCCGTTAGTGTA,2
GGTGACTAGTACG,0
TCAGTGTAGTGTA,1
GGAGACTAGTTGC,2
CACCACAGACCTT,0
CCGGCAAGACCTT,1
GTACACAGACCTT,1
GGGGTGAGACAGT,0
GGTTCAAGACCTG,0
TCTAGTAGACGAC,5
AGACCAAAGTCTC,3
GTTAGTAGACAGA,5
TTACACAGACTCT,3
TCTGCAATCATCT,2
GAGTGTAAGTAGC,1
CTGCCAACTGAGC,1
CGCCGTAGACCTA,2
TGCAACAGACTCG,1
TTACGTAGACTCG,3
GAATTGATCATCG,1
TGCCACATCACTA,0
CACCCACAGTAGG,4
TGAAACCTCACTT,2
GAACCACGACGAA,1
CCTAACCAGTCTG,0
TTGAACCTCACTG,1
CTTGCACTCAGAG,0
TTTGACCGACTCT,0
CCTGACCGACTCT,1
GAGTGTCTCAAGC,1
TGCAGTCTCAAGC,1
GCGAACCTCAAGC,2
AATTTGCGACCTA,0
GCCGCAGTCAAGG,0
ACATGTGCTGAGG,2
CGCGTGGGACTCA,1
CTTCGTGAGTGAC,4
AAGACAGCTGTCA,2
GCGACAGGACGAG,3
GAGTCAGTCAAGA,3
TCCTGTGAGTCTC,0
TCACGTGAGTTCT,2
ATCCACGGACTCG,1
CGGACAGCTGGAT,0
TGGGACTTCACTT,2
ATCGCATGACAGG,2
CACACATGACAGT,0
CTATGTTGACGAC,2
CCAGGTTCTGTCA,0
ATCGACTCTGAGT,3
CCCAGTTGACTCT,0
ATCCACTGCATCT,0
TACCTGTCTGGAG,1
GCCGACTAGACTC,4
GCGGGTTCTGTCG,0
GGGAGTTAGTTCG,0
TAATGTAAGTATT,3
ATCTCAAAGTTAA,2
CCTCGTAGACTAA,4
ACGGACACTGATG,1
GAGTACAGACGCA,4
GCGATGAGACGCA,1
GTGTACATCATAC,0
GGCGTGAAGTATC,0
TTGGTGACTGGCT,0
GGCGACACTGGCT,1
CTTCACAGACGCT,4
CAGAACAGACTAG,0
GTCGCAAGACGCT,0
ATTCGTATCAATC,0
GATATGATCAGCT,0
TGTTGTAAGTATA,3
GCGTACAAGTTAT,0
GTTGACACTGTAT,4
GATCCAACTGCGC,1
GCATGTAGACTAT,2
TTTAACATCACGC,2
TCGAGTATCAGCG,0
AAAAGTCAGTCGG,0
GCGCCACAGTATT,4
AGCACACTCATAA,3
AAGGGTCGACCGG,2
TGATTGCAGTTAC,2
AGTGACCTCAGCA,0
GCGCAGCTCATAC,2
GCCCACCTCAATC,1
GCGTCACTCACGA,3
TCACTGCGACGCT,0
TCGTCACTCAGCG,1
TCGGGTGTCATAA,0
GCGAGAGTCAGCC,0
AGAGCAGCTGATT,5
GAGCCAGCTGTAA,0
TAGGACGGACGCA,0
CCTCACGTCACGT,2
CCCGGTGAGTTAC,0
ACTCCAGAGTTAC,1
GAAGGTGCTGCGT,0
TAAATGGGACTAG,1
TCTCACGCTGCGC,0
GAGCACGCTGTAT,2
AACTGTTGACCGG,2
CGTACATGACTAA,0
ATCCGTTCTGGCC,0
GAGAACTCTGTAA,0
GGCCACTCTGCGG,0
ATAGACTAGTTAA,2
GCCCACTTCATAC,3
ATGGACTTCATAC,2
GGACTGTAGTATG,0
CCTATGTTCAGCT,0
AAATCATCTGTAG,0
CTTGACTAGTATC,2
CGTAACTAGTATC,5
GCGGCATGACCGC,0
AGTATGTCTGATA,0
CGATACTAGTGCG,2
CGATGAAGACCCA,0
CTGCAGATCAGGT,2
GAGCTCATCAGGT,2
CAAATCAGACTTC,0
TGTGCTAGACGGA,5
TGCAAGATCACCT,1
TACTAGACTGAAT,0
CCGGCTACTGGGC,1
TGGCTCCAGTAAA,0
GCCTGACTCAGGG,3
TCGAAGCTCACCC,0
GGGTCTCGACTTT,0
GGATCTCAGTGGT,4
GTCAAGCGACAAC,0
TGATAGCTCACCT,0
CCCAAGCGTGAAG,1
GGTCGACGACAAG,2
GTCCTCCGACGGA,4
TTGGCTCTCATTA,1
ATGTCTCTCATTA,1
GCGGTCCTCAAAT,2
CCGGCTCTCACCG,1
TATGCTCTCACCG,3
GTGGCTGTCAGGG,0
TTGCGAGAGTGGG,5
TAGGTCGAGTGGG,2
ATTGCTGCTGGGG,4
CCTGGAGCTGGGG,0
GGCGTCGCTGTTT,0
GTTCTCGAGACCA,0
TCGAAGGCTGAAC,1
GGACCTGGACCCT,0
GTTCAGGGACAAT,0
ACATCTGGACGGC,1
GGCCAGGCTGTTA,4
ACTGTCGCTGCCG,1
GTAGTCGCTGTTA,2
ATGCAGTTCAAAA,3
GCTATCTGACCCC,0
GGCCCTTCTGTCC,4
CTCCCTTTCAAAN,4
CCAATCTGACGGT,0
TCAGTCTGACGGT,1
GAGACTTGACTTG,3
GAACCTTCTGTTG,2
AGCACTTCTGAAC,0
AACCCTTTCATTC,3
TAGCAGTTCACCT,3
GGCTAGTTCAAAG,0
CACGAGTGACAAG,5
GCTGAGTCTGCCT,4
AGATCTTAGTAAG,0
GTATGATTCACCG,0
TGGGAGTCTGCCG,3
CGCCGATCTGCCG,3
GCAATCAAGTCAA,1
TGACAGAAGTCAA,2
GGCAGAAAGTGTT,6
ATGATCACTGGTT,3
TATGTCACTGTGG,1
CGGCGAATCAGTT,0
GAACTCATCAACA,0
ATGATCAAGTCAG,2
ATCCCTAGACTGA,2
GTCACTAGACGTC,1
CAGAAGAGACCAG,2
GCTCGAAGACCAG,3
GACTGAATCGACT,0
GTCGAGAAGTCAT,1
ATTAGAACTGTGC,0
GCGACTACTGTGC,4
CGTTTCAGACTGC,2
CCTTTCAGACCAT,1
ATACCTAGACGTA,0
ACCATCCTCAACC,0
TTGATCCTCAGTT,2
ACTGCTCTCACAA,2
TATGTCCAGTCAC,0
ACTTTCCGACGTC,2
TCTGCTCGACACT,1
GGGTGACTCAGTA,1
CGCCTCAGACCAA,3
AGGTGAGCTGACC,0
CTTCGAGCTGGTT,2
GACAAGGCTGGTT,2
AATCAGGCTGCAA,0
GCAGGAGGACACA,1
CAGTGAGTCACAC,2
ACGCTCGCTGGTG,0
ATATCTGCTGTGT,0
CCCAGAGCTGACT,5
AGAGAGGCTGACT,3
TCGGAGGCTGACT,1
GCTGTCGTCACAT,1
AGGGTCGCTGCAT,3
GTTCTCGCTGACG,0
CCTTCTGCTGGTA,2
GCGAAGGCTGTGC,3
TAATTCTTCACAA,0
CTGAGATGACGTT,0
TTGCTCTGACTGG,2
ATGGAGTCTGGTT,6
GACTAGTCTGGTT,0
GTCTAGTCTGCAA,2
TGGTGATTCAGTG,0
GCAATCTTCATGT,2
GTGTTCTTCAGTG,0
CCATAGTTCAACA,2
AGAAAGTTCACAC,1
CTTCAGTGACGTG,3
AAATAGTGACTGT,0
CGCATCTGACCAC,0
AGGTAGTTCAGTC,0
CGGCTCTTCAGTC,0
GGGGGATGACGTC,0
TGTCCTTAGTTGA,1
GCGGAGTTCATGC,4
GGGGTCTAGTCAT,0
TCACCTTAGTGTA,0
ATGTAGTAGTCAT,0
AGTACTTAGTCAT,1
GTCCTCTAGTACG,4
CCTCAGTAGTCAT,0
CGTGAGACTGAGG,1
AGCCAGACTGCTT,0
TACCCTAGACTCC,2
GCGTCTAGACCTT,3
ATAGTCAGACAGG,2
GATCTGAGACTCC,5
AGAGCTATCACTT,0
GATCCTAGACTCA,0
TCCTGAATCAAGT,2
AATATCAAGTTCT,0
CTACGAATCACTC,0
CTTCTCACTGTCG,4
ATGTAGAGACTCG,1
TCTAGAAGACTCG,3
ACACGACTCAAGA,0
CCAACTGGACTCC,0
GGGCCTGTCAGAA,0
ATAGCTGTCAAGG,5
CTCCCTGCTGTCA,0
AGCCGAGCTGGAC,3
CCGGTCGGACCTC,3
TGTCGAGGACCTA,0
CGGTGAGAGTTCG,1
TGGACTTCTGTCN,0
TCCACTTTCAAGT,1
CCTAGATGACTCA,3
TTGGGATTCAAGA,0
GGCATCTCTGCTC,1
TCCGGATAGTTCT,3
ATGACTTTCATCG,0
GACGGATGACAGC,2
AGATCTTGACCTA,0
AATGAGTCTGAGC,3
CGATTCAAGTTAA,2
GGAGAGACTGGCC,4
TCACTCATCATAA,0
GTTTAGAAGTTAC,0
CTGGCTAAGTCGT,1
CCGGCTAAGTTAC,0
GCCACTAGACCGT,3
GTCATCAGACTAC,0
ATACGAAGACTAC,2
GTGGTCATCATAC,1
GTAATCAAGTTAG,2
AACATCAGACATC,0
TGCATCAGACCGA,1
GGCTCTAGACGCT,0
GAGGTCAGACTAT,1
GTAGCTAGACTAT,5
TCAACTATCAATA,4
CGACTCCAGTATT,1
CTAGAGCAGTGCC,0
CGACAGCTCATAA,4
CCTCCTCGACATT,2
CAAGGACAGTCGT,0
AACACTCTCAGCA,3
GTTTGACGACATG,2
ACACCTCGACATC,2
CCAGGACGACCGC,3
TAGTTCGGACGCC,0
AAGATCGGACTAA,4
AGTCCTGCTGGCC,0
GCGATCGCTGTAA,0
GAGGGAGGACCGT,0
ATCGAGGGACATG,1
TAGCCTGAGTTAC,3
TGTATCGCTGTAC,3
CTGGAGGCTGGCT,3
GCATTCGCTGGCT,0
ATGACTGTCACGC,1
GGCATCGTCACGC,0
AATGTCGCTGATA,2
ACAGCTTGACTAA,1
TAGCAGTCTGGCC,0
CAAATCTGACGCA,5
GGTTTCTTCAGCT,0
GTCAAGTGACTAG,0
TCGCAGTGACCGA,1
CCAAGATCTGATC,1
CTATTCTCTGGCT,0
TAGGGATAGTATC,1
TTGTTCTTCACGC,2
GTACCTTTCATAT,1
TGAAAGTGACTAT,1
GAATCTTCTGCGC,0
GTTGAGTAGTATA,0
CTGACGAGACTTT,1
GCCAATACTGGGT,4
AGGTTAACTGGGT,2
CGGGTAAGACTTG,2
TTGAATAGACAAC,0
AGCCTAAGACCCA,1
AATGATAGACTTG,5
ATTCCGATCATTG,3
GTGCGCATCACCA,4
AGTGCGACTGCCT,0
TGTAGCACTGTTC,1
TTGGGCAGACCCT,0
GCATCGAGACGGA,0
GGTATCAGACGGA,5
CAATATATCAAAG,1
CAGCATAGACTTA,0
GCAGGCCAGTGGG,0
CTGCATCTCACCC,3
CCTCGCCTCAGGG,2
AAGCGCCTCACCC,5
GTGGGCCTCAGGT,3
ATTCCGCGACAAC,1
TGCCTACTCAGGA,1
GAGGCGCAGTGGC,2
GGTGATCTCACCG,3
GATCCGCTCACCG,1
TTATCGGGACGGG,3
CTTCCGGGACAAC,3
AAATCGGGACAAC,2
GAGTGCGGACGGT,2
GTCGGCGGACTTG,0
CGATATGGACTTG,0
GGGTATGTCAAAC,4
CTTCGCGAGTGGT,0
GTTCGCGGACTTC,0
GAAGGCGTCAGGA,1
CTGCGCGAGTTTC,0
TTATGCGCTGCCT,3
CTCGGAGGACGGC,1
AGCGCGGGACAAT,1
CTGTGCGAGTTTA,1
CGGCGCGCTGGGC,1
TTGGCGTTCACCC,1
TACCCGTAACAAA,4
TACCGATAGTGGG,2
CGCGATTAGTTTT,0
GAGTTATGACGGT,0
GTCTTATGACGGT,0
AATCGCTGACGGT,2
TCACGCTAGTAAC,2
CGTGATTTCAAAG,4
CTATCGTTCACCT,3
GTTTGCTGACAAG,1
CAATATTCTGTTC,4
TTGAGCTCTGTTC,0
CGCCATTAGTGGA,0
TCGCTATCTGTTA,0
TCATGCTAGTGGC,1
CCTCGCACTGGTT,2
CATAATACTGGTT,0
GAGCGCAGAGCAA,5
TAAGCGAAGTGTG,5
AGCCATAAGTCAC,6
ATCCGCACTGTGT,1
TCCTGCAGACGTG,6
GAAATAATCAACA,2
AGATATATCATGT,3
TGCTTAATCAGTG,0
CTCACGAAGTACT,1
TCATTAAAGTGTC,1
GCACCGAGACTGA,1
AGCTATAGACACT,4
ACTGTAATCATGA,5
GCCAGCAAGTTGC,0
GACGTAAGACACG,1
TAGAGCAGACGTA,1
GGCGGCAGACACG,0
ATTCATCAGTCAA,0
TGAGGCCAGTGTT,2
ACGTTACAGTGTT,0
TGCCATCGACGTT,1
ATCTCGCAGTGTG,2
GCGCCGCTCATGT,2
TGATATCGACGTG,1
AAGCGCCGACTGT,1
TAAACGCTCAACT,0
CTATGCCGACGTC,3
TACCGACAGTACG,0
CCTGCGCAGTGTA,1
CTAGCGCAGTTGC,0
GGGAGCCTCAACG,2
GAGAGCCTCAGTA,5
TGCGCGCTCACAT,0
CGTCCGCGACTGC,3
TTCACGCGACTGC,2
CGCCTACGACACG,2
TAAGGCGTCACAA,0
TTATATGTCAACC,1
GGGGCGGAGTCAA,3
CCGTCGGAGTCAA,0
AATAGCGCTGGTT,1
TCCCATGTCAACA,4
AACGATGTCAGTG,1
GGATCGGAGTCAC,4
ACCACGGCTGCAC,0
TGAGGCGGACTGA,2
CGACATGCTGCAG,0
GCGGATGCTGGTC,1
GGCCTAGCTGACT,3
GTAGCGGCTGTGA,5
CATCGCGCTGCAG,2
GCACCGGGACGTA,0
TATAATGGACTGC,2
ATCAATGTCAGTA,1
GTTGATGAGTACG,1
TACTGCGAGTGTA,0
TAAGGCTTCAACC,0
ACCGCGTTCACAA,2
GGAAGCTTCACAA,1
CAACGCTGACGTT,4
GTTGTATCTGCAA,2
TTTAATTCTGGTT,4
ATCTGCTCTGGTT,0
GCCGATTGACCAC,2
GGTTTATGACGTG,3
CCGCCGTGACACA,1
TTAATATCTGACA,2
ATGCATTTCAACT,5
TTCTCGTCTGGTC,2
AGCAATTCTGGTC,3
CCGCTATCTGGTC,0
TGCCGATAGTGTC,1
TAAAATTCTGGTA,4
GGTTATTCTGGTA,3
GTCCTATCTGCAT,2
CTAGTATCTGACG,1
ACCGCGTAGTACG,1
GCGTGCAAGTTCC,0
GACCTAACTGCTT,4
GTGCATACTGAGG,0
GGGGATATCACTT,0
GTTGGCAAGTCTG,0
GGCGCGAGACCTG,0
GTCGTAATCAAGT,2
GTGGATAAGTTCG,0
ACCCATACTGAGC,3
TATTTAACTGTCG,0
ATGATAAGACCTA,1
CCGCATCGACCTT,0
CTAACGCAGTAGT,4
AACCATCAGTCTC,3
AGACGCCGACAGC,1
TCTGATCGACAGC,1
TAGATACGACAGC,3
AAGGATGGACAGG,4
CGCCGCGTCAAGG,0
AACTGCGAGTTCC,2
CCCGATGGACAGT,0
TGTCTAGTCACTG,0
CGTTTAGGACCTC,0
CTAACGGGACAGA,5
CAGACGGTCACTC,3
GCAAGCGCTGCTC,0
TTCGGCGCTGCTC,0
TAGAGCGAGTAGC,0
GTCGGCGAGTCTA,2
CGATATGCTGTCG,0
AGCTATGCTGAGC,1
CGATTATTCAAGG,2
TTTACGTGACCTT,3
CCATTATAGTCTT,0
CGAAGCTTCATCA,4
TCAATATCTGGAC,2
TTGAGCTGACTCT,0
TCTCTATGACAGA,1
AGCGCGTTCACTA,2
GGCCTATTCACTA,2
TATGTATGACGAN,1
CTTGTATCTGTCG,2
TATCCGACTGCGG,0
TCACGCAGGTCGG,0
AACGCGAGACGCC,0
TCGTGCATCACGG,3
CTCGTAAAGTATG,1
GCTTGCAGACATG,3
AGCGTAAGACGCA,1
CTCCCGAGACCGA,0
ACACGCACTGGCG,2
CTTGCGAGACTAT,0
TCTACGATCAGCG,1
TCACGCCAGTATT,2
TAAAATCGACATT,0
ACGATACGACATT,1
TTATCGCGACTAA,0
TACGTACAGTCGT,0
CCCCTACTCACGT,1
CCACATCTCAGCA,0
TTCACGCTCAATG,3
ATAAGACTCAATG,2
TTACTACTCACGT,2
GTCGCGCAGTGCT,1
AGGTTACGACATC,0
GAGAGCCGACATC,1
TTTAATGTCATAA,5
TTTGATGTCACGG,1
CTTGATGAGTCGG,3
CCAAGCGGACATG,0
TGCACGGGACATG,0
ATTCCGGTCACGT,1
CACCATGCTGCTG,1
AAGGATGGACGCG,4
AATTCGGGACCGC,2
TCACATGTCATAT,0
AGGCATGAGTTAT,2
ATCGCGGAGTCGC,1
GATCATGAGTTAT,2
TCGAGCGAGTATA,0
GACCATGCTGTAT,1
ACATCGTTCACGG,0
AATATATGACATT,3
CCATCGGAGTGCC,2
TCTGGCTCTCTAA,0
CCGAGCTAGTCGN,4
ACTAGCTGACTAC,1
TTACGCTGACATG,1
TAACCGTCTGTAC,1
ATTAGATCTGTAC,3
TGCGATTAGTTAC,5
TCCTTATCTGTAG,0
CTGCTATCTGTAG,0
CATCTATCTGTAG,4
TCACCGTGACTAT,0
TATAGCTGACATA,3
TGTCTATCTGCGC,4
AGAGTATCTGATA,0
GAAATTACTCGGG,0
GTGTAAACTCTTT,0
GCTGGGACTCGGG,2
TCACGGAGAGCCC,2
GACGAAAGAGGGG,3
TCGCCCATGAAAA,0
GAGAGGACTCTTG,2
GGTCTTAGAGCCA,0
CTAGCCATCTGTG,4
TAAATTACTCTTC,0
TACGTTACTCCCT,0
TATGGGACTCCCT,4
TGGATTACTCGGC,1
TGGAAAAGAGTTA,0
GATTGGAGAGTTA,2
AGCGAAATCTGGC,0
TGACCCCAGAGGG,0
ACAGTTCAGAGGT,1
TGGATTCTCTCCA,5
AAACTTCTCTCCT,1
CGCACCCTCTAAT,0
GATAAACGAGGGC,0
GTATCCCGAGAAT,0
AATATTCGAGAAT,2
GAACGGGCTCTTT,2
CTCTGGGCTCGGG,1
TCGTGGGCTCGGG,1
ACCAGGGCTCAAC,1
TGCTCCGCTCAAN,0
TGGCCCGGAGCCT,2
CGTCAAGGAGAAG,1
CTATAAGTCTAAG,0
TGCGTTGTCTAAG,2
TATCAAGCTCTTC,3
GCATCCGGAGCCG,5
GTAGTTGCTCGGC,1
ACAGAATGAGTTT,2
TACCAATAGACCC,4
GATCAATTCTCCA,3
GTTACCTGAGCCA,0
ATCCGGTTCTTTC,3
CAGATTTCTCAAG,0
ACGCGGTCTCAAG,4
ATTCTTTTCTAAT,0
TGTGTTTTCTTTA,1
TGAAGGTCTCAAT,2
GTTGGGTAGATTA,2
TCCATTACTCGTT,1
TTGGTTAGAGGTT,1
GAGTCCAGAGACC,0
TGAGGGATCTGTT,0
CCGCTTAGAGGTG,0
AAGGGGATCTACA,0
AGAAAAACTCACT,4
TCTTAAAGAGGTC,0
GGAGCATCTCCAG,2
GCTAGGAGAGGTC,4
GCCTTTATCTGTC,5
GACCGGATCTGTC,0
TCGATTAGTCGTA,0
GTGAAAATCTCAT,0
TCATTTATCTTGC,0
GTCGGGCTCTGTT,2
CATTTTCTCTCAA,3
AATCTTCCTCACA,5
CGGCTTCAGAACA,3
GGTCGGCAGATGT,0
AGCCCCCAGATGT,4
ATCATTCTCTGTG,0
CGTATTCAGAGTC,6
AAAGGGCTCTTGA,1
GATAGGCTCTGTC,0
CTTGGGCGAGACT,5
TTGTAACAGAGTA,1
CGGGCCCTCTGTA,3
AAGGAACTCTGTA,1
GGTCTTCGAGACG,0
GTAGAACGAGGTA,1
TTAAGGGGAGACC,0
GTATGAGGAGGTT,3
ATTTTTGTCTCAA,0
CGTATTGTCTCAA,2
TCTTTTGTCTCAA,5
TGGAAAGGAGCAC,3
CTCATTGGAGCAC,0
GTCTGGGGAGCAN,5
GAGACCGTCTGTG,1
TGAGAAGTCTCAC,3
TATCCCGTCTGTG,0
CTGGAAGCTCCAC,0
GTGGGGGGAGCAG,1
AAACTTGAGAGTC,0
TCGGCCGCTCGTC,3
GGGGCCGGAGGTA,0
GGATCCGGAGACG,2
CGCTTTGGAGGTA,3
CTTCTTGCTCACG,3
CGCGCCTTCTCAA,0
AACTCCTGAGGTT,1
CCTACCTGAGGTT,3
TGGAGGTCTCTGG,0
CCTCAATCTCTGG,4
ATGATTTAGAGTT,1
TGGTTTTGAGGTG,3
CGCTCCTCTCTGT,1
TCGCTTTCTCACA,4
CGGTCCTGAGACT,2
AATGGGTGAGACT,2
ATTGTTTCTCACT,1
TCCGTTTCTCTGA,0
ATGGCCTAGAGTC,1
TCAGAATAGATGA,0
AACGCCTAGAACT,0
CGCCGGTAGAGTC,5
CACCAATTCTCAT,1
GACAAATTCTTGC,0
TTGAAATTCTGTA,6
AACTGGTTCTGTA,0
TAGTCCTTCTACG,0
GACCGGTGAGTGC,2
CCACCCTGAGCAT,0
TGGGGGTAGACAT,4
TCACTTACTCTCC,0
AACTAAACTCCTT,0
TTCGGGACTCTCC,3
GATCTTACTCAGG,4
TTTATTAAGACTG,2
GGCATTACTCTCA,0
GTGCGGATCTAGT,0
TGGAAAAAGAATC,4
ATTATTACTCAGA,1
GCTCTTAGAGTCT,0
TCGCGGAAGACTA,1
TGTACCGTGAAGC,3
AAATCCCTCTAGG,0
CCACTTCTCTCTT,4
CCGCGGCTCTCTT,0
AGCGCCCTCTCTG,4
TCGGTTCGTCTCT,2
TCCACCCAGAAGC,0
GTGCAACTCTTCG,1
AACATTGGAGCTT,0
TAACGAGAGATCC,1
CTCGAAGCTCCTT,1
GTATTTGTCTAGT,1
GGGTTTGGAGCTC,1
GTCCCCGGAGTCT,1
CCTATTGGAGAGA,0
AAACGGGTCTTCT,1
CCTTTTGTCTCTA,0
ATATAAGCTCTCG,4
GAACCCTTCTTCC,3
TCTCTTTTCTAGT,6
CGGCCCTAGACTC,2
CTTATTTAGAGAG,4
CACCTTTAGACTC,0
CTTCGGTCTCCTA,4
GGTTTTACTCTAA,1
ACCGGGATCTGCC,2
TGGATTAGAGTAC,0
GTACCCAGAGGCA,2
CCTACCATCTTAC,1
GACGCCAAGACGA,5
GAAGGGAGAGTAG,0
CTACCCATCTTAG,0
CCTTGGACTCATA,1
GTTAGGAGAGATA,0
TCCTGGATCTATA,2
AACCGGCTCTCGG,0
TGAAGGCTCTATT,1
TCGATTCTCTCGG,4
TATATTCTCTTAA,0
AAAATTCAGAGCT,1
AATTAACAGAATC,1
TCAACCCTCTTAG,2
TGTAGGCTCTTAG,2
TGAGTTCTCTATC,3
TATAAACAGAATA,2
GGGTGGCTCTTAT,4
AAGATTCTCTATA,2
AGGTTTCGAGTAT,0
TATACCCGAGCGC,4
AGTTAAGGAGCGG,0
AGTATTGTCTGCC,0
ATAGTTGTCTATT,0
GGCGGGGTCTTAA,5
AGACCCGAGACGG,1
AACATTGCTCATT,0
TCAAAAGCTCTAA,1
TCCTAAGCTCTAC,1
GGGCCAGCTCTAC,2
AACTCCGCTCATG,0
TAGTTTGGAGTAG,2
GCCTGGGAGAATC,4
GTCCAAGAGACGA,1
CGGCCTGCTCTAG,1
GGTACCGCTCCGA,1
CGCACCGCTCATC,1
TTTATTAGAGGCG,0
CATAGGGTCTGCG,0
CCAGAATTCTATT,3
GGGCGGTCTCCGG,3
AGAGTTTTCTGCA,3
CGTCTTTAGATAC,4
GATCCCTAGAATG,0
ATAGAATAGAATG,4
TGGAAATCTCCGA,0
TGGCTTTCTCATC,0
TGCCTTTCTCTAG,3
CTGGGGTTCTATA,0
GATGAATGAGATA,2
GATTCCTCTCATA,1
TCGAGATCTCATA,2
ACTCATTAGAATA,4
TTTTCAATCTGGG,0
GGTTACACTCCCA,0
CAGTCAACTCGGT,0
CGGTCAATCTCCA,0
CACGTGAAGACCT,1
GGCACAACTCGGA,4
AGGCTGATCTTTC,4
CTGACAATCTTTC,3
CTATCAATCTAAG,3
CCTCTGACTCAAT,3
CAAATGATGAAAT,1
CCGCGTCTCTGGT,0
CCAATGCGAGGGT,2
TATCCACGAGGGT,0
CGAATGCAGAAAG,2
AGGGACCTCTGGA,1
TGTCCACTCTCCG,6
TAGACACTCTGGC,0
GTAGACCTCTGGC,0
CGTCACCGAGGGC,3
CTCCTGGTCTGGG,0
CGGTTGGCTCCTT,2
CCCACAGGAGGGT,1
GAGTTGGGAGTTG,0
GATGACGGAGTTG,1
GATCACGTCTCCA,2
CCTTCAGAGACCA,2
TGGGGTGTCTTTC,0
TTTTCAGCTCAAG,3
TTACTGGCTCTTC,0
GAAACAGGAGGGC,1
TGTAGTGGAGGGC,6
ACCACAGTCTGGC,1
TATCGTGAGAGGC,0
TTGAACTTCTTTT,0
GCTTTGTTCTAAA,0
ATCCGTTAGAGGG,2
TGCCGTTTCTTTG,2
CCCGGTTGAGCCA,5
CAATACTCTCCCA,4
TGCCACTCTCAAC,2
GTTGTGTTCTAAG,2
TCCGACTTCTCCT,2
AGCTACTTCTAAG,3
AGCCGTTCTCGGA,2
CCCCGTTTCTTTA,0
TGTTCATTCTAAT,0
CGTCGTTTCTCCG,2
GAGGAGTGAGGGC,4
TAGGCATCTCTTA,2
TGCGACTCTCTTA,5
GAACCATAGACCG,3
TCCGCATAGAAAT,0
CCACTGTAGAAAT,1
GTATCAAAGACAA,0
CGAGGTAGAGACC,0
ATGAGTATCTGTT,0
GTCCCAATCTTGG,0
TGGCACACTCGTG,2
AGTCACACTCCAC,4
CGGTGTAGAGGTG,2
TACCCAAGAGACA,6
TGTGACAGAGGTG,1
GTAGTGAGAGGTG,2
ACCATGATCTACA,2
TTGTACATCTGTG,2
GTTCTGACTCGTC,2
TGAGGTACTCACT,2
AGATCAACTCGTC,2
AGCGCAAGAGGTC,0
CGTAGTATCTGTC,2
CCTTTGATCTGTC,0
GGCAGTATCTGTC,5
TGAACAACTCTGC,1
CCAAACACTCGTA,0
TGCTCAATCTCAT,0
AAAGTGCTCTCAA,0
TAATACCTCTGTT,2
TACACACTCTACC,1
CACGGTCGAGGTT,0
GATTTGCGAGGTT,0
CGTGACCTCTCAC,0
TTCGGTCTCTGTG,3
TGCGCACTCTACA,0
TAAATGCGAGTGT,3
ACCCCACTCTGTC,2
CCAATGCTCTTGA,1
CCACACCTCTTGA,3
CACCACCTCTCAT,0
TTGAGTCTCTGTA,2
TGGGCAGCTCGTT,0
ATGTACGCTCCAA,0
CCGATGGCTCGTT,2
TGGTCAGGAGGTG,1
CTGCGTGGAGGTG,0
AAGTCAGGAGTGT,5
CTAAGTGTCTACA,0
ATTTACGAGACAC,4
CAAATGGCTCGTG,3
TCACGTGCTCTGT,1
GTGCTGGCTCACA,2
CAGGGTGCTCGTG,0
GAGGGTGAGAACT,0
CCAGCAGCTCGTC,0
CTCCCAGCTCGTC,2
CTCCGTGCTCCAG,4
AGTGGTGGAGGTA,0
ACATACGGAGCAT,1
CCGCGTGCTCTGC,2
GTTGCATTCTGTT,1
TTTCTGTTCTACC,0
GGCCACTCTCACC,1
TACTACTAGACAA,2
ATCTTGTAGACAA,1
CTATCATAGAACC,2
TCTGCATTCTGTG,3
GCGGTGTTCTGTG,1
GCGAAATTCTGTG,1
TTGTACTGAGGTG,2
TAGGACTCTCTGT,0
CGCCGTTCTCTGT,1
CGACTGTTCTGTC,6
CAATACTTCTGTA,2
TCTTGTTTCTACG,4
AGCTACTCTCGTA,0
AAGACATAGAGTA,1
CTCTCATAGAACG,3
CTACACTAGAGTA,0
CTCCGTACTCGAA,1
ATCGCAAGAGTCC,0
CCGGGCAGAGTCC,0
TATAACAGAGCTT,0
TAAAACATCTCTT,0
CATGTGAAGACTG,0
AGACACAGAGTCA,0
CTATACAAGACTC,2
CGTGCAACTCTCT,2
ACGAACACTCTCT,1
CTGTGTAGAGTCT,1
TTGTCAAGAGGAG,3
AAGTGTAGAGCTC,2
CCTAGTACTCCTA,0
GCGACAACTCAGC,6
GTGGCAAGAGGAT,2
CCAGCACTCTCTG,3
CTTGGTCGAGCTG,0
TTTCCACGAGCTC,1
CGTGCACGAGTCT,2
TAACCAGAGAAGG,3
CCCCCAGCTCAGG,0
GGCGACGCTCTCC,5
TAATTGGGAGGAC,3
ATCTACGTCTAGT,0
TGTCACGAGAAGT,4
TGTGCAGCTCATG,1
GAGCCAGTCTTCT,0
AGCACAGTCTCTC,0
CTGAACGAGATCT,4
ATTCCAGCTCTCT,2
CTAAGTGCTCCTC,4
CCGACAGCTCAGA,1
TTCGGTGTCTAGC,3
CTATGTGTCTGAT,1
GCGAGAGAGAAGC,0
TTTTTGGCTCAGC,4
CCACACTTCTAGT,1
CCGTTGTCTCTCC,1
TTGCCATTCTCTG,2
CAGTACTTCTCTG,1
ACGGACTAGACTG,0
ACATGTTTCTTCT,1
TTGCCATGAGGAG,2
AAACGTTCTCTCT,1
TGAAGTTCTCAGA,0
TATCCATCTCAGA,0
AGGCGTTAGAGAG,1
TGGAACTCTCCTA,0
GTACCATCTCTCG,3
CGCTCATCTCTCG,2
GCTTACTAGATCG,0
ATAAACTAGAAGC,0
GGGTTGAGAGTAA,0
TCCTGTGAGAGCC,2
CGACGTATCTATT,3
GACGCAACTCCGT,1
AACCTGATCTTAC,3
ATATACATCTGCA,3
TTCCTGACTCCGA,1
GTCAACACTCTAG,0
GTCTCAAGAGGCG,1
ACATGTATCTTAT,3
CGTACACAGACGG,1
TCGGTGCAGAATT,0
CGGTTGCTCTGCC,6
TGAGCACAGAATG,2
CGATGTCAGAATG,0
TAAAGTCTCTTAC,4
GAATACCTCTCGT,3
CGAAACCTCTATG,4
ACGGACCGAGGCA,0
CACTACCGAGATG,0
TCTTACCGAGGCA,5
CGCACACTCTTAG,4
TGTGTGCAGACGC,2
AGGGTGCGAGATA,4
CAATCACGAGTAT,0
TCACACCGAGATA,0
AGCTGTCGAGATA,0
AGGACAGGAGGCC,3
TATATGGGAGCGG,1
TGGTACGTCTTAA,2
CTCAGTGTCTATT,1
ACTGACGTCTATT,0
CAGTCAGGAGCGT,3
TTGTACGAGAATG,1
CCCTACGCTCCGT,0
ACAACAGCTCTAC,0
GATCTGGTCTATC,1
CTAATGGGAGATA,2
TGTACAGTCTTAT,4
CGGGACGCTCCGC,1
ATTAGTGCTCATA,0
GATCCAGCTCATA,1
CCGAACGCTCATA,1
CGTCCATTCTCGG,0
CGCTGTTGAGATT,0
CGGTCATGAGATG,0
CTCGTGTGAGTAC,2
TGGACATAGAGCA,2
CACGTGTAGACGT,2
CTCAACTAGACGT,0
CGACCATCTCTAG,0
ATCGGTTAGAATC,0
CCACTGTTCTGCG,0
TATGTGTCTCATA,5
TGATACTAGAATA,3
TAATCTACTCGGG,0
GCGCCTATCTAAA,6
TCCTGAATCTCCA,0
CTGCTCATCTAGT,4
ATATCTATCTAAC,0
GGGACTAAGACCT,4
GATAAGAGAGCCT,0
TAGGAGCCTCGGG,2
CCGGAGCTCTTTT,2
CGCCAGCAAGAAG,3
AGTTGACTCTTTC,3
GGATAGCTCTAAG,0
TCTGAGCTCTGGC,1
CTGGGACGAGGGC,1
CTACTCCGAGGGC,2
GTTCTCGGAGTTT,3
CTGATCGTCTCCC,0
CCATCTGCTCTTT,2
CAGTAGGGAGAAC,0
TAGATCGTCTCCA,0
TTCGAGGTCTGGT,4
CTTGGAGAGACCA,1
TCAGGAGAGAGGT,1
GTGGTCGCTCGGT,2
AATGTCGCTCGGT,3
GTTACTGAGAGGA,2
TCTCTCGAGAAAG,4
CCATTCGCTCCCT,5
GGGGGAGGAGGGC,1
TGTGTCGAGACCG,0
CAGGTCGAGAAAT,4
TCTCTCGCTCAAT,2
TGGACTTCTCTTT,4
CTGAGATCTCGGG,3
TGCGTCTCTCAAA,0
TCAACTTTCTAAC,0
TCGTCTTTCTCCA,2
AGTCAGTGAGCCA,1
CCATAGTGAGGGT,1
AGCATCTCTCAAC,0
ATCCAGTAGACCA,1
CTAATCTAGAGGT,5
AGGGCTTTCTGGA,1
ACGGCTTGAGCCT,2
ATACCTTGAGTTC,2
GACCAGTCTCTTC,4
GTGGGATAGATTC,0
CCGCGATAGACCT,3
ACAATCTTCTGGC,4
CTCACTTCTCTTA,2
GTAGAGTCTCGGC,2
TGTCAGTAGAAAT,0
CCTAGAAAGATGG,1
AGCTAGACTCGTT,3
GATCGAAGAGCAA,4
TATTTCAGAGCAA,2
CTCGGAATCTCAA,0
CCTGAGACTCACA,2
CTGGAGAGAGACA,2
ACGCCTAGAGACA,0
ATGTGAATCTTGT,1
CCTCTCATCTACA,2
GCTGGAAAGATGA,0
ATACCTACTCTGA,1
CACCTCATCTGTC,2
TACTAGAAGACAT,0
ACTAGAAAGAACG,2
CTTGGAACTCGTA,2
GAGTAGACTCGTA,1
CTCGAGACTCCAT,2
CACATCCTCTCAA,0
CGTCAGCTCTGTT,1
TAAACTCGAGGTT,0
ATACGACGAGCAA,0
GTTCCTCAGAACA,0
GACCTCCAGAGTG,2
AATTAGCAGAGTG,2
GCCCTCCTCTACA,2
CGCATACTCTCAC,5
CCATAGCGAGTGT,1
CTATTCCAGAGTC,0
CGGGTCCTCTACT,2
TAGGAGCTCTACT,0
CTGCAGCGAGCAG,1
TAATAGCAGAGTA,0
TTGTAGCTCTGTA,1
CACTTCCTCTGTA,3
TATGAGCTCTCAN,5
ACCTTCCGAGTGC,2
CCCTCTCGAGGTA,0
GGTGAGCGAGGTA,2
CGGAAGGGAGGTT,0
ATTCAGGGAGGTT,0
AACGTCGGAGCAA,1
CATTAGGGAGGTT,3
TCCATCGCTCGTT,1
TCCTAGGCTCCAA,2
CATTGAGGAGCAC,5
CGAGTCGTCTACA,1
TCGAAGGTCTGTG,0
ACCGCTGAGACAC,1
CCAAAGGAGAGTG,0
ATGATCGGAGTGA,0
TACAGAGTCTGTC,4
AATGAGGTCTGTC,2
AACTGAGCTCGTC,1
TACCAGGAGAACG,0
TGGTCTGCTCCAT,3
GAGAAGGCTCTGC,5
ATTAGATTCTGTT,3
GAGCCTTTCTACC,0
CGAATCTCTCTGG,0
TCTCAGTCTCGTT,4
CCAGCTTAGACAA,1
GCCATCTTCTGTG,4
ATGATCTTCTCAC,0
CCTACTTCTCTGT,4
GCGGGATCTCACA,1
TGCACTTCTCTGT,3
ATTCAGTAGACAC,0
ACTCTCTAGAGTG,3
GCATAGTGAGGTC,1
ACGGAGTCTCCAG,0
TTATGATCTCACT,1
TGACCTTAGAACT,4
AGCCAGTAGACAG,2
GTAGTCTAGATGA,0
TGGCCTTTCTCAT,0
TCATCTTTCTGTA,0
GCGTAGTGAGGTA,1
TCCCCTTCTCACG,3
TACCCTTAGAACG,3
ACGCCTTAGAGTA,3
GTTGCTACTCTCC,3
TGTTAGATCTTCC,1
GTCGGAATCTAGG,0
CCGCGAACTCTCA,3
TTCGTCAGAGTCA,0
CAGCTCAGAGCTG,1
GCCTCTATCTCTG,3
CGTGTCATCTCTG,0
CACACTACTCCTC,1
TGAGCTACTCTCT,1
ATTAAGAGCTTCT,0
GACTGAAGAGGAG,1
TGCCCTAGAGCTC,1
TGAACTACTCAGC,4
ATTACTATCTTCG,5
GTAGAGCCTCAGG,3
TAGTTCCTCTCTT,3
CTCACTCTCTAGT,1
CCGACTCGTCTCA,3
ACATCTCTCTCTA,0
CGACGACTCTTCG,4
ATGCAGGGAGAGG,2
CCAGCTGTCTCTT,3
AAGATCGCTCGAA,4
TTGGCTGAGATCA,0
AACCGAGAGAAGT,0
GTGATCGAGATCA,1
CGAAGAGCTCTCA,3
ACGGAGGCTCAGC,1
TACTGATGAGAGG,3
CTCGAGTCTCCTT,2
GGCGAGTTCTTCA,0
CGACCTTCTCGAC,0
TATACTTAGACTG,0
GTTCAGTTCTAGA,2
TGTGGATCTCTCT,3
CTCAGATCTCCTC,1
AAGCAGTAGACTC,3
GCGTAGACTCGCC,0
TATCTCATCTTAA,0
CCAAGAAAGAGCA,0
CTACAGACTCCGT,3
TCAGCTAGAGGCA,0
GGGGAGATCTTAC,0
GACCCTACTCGCT,4
TTAGTCCAGAATT,2
AACACTCTCTATT,0
ACGATCCTCTATT,0
GTCAAGCGAGATT,2
CTGATCCGAGGCA,0
TACGTCCGAGATC,1
GGTACTCTCTCGC,4
GGACGACGAGCGC,2
AATATCCGAGGCG,1
TGCCCTGGAGTAA,1
GGTAGAGTCTTAA,1
TGCAGAGAGATAA,4
AGGGGAGCTCTAA,0
CCCTGAGCTCATT,4
CGTCTCGCTCGCC,3
TAGGTCGCTCTAA,0
CCTGGAGCTCTAA,1
CCGCCTGCTCTAA,2
CAGCCTGAGAATG,1
CCGGGAGCTCATG,1
ACCTTCGGAGTAG,2
GACTTCGGAGCGA,1
ACATGAGTCTGCT,3
GTACCTGTCTGCT,2
ATGTAGGCTCTAG,0
TCAAGAGAGAGCG,0
GGCGAGGAGATAT,2
AGCCCTGCTCGCG,2
GTTGTCTTCTCGG,1
CTCGCTTGAGATT,1
TATCCTTGAGTAA,0
AGGGCTTCTCCGG,0
AAACTCTCTCTAA,0
ATCATCTCTCTAA,4
CCGCAGTCTCTAA,5
TTTGTCTTCTCGT,1
AGGACTTGAGTAC,0
GGTGTCTGAGGCA,2
AATGTCTGAGTAC,2
TACAAGTCTCATG,3
GACGGATCTCATG,0
CTACCTTAGATAC,1
CTTTCTTCTCATC,1
GACGCTTCTCCGA,2
CACTCTTAGACGA,0
GCTAGATTCTTAT,1
ATTCCTTGAGATA,0
ACGCCTTCTCTAT,1
GGCGAGTCTCATA,1
ACTTGATAGACGC,4
GAGTGCACTCGGG,0
GAGCGCAAGACCA,1
CCCAATATCTCCA,1
TATGGAACTCGGT,4
ACCGATAGAGCCT,4
TGTGGCATCTCCT,1
ATCCATAGAGGGC,0
GAGGCGCTCTGGG,0
GGGGATCGAGAAA,0
GAACATCTCTAAC,0
CGAAATCGAGGGT,1
AAAGTACAAGAAG,1
AACCTACTCTAAG,0
ATGTTACTCTCCT,1
ACCATACTCTAAT,0
TGCGTACTCTGGC,2
TGCGCGCTCTAAT,2
GATCGCGGAGGGG,0
GGACTAGTCTTTT,2
TAAGGCGCTCAAA,0
CCAGGCGCTCTAA,0
ATGACGGCTCCCC,0
CTACATGCTCTTT,0
CCAATAGGAGCCA,0
CCGGTAGTCTCCA,0
GAGGATGCTCGGT,3
GTCTCGGCTCCCA,4
ACTATAGCTCAAC,2
AATAATGGAGAAG,0
ACGTCGGTCTTTC,1
CGCAGCGCTCGGA,0
ATCAATGTCTTTA,3
CGCAATGAAGAAT,2
ATACATGCTCGGC,1
CGGGCGTTCTTTT,2
TTATCGTGAGGGG,4
ATTAGCTCTCAAA,4
GAGACGTCTCAAA,2
AAGTATTTCTTTG,3
GTCGATTTCTAAC,0
AATATATGAGGGT,3
ATTACGTCTCTTG,3
TGTTATTCTCTTG,3
CAGTGCTAGACCA,2
TCTACGTGAGCCT,0
CGGTATTAGACCT,0
ACGCCGTTCTTTA,3
GAGTATTTCTAAT,3
GCATTATGAGTTA,0
AAACCGACTCGTT,3
CTCCCGACTCTGG,2
AAGAGCACTCGTT,5
CCAAATAGTCGTT,5
AGTCCGAGAGCAA,0
TTGATAAGAGGTT,4
TGATGCAAGACAC,0
TCAGATACTCGTG,3
AGAGGCACTCGTG,1
TTCCTAAGAGGTG,2
TCGCGCAGAGGTG,2
CGTCGCAGAGCAG,0
TGTAATATCTCAG,3
AGACCGATCTCAG,5
AGGGATAAGACAT,2
CATATAAAGAACG,0
GACGGCACTCGTA,1
TCATGCACTCCAT,1
CCGTTAAGAGTGC,4
TAAGCGCTCTGTT,0
GGAGTACTCTGTT,5
TCGGCGCTCTGTT,0
TCGTTACTCTCAA,1
CCGTCGCTCTGTT,6
ACCGGCCGAGTGG,2
GGACTACGTCGTT,4
CTGTATCAGAGTG,2
AAGAATCTCTTGT,5
ACCCTACGAGTGT,2
AAATCGCGAGCAC,0
ACGGGCCAGAGTC,3
GCACATCTCTGTC,0
ACGAATCTCTACT,2
CCCCCGCAGAACG,3
TACGCGCAGAGTA,1
AACGTACTCTACG,1
GTTAGCCGAGGTA,5
CGCACGGGAGCAA,1
CCGACGGGAGCAA,1
TACCGAGTCTGTT,2
ACTAGCGAGACAA,1
TAGATAGAGACAA,0
CCGATAGCTCCAA,3
AGATGCGCTCCAA,0
TTGGTAGGAGGTG,2
CGTCTAGTCTCAC,1
GAGTCGGTCTGTG,0
ATGACGGAGAACA,0
AATACGGAGAGTG,3
CGGGATGCTCGTG,0
GGTGGCGGAGACT,1
TCACATGTCTACT,0
AAGCGCGTCTGTC,0
GCTCCGGAGAGTC,3
ACTTTAGAGACAG,0
ATTAATGCTCGTC,1
TACCCGGCTCACT,1
ACTTTAGCTCACT,4
GATCCGGCTCACT,1
CATAATGGAGGTA,4
TCAGATGTCTCTA,1
GCGACGGTCTCAT,0
CACGATGAGACAT,3
TACTCGGCTCCAT,0
ACTCATGCTCGTA,0
TTAACGGCTCACG,2
GGGTGCTTCTGTT,0
GCAGTATGAGACC,0
AGAACGTCTCGTT,1
GTCGTATCTCGTT,0
ACCTATTAGAACC,1
GGTCTATAGAGTT,4
TTGGTATTCTCAC,1
TGCAGCTTCTTGT,4
ACCCTATGAGACA,0
CCATGCTGAGCAC,2
ATAAGCTCTCCAC,1
TCGGCGTCTCGTG,3
TGCGGCTCTCCAG,1
CATACGTCTCTGA,0
TCAGGCTTCTGTA,1
GTCCCGTTCTTGC,1
CTTCTATGAGACG,0
TTTAATTGAGCAT,0
TCACCGTCTCTGC,5
TAGGATTCTCGTA,0
TATAATTAGAGTA,0
CAATTAAGAGGAC,1
TCGACGATCTTCA,0
CCGCATAAGATCT,1
GAGCGCACTCGAG,3
CTGACGATCTGAG,2
CCTCGCATCTCTC,3
GTGAATACTCAGC,2
CTTTGCATCTTCG,1
TCCCGAATCTGAT,2
TTATCGCTCTTCC,0
TTCTTACTCTAGT,4
GTTCATCGAGAGT,4
CTGAGCCGAGCTG,2
TGTAATCGAGAGT,5
AACGTACGAGTCA,3
GTGATACAGAAGC,2
CGGCATGGAGAGG,0
CTCCATGGAGGAA,2
GTCACGGAGATCC,0
TAGTGCGGAGTCA,0
CTGTGCGTCTAGT,3
TGCACGGCTCTCA,0
TACGATGGAGTCT,1
GGCTGCGGAGGAG,3
CCCAGCGAGACTC,0
GTTCATGAGATCT,2
TCCCTAGCTCTCT,0
GGTGGCGCTCCTC,4
CTCCGCGCTCTCT,1
CGTACGGGAGAGC,4
TCACCGGTCTTCG,1
TCATGCGAGACTA,1
AGCAATGAGATCG,0
GACAATTCTCCTN,1
ATGAGATCTCTCC,4
TAGCATTCTCGAA,0
ATACGCTAGAAGG,1
AATTGCTGAGTCA,0
GCTGTATGAGGAC,0
CATCGCTGAGAGT,4
GGGGATTCTCTCA,5
GTTGATTAGAGAC,3
GCACGCTAGAAGT,4
GTCCGCTAGACTG,4
CCTGCGTGAGTCT,6
ACATGCTTCTTCG,4
GCCTGCTCTCTCG,2
GCTGTAAGAGATT,5
CTTCATATCTATT,2
GTTAATAAGACGT,0
AGACATAGAGCGT,2
GTCTATAGAGGCA,1
CTACATAGAGGCA,3
GTGGATATCTGCA,0
TCCCTAACTCATC,3
CCAGTAACTCATA,2
TCCGTAAGAGCGC,0
ATATCGAGAGGCG,2
CTTGATATCTATA,1
CGGCGCATCTATA,1
TTCAGCCAGAATT,1
ACAGAGCTCTGCC,1
AGAAATCGAGTAA,2
TTCGCGCGAGATT,4
GCGGGCCGAGTAA,0
GTGGATCAGAATG,1
ACGTGCCAGACGT,1
GGCCGCCTCTATG,2
CTATGCCGAGATG,6
GAAGTACAGAATC,1
GTCTCGCTCTTAG,2
GATAATCGAGCGA,3
ATCGCGCAGAATA,3
TGCCATCAGAATA,1
GGCATACAGAATA,3
CTGCATCTCTTAT,0
AGCAGCCGAGCGC,2
AGTCTAGGAGATG,2
CGGGCGGGAGATC,2
CTGAATGGAGTAG,4
CCATGCGGAGCGA,4
TGCCGCGTCTTAG,1
CAGTATGTCTTAG,3
AGCGATGCTCATC,3
TACAGCGGAGTAT,4
AACTATGTCTCGC,0
TCGCGCGTCTATA,2
GGGATAGAGAGCG,2
AACATAGAGATAT,3
TCCTATGCTCGCG,1
TTCGGCTTCTATT,4
ATCCCGTGAGTAA,0
AAGCATTGAGATT,1
CCACTATAGAATT,4
CTACCGTTCTTAC,0
GCACGCTCTCTAC,1
AGTCATTCTCGCA,1
CTCGATTCTCCGT,0
GAAGTATAGAATG,2
GGGTATTTCTGCT,2
ACTCTATTCTTAG,1
CCTAGCTAGAATC,1
GCACTATTCTCGC,0
CTGTATTTCTCGC,1
TTCTTATCTCATA,0
CTCGGCTCTCATA,1
CCGTTATCTCTAT,0
GTCGGGACTAAAA,1
TGTCTTACTAAGG,2
GAGTTTACTATTT,2
AGCGGGATCGGGG,0
TCAAAAACTAAAC,4
ATATAAACTAAAC,0
TCTGCCAGATAAC,0
TGTATTATCGAAC,0
TTAATTAAGCTTC,0
TCATAAAAGCTTC,4
CCAATTAGATTTC,0
TTCACCAGATAAG,4
ATATTTAAGCTTA,0
ACACCCCGATAAA,0
CCGTCCCAGCAAC,0
AGTCAACTCGCCA,3
TGCATTCAGCAAG,1
CGAGGGCTCGGGA,4
CCTCTTCAATAAT,0
GAAGGGCTCGAAT,4
CTTCGGGAGCCCC,1
GTTCAAGCTAGGG,1
GTGTTTGCTAAAA,2
TAACCCGAGCAAC,2
CCCAAAGCTACCA,0
GGGTCCGCTACCA,0
ACAATTGCTATTG,0
ACTTGGGGATTTC,4
TTCCCCGTCGGGA,0
TTTCTTGAGCGGA,0
TGAGTTGAGCCCT,2
CTCGGGGGATGGC,0
AAAACCGAGCCCG,0
GTATAATGATCCC,0
CCGCGGTAGCTTT,1
AACACCTAGCAAA,1
CTCAGGTAGCCCN,5
TGGTGGTGATTTG,1
TGGCTTTCTACCA,1
GAATAATCTAGGT,1
AAGCAATCTAAAC,3
GAGAAATCTAAAC,4
TTTGAATAGCGGT,2
CGGTTTTTCGGGA,2
CCCGAATTCGAAG,0
CCTACCTGATAAG,0
TATATTTCTAAAG,0
GATGTTTGATTTA,1
CGGGGGTCTACCG,0
GTCGGGTCTAGGC,1
TTGATTTAGCGGC,4
ATACTTTAGCAAT,2
GATTCCAAGCCAA,1
AACAAAAGATTGG,1
TAGGCCAGATCAA,5
TAGTTTAGATGTT,0
TGCTTTATCGCAA,2
CGCGGGACTAGTG,0
GTTAGGAGATTGT,0
GAGAGGAGATGTG,0
AGTGCCATCGTGT,1
TCCAAAACTAACT,4
CGAGTTACTAACT,0
TTCCCCAGATCAG,4
TATCCCAAGCTGC,0
CTTTAAAGATGTA,1
ATGCGGAGATTGC,0
GTCTAAAGATGTA,0
AGACGGATCGCAT,5
TGCACCCTCGGTT,1
AACAAACTCGGTG,3
ACGAAACTCGGTG,1
GACGGGCTCGGTG,3
GGTAAACTCGCAC,0
CCGGAACTCGGTG,0
GTCACCCTCGGTC,1
GCCATTGGATGTT,0
ATGGGGGGATGTT,1
GAGGCCGAGCACC,3
ACCCTTGCTAACC,0
CCACAAGAGCGTG,2
CTCACCGAGCACA,0
AGTCAAGTCGACT,0
AAAGCCGAGCACT,1
GTCCCCGAGCGTC,1
CCCCTTGCTAGTC,2
TGTCCCGCTAGTC,4
ACTACCGGATCAT,2
AAGCGGGGATCAT,6
GCTTTTGTCGGTA,0
CCGTAAGTCGGTA,4
GCAGCCGAGCGTA,2
CTGTAAGCTACAT,4
CTGAGGGCTAACG,4
CGGAAAGAGCGTT,6
TACCTTTCTACAA,3
AACGAATCTAACC,5
CATTGGTCTAACC,1
CGGTTTTGATGTG,0
CTCCGGTCTATGT,2
CTCTTTTCTAACA,1
GCCCCCTGATCAG,2
TCGAGGTGATGTC,0
GTAGGGTGATCAG,0
GCAAGGTCTAACT,5
TCAAGGTAGCTGA,2
ATAAGGTAGCGTC,1
TCGGGGTGATGTA,6
GCGCGGTGATGTA,4
TATTTTTCTACAT,3
AACTGGTAGCGTA,1
GCATGGTAGCCAT,1
GTTGTTAAGCGAA,4
TAGCCCACTACTT,1
GTGTCCAGATTCC,4
AGTAGGAGATTCC,1
CCAGAAAAGCAGT,1
GCTCGGAAGCCTC,2
AGCATTAAGCTCG,0
GGGAGGACTAAGC,2
TTGTGGAGATGAT,0
GCGGCCAGATCTA,0
TAGCGGAGATTCG,1
ATGCGGCTCGCTG,0
GACCTTCAGCCTA,0
GCACCCGTCGCTG,1
ACATCCGAGCTCA,4
CCTGTTGCTAAGT,0
TCTCTTGCTAAGT,5
CTTTTTGGATAGA,0
CTAGTTGGATGAG,0
GGTAAATGATAGG,0
CCAACCTCTAAGT,0
ACCCGGTCTATCT,1
CGCCGGTTCGCTA,0
CGGATTTCTATCG,0
GACGTTTAGCCTA,5
CTGCGGTAGCAGC,1
CTTCTTAGATTAA,3
AGCAAAAGATTAA,2
CCGTGGATCGATT,4
GGCGAAACTAATG,0
GATGGGAGATCGT,1
GCATTTAAGCTAG,0
GGAACCAAGCATC,2
TGCTTTAAGCCGA,3
GACATTAGATATC,2
CGTGCCAAGCCGC,0
TGGCTTACTACGC,1
GCAGGGACTACGC,5
CAGGAAAGATCGC,2
CGCGCCCTCGTAA,5
GATTGGCAGCATG,3
CCCCCCCTCGGCA,4
TTGACCCTCGTAC,3
AACGGGCTCGGCT,0
ATCTAACTCGCGA,0
CCGCGGCTCGGCT,0
GTGGGGCGATCGA,0
CGAGTTCAGCCGC,2
GGCGGGCAGCGTA,0
TTCACCCTCGGCG,3
CGGTAACGATTAT,1
ATTAAGGCTAATA,1
GTAGCCCGATCGC,1
TCTAAAGGATTAA,0
CATCCCGGATCGG,2
TCTGGGGGATATG,0
GAGATTGCTACGT,1
CGCCGGGCTACGT,0
GTGATTGGATATC,0
ACTATTGGATTAG,3
GCGTGGGTCGGCT,3
TTCCTTGCTAATA,0
TAGAAAGCTAGCG,3
AAGCCCTTCGCGG,1
TCGAAATTCGTAA,0
TGTGGGTGATATT,4
CTAAAATGATGCC,0
TTGGAATCTACGG,3
TCAGGGTAGCATT,2
TCCCGGTTCGTAC,2
ATGAGGTTCGCGT,2
GATGTTTTCGCGT,3
GGTGAATGATTAC,1
AAGGAATGATCGT,1
CTAACCTCTAGCA,0
ATACAATCTATAC,2
CAACAATCTATAG,1
CTTCAATCTAATC,1
GGACAATCTACGA,0
ATCCTTTAGCGCT,1
TCGTCCTCTACGC,4
GCCGCCTAGCTAT,0
CTGCGTAGATCCC,0
ACGATGAGATTTT,0
TCGTCAATCGGGG,1
TGTTTGACTACCA,0
AACAACATCGGGA,0
TACTGTAAGCCCG,0
GATGACACTACCG,1
TAGGACAGATTTA,2
GAGTGTAGATTTA,2
CCTCTGAGATTTA,0
GTATACATCGGGC,5
AGCGCACTCGTTT,1
TCGAACCAGCGGT,1
CGTCCAGTCGGGG,0
ATGAACGAATAAA,0
AAACACGCTAGGG,0
CCGTGTGGATCCA,3
ATGACAGAGCGGT,2
ACGTCAGAGCAAC,2
CGCATGGAGCTTG,0
ATGATGGCTAAAC,0
AAGGCAGCTAAAC,4
ACGTGTGGATAAG,1
ATGTGTGCTAAAG,2
GTGCACGCTAAAG,3
TGCGACGCTACCT,0
ATTATGGCTAAAT,0
AGTCGTTTCGCCC,4
AGCGACTTCGGGG,0
ATCGTGTCTACCN,0
TTAAGTTAATAAA,1
AGGAACTTCGGTG,0
GCACCATCTAAAC,0
AAGGTGTCTACCA,2
AGTGTGTAGCAAC,0
GCTTACTAGCGGT,2
TGACCATAGCAAC,1
GTATCATAGCTTG,0
CGAAACTCTAAAG,3
GAGGGTTCTAAAT,3
GATAGTTCTAAAT,1
GAATGAAGATCAA,0
TGTCTGAGATCAA,6
GTGATGAGATACC,0
CTCTTGAGATACC,2
AGATCAAGATCAA,0
GTAGCAATCGTGG,0
TGGTCAAAGCCAC,3
GGTGACAAGCACA,0
GAGTCAAGATCAC,0
GTAAGTATCGTGA,0
TCGCACATCGCAG,1
CGATTGAAGCGTA,3
TAATACACTAGTA,0
TTAAGTACTAGTA,1
TGGCACATCGTGC,4
GGCACACTGCAGT,0
ATGAACCGATTGT,0
TCTTACCAGCTGA,0
CGTGCACTCGCAG,2
TTGAGTCTCGTGA,1
AGTAGTCGATGTC,3
CTTCGTCTCGGTA,1
TCTCTGCTCGACG,0
TAGTCAGGATCAA,0
TATGACGGATCAA,0
GAACGTGTCGGTG,1
GCCTGTGTCGGTG,1
AAGCCAGTCGCAC,2
GCTAGTGAGCCAC,0
ACGCGTGCTAGTG,4
AGTCGTGCTAACA,3
CCTCCAGCTAACA,0
TTAACAGCTACAC,3
ACACACGGATGTC,1
TATCACGTCGGTC,2
GTTACAGAGCTGA,1
ACCCACGCTAACT,1
TCCAACGCTACAG,2
GCTCGTGCTATGA,1
ATACACGCTACAG,3
AGGTTGGGATACG,2
TGGACAGGATGTA,1
TACGACGGATTGC,2
TTCTCAGGATTGC,0
ATCTGTGTCGGTA,0
CCAATGTTCGGTT,0
GGCAACTCTACAA,1
GCGTGTTCTAGTT,1
CGCGGTTCTAGTT,0
ATCACATGATGTG,1
TAGAGTTGATGTG,0
TCCACATCTAACA,1
TGGCCATCTACAC,4
CAGACATCTAGTG,1
TAATGTTAGCACA,1
GTGGACTTCGACT,1
AGTAGTTTCGACT,0
TGACTGTTCGGTC,2
CCTTACTGATGTC,0
GGCTACTCTAACT,1
ACGATGTCTATGA,1
TCCTTGTTCGTGC,1
GACCTGTTCGACG,1
TACTCATTCGTGC,2
CTGCTGTTCGACG,0
CGGGACTGATTGC,2
GGTCTGTGATACG,4
TAAGGTTCTAGTA,1
CTATTGTCTAGTA,2
ATAGTGTAGCGTA,1
AACCCAAAGCGAA,0
TCTTTGAAGCTCC,0
GAATCAACTACTT,1
CTAATGAGATCTT,1
ATAATGAGATTCN,0
GTAATGACTACTG,1
TAACGTATCGTCT,0
ATCTCAAAGCAGC,2
CCTTACACTAAGC,1
GATGCAAGATCTA,3
CATCCACCTAAGT,1
GGGTCACTCGCTG,2
TGCGCACTCGCTG,0
TTCGTGCGAGTCA,0
GCAGCACAGCAGA,5
CTGAACCAGCAGC,3
CGTGACCTCGCTA,4
ACTCTGCTCGCTA,5
TTCGCAGAGCAGG,0
ACCAACGCTATCC,2
GAATGTGCTACTG,0
CCGAACGGATTCT,0
AATGCAGAGCGAG,0
CACAACGCTAAGA,2
CCCAGTGGATCTA,5
CTAAGTGGATTCG,0
AGCTCAGGATTCG,5
CCGAACGTCGCTA,0
AGGCTGGCTAAGC,2
ATGTCAGCTAAGC,3
TGATACGCTATCG,0
GGCCCAGCTAAGC,0
CCACTGTGATTCC,0
GAAACATCTAAGA,1
GGGCTGTCTAAGA,0
CATCTGTCTAAGA,0
GGTAACTAGCTCT,0
TATTACTAGCAGA,1
GTGGACTCTATCG,2
TTTCGTTAGCCTA,4
GCATACTAGCAGC,0
CGCAGTAAGCCGG,3
CGGAACATCGCGG,2
AGCCTGATCGCGG,2
GGGCTGAGATTAC,0
TCCGCAAGATATG,0
GCCGCAAGATTAC,2
AAGGGTAGATTAC,0
TGCTGTATCGATG,3
CAATTGACTAGCT,0
CCAAGTAGATTAG,2
AGTCGTAAGCCGC,2
GCGGGTAAGCATA,0
ATCACAAGATTAT,1
CCAAACATCGGCG,3
CCAGGTATCGTAT,0
GTCTCACAGCTAA,1
CTTGACCTCGATT,4
ACGTGTCTCGTAC,3
AGCCGTCGATATG,1
ACGTACCAGCCGA,0
AGTAACCTCGGCT,2
CTCCACCTCGGCT,4
TCGCCACTCGTAG,2
TATCCACGATATC,0
TTAACAGGATCGG,1
AGGGACGTCGTAA,2
CCTAGTGTCGTAA,1
CCCTACGAGCATT,4
TCTTCAGCTAATT,2
CTTCACGGATCGT,3
GGTTGTGGATATG,1
CTGAGTGGATTAC,0
ATGCTGGGATGCA,1
ACGGCAGTCGGCA,3
TCAGCAGAGCTAC,3
CGACACGAGCATG,4
CTATACGAGCCGT,3
CTGAACGCTAATG,2
CGGTCAGGATATC,0
GACGCAGTCGGCT,0
TATCCAGAGCGCT,2
CGCACAGCTATAG,4
CTCAGTGTCGTAT,5
TCACACGAGCATA,4
TCCGCAGCTACGC,1
CGAAACTTCGGCC,2
ATACGTTTCGTAC,4
GCCACATGATGCA,2
AACGGTTGATCGT,2
TCCTCATCTAGCA,2
AATATGTCTACGT,0
AAGGCATAGCCGT,0
CGACACTAGCTAC,1
CTAGACTAGCATG,0
TTGAGTTGATTAG,3
TGGCGTTCTAGCT,0
GGTCGTTCTACGA,3
GCTTGTTCTAGCT,1
AAGGACTCTACGA,3
TAGAACTCTACGA,0
ACGTGTTAGCATC,4
AGCGCATGATTAT,2
TACGACTCTAATA,0
GTCGCATCTAGCG,0
ACATAGACTACCC,0
ACCGGAATCGGGG,1
TATCGAATCGGGG,1
ACAACTAAGCAAC,2
CTCTGAACTATTG,1
TGTCCTAGATCCA,1
TTGGGAATCGGGA,0
AGCGCTAAGCCCG,0
TGCCCTACTAGGC,4
GCATGAAGATCCG,1
TAACGACAGCTTT,1
CAATAGCTCGGGG,2
GTGGGACTCGGGG,0
TGACCTCTCGGGG,0
AAACAGCTCGAAC,5
TCGGGACTCGGGT,3
GGCTAGCAGCTTC,0
CGGATCCAGCAAT,4
TTACGAGGATGGG,0
GAATAGGTCGAAA,4
ATCGCTGAATAAA,1
TGGGGAGTCGGGT,2
GCTTTCGAGCAAC,0
TTCCTCGCTATTG,0
AGCCTCGCTAGGT,0
CCTGAGGGATAAT,4
AGTCAGGTCGAAT,1
AGGTAGGCTACCG,4
TAATGAGCTAGGC,0
GTGCCTTTCGTTT,2
GAATTCTGATCCC,4
AGCCCTTGATCCC,4
GATGTCTCTAAAA,0
CCCCAGTAGCCCC,0
ACTTCTTAGCTTT,0
CCGAAGTGATGGT,2
TAAACTTTCGCCT,0
TGGCGATGATTTC,1
GGAGAGTCTAAAG,3
CGTTCTTAGCAAG,0
TCTGGATAGCAAG,2
TTTCAGTTCGTTA,0
ATATCTTTCGGGC,1
TAATGATCTAAAT,1
CCGCTCTCTAATA,3
ATTGTCAAGCTGG,1
CGTAAGACTAGTT,0
AACGTCAGATCAA,4
TAGACTAGATACC,0
GTAAAGAGATTGG,0
TCCGAGATCGGTN,3
GGGATCACTAGTG,2
TTGGGAAGATCAG,0
CGCAGAATCGCAG,1
AGGCCTAAGCCAT,3
CTTGGAACTAACG,1
CCTTAGACTAACG,2
CATAAGACTAGTA,0
GGGATCAGATGTA,0
AGGAGAATCGGTA,0
CGTCTCATCGACG,3
GTCTCTATCGGTA,0
TTAACTATCGCAT,1
CAACCTCAGCGTT,1
ACTGGACTCGGTT,1
CCTCTCCAGCGTG,1
ACACGACTCGGTG,4
CGTGAGCAGCTGA,2
AGTCGACAGCGTC,1
TTCGTCCAGCACT,0
CGCGTCCTCGGTC,0
GAGGTCCGATTGA,2
GTGCCTCGATGTA,1
CGGGCTGTCGGTT,0
AGCCTCGTCGCAA,0
TACGAGGAGCTGG,3
AAGATCGCTAGTT,1
AGCACTGCTAGTT,1
TTTAGAGCTACAC,0
TAGTGAGCTAGTG,1
AGACAGGTCGCAG,1
TTTCGAGAGCCAG,3
ATGACTGAGCGTC,4
AAGCTCGAGCCAG,0
TCCACTGCTAGTC,3
ACTTGAGTCGACG,3
CGCGAGGTCGCAT,1
ACTTGAGAGCACG,2
GACCTCGCTACAT,0
CTGCTCGCTAGTA,0
TGCGGAGCTACAT,3
TAAGTCTGATTGG,1
AACACTTGATCAA,1
ATACAGTGATTGG,4
CCGAAGTGATTGG,2
TATCTCTGATGTT,3
CCGATCTGATGTT,2
TAGAGATCTAACC,0
TCTCGATCTAACC,1
CGCATCTCTAGTT,1
AGGCTCTCTAGTG,1
TCAGGATCTACAC,3
CTATTCTAGCTGT,4
TCCGAGTTCGGTC,1
CTAACTTTCGGTC,3
CACAGATCTAGTC,2
GACTTCTCTATGA,3
CCGACTTCTACAG,4
CGCGGATCTATGA,3
AGGATCTTCGGTA,0
ACCGCTTTCGGTA,1
TGGCCTTGATGTA,0
AGAGCTTCTAGTA,3
TTTGAGTAGTCAT,2
GACAGATAGCCAT,3
ACTGCTAAGCCTT,1
GTACAGACTACTT,1
AGTCGAAGATAGG,2
GACGAGAAGCTCA,0
AACGTCATCGTCA,0
GTGCTCAAGCCTC,2
GGCACTAAGCTCT,5
CTTCCTACTATCT,0
AAGTGAACTATCT,1
CTCTCTAGATTCT,3
CACGCTAAGCTCG,4
TGGCTCATCGAGC,2
TACGCTCTCGTCA,4
GTGAAGCAGCTCG,1
GGTACTCTCGCTA,1
AGCCGACTCGTCG,3
GTACAGCTCGTCG,3
CCTGTCGGATGAA,0
TCTTAGGAGCCTT,3
GCTTAGGCTAGAA,5
TCGTTCGGATTCA,0
AGAGTCGTCGTCA,0
TACACTGAGCTCA,1
GGCTAGGAGCTCA,1
GAGAAGGCTATCA,3
TAACTCGGATAGA,0
AGCGTCGAGCAGA,2
AACAGAGGATTCG,0
CTGAGAGGATAGC,3
AGTGCTGAGCTCG,3
CTGACTGCTACTA,0
GTGCTCTTCGTCC,0
TTGTAGTAGCGAC,2
CGAAAGTAGCCTG,1
TGCTGATTCGGAG,1
GTGTAGTGATTCT,1
TGCACTTGATTCT,0
GATGGATAGCTCT,0
CCGTAGTAGCCTC,5
CGAGCTTTCGGAT,0
GTGGCTTCTAAGC,4
CGCGAGTAGCAGC,3
GCTTTCAAGCCGG,3
CGCGGAAAGCGCC,2
TTGATCAAGCTAC,1
TATATCAAGCCGT,2
CTTGAGACTATAC,1
AGCCTCAGATTAC,0
AGTGCTATCGCGT,1
GCTCAGATCGTAC,0
TGGCTCAAGCCGA,1
ATGGTCAGATTAG,5
TAACCTCAGCCGG,0
CCGAAGCTCGCGG,4
TACAGACAGCATG,0
CATGGACAGCTAG,0
AGGAGACAGCTAT,2
GAAATCCTCGTAT,0
AGGTCTGTCGGCA,3
TTATTCGAGCTAC,1
AGCGCTGAGCTAC,2
TACCTCGGATATC,1
ATCGCTGAGCTAG,1
CAGCCTGGATATA,0
TGAATCGTCGATA,0
GAACCTGAGCCGC,0
TACCCTGCTATCG,3
AGACCTGCTAGCG,0
GATCAGTTCGTAA,0
GACAAGTGATGCC,4
TGCGCTTGATGCC,0
TAGAAGTGATTAA,1
AAGGTCTAGCATT,1
CAGCTCTTCGCGT,0
GAAGGATGATATG,0
CCGGTCTGATCGT,2
ATAGAGTCTACGT,4
TGATTCTAGCTAC,0
CGATGATTCGATC,0
AAAACTTGATATC,0
GAATTCTCTAATC,0
TGTGGATCTACGA,0
GTATCTTTCGTAT,2
TGGGTCTCTAATA,0
TCCATCTCTAGCG,2
TGAAATAAGCTTT,1
GAAAGCACTAGGG,2
AGGGATAGATAAA,2
ATATTAAGATGGG,1
AACGGCATCGAAA,1
GCCTCGACTAGGT,0
GACATAACTACCA,0
AAGGCGAGATGGT,2
TCGATAATCGTTG,2
GGCACGAAGCGGA,0
CGTTATACTAGGA,2
CTCCGAACTAAAG,3
CCTCTAACTAAAG,1
CCTATAATCGAAG,1
TCAGCGAAGCTTA,4
CTATATAAGCAAT,1
TGGACGACTACCG,0
CGCTTAATCGGGC,5
TCTCCGCATAAAA,3
TCGTGCCTCGGGG,2
TCATGCCTCGTTG,3
GCTACGCTCGAAC,4
CGATATCTCGAAC,1
TAGATACAGCTTC,2
CATGATCTCGGGA,0
CTTATACTCGGGA,0
TTGCTACAGCGGC,1
GTTGTACTCGTTA,0
ACTTGCCTCGGGC,2
CTTTTAGGATAAA,2
TGAGATGGATAAA,0
CCCGGCGAGCGGG,0
GCGTCGGAGCGGG,1
GGTGGCGGATCCA,2
GATGGCGTCGGGT,3
GTACGCGTCGCCA,2
CTGGTAGATAAAC,3
CGGGCGGCTAGGT,2
TTGGGCGCTATTG,0
TACCGAGGATTTC,1
TACGCGGGAGCCT,4
CCTGTAGAGCCCT,4
CCGTTAGGATCCG,0
GGTCTAGGATAAT,4
GACCTAGTCGAAT,1
TCGACGGAGCTTA,0
CTGTGCGCTAGGC,4
ATAGCGGCTAGGC,6
ACGTTATCTAAAA,0
CCGATATCTACCC,2
GCCATATAGCCCC,1
GGAGCGTTCGGGT,2
ATACGCTTCGAAC,4
GTTACGTGATAAC,0
ATACATTCTACCA,3
ACGAGCTCTATTG,0
GCTACGTAGCAAC,2
CTTCTATTCGGGA,0
TCTCCGTTCGCCT,0
AGCCCGTGATAAG,1
ATTGTATCTAAAG,0
GAGGCGTCTATTC,0
CTGGGCTAGCTTC,0
CGTCATTAGCGGA,0
GATATATGATAAT,1
TGTAGCTCTAGGC,0
TGATCGTCTAGGC,1
AATAGCTCTACCG,0
GAGTCGTAATAAT,3
AAGACGTAGCCCG,0
GATAGCTAGCTTA,1
GAGGTAACTACAA,5
CGCCGCACTACAA,3
CGCTATACTAACC,2
ATGCCGAGATGTT,0
AAAGTAGAGCGTT,4
CGCGATAGATCAA,0
CGGAATATCGGTT,1
AAGTTAAAGCGTN,0
GTGCCGACTAGTG,3
CCGCTAAGATCAC,0
GTTGGCATCGACA,0
CAAGGCATCGGTG,0
GTTCTAATCCGCA,3
TCCTATATCGCAC,2
ACGCATATGCGTG,2
AGGCGCACTAACT,1
CTGGGCAGATGTC,0
ACAGCGAGATCAG,1
AGTATAATCGTGA,4
TGGCCGAAGCGTA,1
AACTTAAAGCACG,1
ACCATAACTAACG,2
AAGGGCACTACAT,2
ACTAGCACTAGTA,2
AGCGGCACTAGTA,0
GGCGCGACTACAT,2
ACTTCGAGATTGC,2
CTAAGCAGATGTA,5
CAATGCCAGCGTN,0
GGAAATCAGCGTT,1
TCTCATCAGCGTT,3
ATCTATCAGCGTT,0
TCCCGCCTCGCAA,6
CTCACGCTCGCAA,2
CCAGTACGATGTT,2
ATCTGCCGATGTT,1
GTTAATCAGCGTG,2
ATAAGCCTCGGTG,1
CAGTCGCGATTGT,0
ATGCCGCAGCGTC,0
GCTGGCCTCGACT,1
TGATTACGATGTC,1
GCAAGCGGATGTT,5
TAGAGCGGATCAA,5
CTGGGCGCTAACC,3
CTAGGCGCTAGTT,3
GGGTGCGGATTGT,3
ATGACGGGATTGT,5
TCGACGGAGCACA,0
TGGTATGCTACAC,0
TAATGCGCTATGT,4
CTCCTAGCTATGT,3
TCTAGCGCTAGTG,1
GACAGCGCTAACT,1
TTGTATGGATGTA,1
ACAGGCGGATCAT,3
TTTTTAGTCGTGC,0
GTTGCGGCTACAT,1
CGCCCGGCTAACG,1
GGCAATGCTACAT,0
TCTCCGTGATGTT,0
CTATTATGATGTT,2
GCGGATTCTATGG,0
CCCATATAGCGTT,0
TAAGCGTAGCTGG,1
CCCTGCTTCGACA,3
GCTGCGTCTATGT,1
CCGTATTCTATGT,1
GACCGCTGATCAG,4
ATGCTATCTAGTC,0
GCCACGTAGCGTC,2
GCCTTATTCGGTA,0
GCGGGCTGATACG,1
GCCCTATCTACAT,2
AACCATTCTATGC,0
CTGAGCTCTAGTA,0
AACGTATCTACAT,1
GCGCCGTCTACAT,0
TGAAATTAGCCAT,1
ATCTTATAGCGTA,3
TTAGCGTAATACG,0
CCTAATTAGCGTA,0
AAGCGCAAGCTCC,3
GCGTGCAAGCAGG,0
CACAATAAGCAGT,1
CTCAATAGATTCA,0
GGCCATATCGCTG,0
AACGCGATCGCTC,1
GCATTAAAGCTCG,3
AATTATAAGCAGC,1
CAGCTAAGATGAT,0
TTTGTACAGCCTT,0
AGAATACTCGTCC,0
CTCGCGCGATCTT,5
GATCCGCAGCTCT,0
GCAGATCTCGAGA,1
ATCTATCTCGTCG,1
CGGAGCGGATGAA,1
ATGTATGGATCTT,0
GTAACGGGATGAA,2
CCTAGCGAGCCTT,0
CTACCGGCTACTT,1
CGGACGGGATAGT,1
TGATGCGGATAGA,2
GGCAATGGATCTC,2
CATCCGGAGATCT,1
CAACGCGCTATCT,2
AGAAGAGCTACTC,4
GGAGATGCTACTC,2
CGCGGCGCTACTC,3
ATCTGCGAGCTCG,1
GTATTAGCTATCG,4
GGAACGTGATCTT,0
CGAGATTAGCAGG,2
TTATATTTCGCTG,2
GTCTCGTGATAGT,0
CTACGCTGATAGT,0
CCCCGCTCTAAGT,0
CATTCGTCTACTG,0
ATACTATCTACTG,0
ATATAGTCTATCA,2
ACCTTATTCGCTC,3
TGCGGCTTCGGAG,2
CGGAGCTGATAGA,0
CGAAGCTCTATCT,5
ACTAGCTCTACTC,4
TCGTCGTAGCCTC,0
CTGCGCTTCGCTA,0
TGCGATTTCGGTA,0
GCGTATTAGCTCG,1
TATCCGTAGCCTA,2
GTCCGAAGATATT,5
TCGCTAAGATGCC,2
TCTCCGAAGCTAG,1
AGCGCGAGATTAG,1
AAAGATAAGCTAT,0
GGGACGACTAATA,0
GTTAGCAGATCGC,5
CTGAATAGATATA,0
AGGTCGATCGGCG,1
AACTATATCGCGC,0
CGTGCGCTCGTAA,1
CTTAGCCGATATT,2
ATGGATCTCGTAC,3
GAGGTACAGCATC,3
TGCTGCCAGCATA,0
AACAGCCTCGCGN,3
ATCCGCCTCGATA,1
TCGTTACTCGCGC,1
CTCATAGGATATT,4
ACCTTAGTCGATT,0
CGACCGGTCGATT,2
AAAACGGAGCTAA,0
CGACTAGAGCTAA,0
GAGAATGAGCGCC,1
TGAGTAGCTATAA,1
GTCAGCGGATATG,1
ACTGCGGGATCGT,4
AACATAGTCGGCA,3
ATCGGCGAGCTAC,0
TCCCGCGCTATAC,1
TAATATGCTAGCA,1
ACACGCGCTATAC,5
ATTTGCGGATTAG,1
GGGACGGAGCCGA,1
GAAATAGCTAATC,1
AATAATGGATATA,2
ATTCATGTCGCGC,3
GCCCCGGCTACGC,0
CCACTAGCTAATA,0
CCCCATTTCGATT,1
AGGAATTAGCGCC,0
CACTATTTCGTAC,3
TTCCGCTTCGTAC,2
CCATATTCTAATG,0
AGAAGATCTAATG,0
TTCGTATAGCGCA,0
TAATCGTCTAGCT,3
CGTGGCTCTAATC,0
CCTTTATCTAGCT,0
TCGTGCTAGCCGA,1
TACATATTCGTAT,0
GGTAGCTTCGATA,0
GCAAGCTGATGCG,1
ACAGTATGATCGC,0
GCCTCGTCTAATA,0
CACTCGTCTAATA,1
ACTGCGTAGCTAT,4
CAGCATTAGCCGC,0
CCGGGCTAGCTAT,2
GCGGATTAGCATA,0
TTGGCCATAGATG,0
ACCGTTAATCTAT,0
GTCCGTTTAAAAT,2
TATCTGAATCTAT,2
ATCCACGTAGTAA,1
ACCGCTAATCAAG,0
AATGTAAATCAAC,3
GAATCGAATGCAA,0
ATCGTATACATCA,5
CGTCAAATAATAG,4
TTCTTTATAAGTC,4
TTTGAAAATTGGG,4
CAAAGGACGGGGG,2
TGAAGGAGCCGGG,1
GAAAGGAGCCTTG,1
TACTCCATAACCA,0
ATCTGGAATTGGA,0
CGTTTTACGGGGA,0
ATTGGGAGCCTTC,3
GAAGCCAGCCAAG,0
CACGGGAGCCCCT,6
TTCTAAATAAGGA,1
AGTTGGACGGTTA,4
AGTCCCACGGGGC,4
CTAAGGAGCCCCG,1
CGAGGGAGCCCCG,5
GTCGGGAGCCCCG,0
CTACCCAGCCAAT,0
GAGGCCCCGGGGG,0
TACCTTCATTTTT,0
CTCAGGCGCCCCC,1
GAATGGCCGGTTN,1
GGAGTTCCGGCCA,2
GCTCCCCTAAAAC,1
AAGATTCTAAAAC,4
AAGCCCCGAACCA,3
TTCCAACCGGCCT,0
CCCGCCCATTGGA,0
TTCTGGCTAACCT,2
CTCGCCCTAAGGA,3
CTCTGGCGCCGGA,2
CCTCAACGCCCCG,0
ATTGCCGGCCCCC,0
ATAACCGGCCCTT,0
TTTTTTGATTGGG,0
ATCCTTGATTAAA,4
CTGGAAGCGGTTT,2
CGTTCCGCGGGGG,3
CTCGTTGCGGGGG,3
TGGGTTGGCCGGT,1
CTGACCGGCCGGT,0
AGGAAAGTAAGGT,1
GGGCCCGATTAAC,3
ACTGGGGATTAAC,1
CCCTTTGGCCCCT,2
GTGCTTGGCCGGA,1
TCTAAAGGCCCCT,2
TCGCTTGGCCGGA,0
CTCGAAGCGGCCT,3
ACTGCCGGCCCTA,0
CTCGCCGGCCCTA,1
GTCGCCGTAATTA,4
GAATTTGCGGCCG,4
CTCGAATTAACCA,5
GTAACCTTAACCA,1
AAAGCCTCGGAAC,4
GAGTTTTCGGTTG,0
TGCCTTTCGGGGT,0
GGCGAATCGGAAC,3
AGCGTTTCGGGGT,0
CCACAATGCCAAG,3
GCAACCTATTGGA,0
TCCCCCTTAAGGC,1
TGTTGGTGCCTTA,3
ATACTTTGCCTTA,3
CTGGTTTCGGGGC,0
AACTAATCGGGGC,3
TTCTCCTATTGGC,1
GAGATTTATTTTA,3
CCAAAATATTTTA,2
GTTGCCAATTCAA,0
GAGAGGAATTTGG,0
CGCGAAAATTGTT,4
GAGAAAAGCCGTT,0
TTCCCCATAAACC,2
CATAAAATAACAA,4
TGGACCAATTACA,0
GTCAGGAATTTGT,1
TCGCTTAATTGTG,0
CGTTAAACGGCAC,6
TCGTAAACGGGTG,1
GTAAGGATAACAN,0
AATTCCATAACAC,2
AAGCCCACGGACT,4
TGTCCCAGCCGTC,0
GAGATTAGCCACT,0
ATCGAAAGCCCAG,1
GCCCTTATAATGA,0
GGTTAAAATTCAT,0
GTTTCCACGGTGC,0
GCATAAACGGTGC,0
TACTGGAGCCTGC,0
GCACTTAGCCGTA,0
AGAGTTCATTACC,0
TAATAACGCCTGG,0
CCAAAACGCCACC,1
CGAGCCCCGGCAN,0
TCGATTCCGGGTG,4
AAATTTCTAACAC,4
CTCATTCGAACAC,5
GATAAACGCCGTG,1
GCGCTTCGAACAC,5
GGGAGGCCGGGTC,1
GTGGGGCATTACT,0
CAGATTCTAACAG,2
GACACCCGCCACT,0
GTATGGCGCCGTC,1
GATAGGCGCCTGA,0
ATCAAACCGGGTA,0
TGGACCCGCCACG,0
TGTGTTGGCCGTT,0
TATTGGGGCCCAA,0
CTGTTTGCGGGTT,2
GTGAAAGGCCCAC,0
GTCCCCGGCCCAC,1
GTATGGGTAACAC,4
CGGTCCGCGGGTG,0
CACTCCGCGGCAN,0
AGAATTGGCCTGA,2
GTACGGGGCCGTC,3
CGCTCCGGCCTGA,2
AACGTTGATTGTC,5
CGTCTTGCTTGTC,0
TTCCAAGATTGTA,1
GAGGTTTTAAACC,1
AATCTTTTAAACC,3
ACGTGGTGCCTGG,1
CGGCGGTCGGCAA,3
TTCTAATCGGACC,0
CTCGAATCGGCAA,2
CCGATTTCGGGTT,1
CGTCTTTATTCAA,0
GCGATTTTAAACA,4
CCATTTTCGGTGT,0
AACGGGTCGGGTG,4
CCTTGGTCGGGTG,3
GGCTGGTATTGTG,0
AGCTGGTATTCAC,2
AGGCCCTTAACAG,0
CAGGCCTTAACAG,1
AAAATTTGCCGTC,2
TACCTTTGCCGTC,0
GGAGAATGCCGTC,1
TGTGAATATTACT,0
ACGCTTTATTGTC,0
AGGTTTTTAAGTA,4
GAGTGGTGCCACG,0
AATTCCTGCCCTA,4
AGGTAATCGGCAT,2
CCGGAATCGGACG,0
GTTATTTATTGTA,0
GACCGGTATTACG,2
CTGATTTATTGTA,1
AGGTAAAATTTCC,3
CTACAAACGGGAA,0
CTTGCCACGGCTG,2
GCTGAAACGGAGT,1
GGAAGGAGCCAGT,1
TAATAAAGCCCTC,1
AACATTAGCCCTA,0
ATCCTTAGCCAGC,2
GAAAGGCGCCCTT,1
GAAATTCTAAAGT,1
AAACTTCGCCAGT,3
AACAGGCGCCAGT,3
CAGGGGCATTAGA,4
GTGTGGCGCCTCT,3
ACGCTTCGCCAGA,0
GGCACCCATTCTA,0
ATGACCCTAACTA,3
AACCCCCGCCAGC,4
AAAACCGATTCTT,4
CTTTCCGGCCTCA,4
GGGAAAGGCCAGT,2
AAGGAAGATTCTG,4
GACGCCGGCCCTC,3
CAGACCGTAAAGA,0
TGTACCGATTCTC,2
CGGATTGGCCAGC,0
CCAGAAGCGGCTA,0
GTGTCCTTAACTT,3
GCACTTTATTCTT,1
AGATCCTATTCTT,1
TGTAGGTATTTCA,6
GAACGGTGCCCTC,0
TCACCCTGCCCTC,2
CCAGGGTCGGTCT,3
GCATGGTTAAGAT,1
CCATGGTCGGCTA,1
ATGTTTTATTCTA,4
CATCTTTATCTCG,0
CCCGAAAGCCTAA,5
CTACCCAGCCCGG,4
CTCAGGATAACGG,1
TCCTGGAATTTAC,0
CCTATTACGGGCA,0
CTGGAAAATTATC,2
CGACAAAGCCTAG,1
GATGAAAATTGCG,1
ATGGCCACGGTAN,0
CGAATTACGGGCG,0
GCTCAAACGGTAT,3
TGTCCGAGCCCGC,0
TCTCGGATAAGCG,0
TGCAGGCCGGGCC,1
AGCTGGCTAAATT,2
ACCAAACGCCATT,3
GGGAAACGCCTAC,2
AACTGGCCGGATC,0
GAATTTCATTATC,0
TGGTAACTAAATC,2
GGACGGCTAACGA,2
TCTGTTCGCCATC,4
ACGACCCGCCTAG,0
GGGGGGCATTATA,0
GAGCTTCTAACGC,0
CTGGAAGGCCATT,2
ATCTTTGGCCCGG,2
TATTGGGCGGGCC,2
TAGATTGATTATG,0
TTGACCGCGGTAC,2
CCGGCCGCGGATG,1
ATTCTTGGCCTAG,2
GACCAAGGCCCGA,1
ATGCGGGGCCATC,2
AAGTGGGATTGCT,1
CACGCCGCGGTAG,1
TGTGTTGATTATA,2
GACATTGCGGATA,4
CCTGAAGCGGATA,3
CTAACCGCGGTAT,3
GGCGAAGCGGCGC,4
TGGGCCTGCCGCA,3
ACAAGGTGCCTAC,0
GGGCAATCGGATG,0
GCTCCCTCGGATG,1
CGATTTTCGGTAC,1
TCGCAATATTCGT,3
GAATCCTTAAAGA,4
GATCTTTTAAATC,1
GGAAGGTGCCGCT,1
TATAGGTGCCTAG,1
TGAAGGTATTATC,0
GTATGGTTAAATA,0
ATATAATTAAATA,1
AGGGGGTATTATA,2
TAAATGAATTTTT,0
CACCACAATTCCC,4
ACTTACAATTGGG,3
ACGTCAATAAGGG,1
TTCAACAGCCGGT,3
AAGTACAGCCCCA,0
TCTTTGATAAGGT,0
CTCATGATAACCA,0
CTCCTGACGGTTC,1
TATTTGACGGTTC,1
CACCGTAGCCCCT,1
CTAAGTAGCCTTC,0
AGCGGTATAACCT,0
AGCCTGAGCCAAT,0
AGGTCACCGGCCC,4
GGTGGTCATTGGG,0
GTGAACCGCCGGG,2
GAAGTGCCGGCCA,1
TCATTGCATTAAC,0
GAGCTGCTAATTG,1
AGACCACGCCCCA,2
TGCGGTCGCCGGT,1
ATCCTGCCGGGGA,3
TTTAACCGCCGGA,0
GCAGTGCGCCCCT,0
GTGCGTCGCCCCT,0
TGCGCACGCCGGA,0
TTAAGTCATTAAT,1
GGCTACCTAAGGC,5
TCACCACGCCAAT,3
GAGGGTCGCCGGC,1
TCAGACGGCCTTT,1
GTCCCAGATTTTT,0
CATCACGATTGGG,1
ATTTCAGCGGGGG,4
TCAGACGGCCCAC,0
TATTACGTAAGGT,1
CGCCTGGCGGTTG,2
TTATACGCGGGGT,0
CTCTGTGGCCCTC,5
TGTTACGTAATTC,3
AAGGGTGATTTTC,1
ATCGCAGCGGGGA,2
TATCCAGCGGAAT,2
AATCACGCGGGGC,0
CATAACGCGGGGC,2
TCACACCGCCAAN,4
AGCAACTCGGGGG,0
CACACATCGGGGT,2
CAGTGTTCGGAAC,3
CCTGACTGCCAAG,4
ACCCTGTCGGCCT,0
ATTTACTCGGCCT,0
ATGTGTTCGGGGA,1
TGACTGTCGGGGA,3
GAGGTGTTAAGGN,1
ACACCATCGGCCG,2
ATGATGAATTCAA,1
AGAGGTAATTGTT,1
GACCCAACGGTGG,4
CCGACAAGCCACC,0
GAAGAGATAACAA,2
ATTCCAACGGGTG,0
TGGTACACGGGTC,3
CTCTCAACGGACT,2
TCATACAGCCTGA,0
TCTTCAAGCCCAG,1
GCTGGTAGCCACT,1
ATAGTGAGCCTGA,0
GCCCACAATTCAT,2
TACCTGAATTGTA,3
CGATACACGGACG,0
GGTATGATAACAT,2
TGCCCAATAACAT,0
CGTGGTCATTGTT,1
AATTGTCTAAGTT,1
GATGGTCGCCACC,0
CACTGTCATTCAC,4
CCAACACTAATGT,0
TCAAACCGCCACA,0
TGTGACCGAACAC,5
ATCCCACGAAACA,1
CGCTTGCGCCTGT,0
AATCTGCGCCGTG,2
GATAACCGCCTCA,1
AGCGCACGCCGTG,1
GCACTGCCGGCAG,1
TTCTACCCGGGTC,0
CGTCCACATTTGA,2
ACGGTGCATTGTC,0
CACATGCTAATGA,3
TTATACCGCCCAG,1
TTCAGTCATTCAT,0
CTATGTCATTACG,2
TACACACTAAGTA,0
TAGTACCTAAGTA,1
CTCCACGGCCTGG,5
AAGTCAGGCCGTT,1
ACTTCAGTAAGTT,1
GAAGTGGATTGTT,1
CTAGGTGATTGTT,4
CGGTGTGCGGACC,1
TCGATGGCGGTGG,0
AGTAACGGCCCAC,1
TCGTACGGCCCAC,0
CATCTGGTAAGTG,2
CCACTGGCGGTGT,2
CCATACGCGGGTG,0
CTAGTGGCGGTGT,2
AGCGGTGCGGCAC,0
ATGAACGGCCCAG,0
TGTAACGGCCCAG,4
AGATCAGGCCCAG,0
CCGAACGGCCACT,1
CCTAGTGATTACT,5
CCATCAGCGGGTC,0
TGTATGGCGGCAG,2
TCTCACGCGTTGA,4
CTGCACGGCCGTA,1
CTCCGTGGCCCAT,1
TCGTTGGGCCCAT,0
ATGCCAGTAAGTA,0
ACTACAGTAAGTA,5
GCCCTGGCGGGTA,2
GTTGACGCGGGTA,3
ATTATGTGCCTGG,0
TGTCACTGCCACC,3
TGGTCATCGGCAA,1
TCACACTCGGGTT,1
CAACACTATTGTT,2
GGTGGTTATTTGG,5
CAGGTGTATTACC,2
CATACATATTGTT,0
TCCACATGCCCAC,4
CGTCCATGCCCAC,0
TGATACTGCCTGT,3
CTTTACTCGGCAC,2
CGTGACTCGGCAC,3
TGTAGTTCGGACA,2
TACACATATTCAC,1
GCATGTTATTACA,0
GCACGTTTAAGTC,0
CCTCCATTAAGTC,0
TGAACATGCCCAG,1
TAGAACTGCCCAG,0
ACAGACTATTGTC,1
AGACTGTATTACT,1
CATCGTTGCCGTA,4
ATAATGTCGGTGC,3
CGCGACTCGGGTA,2
GTTCAGTATTTGC,0
TGACTGTATTCAT,0
GGGGACAGCCTCC,1
CAGTTGAATTCTG,1
CCCTTGACGTTCA,1
ACCAACAGCCTCA,1
CCAGCAAGCCAGT,0
GGCCTGATAATCA,0
ATGCCAACGTTCT,1
CCCGTGACGGCTA,1
TGATACCTAAAGG,4
GGGTGTCGCCTCC,3
GACCCACGCCCTT,1
TTGCACCGCCCTT,1
TCTGACCCGGTCA,2
TCCCTGCGCCTCA,4
CACCGTCGCCTCT,2
TTACGTCCGGCTA,1
GCTGCACATTTCG,2
GTAATGCATTCTA,4
CTCCTGCTAAAGC,4
ACAGACGATTCTT,3
ATACGTGCGGCTT,4
ACGAGTGCGGGAA,1
GGAAGTGGCCAGT,0
AAACTGGTAATCA,0
GCAAACGTAATCA,0
CCGTCATCGGTAC,0
CTGGACGGCCAGA,1
CGTAGTGCGGCTC,2
GTAACAGCGGTCT,1
GCGTGTGCGGCTC,2
AAGCACGTAAGAT,0
TCCAGTGATTTCG,3
ACTGCAGCGGTCG,2
ATGCTGTTAACTT,1
ATCCCATGCCGAA,3
GTTAGTTTAAAGT,0
GCTCTGTGCCGAG,1
AGCAACTGCCTCT,0
GGGCGTTCGGGAG,2
AGACACTCGGCTC,6
ACGGCATCGGGAG,4
CGCTACTTAATCG,1
TCCACATGCCGAT,2
TCAGTGTCGGTCG,5
ATCGACTCGGTCG,6
CGCTCATCGGCTA,3
GCCGGTACGGATT,0
CGCTCAAGCCTAA,4
CTGTCAAATTATG,0
CAATACAGCCATC,1
GCTCCAATAACGA,1
GAGAACAATTTAT,2
AGCCCAAATTTAT,3
CTGGCAACGGCGC,5
GGGTCAAGCCCGC,1
CCTATGAGCCATA,2
ACCAGTCCGGCGG,2
AGTCTGCCGGGCC,4
TTTCACCATTCGG,1
AGTATGCATTCGG,0
CTCATGCATTCGG,0
ATTGCACGAATAA,0
GAAACACCGGATG,1
AGTGACCATTATG,1
GTTCCACTAAATG,1
TCCCACCGCCCGT,3
CGCCTGCATTATC,3
GGTCTGCGCCGCT,2
CTAGACCATTCGC,2
GGATTGCGCCATA,0
TCCCACGGCCCGG,2
CACGCAGGCCGCC,2
ACAGTGGTAAATT,1
CTCGGTGATTATC,3
GAAACAGCGGTAT,0
GCACCAGCGGTAA,1
TCAGTGGGCCCGT,1
CGTTGTGCGGTAC,3
AAATACGCGTTAG,1
TCGTGTGCGGCGA,0
GGGCTGGATTATA,2
CAGGCAGCGGATA,4
AATCCAGCGGATA,4
AGTACATTAAATG,2
GGTGACTCGGTAC,1
GTCTCATCGGCGT,0
ATAATGTCGGGCA,6
ACTAACTATTATG,2
GGCGGTTATTGCA,4
AGTAGTTGCCATC,2
GATCGTTGCCCGA,1
GCAAGTTGCCTAT,0
TTTGTGTATTTAT,2
GGCAACTATTTAT,0
GCTTAGATAAAGG,0
CCAATCACGGGGG,4
AAGTGAACGGGGG,2
GAGTCTACGGTTT,1
GCTTAGACGGGGT,2
GACAAGAGCCTTG,2
TCATGAATAACCA,1
ATCCAGAATTTTC,2
CTCATCACGGCCT,1
CCATAGAGCCTTC,3
GAGGCTAGCCTTC,1
GTCGTCAGCCTTC,1
CTCAAGAATTGGC,4
TTTAGAACGGTTA,0
TCCTTCAGCCCCG,1
TGGAGACCGGCCC,3
CACACTCCGGGGG,2
GCATGACCGGGGG,0
AGCCGACATTTTT,5
CTGGGACGCCTTT,1
GTATCTCGCCTTT,2
TGTCAGCCGGGGT,0
GAGGAGCCGGAAC,1
TCCTAGCGAACCA,0
CAGTTCCCGGCCT,0
AAAACTCATTTTC,0
TTCTTCCATTGGA,1
GTATAGCATTAAG,0
CGGCGACTAACCT,2
CCAAAGCTAACCT,0
CTTACTCGCCCCT,2
CTGCAGCGCCGGA,4
GGTATCCGCCAAG,0
GTTGGACGCCTTA,2
AAACCTCGCCAAT,4
AGGTAGGGCCTTT,0
CCTGGAGGCCTTT,4
TGAGAGGGCCGGG,2
GCGTAGGGCCAAA,3
GCGTCTGCGGTTT,1
AAGGCTGGCCTTG,6
CGTGGAGCGGGGT,2
TCACAGGCGGCCA,0
GACAGAGCGGGGT,0
CTGTGAGGCCGGA,3
GGTGAGGGCCCCT,1
TCGGTCGGCCAAG,0
TATAGAGGCCAAT,4
TGGGAGGCGGGGC,0
GTGGGAGCGGGGC,3
GTTGCTTGCCCCC,1
GAAGCTTGCCTTT,3
CCTCGATGCCTAA,0
AGTAGATCGGAAA,3
CGATGATCGGGGG,0
GAATCTTTAAGGT,3
ATCAAGTTAAGGT,0
AGCGAGTTAATTG,3
CAACGATCGGTTG,1
TGCAAGTCGGAAC,0
ACGTCTTCGGCCA,4
CATAAGTCGGCCA,3
GGACCTTATTTTA,0
GAACAGTTAACCT,1
CCGTGATGCCGGA,4
CGTGGATGCCTTA,1
AACGTCTATTAAT,0
TTTTAGACGGCAA,1
CCAGGAACGGGTT,2
CGAGCTACGGGTT,0
TGGTAGAGCCCAA,4
CTGTCTAGCCGTT,1
TAAGCTATAATGG,4
CCTAAGATAAACC,0
CGTCTCAATTGTG,4
CCTTCTAATTACA,2
CGATTCAATTGTG,0
ACGAGAACGGGTG,0
GTCTAGAGCCGTG,5
CCGTCTAGCCTGT,2
CTAGTCACGGCAG,0
CTAGAGACGGCAG,2
TTATGAAGCCGTC,0
ACAAGAAATTACG,1
ATAGGAAAAAGTA,0
ACCGGAACGGAGC,4
GACCAGAGCCTGC,2
GCTTTCAGCCACG,1
AGACCTAGCCCAT,1
GGCCAGAGCCACG,4
CGGTTCCATTCAA,1
TGCTGACGCCTGG,3
CGGACTCCGGCAC,0
AACCTCCATTCAC,4
TGAGAGCTAACAC,0
ACTGAGCATTCAG,0
CTTAAGCTAACAG,0
GTGGGACTAACAG,1
GTCCCTCTAAGTC,4
CCCGCTCGCCTGA,0
GATGCTCCGGACG,2
TGGGTCCATTCAT,0
AAAACTCATTACG,0
CTGGCTCTAAGTA,0
CTACGACTAACAT,1
CAAGGACGAACAT,2
GTCGAGGGCCGTT,0
GCTAGAGTAACAA,3
GGCGAGGGCCGTG,0
CGCGAGGGCCTGT,0
GAAGCTGTAAACA,1
TTCGGAGTAAGTG,0
ACACCTGATTGTG,1
GAGCGAGATTACA,0
GGCAGAGATTACA,0
ACGTAGGATTGTG,1
GGTGTCGCGGACA,1
GACGGAGGCCACT,2
TGTACTGCGGTGA,0
TGAAAGGCGGGTC,2
CGGGAGGGCCCAT,4
GTGTAGGGCCTGC,2
GACGAGGGCCGTA,2
TACGTCGTAAGTA,0
TATGCTGTAATGC,0
TCCTTCGATTGTA,0
TTAGAGGATTCAT,4
TCAAGAGCGGCAT,2
TGTGCTGCGGGTA,0
GGAGGATTAACAA,1
TCTATCTTAACAA,3
GATCTCTGCCGTT,5
AACCCTTATTTGG,1
CTGGTCTGCCGTG,1
GTACCTGTAAGTG,0
GCGTTCTGCCTGT,2
TAAGGATCGGCAC,1
CTTCAGTCGGGTG,1
AGTTAGTCGGCAC,1
ATTGAGTGCCCAG,0
TGCAGATCGGGTC,0
TCTCTCTATTCAG,4
CTCGAGTGCCGTA,0
CGCTCTTGCCTGC,2
CACCGATCGGCAT,3
TTTGCTTATTGTA,2
TCCTAGTATTGTA,0
CTGAGATATTTGC,1
GACTAGTATTGTA,2
TGAGGAACGGCTT,0
ATCATCAGCCGAC,2
GGATTCAGCCCTG,0
AGAACTATAATCA,0
CGAGCTAATTTCT,3
GGATCTAATTGAT,1
CGTGTCAGCCCTA,0
CTCCCTCTAACTT,2
CCCGTCCGCCCTT,0
GAATAGCGCCTCC,4
ATACCTCGCCTCC,0
TGCTAGCGCCAGG,0
TAGATCCCGGTCA,3
CCTAAGCATTTCA,2
TCGAAGCTAATCA,3
CTGTCTCTAAGAC,1
TGACTCCGAATCA,1
GCAATCCCGGAGA,1
CCCCAGCATTTCT,1
GAGGCTCATTGAG,2
GGGCTCCGCCTCT,1
CGTTCTCCGGTCG,2
TCACTCCTAAAGC,0
TTGTAGCTAACTA,1
ACTGAGCGCCTCG,0
GAGCGACGCCAGC,1
CCATCTGGCCAGG,5
GCTGTCGCGGCTN,0
GTGGGAGGCCAGT,0
TCATCTGCGGTCA,1
GGCCCTGCGGAGT,0
TGGGCTGATTAGT,0
CATTTCGATTCTC,5
CTCGTCGCGGTCT,0
AGTGCTGGCCGTA,0
TCGAGAGTAACTA,0
TTTCGAGATTAGC,1
AATCAGGCGGCTA,2
CCTAAGTTAATCC,0
CCCAGATCGGCTT,3
CTACGATCGGAGG,3
GTTCAGTATTCTT,1
AAATAGTTAAAGT,3
GAATGATCGGGAC,0
AGTACTTGCCAGA,0
TAGAGATGCCAGC,0
TAGTTCTGCCCTA,0
TCGAAGTGCCCTA,4
CCTGAGTATTAGC,0
GGGGTCAATTATT,2
TATCCTAATGTAA,0
AGCGCTAATTGCC,4
AATTGAATAACGG,0
ATTCAGAATTATG,3
GATGTCAATTGCN,0
AAAGCTACGGCGT,1
CAGGCTACGGATG,2
CTTCCTAGCCTAC,0
TACCAGAGCCTAC,2
GCGAGAAGCCCGT,1
ACGCTCAGCCATG,1
CGCAAGATAATAC,0
ATTCCTAGCCTAG,3
GAATGAAGCCATC,0
GGATAGAGCCTAG,0
GTTATCATAAGCT,2
CGCCTCATAAGCT,0
CTGCAGCCGGTAA,1
GGCAGACCGGGCC,0
GTGTTCCATTCGG,2
GTCGCTCATTTAA,0
AAACCTCATTTAC,4
TACGAGCATTTAC,2
TCGGCTCTAAATG,1
AAAACTCGCCGCT,0
TGAACTCGCCTAG,2
CGGCTCCATTGCG,1
GCACTCCATTGCG,0
GCATGACATTTAT,2
CTAAAGCTAAATA,1
AGCCTCGCGGATT,3
CATATCGCGGCGG,0
CGACCTGGCCATG,2
ACGTTCGATTCGT,2
CGAAGAGCGGTAN,2
CGGGCTGGCCATC,0
GCTGCTGGCCTAG,0
TCTTAGGTAATAG,0
GATAGAGTAAATC,1
GGGGAGGATTGCT,0
CGTGCTGCGGGCT,2
CCATGAGCGGTAG,0
AATCTCGCGGTAG,1
GGGGGAGGCCCCG,4
GCGGCTGGCCATA,3
GACGAGGATTCGC,1
CTCGGATATTTAA,4
TAACTCTTAAATG,0
TATCGATTAAATG,1
CCCAGATATTTAC,2
TTCTAGTATTGCA,1
GCGGGATTAATAG,4
AATGTCTTAATAG,0
CTTCCTTCGGATC,0
GACCTCTCGGATC,1
AGTTTCTTAAATA,1
TTTTTCTGCCATA,0
CCAAAGTGCCCGC,1
GACGAGTGCCGCG,2
ATACGATGCCATA,0
TGCTGATGCCATA,3
GCTGTCTCGGGCG,0
TGACTCTCGGTAT,5
ATCCCTTATTATA,0
CCTCCTTATTTAT,0
TATCCGAATTATA,1
AGTCGCACGGGGG,1
TCCCCGATAACCC,3
TTGAATACGGGGT,5
TTCATAACGGCCA,0
AAGACGAGCCTTG,0
CAGCTAAGCCAAC,1
AAGGTAAATTGGA,0
TTGCTAAGCCAAG,4
GAGGTAAGCCCCT,3
TCAAGCAATTCCG,0
TCCCATAGCCCCG,0
GTTGATAGCCTTA,0
GGAATAAGCCAAT,1
AGTTGCATAACCG,0
AATTGCCATTTTT,1
GTTCTACGCCCCC,3
ATGTATCTAACCA,3
CGGGTACGAACCA,1
TGGGATCGCCCCA,1
GGGTGCCGCCTTG,3
ATAGCGCGCCTTG,0
TCCCGCCGCCGGA,3
GGTAGCCCGGCCG,0
CTCCGCCATTCCG,0
ATAATACATTCCG,0
GTCATACGAACCG,0
CATTTAGGCCCCC,2
ACACCGGGCCAAC,2
CAGACGGGCCCTC,3
AAGATAGGCCAAG,0
CACACGGGCCAAT,0
TGAACGGATTAAT,3
AAGGCGGCGGAAT,1
ATCAATGCGGTTA,2
GATATAGCGGAAT,5
CCGCGCGCGGCCG,2
ATGGCGTGCCAAA,3
GCGGATTCGGCCC,1
AATGATTTAACCA,1
TTAGCGTTAACCA,4
GAGCCGTCGGCCA,1
GGCTATTCGGTTG,3
GTTCATTATTGGT,0
GTAACGTTAATTC,0
AAACTATCGGTTC,2
TCAGCGTATTCCG,1
GACCCGACGGGTT,1
CACGGCACGGGTT,0
CCACCGAGCCGTT,4
TACGATAGCCCAA,0
TTGCGCAGCCGTT,6
TTAGTAAGCCCAA,0
AGCCGCACGGTGT,4
TAATGCAGCCACA,1
GGGCGAAGCCCAC,1
GCGGTAAGCCGTG,0
CTAGATAGCCCAC,1
CGATGCAATTACT,1
CGGGATAGCCACT,0
GGCTCGAGCCGTC,2
GGTAGCAGCCCAT,1
TACGCGAGCCCAT,1
TATATAAGCCCAT,4
TCCTTAATAACAT,0
ATAAAGATAATGC,5
AATAATATAAGTA,1
TAACATCATTACN,5
CCCAGCCATTACC,1
GAACGACATTGTT,1
GCCGCGCATTCAA,0
TCTTCGCATTGTT,4
ACCGCGCTAAACC,3
TCTCTACTAAGTT,1
TACCATCGCCCAA,5
TTCCTACGCCGTT,1
GATCGCCGCCTGG,1
GGCGCGCGCCGTT,1
GGAACGCCGGACA,3
TAAGCGCATTGTG,1
ACATGCCTAACAC,1
GTATCGCTAACAC,1
ACCACGCGCCGTG,3
ACGTATCGCCGTG,0
TTCCATCGCCACA,0
CTCGCGCGCCCAC,3
ATATTACGCCCAC,4
AATTCGCCGGGTC,0
AAAACGCATTACT,5
TCAGGCCATTCAG,3
AGCTTACATTGTC,1
ATGACGCTAACAG,2
TGATCGCGCCCAG,0
ACGTCGCCGGGTA,1
CCACCGCATTGTA,0
GTGTATCATTCAT,1
AGTCATCATTCAT,1
CCTTCGCTAAACG,0
CTCCGCCTAACAG,0
AGAGTACTAAGTA,1
TAGCCGCTAACAT,4
ACCGTACGCCACG,1
CCATATCGCCTGC,2
AGCCTACGCCGTA,0
CTATGCCGCCACG,1
GTGCTAGGCCGTT,0
TCTATAGGCCCAA,0
TCCCCGGATTGTT,3
CTCCGCGATTGTT,2
CTAATAGATTTGG,2
CGAACGGCGAACC,3
TCTGCGGCGGGTT,1
TATGATGCGGGTT,4
TGTAATGGCCGTG,0
GCGCCGGGCCTGT,0
GCCAATGATTACA,1
GTTCCGGATTACA,1
TTGACGGATTACA,1
TGCCTAGATTCAC,4
ATCTCGGCGGCAC,0
TTACGCGCGGGTG,6
CAAGCGGGCCACT,3
AGAGCGGGCCCAG,0
TTCGCGGGCCCAG,1
TATCCGGGCCGTC,2
CATAGCGGCCTGA,6
ATCGCGGTAAACT,3
ATAGATGTAAACT,2
AGGACGGCGGTGA,1
GTCGGCGCGGGTC,0
GATAGCGCGGGTC,1
CTTGTAGGCCGTA,3
GAATGCGGCCGTA,1
ATGGATGGCCGTA,1
GTCCATGGCCCAT,2
GGTTGCGTAACAT,2
GACTCGGTAACAT,4
CCATCGGATTCAT,4
AGTGTATTAAGTT,4
TCTTGCTGCCTGG,1
TCTGTATGCCGTT,0
AATTGCTGCCTGG,0
AAACATTCGGCAA,2
GTTACGTCGGACC,0
ACTCCGTTAAGTG,4
TCCCCGTGCCGTG,2
GTCAATTGCCTGT,0
CTAGCGTCGGCAC,2
TGGTGCTATTCAC,3
ATTCGCTATTACA,0
AGCGCGTATTGTG,1
ATTAGATTAACAG,3
CCAGGCTTAATGA,1
CTGACGTGCCGTC,0
AGGATATCGGGTC,1
CACACGTCGGGTC,1
AGAACGTCGGACT,0
GACACGTATTCAG,0
GTCATATATTCAG,0
CCGAGCTATTACG,1
ATTGATAATTTCC,0
TCAGCGAATTTCC,4
GATAGCAATTTCC,3
ACAGATAATTGAC,2
CCTAGCAATTTCA,1
GGCAATAATTTCA,0
TCCACGACGGGAC,3
CCATGCACGGCTG,0
AGTGAGAGCCCTG,1
CCCGTAATAACTG,4
TGGAGCATAACTC,1
TGGTATACGGTCG,4
AGGAGCAGCCTCG,1
CGTCCGAGCCCTA,0
TATCGCAGCCCTA,5
AGCGGCATAATCG,1
GACCGACATTGAA,4
CGACCGCGCCTCC,0
TTTGGCCATTAGT,6
ATTGCGCATTAGT,0
CACAATCATTAGA,0
TGTGTACATTGAG,2
GGCATACATTTCT,4
CTACGCCATTTCT,0
TCGTATCTAAAGA,1
GTTCGACCGGTCG,1
AGGACGCTAATCG,1
GTGGTACTAACTA,4
GCCCGCGGCCAGG,0
AAACATGGCCCTT,1
AGATGCGGAACTG,3
CATTTAGGCCAGC,3
ACCATATGCCTCC,0
ATCAATTCGGCTT,0
AATGATTCGGCTT,2
CACACGTATTAGG,2
CTATATTATTAGG,5
GCAAATTGCCTCA,1
GGTTTATTAAAGA,2
GCTCCGTTAATCT,1
CTAAATTGCCCTC,2
CACATATGCCTCT,6
CATGCGTGCCCTC,1
ATAGCGTGCCTCT,4
GGCGCGTGCCCTC,1
ATTATATCGGAGA,0
TTGCCGTATTTCT,3
AAGACGTATTCTC,4
CCTTGCTTAAAGC,4
GTTGGAAATTATT,0
CCTCCGACGGCGG,0
GCTCGCAGCCATT,0
TACTCGAATTATG,0
CTTCTAACGGCGT,1
GAGCATACGGGCA,0
AGTTGCAGCCCGT,0
GACCTAAGCCGCA,1
ATAAATATAAGCA,0
ACGTCGAATTTAG,4
CATCGCAATTGCT,5
CGGGCGAGCCTAG,1
TCCTATAGCCGCT,1
GCAGCGAGCCATC,3
TGCAGCAGCCTAG,4
TTGAATACGGCGC,0
AGGCTAAGCCTAT,0
CGGCGCAGCCGCG,2
CGTTGCAGCCTAT,4
AGTTATAGCCCGC,0
TTCGTAAGCCATA,0
CCGTCGAGCCTAT,2
GTATTAAGCCTAT,1
ATGGGCCCGGGCC,3
CGTACGCCGGGCC,0
TTCCGCCATTGCC,0
TTTCTACTAAATT,0
CCACTACTAATAA,1
GAAACGCGCCATT,0
TACTATCGCCTAA,3
TACCCGCCGGCGT,1
GCATCGCCGGTAC,0
TTACGCCCGGTAC,1
CGTGATCGCCTAC,5
GTGCCGCGCCTAC,0
TATCATCGCCATG,0
CCAATACCGGATC,1
GACTATCCGGCGA,0
TGGGGCCGCCGCT,4
GGGACGCGCCTAG,6
TCGTCGCGCCTAG,2
TTGGATCATTCGC,0
TGCGGCCATTTAT,2
CGCGGCCATTATA,0
GTCGCGCGCCATA,0
TGGATAGGCCTAA,1
ACAGGCGGCCATT,1
TTTATAGATTGCN,0
CCTAATGATTATT,2
CCAAGCGGCCTAC,1
ACAGTAGGCCGCA,0
TATGATGGCCTAC,2
TATCGCGGCCATG,2
TGTGTAGTAAATG,1
ACTGATGTAAATG,2
GTTAGCGCGGATG,3
CTGCTAGCGGATG,0
CGATATGCGGCGT,2
TAATTAGGCCGCT,4
GCACTAGGCCCGA,2
ACGCCGGGCCTAG,1
AAATATGCGGCGA,0
ATCACGGCGGTAG,0
TATAGCGCGGTAG,2
CTCGCGGCGGATA,3
AATTTAGCGGTAT,3
GACCTATTAACGG,1
AGGACGTGCCGCC,1
TGTTATTGCCGCC,0
CGCCGCTGCCTAA,1
TTGGCGTCGGCGG,0
TACGGCTTAACGT,2
TGCATATTAATAC,2
TGAGGCTGCCTAC,3
TCCTTATCGGTAC,4
CAGGGCTCGGTAC,1
CGGGGCTATTATG,2
GTGGATTTAAGCT,3
GACGATTTAATAG,0
CCTACGTTAACGA,0
GATCTATTAATAG,0
CTAGTATGCCATC,0
CCTCGCTCGGATC,0
GGTCCGTCGGATA,0
AGAGATTATTTAT,0
CTATTATATTATA,3
GAAAGCTTACTGA,1
CTTCAAAGCACCC,1
TTACAAAGCACCC,0
GTAGCCAGCATTT,6
TCCCGGATACTTT,0
GCCGTTATACTTT,1
CTTTAAATACAAC,0
CACCGGAATGCCT,0
AGAGGGAATAAAG,1
ACCGCCACGTCCT,1
TCACCCACGTTTC,3
TACGTTAGCACCT,2
CAGGTTAGCAAAG,2
TAGAGGAGCATTC,3
ACAGTTATACAAG,2
TCTGCCATACTTC,0
TTGGTTATACTTA,0
TCTACCATACGGC,0
ACATTTCCGTTTT,2
TATGCCCCGTGGG,2
CATATTCCGTGGG,0
GGAGTTCATGAAA,0
CCTGGGCTACTTT,2
CGAGTTCTACAAA,0
TCAAAACGCAGGG,0
TCTCGGCCGTGGT,1
CCCTTTCATGCCA,0
GCTAGGCATGTTG,0
GCGGGGCATGCCA,3
GATTGGCTACTTG,0
TTACGGCGCAAAC,2
CCCCCTCGACCCA,3
CTGTAACGCAAAC,0
ACTTTTCGACCCA,1
GAGTCCCGCAAAC,1
GCGGGGCCGTCCT,0
GTCACCCTACCCT,0
GCGTTTCTACGGA,0
TCGGGGCGCAGGA,5
TGACGGCGACCCT,0
AAAATTCATGTTA,1
ACCAAACGCAGGC,0
ACTCCCCGACCCG,0
TAGCGGCGACCCG,0
AGGAGGGGCAAAA,4
TGATAAGGCATTT,4
GCTTAAGATGGGG,5
AGGGAAGCGTAAA,1
CGCACCGCGTGGG,1
TGATAAGGCACCA,0
GCGCCTGTACCCA,1
GGCGTTGATGGGT,5
CCCGTTGCGTGGT,4
TGTTTTGCGTGGT,1
TACACCGCGACCA,2
ATAGAAGCGTGGT,0
AGTATTGATGCCT,1
AGTTTTGCGTTTC,0
ATGAGGGCGTTTC,2
TGATGGGCGTGGA,1
AACGAAGGCAGGC,1
TAGCAAGGCAAAT,1
GAAGCCGATGGGC,2
ACTGGGTGCAAAA,4
CACGAATCGTCCC,5
AATGTTTCGTGGG,4
GTACAATATGGGG,2
CTGTGGTTACTTG,4
TGGAGATGCAGGT,4
GGCGTTTGCAGGT,0
AGATAATCGTGGT,0
AGGACCTTACGGA,4
ACATTTTGCAGGA,3
CAATGGTCGTCCT,5
TCACAATCGTGGA,2
TCTAAATCGTAAG,3
GCGTGGTCGTCCT,0
AAACCCTATGCCT,3
GTAATTTATGCCT,0
GTATAATATGTTC,0
AAGTGGTGCACCG,0
TTCTTTTCGTAAT,2
ATTGGGTATGCCG,3
TACAAATATGGGC,1
CTAGGGTATGGGC,1
TACGCCAATGGTT,1
GTTACCAGCACAA,3
ATGTGGAGCATGG,1
CTATGGAGCATGG,1
ATATGGAGCACAA,2
TAATTTATACACC,4
CCGTAAATACACC,1
TCGAAAAATGACA,1
CACGCCAATGGTG,2
GACCGGACGTTGT,4
TTGCTTAGCACAC,1
AGTATTAGCAGTG,0
GGCCGGATACACA,2
TGCCTTAATGACT,0
GATTAAACGTGTC,4
CACTGGAGCAGTC,3
GATCGGAGCAACT,1
AATAGGAGCATGA,2
TACTAAATACACT,0
AACCCCAATGGTA,2
AGAGAAAATGTGC,0
ACGAAAACGTGTA,4
CGGACCAGCAACG,1
CCTTGGAGCAGTA,4
ACTCAAAGCAGTA,0
CGCCAAAGCACAT,0
GTGCGGCCGTACC,3
TTCTCCCCGTGTT,0
TAACTTCATGGTT,0
TAGTTTCATGGTT,1
GAAATTCTACTGG,2
CAATCCCCGTTGT,1
CTGGCCCATGGTG,0
AGCAAACATGACA,4
CGAGTTCTACGTG,3
GGCCGGCTACCAN,5
GGCTAACTACACA,1
ATTGGGCGCAACA,4
AGGACCCGACACA,1
CTGAGGCGCAGTG,1
CTCCGGCGCAGTG,0
ATCATTCGCACAC,1
GCTACCCGCAGTG,1
GGCCGGCGACACA,0
AACCTTCCGTTGA,4
CAAGTTCATGGTC,2
ACAGGGCATGGTC,1
ATCATTCATGGTC,0
CAGACCCATGCAG,0
GGCCGGCATGACT,0
CACTTTCGACCAG,1
ACCAAACATGGTA,3
TCCTGGGGCATGG,5
AACCGGGGCACAA,2
ACACTTGGCAGTT,0
TACATTGGCACAA,5
CCGGCCGGCACAA,1
GGTCCCGTACTGG,4
CCATCCGTACCAA,3
AGTTAAGATGCAA,2
GGTCGGGATGGTT,2
TAAGGGGCGTTGG,0
TAATCCGCGTGTT,4
GCTTGGGCGTGTT,2
CGATCCGCGTACC,0
CAACCCGGCACAC,0
CCACCCGTAGCAC,0
GCTCTTGTACACA,2
AATTAAGCGTGTG,1
AAATGGGGCATGA,0
TGCTAAGTACGTC,0
TTGTGGGCGTGTC,4
CCATAAGGCAGTA,0
TAGAAAGATGACG,2
TTTTAAGCGTTGC,3
AAGATTGCGTACG,1
CCGGCCGCGTGTA,1
TGGAGGTGCACAA,3
AGGGCCTCGTTGG,4
GACTCCTGCACAC,2
ACTCCCTGCATGT,1
TCCGTTTCGTGTG,3
TACAGGTGCACAG,0
TCTATTTGCAACT,0
GGGGCCTCGTACT,2
TCATAATCGTGTC,5
TAAGGGTATGGTC,1
GTGTCCTATGGTC,0
TCATGGTATGCAG,0
GCTACCTATGGTC,0
TTATTTTTACTGC,4
GCACAATGCAACG,4
CGGACCAATGTCC,2
CCAAAAAGCACTT,1
TGTAAAAGCAAGG,2
TTGCGGAGCACTT,3
GGGCGGATACAGG,0
ACATAAACGTCTG,5
AGGAGGAGCACTG,0
GCTGAAAATGAGA,4
CATCGGAATGCTC,0
ACCTAAACGTGAG,0
TTCAGGACGTTCT,4
GATGCCACGTAGA,0
TTGTTTATACAGA,4
GACGGGATACCTC,0
AGAGCCAGCAAGC,2
TGGAGGCATGAGG,0
GGACCCCATGAGG,0
GGCCTTCTACCTT,2
CCGCTTCATGAGT,2
CGGCCTCGCAAGT,1
GTAATTCGACCTG,1
ACTAAACATGAGA,2
TGCGAACTACTCT,0
TGTTAACCGTAGC,3
TGATCCCCGTTCG,0
AGGTGGCATGCTA,0
TGTACCCTACAGC,2
ATCAGGCGCACTA,0
CCGCTTCGCATCG,4
TTCTAAGTACAGG,2
CTAGCCGTACCTT,0
AGGTGGGATGTCC,3
ATTCTTGCGTCTT,1
ATTTAAGCGTTCA,2
TGTCCCGCGTAGT,6
CATTTTGGCACTC,0
TAAGAAGCGTTCT,3
CTGCAAGCGACTC,0
TCAGGGGGCATCG,1
TACGCCGGCAAGC,1
GGACGGTCGTGAA,1
GGATGGTCGTCTT,1
TATTCCTTACAGT,0
GACCGGTCGTCTG,1
TTCGTTTATGAGT,5
GTCCAATTACTCT,1
TAAATTTGCACTC,1
AACGTTTGCACTC,2
GAGCCCTGCAAGA,4
TCCGCCTCGTTCT,0
CTCAAATCGTAGA,1
TCCTTTTATGTCT,1
GTGGTTTTACTCG,2
CACAGGTTACCTA,3
TGTCAATGCACTA,3
TATACCTGCAAGC,6
ACGGATAATGGCC,0
AACATTAATGTAA,3
ATGATTAATGTAA,0
AATACCACGTGCN,0
TCGCTTAGCAGCA,0
CTCATTAATGTAG,0
CTCCCCACGTATC,0
CCGGGGAGCATAG,0
TCCCGGAATGTAT,0
GACGTTAGCACGC,1
TCAATTATACCGC,2
GCACGGCATGATT,0
CAGGGGCATGGCC,4
CTATCCCTACCGG,1
TGAAGGCGCATAA,3
GGACCCCCGTCGT,0
GATAAACCGTATG,2
ATTCCCCGACGCA,0
TGAATTCGCATAC,3
GCTCCCCGCAATG,1
AATCGGCGCAGCA,4
CCCTAACATGTAG,1
GACCCCCATGGCT,0
TCGTTTCATGATC,4
GGGACCCGCAATC,0
GTCCTTCGCACGA,2
TATCCCCGCAGCT,2
TGTGCCCCGTCGC,2
CTCATTCATGGCG,0
AATGTTCATGGCG,0
TGATTTCATGCGC,0
ATATTTCATGCGC,0
TCCTAACTACATA,0
TCGTGGCTACCGC,4
CTGCCCCGACTAT,0
AGAGAACGCAGCG,2
TATCGGCGCATAT,2
TGTTAAGATGCGG,4
TAGGCCGCGTATT,4
TTAACCGCGTGCC,0
GGAGAAGATGGCA,1
AGGATTGCGTTAC,0
CTGGTTGCGTTAG,2
AACCTTGGCATAT,1
CCGCTTGTACTAT,1
ACAGAATTACATT,3
CAGTGGTCGTTAA,1
CGAGTTTTACATC,2
TTGACCTGCACGA,0
GCGTGGTGCACGA,0
CAATGGTCGTTAG,4
CGAAGGTGCAATA,0
TCTATTGATGCGC,2
ACGCAATCGTCGC,1
AGTCAATATGCGC,0
AAGTGTAATGCCC,1
GTCGCAACGTTTT,1
GTACCAAGCAGAA,3
CTGTCAATACAAA,4
TGTCTGATACAAA,0
TTCGACAATGTTG,0
TGATACAATGGGT,1
AGAGTGAGCAGGT,1
ATTTACATACCCA,0
AATAGTATACAAC,1
CGAGGTACGTGGA,3
GTCGGTACGTGGA,1
CCTAACAGCAAGA,3
GAAGGTATACTTC,0
GTGGTGATACGGA,4
TAGACAATACCCT,1
ATTACAAGCAGGC,2
TGCTTGATACGGC,1
GAATACCATGGGG,4
CAAACACATGAAA,0
TCTCACCGCAAAA,0
CTTGTGCTACTTG,0
TACAACCTACTTG,1
GTGGGTCGCAAAC,1
GTTCACCCGTAAG,2
GAATTGCTACTTC,0
ACAAGCTATGTTC,2
GCTGGTCCGTTTA,0
ATACTGCATGAAT,1
CTGCCAGGCACCC,0
CGTCTGGTACAAA,4
TGAGACGTACAAA,1
GGCGGTGTACCCA,4
TAATACGCGACCA,2
GAGCACGCGACCA,2
TTACCAGGCACCT,0
CCGCTGGGCAAAG,0
GATCCAGTACCTC,0
ATCTGTGCGACCT,3
CCTACAGGCACCG,0
GGCCCAGATGGGC,0
TAGCACTGCATTT,3
GGCTGTTGCACCC,0
TTTGACTATGGGG,0
ATCCTGTTACAAC,1
GCCAACTATGCCA,0
GTGATGTATGCCA,4
TCCCACTTACGGA,4
CCGTACTTACAAG,0
GCCAACTCGTCCT,0
CGGTGTTCGTCCT,2
TAGTACTCGTGGT,0
TCCAGTTATGAAG,3
CACGTGTGCACCG,0
ATCTACTGCACCG,3
GTCATGTCGTCCG,1
CCTGCATCGTGGC,1
AACCTGTATGGGC,0
TGCGCATATGAAT,1
CTCGCAAATGGTT,5
GGCCACAATGTGG,2
TTGGTGAGCAACC,4
AACCACAGCACAA,0
CATGGTAGCACAA,5
AGCTCAAGCATGG,0
TCCTGTATACACC,4
TCTTGTATACGTT,3
TGGTCAAGCAGTG,1
CCGTTGAGCACAC,0
ACGCTGAGCAGTG,1
CCCATGATACGTG,1
GAGTCAATACACA,2
GAGGGTAATGGTC,1
ATAGTGAATGTGA,2
CTTCGTAGCATGA,1
AGTGTGAGCAACT,1
GAGGGTAGCAACT,0
TTCACAAGCACAG,0
TGAGGTAGCACAG,4
GGATACAGCACAG,0
GGCAACAGCACAG,2
CTAGGTAGCACAG,1
TGATTGAGCAGTC,2
TGCAACATACCAG,1
GGAAACACGTTGC,0
TGGTGTAGCACAT,4
AGCCACAGCAGTA,3
CGTAGTATACGTA,1
TCGATGATACTGC,2
AGGCACCATGACC,0
GTCCACCATGACC,5
ATCGCACTACTGG,3
GATCGTCTACGTT,2
TTTTTGCGCACAA,0
CAGTACCGCAGTT,1
GCGGCACGCATGG,0
GTTGCACCGTACA,0
GAGGGTCCTGCAC,4
ATAACACCGTCAC,3
TCGTTGCCGTGTG,3
TTTAGTCATGGTG,1
CTGGGTCATGACA,1
GAGTGTCATGGTG,3
TCTCTGCATGTGT,4
CGGGACCTACACA,2
CAATACCTACCAC,1
GCCCCACGACCAC,2
TCCCACCGCAACA,3
CCAGCACGCACAC,4
GTCAACCGCAACA,4
TCCCGTCCGTGTC,0
GCTTACCCGTCAG,3
CGGTCACATGGTC,1
GGTGGTCATGGTC,0
TACACACGCAGTC,4
CCTCACCCGTACG,0
TGCAGTCCGTGTA,0
TCCGTGCATGCAT,0
GACCGTCATGTGC,0
TGCCTGCATGCAT,0
TTTCCACGCACAT,2
GAATGTCGACACG,0
CTGGCACGACCAT,1
CTGAGTCGCAGTA,0
TAGTACCGACCAT,3
AAACACGGCATGG,2
TGGTCAGGCACAA,2
ACTGCAGGCAACC,0
GTTTCAGATGCAA,2
CTCTCAGCGTCAA,1
AGATACGCGTACC,2
TCCCGTGGCACAC,1
CTCCCAGTACACA,3
ACGCCAGTACGTG,3
CAATGTGATGGTG,1
GGATGTGCGTCAC,4
GTTTGTGGCACAG,3
GAATACGGCAGTC,3
GAGCGTGGCACAG,2
TCGCCAGGCAGTC,0
CTATCAGCGTGTC,1
GACGCAGGCAGTA,2
CACTCAGTACTGC,1
TATTCAGTACCAT,0
TAAATGGATGCAT,0
CATTTGGATGACG,2
TCCTCATTACCAA,1
CTTATGTTACACC,3
TTCTCATTACGTT,0
GGGCTGTTACTGT,0
GGGGTGTGCATGT,0
GAAGCATGCAGTG,2
AAGTCATGCACAC,4
CCCAACTCGTACA,2
CGGTACTATGTGT,1
GTCAACTGCATGA,0
GTAGACTGCACAG,3
TCGGCATGCAGTC,0
GGGAGTTCGTACT,2
TGGCACTATGGTC,0
TTGTGTTATGGTC,3
CCTCCATATGGTC,4
GGTTACTTACGTA,3
TGTCGTTTACGTA,0
ATAAACTTACCAT,4
CTACCATTACACG,0
CCGCGTTTACGTA,1
CGCGCATTACTGC,1
GGGGACTCGTTGC,1
TACGCATCGTCAT,5
GTGCGTTCGTGTA,0
TAGCCATCGTACG,4
GGTGACTATGACG,4
TTCACATATGACG,1
ATCCGTAATGCTG,1
GCGCGAAGCATCA,0
GTTATGATACTCA,1
AGCCTGATACAGT,1
GATGGTATACAGT,2
GTTCTGATACTCT,2
CGGAGTAATGCTA,0
ATTTCAAGCAAGC,2
TCAGGTAGCACTA,0
CCACGTATACGAT,0
TACGACATACCTA,0
CCCTGTCATGTCA,3
ACAGACCATGCTG,0
TAGCTGCGCACTG,0
CCACACCTACTCT,4
AAATCACGCATCT,4
GCCAGTCGCAAGC,3
TCCTGTCGCAAGC,0
TCAACACGCATCG,3
CACTGTCGCAAGC,3
TCGTACCGCATCG,2
CCAGACGTACCTT,2
ATTTCAGATGTCC,4
TCGTTGGGCACTG,3
GTATCAGTACTCA,0
CGGCTGGATGTCA,0
GCGACAGATGTCA,3
TAATGTGGCACTC,2
CTTCCAGCGTTCT,0
CTTCGTGCGTGAG,0
CCCTACGCGTAGA,6
AAGTCAGATGAGC,5
AGACGTGCGTGAT,6
CAATCATGCATCC,3
GGCGTGTGCAAGG,0
CAACGTTCGTTCC,0
TGCGCATCGTTCN,3
CGAAACTATGCTT,2
TGTCTGTTACCTG,2
GTGGTGTGCACTG,3
CGCACATGCAAGT,1
GGGTCATTACTCT,0
ACGTTGTTACAGA,0
ACAATGTTACAGC,0
GTGTACTGCAAGC,1
TGTAACAATGTAA,0
TCCTACACGTGCC,0
TCTACAACGTGCC,2
AGATCAACGTTAA,2
AAAATGAGCAATT,0
TCCCTGATACATT,1
TAACGTAATGCGT,0
AACTGTACGTCGT,0
CATCACACGTATG,1
AGAAGTAGCATAC,0
AGGCTGATCATAC,0
ATACTGAATGATC,1
TAGACAAGCAGCT,0
GTTCCAATACATC,0
TACCACATACATC,2
CCTAGTAATGGCG,0
TACCCAACGTTAT,4
TGCGCAAGCAATA,0
CACAGTCATGTAA,4
AACAACCGCACGG,5
GTTAGTCTACGCA,1
TCACGTCTACCGT,2
AGATGTCGACTAC,1
TATGACCGCACGT,3
CCTCGTCTACCGA,1
ATCGCACTACATC,4
GATGTGCTACGCT,4
CATGACCTACTAG,0
AAAATGCGCAGCT,2
ATGTACCGCACGA,2
GAGCCACGCAATC,0
GCGTCACGCAATC,0
CCGTACCCGTTAT,0
GCCACACATGGCG,4
CGGGTGCTACGCG,0
CCTAACCTACCGC,1
CTCAACCGCAATA,0
GAAAACGCGTGCC,0
GATCCAGCGACGG,4
CAATCAGGCAATG,2
CCGGCAGGCAATG,2
TAATGTGCGTGCA,1
GCAGACGCGACGT,1
CCGAGTGGCAATC,3
CTAGCAGTACCGA,0
GACTTGGAACGCT,0
TGCCCAGGCAGCG,0
AACGACGTACTAT,1
CGAAACGCGACGC,5
GGAACAGCGTCGC,4
GAGACATGCACGG,2
GCGGCATGCATAA,3
ACAAGTTCGACGG,3
GGCCCATCGTGAA,0
GCAACATATGCGG,0
TGCCCATATGTAA,4
CGGAACTGCAATG,0
AAGGCATCGTCGT,2
CCGCTGTCGTGCA,0
TGGATGTGCAGCT,1
CTGGCATGCACGA,0
GTCGACTCGTTAG,2
ATGTTGTATGGCT,3
AATATGTTGTATA,0
GTGCCATGCATAN,0
AAAAACTGCAATA,2
ATAATGTGCAGCG,0
GGCGTGTCGTATA,3
CCAACATACATAT,2
ACACCTAATGCCC,3
GTTTAGACGTGGG,2
ATTACTACGTGGG,0
TGCACTACGTAAA,2
GGCGCTAGCAGGG,3
TCACTCATACGGG,5
TCGCAGAATGCCA,2
GCCTCTACGACCA,0
GGAAAGACGTCCA,3
AGGCGAAGCATTG,3
TTTGAGATACCCA,0
ACTGAGATACGGT,2
GGCTCTATACGGT,0
ATTAGAACGTTTC,0
AGAGGAAGCATTC,1
GGCAAGAGCATTC,4
GCATGAAATGGGC,0
AACAGAACGTAAT,4
CCAGAGATACAAT,3
ATCGTCATACCCG,3
TACAGACCGTTTT,1
CCACTCCTACGGG,3
AGACGACTACAAA,0
CTGAGACGCACCC,2
CGTAGACGACCCC,3
CGTCTCCGCAGGT,2
ATACCTCGCATTG,3
ACCGTCCATGTTC,4
GACCAGCTACAAG,0
TTCAAGCTACGGA,2
GGTTCTCGCACCT,2
GACATCCATGCCG,1
CACAAGCTACCCG,4
CACTAGCTACGGC,1
CACCTCCGCAGGC,0
TCCAGAGGCATTT,0
TATGAGGGCACCC,0
GGCGGAGGCATTT,1
ACTACTGCGTGAA,1
ATCGTCGATGTTG,1
GTAACTGATGGGT,2
GGGTGAGCGACCA,0
TTTGAGGCGTAAC,6
ACCGTCGCGTAAC,0
CCTCGAGCGTGGT,0
TTGAGAGAGTCCT,2
CAGGGAGATGAAG,0
GCGGAGGCGTTTC,0
AATGGAGGCACCG,2
CGCTCTGGCATTA,2
GACGCTGTACTTA,0
AATTGAGATGTTA,0
CGGAGAGCGTAAT,3
CGCCAGGCGTGGC,0
CGGTAGTGCATTT,1
ACTCAGTGCAGGG,2
TCGCGATGCACCC,1
TCATCTTATGGGG,0
GATGTCTATGCCC,0
TGCGCTTTACTTG,2
TTTATCTATGCCA,2
GGTACTTATGGGT,3
TCGCGATATGCCA,0
TGAGCTAGCAAAG,2
GACAGATATGTTC,4
TCCAAGTCGTCCG,0
TGGCGATCGTGGC,1
ACCAGATATGAAT,3
ACGACTAATGGTT,0
TGGTGAACGTGTT,0
GATGGAACGTGTT,1
TTATCTAGCAACC,3
TTTCTCATACACC,0
GTGAAGATACTGG,1
ACAGTCATACGTT,5
AGATCTACGTACA,0
ATCGAGACGTACA,0
TCGGAGAGCATGT,1
CCAGGAATACTGA,1
TCGGAGAATGCAG,0
CCACAGACGTTGA,2
TGTGGAAGCACAG,1
CCGTTCAGCAACT,2
TTACAGAGCACAG,2
GCGCTCAGCATGA,2
GCTTAGATACACT,1
CGCGAGAATGTGC,0
TTGCTCACGTCAT,3
GGCATCACGTGTA,0
ATTGAGAGCAACG,2
AGAGAGAGCAACG,1
GGCTAGAGCAACG,1
GGGGCTCTACTGG,0
CTGAAGCTACGTT,0
CCACTCCGCAACC,3
CTGTAGCATGCAC,2
TTAAGACATGGTG,0
TGCACTCATGCAC,3
GGGACTCTACACA,3
TTGGGACGCAACA,3
CTCTCTCCGTCAG,1
GGGCTCCATGACT,2
CCACAGCTACTGA,1
CTGCTCCGACCAG,3
TGCGTCCGACCAG,1
TCCTGACCGTCAT,0
GCAGCTCCGTTGC,0
GTACGACCGTACG,1
AGGTTCCATGGTA,1
TTTGAGCATGACG,0
GCAATCCATGGTA,0
GCTCCTCATGTGC,0
GTTCCTCTACTGC,1
AATTAGCTACACG,2
CTTCGACGCAACG,0
TGTCGAGGCAACC,3
TGTATCGGCATGG,0
TCCTTCGTACCAA,2
TTGTTCGATGGTT,0
GCTCTCGATGGTT,0
ACCTGAGCGTTGG,3
TCATGAGCGTTGG,1
CTGTTCGGCAGTG,0
CGTCAGGGCACAC,2
CGCATCGTACTGT,2
CGGAGAGATGGTG,2
CTGGGAGATGCAC,2
CCTGCTGCGTCAC,5
CCTCAGGGCACAG,2
TCACTCGTACACT,2
GTCCTCGATGGTC,1
TGGTAGGCGTTGA,0
ACATAGGCGACAG,1
AAGGGAGCGTACT,1
ATTTAGGGCAGTA,0
TGCAAGGGCATGC,1
TTGTTCGATGCAT,2
TTCCCTGCGTGTA,0
ATGGTCTTACTGG,0
GTCCAGTTACGTT,3
GCTCCTTTACCAA,0
AAACAGTGCACAA,2
CAAGAGTGCAGTT,4
ATGTCTTGCAACC,1
TCTTTCTGCACAA,2
CCTTGATGCACAA,0
GTTAAGTCGTCAA,1
ACACTCTTACGTG,0
TCCATCTCGTTGT,1
CTGAAGTCGTTGT,4
GCAGCTTCGTACA,0
TGCAAGTCGTTGT,1
TCCCCTTATGACA,0
ATTTCTTTACACT,4
GTGATCTTACTGA,3
TACAGATGCAACT,5
AACACTTCGTGTC,1
CGTGGATATGACT,0
ATGCAGTATGCAG,1
CCTAAGTGCACAT,2
CCGTCTGTACGTA,0
CTGACTTAGTCAT,1
ACTCGATATGACG,1
TGCATCTATGGTA,4
GACCCTAATGCTT,2
GGTCCTAATGCTG,4
ACGAAGAATGTCA,0
TGAAGAAGCATCA,4
TAACCTACGTAGA,1
ACTGAGAGCAAGA,2
TCAAGAAGCAGAG,0
GTGCGAAGCATCG,3
TTGATCCTACAGG,6
AGTACTCTACCTT,3
TTTGAGCATGAGT,0
TCCCAGCTACTCA,3
TTCAGACTACCTG,5
TCACGACGCAAGT,0
GTCTCTCGCAAGT,4
ACGTAGCGCACTG,1
AGTTAGCCGTAGA,4
CTGAAGCTACCTC,0
AGCGTCCTACAGA,0
ATAGCTCGCACTC,5
CTCCAGCCGTTCG,0
GCGTCTCTACCTA,1
CCCTTCCGCAAGC,2
CCCTCTGGCACTT,5
GTAACTGGCACTT,1
CGCCGAGATGAGG,4
CCAGAGGCGTCTT,0
TAGGCTGCGTCTT,2
CATGCTGCGTCTT,2
CGGCGAGGCAAGT,3
TCTCGAGGCATCA,0
CGGTCTGCGTAGT,2
CCAAAGGCGTGAC,2
TAGCGAGCGTCTG,2
GTAGCTGGCAGAG,0
TTCTCTGGCACTA,3
GTCCTCTCGTTCC,3
GCGATCTTACCTG,0
AGTGTCTGCATCA,1
CTCAAGTGCAAGT,0
CCGTGATGCATCA,3
ACTGCTTGCAAGA,0
TGGTTCTCGTGAG,3
GCGCTCTATGGAG,2
CTTGCTTCGTGAT,0
GCGGTCTCGTCTA,0
GCTAAGTCGTCTA,0
TCAAAGTATGAGC,1
CACATCTATGTCG,3
ACAGAGTATGCTA,2
TGCGAGAATGGCC,5
GGGAAGACGTGCC,0
ACCCAGACGTATT,0
GACATCACGTCGG,1
TCCTCTAGCAGCC,2
GTACCTAGCAGCC,3
GATCTCAGCACGG,0
ACGCAGAGCACGG,2
AGTCGAACGTGCA,0
AACGTCACGTATG,3
ACTGTCACGTCGT,0
TACGAGAGCACGT,3
TACACTATACGCA,1
AGCCGAATACGCA,3
CGCAGAATACCGT,0
CAATAGACGTTAG,0
GGCTAGACGTTAG,0
TGTCTCAGCAGCT,0
TAAATCAATGGCG,1
CGGTGAACGTGCG,1
CCACGAAGCACGC,0
GCGGCTATACCGC,5
CTGGTCCGACTAA,0
TCATCTCGACTAA,0
GAATAGCCGTCGT,2
TTGTTCCCGTCGT,0
TGCCTCCCGTTAC,1
AGGGAGCATGCGT,0
TTGTCTCATGTAC,0
GGCCGACATGTAC,0
GCCGAGCTACATG,0
TCGCTCCGCACGT,0
TAGTAGCCGTTAG,2
GCTCTCCCGTGCT,0
TCGTAGCATGCGA,1
GAGTGACTACCGA,1
GTAGTCCTACATC,1
TAAGTCCGCAGCT,6
GTGTGACTACCGC,3
GGTAAGCTACCGC,1
GCATGACTACATA,5
TGAGCTCGCACGC,1
ACGCCTGGCAATT,0
CGGTTCGCGTCGG,4
CCGTCTGCGTGCN,4
CACCAGGGCAGCA,0
ACAGTCGGCAATG,2
CTATCTGGCACGT,4
GTTCAGGCGTCGT,0
GGCAGAGCGTTAC,6
TTCGGAGGCACGA,1
GGGTAGGCGTATC,2
GACGGAGCGTGCT,2
CGATAGGCGTATC,1
GAAGTCGGCACGC,1
ATGGCTGGCAATA,3
AACACTGGCACGC,3
GAGCCTGGCAGCG,4
GAGCGAGGCATAT,0
GTATTCGGCATAT,3
CACCAGGCGTATA,0
CAGAGAGCGTTAT,0
GATGAGTTACGCC,2
AAGAAGTGCACGG,3
ATACTCTCGTTAA,0
TTCGCTTCGTTAA,4
TGAAGACGCAGGG,0
ATTGTCTTACATG,3
GGTCCTTTACGCA,1
ATCTAGTGCACGT,2
AGTGTCTCGTATG,0
ATGAGATCGTGCA,2
CGAGCTTATGTAC,3
CCTTGATTACATC,1
TAAATCTGCAGCT,4
GCCATCTGCAATC,3
TGCGGATCGTATC,2
GTATCTTCGTTAG,0
ATGTGATATGGCT,0
GCTTAGTATGGCT,4
ATGCTCTTACTAT,1
GGGACTTGCAATA,0
ATCGTCTCGTTAT,2
CCTATCTATGCGC,2
TATAGCAATGCCC,0
CCATATACGTGAA,3
TCTCTAACGTTTT,0
GTTACGAGCATTT,0
CATTCGAGCACCC,0
CTCCCGATACGGG,5
TAATGCAGCACCA,0
CGGCTAAGCATTG,3
AACCGCAGCAAAC,0
GGACCGAATGCCT,4
CGTTTAACGTTTC,1
AACGCGACGTCCT,0
TTCCATACGTAAG,0
CTTTATAGCATTC,5
GAATTAATACAAG,4
ATACGCAGCACCG,4
TTGGGCATACCCG,3
GTAAGCATACCCG,1
AACTTACTACAAA,0
AACCTACGCAGGG,0
CCACGCCGCACCA,0
CTCCTACGACCCA,4
GGAATACGCAGGT,2
CCGGGCCGACCCA,0
CGCTATCGCACCA,0
CCTCCGCCGTCCT,3
ATATTACCGTGGA,2
ACGTGCCATGTTC,4
TAGGCGCTACGGA,1
GCGTCGCTACCCT,1
GGCAGCCTACCCT,3
GACAGCCGCAAAG,1
AAGGGCCGACCCT,1
CCTAGCCGACCCT,4
CGCATACGCAGGA,4
TGGTTACCGTTTA,0
GGCTCGCATGCCG,4
TACTTAGGCATTG,0
CCTATAGATGTTG,4
ATTCATGCGTTTG,0
TGTTATGCGTTTG,0
AGGGCGGGCAAAG,3
GTCGGCGTACCCT,0
CCTCTAGATGCCT,0
GTTTATGCGTAAG,4
CTTGCGGCGTTTC,4
AGGAGCGCGTAAG,1
GCAACGGCGTCCT,3
TGTCGCGCGTCCT,1
GTCGCGGCGTGGA,0
AGCCTAGCGTAAG,0
TCCATAGGCAAAT,0
CGGCGCGGCACCG,0
TCGGTAGGCAGGC,2
TCACCGGTACTTA,2
TATGATGCGTAAT,0
CGCGGCTTACTTT,3
TACCGCTATGGGG,0
AACGATTATGTTT,1
CCTGATTGCAGGT,0
CATGATTGCATTG,5
GAACGCTATGTTG,1
AATAAGTATGGGT,1
AGATGATTACCCT,3
CCCGATTCGTCCT,1
GGTCTATCGTAAG,2
TGGAGCTTACTTA,2
AAATATTTACAAT,1
GCAAATTATGGGC,0
GACTCGTATGAAT,3
GATTCGTATGCCG,1
AACGTAAATGACC,2
CCGCTAAATGTGA,0
TTTGATACGTGTT,1
TCCGATATACCAA,1
AAATATAATGGTG,1
GAGAATAATGGTG,1
ACACTAACGTCAC,2
CGTTTAAGCAACA,3
TAACCGATACTGT,1
TCCTTAATACGTG,0
TTAGCGATACGTG,1
GCCTCGAATGGTC,1
AGTCGCAATGGTC,2
CGTCTAACGTTGA,0
TATAGCACGTCAG,1
TCCACGAGCAGTC,2
CTGTCGAGCATGA,2
CCGGCGAGCAGTC,1
TAAGTAATACCAG,4
TCACATACGTGTA,3
ACGTATACGTCAT,1
TAAATAAGCAACG,5
CCATGCAGCACAT,3
TATGTAAGCACAT,1
ACCTTAATACGTA,0
CAGCATATACACG,1
GGGTTACATGGTT,4
ATTCGCCATGGTT,1
CTGATACTACCAA,1
GAAAATCGACCAA,3
AGGCATCGCAGTT,1
GCATATCGACACC,0
GCTCGCCGACACC,3
CCGACGCGCACAA,0
CCTCCGCCGTGTG,4
CACTGCCATGTGT,0
CGACTACATGCAC,1
CTCGCGCATGCAC,0
CAGCGCCATGTGT,0
TTGACGCTACACA,4
CGCGGCCTACTGT,1
CGCCCGCGCAGTG,0
GATTCGCGCATGT,1
TCTCGCCCGTGTC,0
GGGAGCCATGTGA,2
AAAGCGCATGGTC,0
TCTCCGCATGGTC,1
CGCTATCATGCAG,1
GCTCCGCCGTACG,3
CTTTATCGCAACG,1
CTGAATGGCAACC,4
CGATCGGGCAGTT,1
TTAATAGGCATGG,0
AATCATGGCACAA,0
TGTCATGATGTGG,0
CCCCATGCGTCAA,0
AGCCATGGCAGTG,2
CTAATAGGCAGTG,0
CGGGATGCGTGTG,5
GAACTAGCGTTGT,1
GGTCTAGCGTCAC,3
AAGAGCGCGTTGT,1
TGGTGCGGCAACT,3
ATCCTAGGCACAG,4
GCGTCGGGCATGA,3
CCACTAGTACACT,1
TCCCCGGATGTGA,0
TGGAATGATGACT,0
CTTAGCGATGACT,0
GCAAATGATGGTC,0
ACTTGCGATGACT,0
ATTATAGCGTGTC,5
TCGGATGCGTGTC,0
GAACCGGGCAGTA,3
ATTAGCGGCAGTA,1
GAATCGGGCACAT,1
CGGCGCGGCAGTA,4
GACCATGGCAACG,0
ACGCCGGGCAACG,1
TCGCTAGGCACAT,2
TTTCATGTACCAT,0
TTTAATGATGGTA,0
TGCCCGGATGTGC,3
CATATAGATGTGC,0
AACCGCGCGTGTA,0
CACATAGCGACAT,1
TAGTATGCGTTGC,1
CTCCATTTACCAA,0
TCTTATTGCACAA,5
TCCCCGTCGTGTT,0
CCCTCGTCGTCAA,3
AGGCGCTATGTGG,2
CTGTTATATGGTT,2
AACAATTATGTGG,2
TCCCTATTACTGT,0
GAGCATTGCAACA,3
CCACATTCGTACA,1
TCGGCGTCGTCAC,1
TTTGATTATGACA,1
TCACGCTATGGTG,1
ATATTATATGCAC,1
TCCGTATGCACAG,1
CCAACGTGCACAG,1
CGTGATTGCAGTC,0
GATTTATGCACAG,1
AAAGATTCGTGTC,2
CGGACGTATGGTC,1
GGCACGTATGCAG,1
GAAACGTTACGTA,1
AGCACGTTACGTA,1
CGTTTATGCATGC,1
TTCTCGTCGTCAT,1
CCGAATACGTTCC,3
CCCAATAGCACTT,0
TACTTAAGCAAGG,3
GCAGCGATACCTT,2
TGTCATAATGCTG,0
CGATGCAGCATCA,3
CGGAATATACAGT,0
CCCAATACGTCTC,0
CACGCGAGCATCG,3
AGCTCGCATGGAA,2
GCCCCGCTACAGG,0
GAGGATCGCATCN,1
ACTGCGCGACCTT,4
ACTAGCCCGTTCA,1
TAGCCGCATGCTG,0
GTCTCGCTACCTG,2
CAAAGCCGCAAGT,4
ATGGGCCGCAAGT,2
TTGAGCCGCATCA,1
CGTGATCCGTCTC,1
GATCTACCGTTCT,1
CCAACGCATGGAG,1
ATCTGCCTACTCT,0
ATCGTACTACAGA,0
GAGACGCCGTTCG,1
ATATTACCGTTCG,1
AGGGGCCATGCTA,3
GATGGCCATGGTA,0
ATACTACATGTCG,2
TTATGCCATGTCG,0
GCAATACGCACTA,1
CGTAGCCGCACTA,4
TAAAGCGATGCTT,0
ACCGGCGCGTTCC,2
ATTATAGCGTTCC,2
CCCCTAGGCATCA,0
CCGCGCGGCACTG,4
GACCTAGTACCTG,4
ATGGTAGCGTGAN,0
AACTGCGGCAGAG,5
TCAAGCGATGTCT,0
CGCCATGATGCTC,1
CTTTTAGCGTTCT,3
TGTAGCGCGACTC,1
GTGAATGTACAGC,5
GTTGCGGATGCTA,1
GTTTATGCGTTCG,2
CCCACGGCGTAGC,0
CGGCTAGCGTTCG,3
CCTTTAGCGTTCG,0
TTATGCTTACCTT,0
TGTGGCTGCAGAA,1
TGAGCGTGCACTN,6
ATGATATGCAAGG,0
AATAGCTGCAAGG,1
TAAAATTCGTAGG,3
TTACCGTCGTTCC,0
TGGACGTTACAGT,2
AATCTATTACAGT,2
TTGTCGTGCATCA,5
TACACGTCGTCTG,0
ATCCGCTCGTCTG,0
GAATGCTATGTCA,2
ACAATATCGACTC,3
ATGTATTGCAAGC,0
TACGGCTGCACTA,4
TCCAATTCGTTCG,4
GTGGTATCGTCTA,0
ATGTCGAATGTAA,3
AATGCGAATGGCC,0
CGCCTAACGTTAA,0
CATCTAACGTGCC,0
AACACGAGCATAA,2
ACTCGCAGCACGG,4
TATAGCATACTAA,4
AGAAATAATGGCA,1
CTATATAATGTAC,1
TTGTCGAGCATAC,1
CTCGTAAGCATAC,3
TCTATAAGCAATG,4
TCTCTAATACCGT,3
AATACGATACGCA,4
GATCGCAATGTAG,2
TTGTGCACGTATC,2
GTGACGACGTATC,2
ATCATAACGTTAG,0
GGGAGCAGCAGCT,0
AAATATAATGTAT,0
TGAATAACGTTAT,1
ATCAATACGTCGC,0
CGGGTAATACCGC,4
GTGCCGATACCGC,2
CCTTCGATACTAT,3
GAACGACCGTCGG,3
TATATACATGTAA,0
AAGGTACGCAATT,4
CTTGCGCCGTGCA,1
GAAAGCCATGTAC,2
AAAGGCCATGTAC,0
CTCCTACATGCGT,2
ATACGCCTACTAC,5
TCCTCGCGCAATG,0
CCCTCGCGCACGT,0
TAATATCGACTAC,0
TAGACGCGACTAC,1
GACAATCCGTTAG,0
TCTAGCCATGTAG,0
GAAACGCTACTAG,1
AACATACGACTAG,3
ACCTTACTACTAT,0
TGTTCGCTACATA,0
TCCCATCGACTAT,1
AAACATCGCACGC,1
ATGCCGCGCAATA,1
TCGGCGCGCACGC,0
GATGGCCGACGCG,1
ATGCCGGGCATAA,2
CATGATGATGATT,1
GAACTAGCGTTAA,0
GCAGCGGCGTTAA,3
TAAATAGATGGCA,4
GTATGCGATGCGT,0
AATCATGCGTCGT,3
TGATCGGGCAATC,3
CCTAATGGCAGCT,0
GACTTAGTACGCT,0
CCCTCGGATGATC,1
TCATCGGCGACGA,1
TGTTATGCGTTAT,6
CTCAATTGCATAA,4
AAGTTATGCACGG,2
GCCGTATCGTATT,4
AGGCTATCGTATT,3
CGCCTATCGTATT,1
CTCTGCTCGTTAA,0
ATCCCGTATGATT,6
TCCTTATTACGCA,3
TCCTGCTTACTAC,1
CGTATATTACGCA,4
GAGGTATGCACGT,0
AGATCGTGCATAC,2
TATAGCTGCAATG,4
TCAATATCGTCGT,1
GTCAGCTATGGCA,0
ACCTGCTTACATC,1
TCTTGCTTACCGA,1
TCGGTATTACATC,1
GCGCCGTTACATC,3
GGCGCGTGCAATC,2
CTTATATATGGCT,0
GCAAGCTTACATA,0
ATGATATTACGCG,1
CGATATTTACTAT,0
CGTGGCTGCAATA,0
AGACCGTGCAATA,3
GCTACGTGCATAT,4
GACTGCTCGTCGC,0
CGACATTCGTGCG,1
GGATATTCGTGCG,0
TACGGCTATGGCG,1
TTTAAAAATCTTT,0
CCTCTTAGCTCCC,1
CTGCGGAATCCCA,0
CGCGAAAGCTAAC,4
CTGATTAATCAAG,3
GCGTGGAATCCCT,0
TTCCAAACGACCT,2
AGGAAAAGCTCCT,0
TGAGGGAGCTTTC,1
TGCATTATAGCCT,5
GCCAAAACGAAAT,1
GAGGTTCATCCCC,5
GTCGCCCGCTCCC,2
GGATCCCCGACCA,3
ATAACCCTAGTTG,0
TTATGGCTAGGGT,4
GACATTCGCTCCA,4
CACTAACGAGCCA,3
GATCGGCGCTCCA,3
AATTCCCGCTAAC,0
CGACTTCATCAAG,2
TTCGGGCGCTGGA,0
GAGCTTCCGAAAT,0
CGTGGGGATCCCG,2
CCATTTCATCAAT,2
CAGTAACTAGCCG,3
GGAGAACTAGCCG,0
GAAGAACTAGGGC,2
ACCCCGCGCTTTA,1
ATTTCCGGCTCCC,4
GCCGTTGCGAAAC,2
ACCGTTGCGACCT,0
TTATGGGCGAAAG,1
TGTCAAGGCTGGC,0
CACGTTGGCTGGC,4
TTAGGGGGCTGGC,4
GACTTTGATCAAT,0
GGGATTTGCTTTT,2
GCTCCCTCGAGGG,1
GGGGTTTATCGGG,4
TTTCAATATCTTT,0
GCACTTTTAGTTG,0
ACTCCCTTAGCCA,1
AGACTTTGCTCCA,2
GACGGGTCGAAAC,0
CCTCGGTCGACCA,0
AGCATTTCGATTG,1
ACGATTTATCCCA,2
CGGATTTTAGCCT,1
TAGTGGTTAGCCT,1
CCATAATGCTAAG,0
GAAAGGTATCAAG,1
CGGATTTGCTCCG,0
GGGCGGTCGAGGC,0
ATAATTTATCCCG,0
ATAGCCTATCGGC,4
GATGGGAATCGTT,2
TGACTTACGATGG,4
AATGCTACGAGTT,1
GCTCTTAGCTACC,0
GCGGCCAGCTGTT,0
CTACCCAATCGTG,2
ATCCCCAGCTTGT,0
ATTTTTATAGGTG,0
CGCTCCATAGTGT,1
ATTCGGACGACAG,5
TACACCACGAACT,0
CTCATTACGAGTC,4
CTACCCAGCTGTC,0
CTTAAAATAGACT,0
ATTAAAATAGGTC,2
CTAAAAATAGGTC,0
AGCCGGATAGCAG,1
AACTGGACGACAT,1
CCATTTCATCTGG,2
TCAGGGCGCTACC,6
AACTTTCGCTTGG,2
TGCCCCCGCTGTT,1
GTACCCCATCTGT,0
CTACAACATCGTG,1
CTATTTCATCGTG,0
GCTCGGCTAGGTG,2
GTTGGGCGAGACA,1
GGTTTTCGCTGTG,2
AGTGAACGCTACA,1
CGAAAACGAGCAC,3
CAGAGGCGAGACA,0
CGATTTCGAGCAC,4
GTCTTTCATCCAG,1
AAATTTCTAGGTC,2
AACGAACGCTACT,0
GATCCCCGCTACT,4
TCAGTTCATCGTA,0
CCGATTCTAGCAT,0
TCGAGGCGCTTGC,1
CACATTGGCTCAA,1
TCTTTTGGCTGTT,4
TAGTCCGGCTGTT,4
AGCGTTGATCCAA,5
TACCCCGGCTCAC,4
TCCCCCGCGATGT,2
TACTAAGCGACAC,0
TCACAAGGCTGTC,0
ACGTGGGTAGGTC,1
ATTTTTGCGAGTC,2
GATCCCGCGACAG,2
TCTCTTGGCTGTA,0
GGAGCCGGCTACG,0
AATGTTGGCTACG,1
ACGTAAGGCTTGC,1
ACAATTGTAGGTA,1
CAGGTTGATCGTA,4
GTGCGGGCGACAT,1
CTACGGGCGAGTA,2
TAGCAATTAGGTT,0
GCTAGGTTAGCAA,1
GTATCCTTAGCAA,4
GTTTCCTGCTACC,1
TCCGAATGCTGTT,2
CGTATTTGCTGTT,6
ATATTTTGCTCAA,0
AGGGCCTCGAACC,0
TGTCGGTCGATGG,0
AATGAATCGAGTT,0
CCTGAATGCTCAC,2
ACTCAATGCTTGT,0
GAGCTTTGCTGTG,2
AATGAATGCTTGT,2
ACATGGTATCTGT,0
TTTTAATTAGGTC,0
CTAAGGTGCTGTC,1
CGTGGGTCGAGTC,4
GAGGCCTATCCAG,2
TGGGGGTTAGGTA,3
TATGTTTTAGGTA,0
ATAAAATGCTACG,1
TCCTGGTATCGTA,0
CTGGTTAGCTTCC,0
GTCACCAGCTTCC,2
GACGTTAATCTCA,2
TGACTTAGCTGAC,1
AGATAAAGCTCTG,0
GGCCCCAGCTGAC,4
TAAATTACGACTC,1
AAGGCCAGCTGAG,3
TATGTTAGCTAGA,0
TCTCGGATAGAGA,0
AAGCGGATAGAGA,2
CCAACCAATCAGC,3
GGTCAAAATCAGC,1
TGCGAAAATCAGC,3
GACGAACCGAAGG,2
TGGGCCCATCCTT,0
AGTGTTCGCTCTT,1
GACATTCGCTCTT,4
CTGCTTCGCTTCC,0
CCGCGGCATCCTG,1
CGGTCCCGCTAGA,2
GCCATTCGCTTCT,0
CTGCCCCGCTAGA,0
AACGGGCGCTAGA,0
AGGGCCCCGAAGC,4
ACAAAACATCAGC,2
ATCGAACTAGAGC,1
CTCGCCCGCTCTA,2
CCGTTTGGCTAGT,3
AGACGGGTAGGAC,0
GCAAGGGATCAGT,0
AGACCCGCGAAGT,1
GCATCCGCGACTC,2
GAATTTGGCTTCG,0
CATAAAGGCTCTA,2
AGTAGGGATCTCG,0
CTTTAAGCGACTA,2
GCCGGGTTAGTCC,2
TCTGGGTCGACTT,4
CGAAAATCGACTT,2
GTATCCTCGACTT,0
TCCGTTTTAGCTG,2
CGGCTTTGCTTCA,1
CTGGAATGCTCTG,1
ATCTGGTGCTGAC,1
GAGTCCTATCCTG,2
CCTCGGTTAGTCT,0
AGCAGGTGCTTCT,0
CATGCCTGCTTCT,2
TAAATTTCGAAGA,1
CATCTTTCGAGAG,3
CGTGAATATCCTC,1
TGAAGGTTAGGAT,0
CCGTAATTAGCTA,2
GCTCTTTGCTCTA,3
CCGGAATGCTTCG,4
GATAGGTGCTCTA,0
AATGCCTCGAAGC,1
ATGTGGATAGTAA,3
TGAGCCATAGTAA,0
AGGTGGAATCTAC,4
CTCACCAATCTAC,1
TGACGGAGCTTAC,3
TCAACCACGAGCT,0
CGTGTTAGCTCGA,2
GCAAAAAATCGCG,5
GCAGAAAATCATA,3
TGTACCACGACGC,4
GCGGAAAGCTTAT,0
GGCATTAGCTCGC,2
TCGAGGAGCTGCG,5
CCGCTTAGCTATA,4
TCGAGGCATCCGG,0
TCTAGGCTAGTAA,2
ATAGCCCTAGTAA,1
TAACGGCGCTATT,4
TAAGCCCGCTTAA,0
CCAATTCGCTATT,2
AACATTCGCTGCC,1
GAGAGGCGCTTAA,1
TATTCCCTAGGCA,4
CTTGTTCGCTGCA,4
GAAAGGCATCCGA,1
GCCGTTCATCATC,0
CAGCCTCATCCGA,0
TTCCGGCTAGGCT,0
GACTGGCGCTTAG,1
TAGGAACGCTGCT,3
TGCACCCGCTGCT,1
GAGCGGCATCTAT,1
TCTTGGCGCTTAT,0
GGCCCCCGCTCGC,0
GACCCCGGCTCGG,3
CGAAGGGGCTGCC,0
GAGGAAGGCTTAA,3
GCGTTTGTAGATT,3
TGGAGAGATCCGG,3
CTGCGGGATCTAA,1
TGAGGGGCGAATT,4
CTGAGGGGCTGCA,1
GATCGGGGCTTAC,1
AGACTTGCGAATG,3
TGTGGGGCGAATC,1
TTCATTGCGAATC,2
GGGAAAGGCTATA,4
GTATTTGGCTATA,5
ATTAGGGTAGATA,2
CCTGGGGCGAGCG,0
GCAACCTTAGATT,4
TTAGAATTAGATT,0
GTCATTTCGAATT,4
TTCTTTTCGATAA,0
GTCTTTTTAGATG,3
TTCTAATGCTTAC,4
AGCAGGTGCTCGT,1
TCAGGGTATCGCA,1
TCCCGGTTAGGCT,2
GCGTCCTGCTTAG,4
GAGGTTTCGAGCT,2
AAGCCCTATCATC,1
TAAGGGTCGAATA,1
GGGGTGATAGAGA,0
GAGATGAAGAAAA,4
GTTGCAACGATTT,0
TGCCACACGAGGG,4
TAAATGAGCTCCC,2
GTTAGTACGAGGT,2
GCCTACAGCTGGT,0
GCCGCAAGCTAAC,0
TGAATGAGCTCCT,1
TGGATGATAGTTC,4
CCTAGTATAGTTC,0
TAGTTGACGAGGC,2
GTTCTGAGCTTTA,5
ATACCACATCAAA,3
GATACACTAGGGG,1
CCATCACTAGTTG,3
CGATTGCTAGAAC,0
ATCCCACGCTAAC,2
TTCCGTCGCTCCA,1
GATAACCCGAAAG,2
CCAAACCATCAAG,1
TCAAGTCTAGTTC,0
CCCCGTCGCTGGA,1
GAATCACGCTCCT,0
CTGCTGCGCTCCT,0
AGATGTCGCTGGA,4
AAGCACCGCTAAG,1
CATCTGCGCTCCT,0
CACCACCTAGGGC,0
GCGCAACTAGCCG,2
AGTTCACGAGCCG,1
CTCTCACGCTCCG,1
GCGGACCGCTGGC,0
TTACCACGCTGGC,2
ACGAACCGCTCCG,2
TATATGCGAGCCG,0
AAATCAGGCTCCC,1
CCCGCAGGCTGGG,0
TACATGGGCTCCC,3
GTGATGGGCTTTT,0
CCATTGGGCTGGG,1
CTAACAGGCTAAA,2
AATATGGGCTTTT,0
TCTTGTGATCGGT,4
GAGCCAGATCCCA,2
CGGTCAGGCTGGA,1
ATGCGTGGCTGGA,3
ATATGTGGCTGGA,0
AGGGTGGTAGTTC,2
GCCGACGCGAAAG,0
TCCTCAGGCTAAT,4
GCAGGTGGCTCCG,1
TTGCACGGCTTTA,3
TGAATGGCGAGGC,3
CATCACGCGACCG,0
CTCCACTGCTCCC,4
GAAGCATCGAGGG,0
TCCGACTCGACCC,2
GAGGACTCGAGGG,0
AGTGACTATCCCC,0
TGGACATGCTAAC,1
CTCTACTGCTAAC,2
TCGGACTGCTAAC,1
TTGACATCGATTG,0
CTTTACTAGACCA,2
TTGTGTTGCTGGA,3
TAGAACTGCTTTC,0
TTGAGTTATCCCT,0
TTCCTGTATCAAG,1
CCGCCATATCGGA,4
GTATACTTAGGGC,0
GTTCACTGCTAAT,0
CACAACTCGACCG,3
TCAGCAAGCTTGG,0
CTCGACAGCTCAA,3
TATAGTATAGCAA,0
AAATACAATCGTG,2
GCTAACAATCTGT,1
CTGGCAACGACAC,0
AGGGACAGCTCAC,0
CTGTGTAGCTCAC,5
CCATCAAGCTCAN,0
AACCACAATCGTC,2
CCTACAACGACAG,0
TCCATGAATCGTA,0
GTCCGTAATCACG,0
CCCCTGACGAACG,4
CGTTTGACGACAT,1
ATGTTGAGCTACG,0
GAGCACAGCTGTA,0
CAGCGTAGCTGTA,1
CAGGTGCTAGCAA,2
ATAAACCGCTTGG,2
TATGGTCGCTACC,2
TAGTACCTAGGTG,1
AGGATGCGCTCAC,4
CGCAACCATCTGA,0
GTAAACCTAGCAG,1
GGCCTGCTAGTGA,1
TCATACCGCTGTC,2
GCGAGACGCTTGA,0
TAAGTGCCGACAT,0
CATTCACATCACG,1
CGGGTGCTAGGTA,1
GAACACCGCTACG,2
AGACCACGCTACG,2
GTACGTCGCTTGC,2
GTCCACGGCTACC,3
CCAAACGTAGGTT,0
AGCACAGTAGACC,0
CGGTCAGATCCAA,5
AACGGTGATCTGG,3
TGGGGTGCGAGTT,5
CCGAACGGCTGTG,0
TGCGACGGCTGTG,0
TAAGGTGTAGGTG,0
CACCCAGTAGGTG,0
GCGCCAGTAGACA,2
TCTTCAGGCTTGA,4
CCTATGGCGAGTC,1
CTAGCAGCGAACT,1
AACACAGGCTGTA,0
GATGCAGGCTTGC,1
ACATTGGATCGTA,2
GACTTGGCGAACG,0
GAAATGTTAGTGG,1
TTTACATTAGGTT,2
AGCCCATGCTACC,0
CGGTACTCGAGTT,0
TATAGTTCGAACC,4
CAGCGTTATCCAA,3
CGGTGTTTAGCAC,0
GGACCATGCTCAC,5
TGATGTTGCTCAC,1
CGATGTTGCTGTG,0
GATCGTTCGACAC,2
CGCTACTCGACAC,4
TAAACATTAGGTC,0
CGTCTGTTAGGTC,4
GAGATGTTAGGTC,2
GAAAACTGCTCAG,0
CTTACATGCTCAG,4
ACGGTGTGCTGTC,0
CCCTCATCGAGTC,0
TAAACATATCGTC,4
CGCAACTATCCAG,0
CGTCTGTTAGTGC,2
GCCATGTGCTTGC,0
CCATGTTGCTCAT,5
ATCCGTTGCTTGC,0
TGCGCATGCTACG,2
CTTTACAGCTAGG,4
ACAGACAGCTTCC,1
CCACACATAGAGT,2
AGAACAATAGAGT,0
GACCTGACGAAGC,4
CTAGGTACGATCG,4
TGTGACCCGACTT,0
ATCTACCCGAAGG,1
GCTGGTCATCAGG,2
GCTAACCATCAGG,1
CTCTCACGCTCTT,2
CCGAGTCGCTCTT,0
GTGTTGCATCCTG,2
ATAGCACTAGTCA,3
GGGTACCATCAGA,1
CCCTGTCATCTCT,4
GACCTGCATCTCT,5
CGTATGCATCTCT,1
GTCTTGCATCTCT,1
CGGGGTCGCTTCT,1
TTCAACCGCTAGA,1
CCGAGTCGCTTCT,2
GTATACCGCTCTC,2
CTGGACCGCTCTA,1
TATGTGCGCTTCG,3
TCGATGCGCTAGC,0
TGGTGTGATCAGG,0
CTGTGTGATCTCC,2
CGATGTGCGAAGG,2
CGGCGTGGCTAGT,3
CTACGTGGCTTCA,2
CCTACAGTAGTCA,0
GGAGCAGGCTTCT,3
GATGGTGGCTAGA,4
TTTGCAGCGACTC,2
GCGGTGGGCTCTA,1
TGCGCAGGCTTCG,3
GTATCAGTAGAGC,0
TAACCATTAGAGG,4
GTTAACTGCTAGG,1
GAGCAATATCTCC,0
CAGGTGTTAGCTG,6
TGCTCATTAGCTG,0
ACGTCATGCTCTG,1
TTTGTGTTAGCTC,0
GCTGACTGCTAGA,1
TGCGACTGCTTCT,0
CCCCCATCGAAGA,0
CTCACATATCTCT,2
GAAAGTTTAGTCG,1
TTCACATCGAAGC,5
GTCTTGTCGACTA,3
GTACGTTATCAGC,1
ACCCGTAGCTTAA,1
AAATTGAGCTTAA,0
CGTGGTAGCTGCC,0
CTCAGTAGCTTAA,1
AATGGTAGCTATT,0
CGCTACAGCTGCC,1
GCGTACAATCTAC,0
GTCAGTATAGTAC,0
CCTACAAGCTTAG,2
CTGTTGATAGATC,1
TTTAGTACGAATA,1
GGTGGTACGACGC,4
CGTCCAACGAATA,0
TGGATGAGCTGCG,4
CCACACATAGTAT,0
CCTTCAATAGTAT,4
GTCGACCATCATT,4
GGGAACCTAGCGT,1
CCAGCACGCTCGT,0
TTATACCGCTGCA,4
GCCCGTCCGAGCT,0
ACCCACCATCTAG,0
GTTAGTCGCTCGA,0
ATGCACCGCTTAG,0
GCTAACCATCTAT,1
TAGAGTCTAGATA,1
GGGAACCGCTTAT,2
GGGGTGGGCTATT,2
AGCGCAGGCTTAA,1
TGCATGGTAGCGG,0
TATCTGGATCGCC,0
TCAACAGCGAATT,0
CCACTGGGCTGCA,0
TCATCAGGCTTAC,0
GATCCAGGCTGCA,1
GCTATGGATCGCA,1
TCGGTGGATCTAC,1
GGGCACGGCTTAG,3
ATCAACGGCTATC,3
ACGTACGTAGTAG,4
CCAAGTGATCCGA,1
GATCCAGATCGCT,1
CGTGGTGCGAATC,2
GCTTGTGGCTTAT,1
ATGTGTGTAGGCG,2
TCGCCATCGAATT,0
GTCCACTATCTAA,1
GCGCATTATCGCC,0
TAAACATTAGATG,3
CTCACATGCTATG,3
CTTGACTCGAGCA,0
TAGTTGTATCCGT,3
AAGGGTTGCTATC,1
AGCAGTTGCTCGA,2
TACCACTATCCGA,2
GAGAGTTATCTAG,1
AGGTTGTTAGTAT,5
CTGACATTAGATA,2
CACTACTTAGGCG,1
AAACTGTGCTATA,1
GGGTGTTCGAGCG,4
CTGGACTCGAATA,0
GTAAGTTATCATA,2
TGGACTACGACCC,2
CATTCTATAGTTT,2
TTCATCACGACCA,6
TCGCAGACGAAAC,2
AGGATCAGCTCCA,6
CCTACTAGCTCCA,0
TTACTCATAGCCA,1
GCAGTCACGAGGA,2
GCCGTCAGCTAAG,2
CTGCTCAGCTCCT,0
GTCATCAGCTAAG,1
GTCTTCAGCTGGA,2
CCTGAGAGCTCCT,0
CCATAGACGACCG,4
GTTACTAGCTCCG,0
TAATTCATAGGGC,1
AAGTTCCTAGGGG,1
AACCCTCGCTCCC,1
TATAGACGCTCCC,1
AGCCGACCGAGGT,2
ACCTTCCATCAAC,3
GGTTGACGAGCCA,0
CCGCCTCCGAGGA,0
TAACAGCATCGGA,0
GGCTGACCGAAAT,0
AGGATCCTAGAAN,3
AGCCCTCTAGAAT,2
CCCATCCGCTTTA,1
ATGTTCCGCTGGC,2
GCGAAGGGCTAAA,0
TGACCTGTAGAAA,0
TGTTAGGCGAAAA,0
GACTGAGATCTTG,2
CTCAAGGATCCCA,0
TCTGCTGCGAAAC,0
CCCCTCGGCTCCT,0
CAGGCTGGCTTTC,1
CTAACTGTAGCCT,0
CAACTCGCGAGGA,4
CGTCAGGGCTCCG,0
TCTTGATTAGAAA,0
CTCAGATGCTTTT,5
CTAAAGTGCTTTT,1
TAATAGTATCGGG,0
TCCAGATTAGGGT,2
TCCAAGTGCTTTG,1
GTTCTCTGCTTTG,0
ACCAGATCGAAAC,0
GGCTTCTCGACCA,0
ACATGATTAGAAG,0
GTCTAGTTAGTTC,1
ATCAGATGCTCCT,1
TGCTGATGCTCCT,0
TCTTTCTCGAAAG,0
ACGGAGTCGAAAG,4
TACATCTATCCCT,0
TCACGATATCGGA,2
CCCGAGTTAGGGC,1
TTCCCTTATCAAT,2
TCTGCTACGAACC,2
TGATCTACGACAA,1
GGGTGAAGCTGTN,2
CGCAAGAGCTCAA,5
TTAGTCAGCTTGG,2
CTATAGAGCTGTT,2
ATTACTAGCTCAC,2
GGTGCTAGCTGTG,0
CACATCAGCTGTG,1
GCATCTAGCTACA,0
ACGAAGAGCTGTG,4
GAACGAATAGGTG,0
GCCCCTACGAGTC,3
TCGTGAACGACAG,1
TCACTCAGCTTGA,2
CTGAGAAGCTACT,2
CAGTAGAATCCAT,2
GGGTGAACGAACG,1
CGAACTAGCTCAT,0
AGCTAGAGCTGTA,1
ATTGCTCGCTCAA,4
AGTGAGCGCTGTT,1
GGTATCCGAGACC,4
CGCGGACGCTGTT,0
CCTCAGCCGAGTG,3
GCCGAGCATCGTG,0
CTGTTCCATCCAC,1
AAGTCTCATCGTC,4
CGCGGACATCTGA,1
CCACCTCGCTACT,1
AACGGACCGAACG,3
GACATCCTAGGTA,4
ACGTAGCTAGGTA,1
CTGGTCCGCTACG,1
CGATCTCGCTGTA,1
TCGGGACGCTGTA,2
TTCTAGGGCTACC,4
CCTCCTGGCTGTG,0
CTAATCGGCTGTG,1
TCGCGAGGCTTGT,2
CTTCCTGATCGTG,2
TGGGCTGGCTACT,2
GGCACTGATCCAG,1
TTATTCGCGAACT,1
TCATTCGGCTCAT,0
AAACTCGATCACG,1
CCCGCTGATCACG,0
GTGCTCGATCACG,1
AGCGCTTGCTTGG,4
TGTGCTTCGAGTT,0
TCTCTCTTAGTCA,0
GAGCGATGCTGTG,3
GCCCGATCGACAC,1
AGTCAGTCGACAC,1
TGAACTTCGAACA,1
AGATTCTTAGGTC,3
AACCAGTGCTGTC,6
GTGCGATGCTCAG,1
CTATCTTGCTCAG,3
CTCTCTTGCTGTA,4
AGATTCTGCTGTA,4
GGATCTAATCAGT,0
AATGCTAGCTAGT,0
GGGCCTAGCTCTC,4
TGACCTAATCTCG,1
CCATAGAGCTAGC,2
TCTTTCCATCAGG,0
CTATCTCATCCTT,0
GACCAGCGCTAGG,0
GTTGCTCCGACTG,1
GAATCTCTAGAGT,1
TGTATCCTAGAGT,2
CGTCTCCTAGCTC,5
GACTTCCGCTTCT,2
TAGCGACGCTAGA,2
GAGTTCCATCTCG,1
ATGCAGCGAGTCG,2
GTCGCTCGCTTCG,3
CCAGCTGTAGCTT,1
AGCGCTGATCAGG,0
TGAGAGGCGACTT,1
AGCTGAGGCTCTG,0
ATGCAGGATCCTG,3
CGGGGAGGCTCTC,3
AGGCAGGGCTTCT,1
CGATTCGATCTCT,5
GATCCTGGCTCTA,0
GAGACTTCGACTT,0
GCGTAGTTAGCTG,2
TATATCTTAGTCA,0
TCGGGATCGACTG,3
TGTAGATGCTTCT,2
CCTTTCTGCTTCT,4
CTATAGTCGACTC,0
CCACTCTATCTCT,0
CTGAAGTATCTCT,4
AACGCTTATCTCT,2
TAGTCTTATCCTC,0
GGACAGAATCCGG,2
TTGCCTACGAATT,0
AGACCTAATCGCA,1
TTCCTCACGATAC,0
GCCACTAGCTTAC,0
GTATCTAGCTCGT,0
CGTAGAAATCATC,0
TCGCTCACGAATC,0
ATTGCTAGCTTAG,1
TTTCTCATAGGCT,2
CCGTAGAATCCGC,3
CTTAGAACGAATA,1
GGAACTACGAATA,3
CTGAAGAGCTCGC,2
ACGTGAATAGGCG,4
GAGGGACATCCGG,0
TGTAGACTAGCGG,5
TCCGAGCGCTGCC,1
TGGCGACGCTCGG,0
AGACCTCGCTATT,1
TCTTCTCATCTAC,3
ACCAAGCTAGGCA,0
GGCACTCTAGATG,3
GTACAGCGCTTAC,0
CCTAGACGCTGCA,1
AGGGTCCATCATC,2
CCAACTCATCTAG,0
ATTGGACGCTATC,0
GACCGACGCTGCT,0
CCAGGACGCTATC,0
ACGACTCGCTCGA,2
AATATCCGCTTAG,0
AACACTCCGAGCG,4
CCCAGACTAGTAN,3
CAATCTCTAGGCG,2
GTGCTCCTAGCGC,0
TACAAGCGCTTAT,1
CAGTCTCGCTTAT,1
GTAGCTCGCTTAT,6
CCTTTCGGCTCGG,5
AGACGAGATCATT,1
TAGGTCGCGAATT,0
GCCAAGGGCTATG,0
GCTACTGGCTCGT,3
CATATCGGCTATG,1
GTTGTCGTAGGCA,5
GGTGAGGATCTAC,1
TTCTCTGCGAGCA,3
ACGGGAGCGAATG,4
CGGATCGGCTTAG,2
AACAAGGGCTTAG,4
TGAAACGGCTCGA,1
ACCTTCGTAGGCT,2
GTCCAGGCGACGC,0
ACACTCGCGAGCG,2
TGCAAGGCGACGC,3
CCGAAGGCGAATA,0
ATTTTCTGCTGCC,0
CAGCAGTGCTTAA,1
TAGTCTTATCATT,2
CAAGAGTTAGATG,1
TCTTGATTAGATG,0
TAAGCTTGCTTAC,4
CCACGATGCTCGT,3
GTCTAGTGCTTAC,0
CCGATCTATCCGT,2
CGCAAGTTAGCGA,0
CACAGATGCTATC,1
TGCTAGTGCTGCT,1
ACCCAGTATCTAG,3
TCACTCTATCGCT,1
GGTACTTTAGATA,1
ATGGAGTGCTTAT,3
CGCCAGTGCTGCG,2
TAAATCTCGATAT,1
CAATAGTCGAATA,1
CTTTCTTATCATA,0
AGGTCGACGAAAA,2
TCTGATAGCTGGG,0
TTCTCGAGCTCCC,5
AGTACGAGCTCCA,0
CCTGCGAGCTAAC,3
CTAGGCATAGGGT,0
TGATTAATAGTTG,3
ATTAATAGCTTTC,5
GCGCCGAGCTGGA,0
TTTTATAGCTGGC,1
GTGCTAAGCTAAT,1
ACTAGCCATCGGG,5
GTTCTACTAGGGG,0
GACATACGCTAAA,5
ATGTTACTAGTTG,2
GGAATACTAGGGT,0
AGCCATCGCTAAC,0
TCGGGCCGCTTTG,3
TACCGACATCGGA,0
CCGGCGCCGACCG,3
AGGAGCCATCTTA,0
GTATATCATCGGC,3
GTTTCGCGCTTTA,4
TAGACGCGCTCCG,1
GATTGCCGCTGGC,2
AACAATGCGAAAA,1
TACATAGGCTCCA,2
TGAACGGATCTTG,1
ATCGTAGATCAAC,1
CGCGATGCGACCA,4
TGACGCGGCTAAG,1
AACGCGGGCTGGA,1
CTTTTAGGCTAAG,0
CATCTAGGCTTTC,2
ACCGCGGGCTGGC,2
AACAGCGGCTTTA,2
GAGGATGGCTCCG,0
GAGAGCGGCTCCG,0
AGGGTAGATCGGC,0
TACATATCGACCA,3
CGGGTATTAGCCT,2
GGTCATTTAAAAG,3
ATTCGCTGAGCCT,0
TGGTGCTCGACCT,0
AATTATTATCCCT,5
GGAGCGTATCCCT,0
GTACTATCGAGGC,0
AGCAGCTCGACCG,2
GTCTCGTATCGGC,1
ATGGATACGAGTT,3
TCTACGACGAACC,1
GCGGCGACGAGTT,1
CCAGGCAGCTGTT,0
TGTAATAGCTGTT,2
GGGTTAATAGGTT,0
AAGGTAATAGGTT,2
GTTCCGACGAGTG,5
TACCATACGAGTG,2
TGTACGACGAACA,1
GCCCATAGCTTGT,2
GCTTCGAGCTGTG,1
GATGATAATCGTC,0
AGCGGCAATCACT,0
TCAGATACGACAG,0
CTAACGACGAACT,0
GCGGCGAGCTACT,5
AAGTCGAGCTGTC,0
CCGCTAAGCTACG,4
CCCGCGAGCTACG,2
GTCAATAGCTGTA,2
TATCATAGCTCAT,1
ATTCATATAGGTA,2
CCTCCGATAGACG,1
CTTCGCCCGACAA,0
GAGGATCATCGTT,1
TCTACGCATCGTT,0
GGGGATCTAGCAA,4
TTCGCGCTAGACC,1
GTCGCGCTAGTGG,1
TCGCGCCTAGGTT,0
GCAACGCGCTCAA,1
GATTATCGCTGTT,0
CCGCCGCGAGCAA,3
GGTCTACCGAGTG,1
TGATGCCCGACAC,1
AAGTATCATCACA,1
CTGCCGCTAGGTG,4
CTAGGCCTAGCAC,4
ATGTCGCGCTCAC,4
GATTTACGAGACA,3
TGTCCGCATCACT,0
CTGGGCCTAGACT,0
TTGCTACTAGGTC,0
GGTATACTAGGTC,0
TCTCGCCTAGGTC,4
TATCATCTAGCAG,1
GACATACGCTGTC,5
AAGGGCCGAGACT,1
GCGAATCGCTCAG,1
CTAGTACGCTTGA,5
GCTCGACTAGCAT,0
CGGCTACGCTACG,2
GGTGTACGCTGTA,2
AGAATACGCTACG,6
CCGCGCCGCTACG,2
TTGCTAGGCTCAA,0
GTCAATGGCTCAA,3
TGATTAGTAGGTT,0
CCATCGGATCTGG,1
CTGCGCGCGAGTT,0
AAAGCGGGCTGTN,0
ATCTATGGCTTGT,1
ATAAGCGGCTGTG,2
GCGTGCGTAGTGT,0
TTTACGGATCGTC,0
TCGAGCGCGAACT,1
ACCTCGGGCTTGC,2
ATCCCGGGCTGTA,4
CTCCGCGGCTACG,0
GCTACGGGCTGTA,1
AAATTAGTAGGTA,0
AGCCCGGATCGTA,2
AATACGGCGACAT,1
GTCTGCTGCTTGG,1
CATGCGTGCTCAA,0
GTTGATTATCTGG,1
GACCGATATCACC,2
ACGCTATATCCAA,6
GGAACGTGCTGTG,2
ACAAGCTCGACAC,2
GCTCGCTCGAACA,2
CGCCGCTCGAGTG,2
TATCTATCGATGT,1
CGGATATATCTGT,4
GATGTATATCTGT,3
ACGAATTATCCAC,2
CTGCATTGCTACT,2
TAGACGTGCTGTC,1
GAGATATCGAGTC,0
CCTACGTTAGGTA,2
CCGAATTGCTTGC,3
CTTGCGTCGAGTA,0
TGTGATTCGAGTA,2
ATCGTATCGAGTA,1
CGTCCGTATCGTA,0
GGTCTATATCGTA,4
TCCCCGACGAAAA,1
ATTAGAACGATCC,2
GTAGCGAGCTCTT,0
CCCCTAATAGAGG,3
TGAATAATAGTCC,2
TCGACGATAGAGG,1
TAAGGCAGCTAGT,6
AGGCGCAGCTTCA,2
CCGATAATAGTCA,0
AAGAGCATAGCTG,2
GAGGATAATCAGA,0
TCCCGCAGCTAGA,2
TCACATAATCTCG,3
AAGAGCAATCTCG,0
CGGTCGACGAAGC,0
ATCGCGACGAAGC,2
GCTCTAAGCTAGC,0
TGCGATCATCAGG,2
TAGTGCCGCTTCC,0
CTCGATCGCTTCC,3
TTAGCGCGCTTCC,1
CTATATCATCTCA,2
CCCCATCTAGCTG,4
CCCGATCGCTCTG,4
CGTATACGCTTCA,0
CTCTTACATCAGA,2
AGTGATCTAGTCG,0
GACGGCCGCTCTA,6
CAAACGGATCGAC,0
TAACTAGCGAAGT,1
CCGGTAGGCTCTC,1
CCGTATGATCCTA,4
GCTTCGGCGACTA,0
CCCATATGCTCTT,0
TTCCGCTGCTAGG,0
GGGAGCTATCAGG,2
AGCGCGTATCCTN,0
CGGTGCTTAGAGT,1
TGCAGCTTAGCTG,0
ATGCCGTGCTAGT,3
GCCGATTCGAAGT,0
CTGATATATCAGT,0
TTGAATTTAGTCT,0
CGACTATCGACTC,0
TGCTATTCGAGAG,0
GCGCATTATCTCT,2
CTAATATTAGCTA,2
AAAACGTGCTGAT,0
GAATCGTGCTCTA,0
AGTAGCTGCTGAN,0
AGAAGATGCTTCG,2
AGAGCGTGCTTCG,1
CTTTATTCGAAGC,2
CAATGCTATCTCG,0
CCAGCGTATCCTA,0
CTGTCGAATCCGG,0
GATGGCACGAGCC,1
ACGTGCACGAATT,1
GTCACGAGCTGCC,0
CAGGTAAGCTTAA,2
CATGATAGCTTAA,1
ACTCGCATAGGCC,0
TCGGTAATAGCGG,3
CCATTAATAGATT,1
CTGTTAACGATAC,3
TTGTCGAGCTATG,1
TCATATAGCTGCA,4
AGCCTAAGCTCGT,4
AATCTAAGCTATG,2
GGCTCGAATCATC,1
ATGCGCAGCTGCT,0
TATTTAAGCTATC,3
ACCCATATAGCGA,1
TTGCATACGATAT,0
ACTACGACGACGC,3
TCGTCGACGATAT,2
CCCGTAAGCTGCG,0
GTGGGCAGCTCGC,3
CTAAGCCATCATT,3
GCTTCGCGCTCGG,0
GCGGTACCGAATG,4
TGGAATCATCTAC,2
AGATGCCATCATG,0
GGTAATCTAGCGT,2
ATTCTACGCTTAC,0
TCAGTACGCTGCA,1
GGTATACGCTATG,1
GGATCGCGCTATG,0
CAATATCATCGCT,0
ATGGATCATCATC,1
CCACTACATCTAG,0
TTGTATCATCGCT,0
GCGGTACATCTAT,0
AAGTGCCTAGATA,1
AGCAGCCGCTATA,4
TATCGCGGCTTAA,3
TTCGCGGTAGATT,3
CCCGCGGATCTAT,0
GATATAGCGAGCC,1
CGGGTAGGCTGCA,4
TAGATAGGCTTAC,2
CTTCTAGTAGCGT,3
ATTTTAGATCGCA,2
AATCTAGCGAATG,0
CCTACGGGCTCGA,0
TTAACGGGCTCGA,0
CTATCGGGCTATC,6
CCCCATGATCATC,0
CGTCTAGCGAGCT,1
GCGCGCGCGACGA,3
GCCCCGGGCTCGC,0
GACGCGGGCTGCG,0
GGTGCGGATCCGC,0
CGGAATTGCTTAA,3
ACTACGTGCTATT,1
ATGTCGTCGAATT,0
GTGCGCTTAGGCA,2
CACGGCTGCTTAC,0
ATATCGTGCTATG,2
AAGTATTCGACGT,2
TTTTTATATCGCA,2
ATTCATTGCTATC,2
TTCGGCTGCTGCT,1
GGCGTATGCTATC,2
CCCCCGTCGACGA,4
CGTGTATGCTTAT,2
TTGAATTGCTCGC,1
AGTAATTGCTGCG,2
TGACCGTGCTCGC,0
CGAGATTGCTTAT,2
TGGACGTCGACGC,1
CGGAGCTCGACGC,1
TGATGCTCGAATA,0
CTATGCTCGATAT,1
GGCCCCAATAACG,1
TGGTGGAATAGGG,1
TCGAGGAGCGCCC,0
CGCATTATATCCC,2
TAAAGGAATAGGT,2
ATTACCAATACCA,0
TGATAAAATAGGT,1
GCGCTTACGCTTG,0
GACCTTAGCGGGT,0
GCTGCCAGCGTTG,0
AGTGAAATATCCA,4
AGCCTTATATAAC,0
ACCCTTACATAAG,3
CAGGGGAGCGGGA,6
CTTACCAATACCG,1
CTACTTACGCTTA,4
GCCGTTAGATGGC,4
CCTCTTAGCGGGC,0
CTTTTTCCGCGGG,0
GCCCCCCGCGGGG,4
AGGATTCGCGAAA,4
TGTGCCCGCGGGG,5
GCGGGGCGCGTTT,4
CTACCCCGCGCCC,1
CTGTGGCCGCCCA,0
TTACGGCCGACCA,0
GTTACCCATACCA,1
AATGGGCATAGGT,3
CCCACCCTATCCA,1
AGCTAACTATTTG,2
GGGATTCGATCCA,6
ACGGAACGCGCCA,4
TCGGTTCCGATTC,2
TAACGGCATATTC,0
CCGTCCCATAAAG,5
TGCAAACTATCCT,0
TCTCCCCCGCAAT,1
GCTTCCCGCGGGC,1
AGCTAAGGCGGGG,3
GGGGCCGGATCCC,1
CACCGGGGCGCCC,1
ATACCCGTATTTT,0
GTCTCCGATAGGG,0
TACGTTGCGCCTT,1
GCGTTTGGCGCCA,1
GGAGCCGTATCCA,4
CACGGGGATATTG,1
TAGGCCGATACCA,2
GGCGTTGTATAAG,5
GATGCCGATCGGA,0
TCGCCCGATATTC,3
GCAATTGCGCAAG,0
ATGTGGGCGCGGA,2
TGTAGGGCGCGGA,0
TAGGAAGCGCAAG,4
ATGTGGGGCGAAT,5
CCGGGGGGCGCCG,4
GATCTTGGCGAAT,1
AACGCCGCGCCAT,4
ACTCGGGCGCAAT,2
CGCCTTGCGCTTA,2
CACTGGTGCGGGG,1
GATCTTTGCGAAA,3
TCAACCTCGCAAA,0
GGCCTTTCGCGGG,0
TAGAGGTGCGAAC,1
ATCTGGTCGATTG,0
GTCACCTATACCA,1
CCGCGGTATAGGT,3
CCCAAATTCGGGA,0
GCAAGGTGCGGGA,2
TAGTGGTGCGGGA,1
TTTATTTCGCGGA,0
CACCGGTCGCAAG,2
CGTAGGTCGCGGA,2
CAGCCCTCGCCCT,1
CGATAATCGCTTC,1
TCAGAATCGCCCG,2
TAGGCCTCGCCCG,2
CTGGTTTATACCG,4
TTCTAATATAAAG,0
TGCGCCTATATTA,1
GGTTTTACGCGTT,4
ATCAGGACGCCAA,0
ACTATTACGCGTT,3
AGGATTAGCGCAA,0
AAGCGGAGATGTT,2
GATGTTAGCGCAA,1
ACTGGGATATGTT,3
ATACGGATCGCAA,2
AAAAGGACGCTGT,1
GGTCCCACGCGTG,2
TCTCCCACGCTGT,2
TTGTTTAGCGTGT,0
AGACTTAGCGGTG,3
AAGGAAATATCAC,3
TCTTAAATATGTC,3
CCTGTTATATGTC,5
TGATGGACGCACG,0
GTACCCACGCGTA,3
ATCCTTAGCGGTA,1
TCGAGGAGCGACG,1
GTATGGATATTGC,3
GATACCATATTGC,0
TCCATTCATAGTT,1
ATGGGGCTATACC,5
AAAAGGCGATTGG,4
CTTCAACGATCAA,1
TGTATTCGCGTGG,0
ATCATTCGCGGTT,1
TATGGGCGATCAA,2
TAGGTTCCGCCAC,3
GAATAACATACAC,1
ATTCTTCTATTGT,1
GCCGCCCGCGGTG,0
TGTATTCGATGTG,0
TAGGGGCGCGGTN,3
GTCATTCGATCAC,1
TGGGCCCCGCCAG,0
CGCTTTCCGCACT,3
ATCACCCATAGTA,2
AATGTTCATAACG,0
TGCAGGAGCGGAT,2
AGGAAACGCGCAT,4
CCAAAACGCGGTA,1
GGAATTCGATGTA,5
TGCGGGCGCGGTA,0
ATATCCCGCGGTA,2
CGGATTGGCGGTT,2
GATTTTGGCGGTT,0
TTAATTGTATGTT,2
ATACCCGTATACC,3
TAAACCGATAGTT,0
ATTTAAGGCGGTG,1
AGTTCCGATCGTG,1
GTGAAAGCGCGTG,0
TCTGTTGCGTACA,2
CCATCCGGCGACT,1
CAGGGGGGCGGTC,3
CGCAGGGTATGTC,2
CGCCAAGATACAG,3
CTGGCCGCGATGA,3
GTACAAGGCGCAT,0
GACGAAGTATGTA,0
TGGTAATTATGTT,2
GTGAGGTGCGGTT,0
CATGTTTGCGGTT,0
CTCCGGTCGCACC,2
CGAATTTATACAA,0
AGCGCCTATAACC,0
AACAAATGATCAC,2
GTGGAATCGCCAC,1
AACGAATATAACA,1
TAACAATTATGTC,2
GATGAATGCGGTC,5
ACTTTTTCGCGTC,0
TCAATTTATAGTC,0
TATGAATATAGTC,3
GGCCCTTGATCAT,1
CATATTTGCGGTA,1
GCGTCCTATAACG,0
ATAAGGATATAGG,0
TAGCTTAATACTG,1
GGCCCCACGCTCA,3
AATGAAACGATCA,0
AAAGGGACGCTCT,1
AACCGGAATACTA,0
GGTGAAACGATCG,2
CTTTCCAGCGCTA,2
GCTCCCAGATCTA,0
GTGTGGCCGCAGG,4
CTGCGGCCGACTT,2
GAAGCCCATAAGG,0
CTCGGGCATATCC,1
GCAAGGCGCGAGG,2
GGTCGGCGCGCTT,4
CCATGGCGCGCTT,1
TAGGTTCGATAGG,2
TGAGCCCGATTCC,0
GCACGGCCGCTCA,1
CACTTTCGCGAGT,4
ACCCCGCCGCAGA,3
TGATCCCATCAGA,1
TGTTGGCTATCTC,4
TCTGCCCTATTCT,2
TGTGGGCGCGTCT,0
CAGTCCCGCGTCT,3
GCGTGGCATAAGC,2
GGCACCCATAAGC,1
GTACAACATATCG,1
AAAAGGCTATTCG,2
CCCCCCCGCGAGC,0
ACTCTTGGCGTCC,0
GGTCAAGCGCAGG,2
CTCCCCGCGCAGG,2
GTACCCGGCGTCA,0
CCACTTGTATCTG,0
ATCAGGGTCGCTG,1
GTCGGGGTATAGT,1
TATACCGATAGAC,2
AAAACCGCGCAGT,4
ATGGCCGCGCAGT,2
CGGTTTGGCGAGA,0
AACTGGGATACTC,0
TAAGGGGGCGGAT,3
GGATTTGGCGAGC,2
TCGCAAGATAAGC,0
GCTGCCGCGCAGC,0
AGAAGGTGCGTCC,1
GAGCTTTGCGCTT,0
CCGTAATATAGAA,0
TCTCTTTGCGAGT,2
CAAGAATCGCCTG,4
CTGCGGTATAAGT,1
CTTGTTTTATTCT,2
CTACCCTGCGTCT,0
GTGTAATATAAGA,0
CCCAGGTTATTCG,2
CCGTAATGCGCTA,2
CCCCAATCGCTCG,3
GTATGGACGCTAC,0
GTCACCATATATG,0
CTAGCCATCGTAC,2
TAATCCACGCTAG,3
CGATAAACGCTAG,0
TTTACCAGCGATC,0
TGGCAAAGCGGCT,2
GTGATTAGCGCGA,0
ATTGTTATATTAG,3
TAACGGAATACGC,0
TCTCTTAATAGCG,4
CAATCCACGCTAT,0
TCAGCCACGCTAT,1
CCCCTTAGCGTAT,1
TGGTCCAGCGGCG,4
TTACAAATATTCG,0
AAGGGGCCGCTAA,1
CTAGTTCCGCTAA,0
AGCTTTCTATCGG,0
TTGGCCCGCGTAA,2
CGTGTTCCGAGCA,2
CGTACCCCGCTAC,3
TGACCCCCGCTAC,0
GGACTTCATAATG,0
CAGGCCCGCGGCA,0
TGCATTCGATGCA,0
ACAACCCCGCCGA,0
GCAGTTCATACGA,4
CCATGGCATAATC,0
CTCGGGCATATAG,3
ATGTCCCTATCGA,0
GTCTCCCGATCGA,2
CTTAGGCCGCATA,0
CCCGAACATACGC,5
CTCGTTCATATAT,0
ACTAGGCTATATA,4
CTCCAACGCGATA,5
AAGTAACGCGCGC,0
TGAGGGCGATTAT,0
TACGGGGGCGCGG,2
CTCGCCGCGCCGN,3
TTCGCCGGCGGCA,2
GACTCCGTATTAC,4
ATTCCCGCGCGCA,1
CCAGCCGCGCCGT,1
ATGGGGGGCGCGA,2
ACTGTTGATAGCT,1
CTAAGGGCGCTAG,5
TCGTCCGCGCTAG,3
TCCATTGGCGCGC,2
ATCCTTGTATTAT,0
TCTGGGGCGCTAT,2
GAGGTTTTATCGG,0
CCTGCCTTATTAA,0
TTGGTTTCGCTAA,1
ACCCGGTATAATT,1
TGACTTTATAATT,3
GACGTTTTATCGT,3
CATCTTTGCGCGT,1
AAGATTTCGCTAC,4
TGCGTTTCGCTAC,2
CCTTGGTTATATC,2
CTCCGGTTATCGA,3
TCTGCCTTATTAG,2
CGATAATTATTAG,4
TTTGCCTCGCTAG,5
ATGCGGTCGCGCT,2
CCTGCCTTATGCG,3
TATAGGTTATCGC,0
TATGAATGCGATA,6
AACATGAATAGTC,1
AACATGAGCGGGG,0
AGTCTGACGCTTG,4
ATCAACACGCTTG,0
CCTCACACGCGGT,0
TACCACAGCGCCA,2
TGAACAATATAAC,5
TGACACATCGAAC,1
TGATGTATATCCA,2
GTTATGACGCGGC,1
ATGCTGACGCGGC,2
ATGGACATCGCCG,3
GACATGATATGGC,2
GGAGACATATCCG,2
GTCGGTATATTTA,2
AAGCGTATATTTA,3
ACCGACCCGCGGG,2
GGTATGCATAAAA,3
TGTTGTCGCGCCC,0
TACGTGCGATCCC,1
CCATGTCGCGAAA,3
TGTTTGCCGCTTG,1
CCAATGCCGCTTG,4
CTCGACCATACCA,4
CCGTCACATAGGT,0
CGCGTGCATATTG,2
CTCATGCTATGGT,0
GGCCGTCGCGTTG,4
GACGAGCGATTTG,1
CCTCTGCGCGTTG,0
AAAGCACCGCCCT,0
CAGGACCCGCTTC,1
GTCAACCCGCCCT,0
GTCATGCTATAAG,2
TCTATGCGATCCT,1
TTGATGCCGCCCG,0
GTCGGTCATAAAT,2
GAACTGCGCGTTA,2
ATTAGTGGATGGG,3
TGCCCAGGCGCCC,2
CACGCAGCGCAAA,2
CGATACGCGCCTT,1
GACACAGGCGTTG,4
GGTATGGGCGGGT,3
AGATGTGATAAAC,3
CGTCACGCGCAAC,2
ACGCGTGCGCCTG,0
CCCGACGGCGGGA,1
TCGCCAGGCGCCT,0
CATACAGGATAAG,1
CGCTCAGTATTTC,2
GGGCACGCGCAAG,3
CGTCGTGCGCAAG,0
GCAAACGGCGAAT,1
ATGCACGGCTAAT,0
AATCCAGGATCCG,1
CTCACAGCGCCAT,5
ACGGTGGCGCTTA,0
TCATCATCGCAAA,0
GAGTCATCGCCCC,0
TCACACTATATTT,0
GTATTGTTATAAC,0
GTGGACTGCGTTG,5
GTACGTTCGCCCA,4
CGTTACTTATAAG,1
TCTTACTTATTTC,4
GTAACATTATTTC,0
GAAGTGTGCGCCT,0
CTAACATGCGGGA,1
CTTATGTCGCGGA,0
AATAGTTCGCAAG,0
CGACCATATATTC,1
GAGACATATACCT,1
CCCGCATGCGAAT,4
TCATACTGCGCCG,3
AGGGACTCGCCCG,3
TCCGTGTATAAAT,0
CCAACATATAGGC,0
GCGCTGTATAGGC,2
GTACGTTATACCG,1
TAAGACACGCACC,0
CCTTACAGCGGTT,2
GATCACAGCGACC,2
GTAGACAGCGGTT,2
GCGCAAAGCGCAA,0
AAGTACATCGACC,0
CTTTCAAATATGT,0
ACACTGAGCGCAC,2
TACGACATATCAC,2
GCCAACACGCGTC,0
TATGACACGCGTC,2
ATCGTGAGCGCAG,2
TGTGGTATATTGA,4
GAGGTGACGCACG,2
AGCGGTACGCGTA,0
TCCCACAGCGGTA,2
GGCTGTAGCGTGC,0
CACGACCCGCGTT,2
ACTCCACATACAA,0
TCTCGTCATAACC,2
CGATTGCTATGTT,1
TCATTGCGCGGTT,1
CAGAGTCGCGCAA,0
CCTGACCCGAACA,0
GTCGCACCGCCAC,4
TGTCACCATAACA,1
CCTATGCATAACA,1
GGAGGTCTATACA,3
CAATCACGATCAC,1
TACCGTCGATCAC,4
CCGAACCGCGGTG,4
CCGTACCGATCAC,0
AACCTGCCGCGTC,0
CGCCACCATAGTC,0
CATAACCACGCAG,3
CCGGACCTATACT,5
TCCGGTCGCGACT,0
ACACTGCGCGTGA,2
GTGAACCGCGGTC,0
ATGAACCGCGTGA,1
CAGTACCGCGGTC,0
AATTTGCGCGGTC,1
GCGCCACGTAGTC,5
CGCGCACGTACAG,1
AAAATGCCGCTGC,3
AGCTGTCCGAACG,4
AGCGACCCGAGTA,0
GCGTGTCATAGTA,1
GAACCACTATGTA,3
GACAGTCTATGTA,2
AGTGCACTATGTA,1
GGCCTGCGCGCAT,1
GAAATGCGATACG,0
CTCCCAGGCGGTT,2
ATATGTGTATCAA,0
CGTGACGATAGTT,0
ATTTGTGGCGGTG,4
GGTAACGGCGCAC,0
ACGTGTGGCGGTG,1
TGATACGTATCAC,2
GCCACAGATAACA,5
GGACACGATAGTG,2
CCCGGTGCGTACA,6
TGGCGTGCGCTGT,6
GCACTGGCGCCAC,0
GAGATGGGCGGTC,0
GTACCAGGCGTGA,2
CTAGTGGGCGGTC,1
TTGGGTGCGCCAG,1
CTACTGGCGCTGA,0
ACCGCAGGTACAT,0
AGAAACGGCGTGC,3
CTTTTGGTATCAT,0
ATTATGGTATACG,0
ATCTACGATACAT,0
CGGACAGCGCGTA,4
AGACGTGCGCTGC,2
CCTCGTGCGCGTA,1
CATCTGGCGCTGC,1
GGCCTGTTATTGG,0
GCCCCATGCGCAA,4
CGGTTGTGCGGTT,2
CAACGTTCGATGG,4
TGTTTGTCGCGTT,1
ATGCCATCGCACC,3
TCTAACTCGCTGG,2
TGCTCATCGCACC,0
ACAGACTATATGG,1
TATCGTTATAACC,0
TTTAACTTATACA,0
CAGTTGTTATACA,0
TAAATGTGCGGTG,2
GCCAACTCGCACA,4
GAGAACTCGCCAC,2
CCGACATATAGTG,3
GTATCATATAACA,1
TTTGTGTCGCCAG,0
ATTAGTTCGCTGA,0
CTGCCATCGCACT,2
GAGCTGTCGCTGA,3
CGGGACTTATGTA,1
CCGTACTTATTGC,0
CCGGGTTCGCGTA,2
CTGTACTATAACG,1
TGCGTGAATATCC,0
TCCTACACGCCTT,1
CTGGGTATATTCC,4
GCCCGTATATTCA,0
ATGACAAGCGAGA,4
CCCGGTATCGCTC,3
GGCCACAATACTA,0
CGCGGTACGCCTA,2
TATGGTCCGCAGG,1
CCGACACCGAGAA,3
GGGGCACTATCTT,4
AGAAACCGCGCTT,3
GAACGTCCGATCA,0
AATCACCATATCA,1
CCCCGTCTATTCA,3
TGGTACCGCGTCA,2
TCAATGCGATCTG,1
ACTGTGCGCGAGT,2
GTCGACCGTACTG,2
CGTTGTCCGAAGA,2
GGAGGTCATACTC,3
TGTGCACTATCTC,3
ATGGCACTAGTCG,2
CCGCACCTATAGC,0
CGGTCACGCGTCG,0
TTTGGTGGATTCC,4
CCCAACGGCGGAA,4
GTAAACGGCGAGG,1
CATTGTGGCGAGG,0
ACTCTGGATAGAA,1
ATTCACGCTAAGG,0
TGAACAGCGCGAA,0
GTCAACGCGATCC,1
GAACCAGATATCA,0
ACTCCAGGCGGAG,4
GTCTCAGGCGTCT,0
CGTAGTGGCGGAT,0
CATGGTGGCGAGC,1
GTTCTGGATAAGC,1
CAATCAGCGCTCG,0
TGAAACTTATTCC,1
TCCTGTTCGCAGG,4
GCCGCATCGCGAA,0
AGGGACTGCGAGT,3
GGTACATCGCTCA,4
GAATACTTATTCT,1
TATGCATTATCTC,1
AGCATGTGCGTCT,0
AATTCATCGCAGA,3
GCGTGATATAAGA,3
CAGGGTTCGCCTA,3
CCTAACACGCTAC,4
CTGGGTAGCGGCA,1
GAAAGTATATTAC,0
GCCTCAACGCCGA,2
GTTAGTACGCTAG,3
GAACGTATATCGA,4
GGTTGTATATATC,0
GAAGGTAGCGATA,0
GACGGTAGGCCGC,0
CAAGCAATATGCG,0
CACGACATATCGC,0
ATTTTGCCGATAA,2
GCCAGTCCGATAA,2
ATAACACATATAA,1
AATACACATACGG,4
ATCCGTCTATTAA,2
GGCCCACGATTAA,0
CTGAACCCGATAC,0
GTAACACTATGCA,0
TAAGGTCGCGGCA,2
TGTCCACGCGTAC,1
CTCAACCGCGGCA,0
AAGATGCGCGATG,1
CCCAACCATACGA,1
GAATACCATAATC,1
CTCACACTATTAG,4
CAGCCACGATTAG,2
ACTGCACCGAATA,1
CAATACCATACGC,2
GACATGCATAATA,1
CTAGGTCATACGC,2
ATTTTGCGCGTAT,1
AGGGACCGTATAT,0
AGGGCACGATGCG,0
CAGTGTCGCGTAT,0
CCTACAGGCGCGG,0
GATCGTGGATTAA,0
GACCACGATAATT,1
TGCACAGCGCTAA,4
CCAATGGGATATG,1
TAGAACGGCGCGT,5
GTCTTGGGCGCGT,0
TTAATGGATCGCA,1
TGTATGGGATGCT,4
GCAAACGATAGCT,1
GTGGGTGCGCCGA,4
ACTGCAGCGCCGA,4
CCGCCAGCGCTAG,0
AAGCCAGGATTAT,0
ATACGTGGCGTAT,1
CGCGACGGCGCGC,2
CGATACGTATATA,2
TAATTGGATACGC,1
CACTGTGATATAT,3
AGGATGGCGCGCG,1
CTACACGCGCTAT,0
TCGACAGCGCGTA,1
GCTCACTTATTAA,0
CCCCCATGCGATT,2
CTGGCATGCGTAA,0
TATAACTGCGATT,0
CGTAACTCGCCGG,3
GATAGATCGCATT,2
CTTCCATATATAA,0
TTTCTGTATACGG,1
TTGCGTTGCGATG,6
GGGTGTTCGCGCA,0
ATGTACTCGCATG,4
GAAATGTATAATG,1
CCGCCATGCGTAG,0
TAGGACTATAATC,1
TTGCTGTTATTAT,0
GATCCATTATATA,4
CCACCATGCGCGC,2
TCGATGTGCGGCG,0
GGGATGTCGCATA,0
GAATCATCGCCGC,0
ACAAGTTCGCTAT,2
CGGGTGTATACGC,3
CTATGTTATATAT,2
AACCTCAATAGTG,1
GACGCTAATATCG,3
TTATTCAATATGC,0
TCCAGAACGCAAA,1
CACGTCAGCGAAA,2
AAGACTATATTTT,1
AGTTTCAATATTG,3
AACGGAACGCGGT,2
TGATTCAGCGGGT,3
TCTTAGAGATCCA,2
TCTGTCATATCCA,1
AGTATCACGCAAG,1
GTTAGAATATGGA,2
TTGAAGACGCGGC,2
CAAGAGAGCGTTA,0
GTGGCTAGCGAAT,5
AGTGGAAGCGTTA,4
ACAGAGAGCGGGC,2
CACTGACCGCCAA,4
ATCGGACCGCCAA,5
TCTACTCCGCAAA,0
AGCCAGCCGATTT,0
GTATGACCGCGGG,1
GTTTCTCGCGAAA,2
AAAGGACGCGAAA,0
GCTTAGCGCGGGG,0
ATCGTCCGTATTT,0
GCGCCTCGCGCCC,3
CTATTCCCGAAAC,3
CTATCTCCGCTTG,2
TAACCTCATAGGT,1
TGTGGACTATAAC,3
CTTGCTCGCGGGT,0
GACCTCCGCTAAC,4
TGTGAGCGATAAC,1
GTTCGACCGCTTC,2
CCAATCCCGCCTC,4
CGTGTCCCGACCT,0
TGCCCTCCGACCT,0
CTACTCCCGCGGA,2
TCGCTCCCGCAAG,1
TAACGACGATGGA,0
AACAGACGCGCCT,0
CGTCAGCGCGTTC,2
GAATAGCCGCTTA,1
TCTCAGCATATTA,1
TCGGAGCATACCG,2
TGCGCTCATAAAT,1
AAGCGACTATGGC,5
CCTGCTCGCGTTA,0
CATTCTCGCGCCG,0
CTTTGAGGCGCCC,2
CTTCGAGCGCAAA,4
GTGGTCGCGCAAA,6
AGCATCGCGCCCC,0
GACGCTGGATGGT,1
CCTAAGGGCGGGT,4
AAGCGAGGCGGGT,2
ACGGTCGGCGCCA,5
ACGAAGGCGCAAC,1
AGTTAGGGCGCCT,3
CATCCTGGCGCCN,4
CGATCTGAGCCCT,0
ACCTGAGCTAGGA,0
GTCTAGGCGCAAG,1
TCGGTCGCGCCCT,3
AGCATCGGCGGGC,2
TACCTCGATAAAT,4
GCAACTGCGCCCG,1
TCATAGGCGCTTA,1
CGAGCTGCGCGGC,2
TAACGATGCGTTT,1
GAGGTCTGCGGGG,0
CCTCCTTCGCCCC,0
GATAAGTCGCGGG,4
CCAACTTTATAAC,1
TGCATCTGCGGGT,1
GCCAGATCGCCCA,4
GAAGCTTATAGGT,1
ACTCCTTATATTG,1
CTAGAGTATACCA,2
AGGGTCTTATCCT,1
CTACAGTTATAAG,1
CCAGCTTGCGGGA,0
TGAAAGTGCGCCT,0
CGAGGATCGCAAG,0
TGCGTCTCGCCCT,0
CCTAAGTATAAAG,1
ATAGGATATAAAG,0
CTCCAGTTATTTA,3
ACGATCTGCGAAT,2
CTTCAGTCGATTA,0
TCGGGATCGCGGC,1
GGTGGATATATTA,3
CCATTCTATATTA,2
ATTGGAACGCGTT,1
ATCTAGACGCGTT,1
ACCTCTAGCGCAA,0
CATCAGAGCGCAA,0
GTAGCTAGCGTGG,0
ATCGGAACGCCAC,5
TCAGTCAGATCAC,1
GGCGAGAGCGTGT,0
TAAACTATATTGT,3
TGGGAGATATCAC,0
GGATTCAGCGGTC,1
TAAAAGATATGTC,3
CGCGAGATATGTC,2
GGGCGAACGCACG,2
CCGACTACGCCAT,1
ATGTCTAGCGGTA,3
TAGCCTAGCGCAT,2
GTCTGAATATTGC,3
TATTTCATATGTA,3
AACTTCCCGCACC,4
TCTAGACCGCGTT,3
TCCTGACATAGTT,0
TGCACTCATACAA,3
CCGTAGCTATGTT,2
GAAATCCATACAC,3
TTGTTCCATACAC,0
GTGAAGCATACAC,2
CGTATCCATACAC,1
ATCAAGCATACAC,3
ATCGAGCATAACA,0
AGCCGACATACAC,0
ATTCTCCTATCAC,2
GTGCTCCTATTGT,2
CTCACTCGCGGTG,3
TGGATCCCGAGTC,2
TAATGACCGAACT,0
TAGCAGCATACAG,1
TGAACTCTATGTC,0
TAGACTCGCGGTC,0
GAGCAGCGCGACT,3
CCCGCTCCGCCAG,0
ACAAGACATCGTA,3
TTTACTCGCGGTA,3
ATGCTCCGCGGTA,0
AGACTCCGCGGTA,3
AGCGGACGCGGTA,0
ATTATCGGCTACC,0
TTGGCTGGCTACC,2
GTATAGGGCTACC,1
AAACTCGTATCAA,0
TTAACTGCGCTGG,2
CTATTCGCGCACC,2
AAAGGAGGCGCAC,0
TGCGTCGGATCAC,2
AACGCTGTATACA,0
GGGATCGATACAC,0
CTGCAGGATAGTG,1
GCGATCGATATGT,3
GTGGAGGCGCTGT,4
CTGTTCGGCGGTC,2
CCTCAGGGCGTGA,3
GCGCCTGGCGGTC,0
CCAGAGGTATGTC,1
TAGTAGGTATCAG,0
GCTAAGGCGCGTC,0
ACATTCGGCGTGC,3
CAAGAGGTATCAT,1
TGCAAGGTATCAT,4
TCGAGAGATATGC,1
CTGTTCTTATCAA,1
CGTGTCTATAACC,1
GATCTCTATATGG,3
TTCTAGTTATACA,0
TTGTAGTGCGACA,1
CAAACTTCGCACA,0
GCTAAGTCGCGTG,2
CGACAGTCGCCAC,2
GTTTAGTATAGTG,1
ACCAGATATATGT,0
ATACGATATAGTG,1
TGCTGATATACAC,1
AAACCTTTATTGA,4
GAGGGATTATTGA,1
TACTTCTGCGGTC,0
AGCGCTTGCGGTC,0
CCACTCTATAACT,1
ACAACTTTATACG,1
CGGGGATGCGTGC,0
ACCGTCTGCGTGC,2
TTAGGATGCGGTA,2
TCGATCTGCGACG,2
GAAACTTCGATGC,0
CACTCTTCGCTGC,1
TTCGTCTCGCGTA,3
GATCTCTCGCACG,3
TCGTGATATAACG,3
ATATGATATACAT,0
ACGTTCACGATCC,0
GCGGTCAGATCTT,0
GTCCAGATATCTT,1
ATGAAGAGCGCTG,1
CTCCCTAGCGAGT,3
ACTGTCATATCTG,3
TCGTTCATATTCA,1
TGCGTCATATTCA,1
AGCCGAACGCAGA,1
GATGAGAGCGGAG,3
ACGATCATATTCT,1
CGGTCTACGCTCG,1
TTTCAGATCGTCG,0
GCCCCTCATAAGG,0
GGTACTCATAGAA,6
AAGCTCCATAGAA,4
AGCTTCCTATGAA,1
ACCTTCCGCGTCC,2
GAACCTCCGCCTG,3
AGGTCTCTATAGT,0
GCGTTCCTATTCA,2
TACACTCGTAGAC,0
GTTTCTCGATAGA,0
TAAATCCGATTCT,0
ATTCCTCCGCTCG,0
TCTACTCATATCG,5
ATAAAGCATAAGC,4
TTATCTCGCGGAT,6
TTGTCTGGCGCTT,1
GTATGAGGCGAGG,5
CGTAGAGCGCTCC,4
TAGAGAGGCGTCA,1
TCCCTCGTATCTG,0
AGGTAGGTATTCA,0
GCCCGAGGCGTCT,0
ATCTTCGGCGCTC,1
AAGTGAGTATTCT,0
CCGGCTGGCGTCG,2
CCAATCGCGTAGC,1
TGTAAGGCGCAGC,0
GCGATCTGCGCTT,1
GTTTAGTATACTT,2
TGATAGTAGCTCC,2
TACTTCTGCGTCA,1
CCGTAGTCGCTCA,1
CCCTTCTATATCA,3
ATGCAGTGCGCTC,3
GCGCCTTGCTCCT,3
ACCGCTTCGCAGA,1
CAAATCTTATTCG,4
CCGCAGTGCGGAT,4
CACAAGTCGCTCG,0
CCTCTCTCGCCTA,0
TAAAAGACGCATT,0
GCCAGAATATATT,0
TGCTAGATATATT,3
GGTATCACGCCGT,4
TCTGTCAGCGCGT,3
CGTCCTATATCGT,1
GCACCTACGCTAG,0
CGTCCTACGCTAG,3
GACGAGACGCATC,0
CGTAAGAGCGGCT,3
TATTTCACGCGCG,3
AACGCTAGCGGCG,1
TTACTCAGCGATA,1
GGGGAGATATATA,1
TACAAGCCGCTAA,0
CCCACTCATCGCC,1
TCATAGCATAATT,2
CGGAAGCCGCGCA,0
GCATGACTATCGT,1
TCGATCCGCGGCA,2
CCCGTCCCGCTAG,4
GGGCAGCCGCGCG,2
GTTAGACATAATA,0
TTATCTCATAGCG,0
CACTGACTATCGN,0
AGAAAGCTATTAT,0
AATGGACGATTAT,0
CTTAAGGGCGGCC,3
TCACGAGGCGGCC,0
TCATAGGGCGTAA,0
GTGGTCGTATATT,1
CTACCTGTATTAA,1
TGCTTCGATACGG,2
ATATGAGCGCTAA,0
GAACTCGGCGTAT,0
GAGTGAGATAGCG,5
CGCGCTGCGTATA,0
TTAAGATTATATT,1
ATCCAGTGCGTAA,2
AGCATCTGCGATT,3
TAGGTCTTATGCN,1
TAGTGATTATTAC,1
TCAATCTGCGTAC,2
AGCCAGTGCGCGT,1
CCTTCTTCGCTAG,1
ATCAAGTCGCATC,2
ATCCGATTATATA,0
CGATGATGCGCGC,4
GGCGAGTCGCGCG,2
GCCGCTTATAATA,1
TCTCCTTATACGC,0
GATCTAAATATGG,1
TCTCATAATAACT,0
AAGCGAAATATTC,4
TTACCGAATATTC,2
GCGGGCAATAGGG,0
GGGACGACGCTTT,4
CGAGATAGCGTTT,2
GCAAGCATATCCC,3
ATACGCAATACCA,3
CAGTCGACGCGGT,2
TATGGCAGCGAAC,4
CTGACGAATACCT,3
AGACGCACGCAAG,2
ATACCGAGATGGA,2
ATTGATATATCCT,0
TTTTATACGCCCG,1
GTGGCGACGCCCG,0
AACAGCAGCGGGC,2
GACGCGAGCGGGC,1
TCGTCGCTATGGN,2
TTATGCCTATAAA,1
TAAGCGCGCGGGG,2
GATCCGCGATTTT,3
CTTGGCCCGAAAC,2
TGCAATCATACCA,0
AACTATCGCGAAC,0
TGTAATCGATTTG,4
CCATTACGCGAAC,0
AGAAGCCGATTTG,0
TCTAATCGATCCA,4
CCGAATCGCGCCA,3
CCTGCGCTATAAG,0
AAGGCGCGCCGCT,3
ACTAGCCGCGGGA,1
CCCCGACATAAAT,0
CTTGCGCATAGGC,1
AAGTATCATACCG,0
TTATGCCATAAAT,0
CTACCGCTATTTA,1
CATCGCCTATCCG,1
ACCGCGCGATCCG,3
AACTTACGCGGGC,2
GAGGCGCGCGGGC,1
GCTCATCGATTTA,0
CATGGCCGCGAAT,0
GGGACGGGCGTTT,3
AATTTAGTATGGG,2
GCACGCGCGCCCC,0
CTTGGCGGCGCCA,0
GCATCGGGCGGGT,0
CCATATGATACCA,1
ACGATAGCGCCTG,3
GCACGCGGATCCT,0
CTTGCGGATATTC,2
CTGTGCGATAGGA,1
ACACGCGCGCCCT,3
ACTCATGCGCAAG,1
TGATCGGCGCCCT,6
TAATTAGGCGCCG,3
CTCGATGATAAAT,3
TCGTATGATACCG,3
TGCTTAGCGCCCG,1
CCACATTTATGGG,0
CCTGGCTCGCGGG,3
GCAAATTGCGCCA,1
TGGGCGTCGCAAC,1
CCACGCTCGCTTG,3
CGAGATTCGCCCA,0
ATACCGTATAAAC,0
ATAACGTTATAAG,3
TGATTATGCGGGA,0
ATCTCGTCGCTTC,6
GCCTATTATACCT,4
TTGGTATTATTTA,2
TACATATCGCGGC,0
AACTGCTCGCCCG,0
ACGGCGTCGCAAT,3
GTTGCGACGCGTT,3
TACGATACGCGTT,0
TCTGCGACGCACC,0
TCGTCGACGCACC,3
ATTGGCAGCGGTT,4
TTGTGCAGCGCAA,3
CTCGTAAGCGCAA,1
TGCCTAAGCGGTT,1
ATACGCAGCGGTT,4
CATCTAAGCGGTT,2
GGCGGCATCGCAA,3
TCACTAAATACAC,1
GGCTATAGATGTG,2
CCCAATATCGCAC,4
CCAATAATATTGT,2
TCTTGCATATACA,1
GGGACGAGCGCAG,1
CGCTCGAGCGGTC,0
TTTAGCATATCAG,1
TCATTAATATGTC,1
CGAACGATATACT,0
CGGGGCACGCGTA,1
GTCGCGAGCGTGC,2
ACGACGAGATGTA,0
AAAGGCATATGTA,0
TAGTATATCGCAT,1
TCATTACCGCGTT,2
TGTAGCCCGCGTT,4
CGGGGCCTATCAA,2
TGCAATCTATACC,0
AACGATCTATTGG,1
AGTAGCCTATACC,1
TATGATCTATGTG,6
TAACCGCGCGGTT,2
TAGCCGCGCGCAA,4
CCTACGCGATACC,2
GAAACGCCGCCAC,2
ATAATACCGACAC,2
GGCGTACCGCGTG,2
CTTCATCATATGT,2
GAGTCGCATACAC,0
AGAGGCCATAGTG,3
GATCTACATAACA,2
TCCTCGCGATGTG,1
TTGGTACGCGACA,0
TGTCATCGCGGTG,0
TGAACGCGCGACA,1
TCTACGCGCGACA,4
CGCCGCCGATCAC,3
CGAGGCCGCGCAC,0
AAACTACCGCACT,3
TTACCGCCGCGTC,1
TCGTATCATAACT,2
GGTCCGCTATCAG,1
TAAGGCCGCTACT,1
CGGCCGCGCGTGA,1
GTGATACGCGTGA,0
TGAAATCGCGGTC,2
CTCGATCGCGGTC,3
TGCGTACCGCTGC,0
AAGTTACTATCAT,2
CCCAATCGATCAT,1
GGTTGCCGCGTGC,6
CAGTATCGATTGC,0
TCTAGCCGATACG,2
TGCAATCGATCAT,2
GGCATACGATCAT,2
ACTGCGGGCGGTT,1
CCTCCGGGCGACC,3
GAAGGCGTATCAA,1
AATTGCGATACAA,0
TAACTAGCGCGTT,1
GAATGCGCGCTGG,0
GTGTTAGCGCGTT,0
TAACCGGGCGGTG,0
TGGCCGGGCGCAC,0
CACCCGGGCTACA,1
TCTAATGGATGTG,2
ACCACGGCGCCAC,3
GCTGCGGCGCGTG,2
TTCTATGCGCCAC,0
GATCCGGCGCACA,0
GGCTCGGCGCTGT,0
CTAGATGCGCTGT,1
GTCACGGGCGGTC,4
TTAATAGGCGGTC,1
TGCTTAGGCGGTC,4
CCATTAGATACAG,0
TAGATAGATAGTC,0
AGGAATGCGCGTC,0
CCCTCGGCGCGTC,2
TGGCCGGCGCCAG,1
GACAGCGCGCACT,1
TACTTAGCGCACT,1
ATTGATGGCGACG,2
GTTCGCGGCGGTA,0
TCAATAGGCGTGC,1
TTCTCGGGCGGTA,1
CATTCGGGCGTGC,0
AGCAGCGGCGGTA,5
CTATGCGGATACG,3
ACTGTAGTATCAT,2
TAAGCGGATATGC,3
GGACTAGATATGC,5
CAGCGCGATACAT,2
CGCACGGATAACG,4
TCGCATGATATGC,0
CTTCCGGCGCCAT,0
TGTCGCGCGCCAT,3
GTAGTAGCGCGTA,0
GTTCCGTTATTGG,3
AACTGCTGCGTGG,2
TACCCGTATACAA,0
TCAGATTAGCACC,1
AATGCGTATATGG,2
GTCATATGCGGTG,3
ACTCCGTGCGGTG,1
AGAATATCGCGTG,0
GTCAGCTATAACA,0
AATACGTATAACA,5
CCTTGCTTATGTC,2
GAAGGCTGCGCAG,0
ATCACGTGCGGTC,1
ACGCCGTGCGTGA,1
CTTGTATCGCACT,3
ATACATTCGCGTC,1
TGTATATATACAG,1
CGAGATTATATGA,0
CTAAATTATACAG,0
GGGACGTTATACG,0
AGCCCGTTATACG,2
ATTAGCTGCGGTA,0
GTGGCGTGCGGTA,4
ATATATTCGATGC,1
CGTGCGTATATGC,1
TGCGGCTATAGTA,0
TCGCATTATAGTA,0
GCATGCAGCGAGG,0
TGACTAAGCGCTT,1
GGCATAAGTACTT,0
TCTAGCATCGTCC,0
CCTCCGAATACTG,0
AAACGCAGCGTCA,2
TCAAATAGCGGAC,0
TGGGCGACGCAGA,2
ATCTTAAGCGAGA,2
ATCTGCAGCGTCT,0
GTCGCGACGCTCG,2
GCGACGACGCGAT,0
CTTGATATATAGC,0
ATTCCGATATCTA,0
GACATACCGCTCC,2
TAGGCGCCGACTT,3
GAGGTACTATAGG,2
ATCCGCCGCGCTT,2
TGGTCGCATAAGT,0
CAACCGCTATAGT,3
GCCTTACTATTCA,1
CGACTACGCGTCA,3
CGCCCGCGATTCA,1
TAAACGCATAAGA,1
AATTGCCATAGAG,0
TCCTTACGTATCT,1
TCAACGCGATTCT,1
ATGCCGCGATAGA,2
CCACCGCCGCTCG,1
TTAGCGCCGACTA,6
TGACGCCGCGTCG,1
CTGGTAGGCGCTT,4
TGCCTAGTATAGG,1
TAATGCGATAAGG,0
TAGTCGGGATTCA,1
CCTCTAGGCGAGT,3
AATCGCGATATCA,2
GTCAGCGCATAGG,1
GCCCATGGCGAGA,0
CTGGATGGCGAGA,1
AGAGGAGTATTCT,1
CGACTAGTATAGA,1
TCTAGCGATATCT,0
CCGATAGCGCAGA,2
GGCGCGGCGCAGA,1
ACAGCGGATACTA,2
CGAATAGATACTA,0
AGAGTAGATAAGC,1
CTGGCGGCGATCG,0
CTGCCGGCGCTCG,2
GTCGATTTATAGG,0
TCGGGCTTATAGG,2
TTAGCGTTATCTT,4
AGCCCGTGCGTCC,0
TATCTATGATTCC,2
GTCACGTCGCAGG,6
CTAGGCTCGCTCC,2
TACGCGTATACTT,3
AGCCGCTATAAGG,2
GTTCATTTATCTG,0
CTGGATTTATGAC,0
GCATGCTTATTCA,1
GACCGCTATAAGT,1
CGTCCGTATATCA,1
CTCCGCTATAAGT,0
GGCCCGTTATTCT,3
TTATGCTTATCTC,0
GGTAGCTGCGCTC,0
CCTTTATGCGCTC,0
AGCCTATGCGCTC,1
GTTACGTCGCCTC,2
GCCGTATATACTC,1
AAGCGCTCGCAGC,0
CTAACGTCGCAGC,1
CCGTGCTCGCCTA,1
TGTTGCTATATCG,1
GGTGATACGCTGG,0
ACACGCACGCTAA,6
GGCAGCACGCATT,0
CGTAATAATACGT,0
AAATCGACGCCGT,0
GAATCGACGATAC,0
AGTATAACGCATG,2
CATGATACGCGCA,0
GCTCATAGCGATG,3
TCCTCGAGCGTAG,0
TGGCGCAGCGGCT,0
GGGATAATATCGA,2
GATGCGACGCTAT,1
TTGTCGAGCGTAT,0
TGCAATAGCGGGC,4
AGCATAAGCGCGC,0
CCAACGATCGCGC,4
CCTAATATATCGC,3
TGCGCGATATATA,1
ACAGATCCGCATT,4
CACTTACATACGG,1
ATGCATCATATAA,2
TATCTACATATAA,1
GTGTGCCTATCGG,0
TTACCGCTATCGG,1
GACGTACGATCGG,4
GATGATCGATGCC,1
ACCCATCCGCCGT,0
ATGGTACATATAC,0
CGACTACATCGCA,0
CGCACGCATATAC,1
GATATACATCGCA,2
TGTAGCCGATTAC,3
ATCGCGCGTAATG,4
GGCATACCGCATC,1
TTAGTACCGCATC,2
ATTCTACGCGCGA,0
TCACCGCCGCCGC,5
CTCTATCCGCATA,0
GAGAGCCTATGCG,4
TGCCGCCGCGGCG,3
ACCGTAGATAATT,2
GACCGAGATAATT,2
TACTTAGATAATT,0
TGCGTAGCGCGCN,5
TAGTTAGGCGCGT,3
GTCTTAGTATATG,3
CGCATAGTATGCA,0
GCATTAGATAATG,0
GTATGCGATAGCA,3
AAAAATGCGCCGT,4
CGGTGCGCGCTAC,4
AACTATGCGCGCA,3
CGAACGGCGCATG,2
CTACATGGCGATC,1
CCCCATGCGCTAG,1
CGGGCGGGATTAT,1
ACGCCGGGATTAT,2
TTATCGGGCGTAT,3
CCGCGCGGCGCGC,3
GGTCGAGATATCG,0
CGTGGCGCGCATA,0
CGAACGGCGATAT,3
TGTATATCGCCGG,2
TTCCTATCGCATT,0
GAGCCGTCGCTAA,1
AGTAATTATACGG,5
AGCCTATATATAA,2
GGACATTGCGCGT,2
ACGGTATCGCATG,2
ATGCGCTATATAC,2
CTTGATTTATCGA,2
GAGTCGTTATTAG,0
GTCTCGTGCGGCT,1
ATGGGCTCGCGCT,0
CTTTATTATACGA,2
TAAACGTTATCGC,3
CGATGCTTATCGC,1
GTCAATTGCGTAT,0
TGCCCGTGCGATA,0
CCGATATGCGGCG,0
TTGGTATCGCCGC,0
TTCTTATCGCCGC,2
TTGTCGTATAGCG,0
