barcode,Ours_label,RCTD_label,x,y
GTACCCTTCCGGG,0,Type1,3913.88034188034,1899.71794871795
TGGCCCTTGGAAC,0,Type1,1687.0,3896.01639344262
ATGTAACGTTGTC,1,Type1,1397.0987654321,3855.17283950617
CATGCCGCTTGTA,0,Type1,1692.6,3807.97333333333
CTCTGGTTCCCAT,5,Type4,2278.08,698.0
TTGCAACTGGAGT,2,Type1,2133.80769230769,856.788461538462
GATGTTTCCCAGG,1,Type6,2271.03846153846,747.0
TCTCCAAAGGAAT,0,Type1,5070.90291262136,3673.93203883495
GACAACCATTAAG,0,Type1,1641.35227272727,3838.11363636364
GGCAACGTGGCAC,0,Type1,1638.71153846154,2326.96153846154
TAGCCAGGGGGTC,5,Type3,2214.31034482759,903.775862068965
AGGCACTCGGGTT,0,Type1,1651.36283185841,3713.73451327434
AGATGTTGTTGTC,2,Type4,4267.81366459627,4563.2049689441
CCTCACGCAAGCA,1,Type6,2308.83505154639,762.80412371134
ATTTACGCTTATA,0,Type1,1572.63720930233,3723.79534883721
TAGTCTTCTTAAA,0,Type1,1558.61111111111,2324.06944444444
GGTCAGAGAACAA,4,Type2,4726.37288135593,3844.28813559322
CCCCTCATGGACT,0,Type4,2688.35,2149.60714285714
TAAGCTATGGAGT,0,Type1,3242.2380952381,853.833333333333
ATGTAGGGAATAG,1,Type6,3202.95172413793,2942.29655172414
ATCTAGGTCCTAG,0,Type1,1664.74257425743,3831.54455445545
CTTGATATCCTTG,0,Type1,3892.28163265306,1919.32244897959
AAGCGAAGTTAAT,5,Type1,3882.66265060241,1889.96987951807
TCCGCGCCAACCG,1,Type1,1688.3869047619,3768.41071428571
GCAGTAGGGGGGG,0,Type1,2218.75,747.58
TCACGCCGAATGG,0,Type1,1842.8347826087,3978.09565217391
GACAGCCGGGGTC,0,Type1,1849.87037037037,3885.03703703704
GGAGATGGTTTGC,0,Type1,1686.4262295082,3944.77049180328
CGACATGAAAACG,0,Type1,1630.04237288136,2296.27118644068
CTCATACGAACTG,1,Type1,2135.02459016393,871.754098360656
TCGGTATGTTTAC,0,Type1,5068.64925373134,3072.42537313433
CTCATTATCAAAC,0,Type1,1618.18181818182,3942.59090909091
CGCGGGATTGCCA,1,Type6,1640.15068493151,3702.87671232877
CACGAACAGTTTT,0,Type1,1795.59302325581,3831.89534883721
GATTCCTGACTGT,0,Type1,4046.35514018692,1941.93457943925
TAGGCCTACAGTC,0,Type1,3980.25,1764.25
CTCCAATGCATAT,5,Type1,2679.85714285714,2074.19480519481
TGAGACCAACTTT,0,Type1,1732.23214285714,3917.67857142857
TCAGTGCGTGAAG,2,Type1,3756.38048780488,3200.16585365854
GTATACCCACGTA,2,Type1,2210.73417721519,793.860759493671
TAATCATCACGTT,1,Type1,1767.05673758865,3784.44680851064
TCTGGTTGCATCG,1,Type6,3644.04724409449,1143.85039370079
ACTCTGTGCAAGC,1,Type6,3863.20895522388,1957.20895522388
TCTACAAGCAATC,3,Type6,2615.30120481928,2058.15662650602
GCGTACCGACTAA,0,Type1,1877.15789473684,3871.13684210526
AAGATGTGACGCG,0,Type1,3856.1186440678,1928.33898305085
TCATAGATTGGGT,0,Type1,1703.875,3832.02777777778
TTTCTCCACAGGG,0,Type1,1704.66019417476,3722.93203883495
CATGAGCGTGCAC,1,Type1,1489.34444444444,3844.01111111111
ATGTAGTCGTGTG,1,Type8,2306.57142857143,806.298701298701
GTAAAGTGACGTA,1,Type1,1615.5737704918,4002.65573770492
CCACAGGTACAGT,0,Type1,1743.02197802198,3815.97802197802
TCGTGAAGTGATC,3,Type1,2237.15730337079,848.932584269663
ACCCCTGTTGCGG,1,Type1,2182.17391304348,775.492753623188
CCGGGATGTGTAG,0,Type1,5085.75510204082,3052.46258503401
TTAGGCGGCACCC,0,Type1,1703.69642857143,3778.23214285714
TCGTTAGCTGTTG,1,Type6,2239.75,789.141304347826
GTATGCGCTGCCA,1,Type1,2194.18823529412,829.305882352941
TAGTCGTCCAAAC,0,Type1,1471.47142857143,3783.65714285714
ACGTCGTGACTTC,1,Type6,2184.11926605505,788.137614678899
GGGCGAAGACGTG,3,Type1,2249.81415929204,835.955752212389
ATGTGCATCAACT,0,Type1,1505.02173913043,3726.94927536232
CGCAGCAGGTTGC,5,Type1,1769.64,3719.61
AGTAGACGACCAC,0,Type1,3909.8,1982.83636363636
GTTATAGTACTGC,0,Type1,1610.54838709677,3911.70967741935
TGATATTTACGTA,0,Type1,1460.20779220779,3745.80519480519
GGGAATAGGTCTG,0,Type1,1582.66527196653,3741.6359832636
AAGCCGCGCATCG,0,Type1,1690.95535714286,3825.49107142857
CTCCGCAGACCGA,0,Type1,1852.61764705882,3867.28431372549
CCTCCGACGTGCG,0,Type1,3890.45614035088,1778.40350877193
TACATACAACTAG,3,Type1,2235.796875,901.109375
CCTTGCGCGTTAC,1,Type1,2199.63333333333,742.355555555556
GTGATAGGACATC,0,Type1,1892.8547008547,3876.35042735043
GATGATTCACTAT,0,Type1,1777.40449438202,3842.88764044944
TATCTTAGAGAAG,4,Type2,1741.12437810945,4962.8407960199
CGACCAACTCGTT,5,Type4,2359.47169811321,830.207547169811
GACTGTTCTCTGT,1,Type6,3396.765625,3390.265625
TAGTGTACCTTAT,0,Type1,1858.0487804878,3740.48780487805
ATTCTGGCTCCGG,1,Type1,1709.17021276596,3745.53723404255
TAGTCTAGAGTGT,0,Type1,3918.0347826087,2886.39130434783
CTGAAGCGAGGTG,3,Type7,2785.02941176471,4451.88235294118
GTGTAGGCAGACA,0,Type1,1815.5,3761.87931034483
TCTTTCGGAGGTC,0,Type1,3829.13483146067,1073.43820224719
TCCTTCGTCTACT,0,Type1,1869.5,3921.03703703704
AGTCCGAGAGAAG,0,Type1,2524.08661417323,5266.05511811024
CCCATAAGAGAGT,0,Type1,1839.19298245614,4579.56140350877
CCAGGCCGTCTCT,0,Type1,1490.1724137931,3732.86206896552
GAATCGGCTCTCG,0,Type1,2439.14545454545,4353.27272727273
TCATGCTGAGGCT,0,Type1,3258.89285714286,861.5625
CAACAATCTAGGT,0,Type1,3939.98876404494,1951.31460674157
GTGCGGTCATAAG,0,Type1,1652.67105263158,3864.09210526316
AGGGGGACGCGTC,0,Type1,1608.10526315789,3986.54385964912
TGTCTTTTCGACT,5,Type1,2351.07954545455,844.363636363636
AGCCGGCAGCTCA,0,Type1,1511.14655172414,3818.49137931034
GTAGTTTACGCTT,0,Type1,1579.80263157895,2299.94736842105
AGCCAAAGGCATT,5,Type4,2673.77551020408,2159.98639455782
TACACCACTAGCG,5,Type4,2694.11643835616,2129.57534246575
TACACCGTTAATT,0,Type1,1790.24324324324,3800.28378378378
GGTATTTCATCGT,0,Type1,1888.16853932584,3844.8202247191
ACAGTTTAGCTAC,5,Type4,2262.01449275362,725.289855072464
TTCAACAGCGAAG,3,Type1,2667.94202898551,2044.59420289855
AAACACCCGCAAT,0,Type1,1719.40366972477,3781.73394495413
CATGCAGCCGGGA,1,Type4,2305.57692307692,789.596153846154
TGCCACGTCGACT,0,Type1,1662.53719008264,2379.92561983471
GTGTCATGTAGTT,0,Type1,1918.03260869565,3871.14130434783
AAGCCATCATCAT,0,Type1,1753.21656050955,3796.56687898089
TACACAAGTACTG,0,Type1,3831.98319327731,1833.63865546218
GCGCTGAACGATC,1,Type6,2183.29032258065,846.532258064516
CATCGTATTAATA,0,Type1,1855.06451612903,3966.17741935484
CGACACTGATCGG,0,Type1,3941.42424242424,1743.15151515152
TTATGTTGATATT,0,Type1,3972.96226415094,1986.32075471698
TAAATCGGATCCT,0,Type1,1679.65517241379,3840.29310344828
TAGCCTCACGGTC,1,Type1,1671.52713178295,3777.75968992248
TACGTCTAATTGG,0,Type1,3981.92857142857,1901.14285714286
GACGCTAGTAAGC,1,Type8,2564.51428571429,2122.51428571429
CAATCTCGTACTA,0,Type1,3946.61797752809,1804.97752808989
CCTCGAATCGATA,0,Type1,3250.80357142857,838.633928571429
GGAGCGAGATAAT,0,Type1,4962.36363636364,2844.78181818182
CGTTGCAGATACA,3,Type1,2276.95081967213,963.409836065574
AGCCTACCTACAA,1,Type1,1817.0,3954.57142857143
CATATACGATGTC,5,Type4,4118.38596491228,2640.61403508772
CTTGTAGGATGTT,0,Type1,3779.37037037037,1444.27777777778
ATGCGAGGCGGTT,0,Type1,3976.39772727273,1957.60227272727
CTGCATGGTACAG,1,Type1,3278.5,826.823529411765
TATCCGGCTAACT,0,Type4,1782.34862385321,3947.23853211009
ATCCTAAGTATAG,4,Type7,4578.92307692308,1745.16346153846
TCGCCGAGATCGA,3,Type1,2607.30434782609,2220.06086956522
ACTAGCAGATTAT,1,Type1,3354.87878787879,3450.22727272727
TGTCGCCAATATG,1,Type4,2285.62441314554,809.225352112676
CCGTGCGATACGA,0,Type1,1694.70588235294,3697.77941176471
TATGCGTGCGCGA,0,Type1,1833.95689655172,3892.73275862069
TCAGGGAAAGCCA,0,Type1,4486.79674796748,1795.41463414634
CCTCTTAAATACC,2,Type1,4880.61739130435,2379.79130434783
ATAGCCAAAGCGC,3,Type1,1139.55319148936,4014.39361702128
GACAGTAAAGCCG,0,Type1,1516.46464646465,4521.20202020202
GCTCCAAAAGCAT,0,Type1,4878.01818181818,2935.58181818182
CCTCGAAAAGTTG,3,Type1,3567.16095890411,4187.97945205479
AGTGTCAAAGTAC,1,Type1,2306.65957446808,1338.58510638298
GCATGGACCTGGG,3,Type1,2504.015,821.375
TGCCGGAACCCCC,0,Type1,4100.5303514377,2753.96805111821
TTAGCCACCCCCC,0,Type1,4276.74857142857,5232.17714285714
TCATCCAGGGTAA,3,Type1,3141.79166666667,936.027777777778
GAGATTACCCTTG,0,Type1,1256.31927710843,3623.19277108434
GATCTTACCTGGA,0,Type1,4511.92814371257,3370.10179640719
CCGCTTATTTTTC,1,Type1,2552.80769230769,1275.01923076923
AAGTGGCCCCCAA,0,Type1,4436.05882352941,2578.38823529412
ACGTTTCCTTTTT,3,Type1,3694.41379310345,4682.18719211823
TCGGCCCTTTGGG,0,Type1,5035.26368159204,2731.67661691542
TAGCGGCCTTCCA,0,Type1,3904.04615384615,1648.13846153846
TCCGCCCAAACCA,0,Type1,2690.97222222222,5046.59027777778
GACTAACGGGAAC,3,Type9,2319.01242236025,1751.6149068323
TAGAGGCGGGGGT,1,Type1,3457.9875,585.975
GTTGAACCTTTTC,0,Type1,1896.29353233831,4282.37810945274
GTGCCCCTTTCCT,4,Type1,2503.03636363636,2683.47636363636
CGCCCTCCTTGGC,0,Type1,3550.14678899083,1957.71559633028
CCGAGGCCTTCCG,3,Type4,4511.87573964497,4696.43195266272
GGCACCGGAACCC,1,Type6,4932.54460093897,3065.53051643192
TGGTTTGTTTCCC,0,Type1,3882.80952380952,1387.05952380952
ATCCTTGAAACCC,3,Type1,1756.19310344828,4954.12413793103
ATTGGGGCCCCCC,0,Type1,1582.71111111111,4341.39444444444
TCCTCCGGAACCA,0,Type1,2680.41441441441,1603.09009009009
CCACCCGGGGGGT,0,Type1,1621.625,2394.53571428571
CGACGGGTTTAAC,4,Type2,4859.39361702128,2231.21276595745
ATGACCGTTTTTG,1,Type4,3567.07462686567,1810.80597014925
ACATGGGTCCCCA,0,Type1,3281.03875968992,3538.6511627907
GGCCGGGTTTCCA,0,Type1,4559.76923076923,2421.26153846154
CAACAAGCCTGGT,2,Type6,3218.11071428571,2140.27142857143
GTAAAAGCCTGGA,0,Type1,4684.36486486487,3134.65540540541
CGCCTTGCCTGGA,4,Type3,1899.66666666667,1586.35333333333
ACGCTTGCCTTTC,0,Type1,3540.60483870968,722.266129032258
TATCCCGGGGGGC,2,Type1,1956.46478873239,3133.03521126761
CATCTTGTTTAAT,0,Type1,4057.80434782609,1565.34782608696
CGCCGGTGGGGGG,2,Type1,5079.96875,2987.98125
ACCCGGTTTTTTT,0,Type1,5434.67307692308,3853.26923076923
TCTTAATCCTAAA,0,Type1,4968.68103448276,3584.74137931034
TATAGGTTTTGGT,4,Type2,2162.30882352941,3745.25
CCTTAATCCCCCA,1,Type1,1867.43023255814,3852.6976744186
GTCAGGTTTTTTT,1,Type1,4495.5859375,4554.9296875
CGCAAATCCTGGA,3,Type3,2018.22388059701,1773.97014925373
AACCAATGGGGGC,2,Type1,1724.76470588235,4762.10588235294
CCAAGGTCCCTTA,0,Type1,4952.328,2876.928
AACTGGTCCTGGC,4,Type2,3313.43252595156,4039.35294117647
ATAATTTCCCAAT,1,Type1,4572.98224852071,2804.10059171598
TAGCGGACCTACC,1,Type7,2349.83552631579,1756.46052631579
TGCGAAAGGAACC,4,Type2,3139.36046511628,966.802325581395
GCAAGGAGGGGTG,3,Type7,1333.09278350515,3200.07216494845
ATCCTTATTTCAC,3,Type1,3904.35761589404,946.801324503311
ATGTTTAGGAACT,3,Type7,4391.69230769231,1546.07692307692
CCATTTATCCTGA,0,Type1,2713.90476190476,1099.10204081633
ATCGTTATTTGTC,0,Type1,4432.59360730594,2857.53881278539
GTTATTACCCTGC,0,Type1,1736.77727272727,4497.27727272727
AGTCAAAGGGACG,3,Type7,1873.0,2543.77419354839
TCTAGGCCCTACC,3,Type8,2794.77777777778,1806.71604938272
CTGGCCCAAATGG,0,Type1,1823.7803030303,4718.28787878788
AACGCCCAAATGG,3,Type4,2616.6,2312.28333333333
TGGTCCCGGGGTT,0,Type1,4048.20765027322,4779.95628415301
AGAGGGCAAACAC,5,Type4,2592.18666666667,2020.0
TCTCAACAAAGTG,4,Type2,2648.61016949153,4134.01694915254
GCGATTCAAAGTG,1,Type1,1281.08163265306,3719.20408163265
TTCATTCGGGGTG,0,Type1,2673.85064935065,1519.80519480519
CTTCAACCTTCAG,1,Type1,3052.63333333333,1801.05
TTGCAACCCAGTC,4,Type7,3500.21383647799,4406.61006289308
GTCAGGCCTTCAG,0,Type1,2741.67415730337,4509.84269662921
AAGTTTCAAAGTC,0,Type1,4314.91011235955,5095.64606741573
AATATTCAAAGTA,0,Type1,4559.57671957672,3395.4126984127
CCTCTTCTTTCAT,1,Type1,1708.62352941176,2287.99411764706
TGCGAACTTTCAT,1,Type6,4237.37162162162,2424.39864864865
CTTCAACGGGTGC,4,Type2,1639.15625,3272.84375
TTAACCGGGGACC,0,Type1,5252.31884057971,3316.78743961353
ATAATTGGGGGTT,2,Type1,3754.95774647887,1513.21830985915
CTCCAAGTTTACC,3,Type1,4051.8078817734,4736.42857142857
ACATGGGAAAGTT,5,Type6,2723.86274509804,2090.5
TCAAGGGCCCCAA,1,Type1,3513.40740740741,1944.40740740741
TCTTTTGCCCCAA,0,Type1,2023.53719008264,4641.04132231405
ACCAGGGGGGGTG,1,Type1,1680.85840707965,2466.12389380531
ATGTGGGGGGTGT,0,Type1,5024.43421052632,2989.21710526316
AAGGTTGGAACAC,4,Type1,3711.29906542056,4709.23364485981
GCGACCGGAATGT,3,Type2,3902.80612244898,3358.82653061224
TGCGTTGGAACAC,0,Type4,1376.37254901961,3157.67320261438
TCTGTTGAAAGTG,0,Type1,4691.38333333333,2140.35
TATATTGAAACAC,1,Type6,3158.04587155963,3401.34862385321
GCCGGGGCCTCAC,0,Type1,4914.01149425287,2750.22413793103
GGCGGGGGGGCAG,3,Type1,1653.39644970414,3396.59171597633
TGGCTTGCCCACT,4,Type2,3026.25409836066,3624.40163934426
CCAGCCGGAATGC,0,Type1,3195.26582278481,904.810126582278
TCGGAAGTTTTGC,0,Type1,5227.48051948052,4119.96753246753
GATCCCGTTTGTA,0,Type1,2855.61290322581,4275.68279569892
AAAGTTGCCCACG,1,Type1,3876.3125,1210.88194444444
GAGGCCGCCTGTA,0,Type1,4061.50537634409,4770.34408602151
GAAGGGTTTTCAA,2,Type2,3515.72972972973,4595.46332046332
TCAATTTGGGCAA,0,Type1,3964.12426035503,2754.88165680473
GGCCGGTGGGGTT,1,Type1,3464.41111111111,1968.27222222222
TAATTTTCCCGTT,0,Type1,5393.34375,4017.32589285714
CTCGGGTCCCGTT,3,Type2,1878.47741935484,3236.53548387097
CTACAATCTTTGG,4,Type2,4107.70930232558,3059.40697674419
TAGTCCTAAAGTT,0,Type1,5377.46551724138,3601.05172413793
GGAGTTTAAATGG,0,Type1,1870.33098591549,4456.2323943662
ATGTAATTTTGTG,3,Type2,2100.65408805031,3714.23270440252
GCAGGGTTTTGTT,5,Type4,2787.58,1763.83
ATTATTTTTTACT,2,Type7,3506.66298342541,4503.8453038674
TAGTAATTTTACT,3,Type7,1964.68393782383,3398.72020725389
TATCGGTTTTGTC,3,Type11,2019.66423357664,2892.33576642336
AGACTTTGGGTGA,1,Type6,5018.41379310345,3669.35632183908
ACACGGTCCTACG,0,Type1,4561.54502369668,3498.57345971564
ATCATTATTTTCC,1,Type1,5252.95360824742,3407.84536082474
ATTGTTATTTAGT,1,Type6,2706.43169398907,3639.16393442623
CGTATTATTTTCA,4,Type2,1809.76422764228,3444.9512195122
CGGAAAATTTGAG,2,Type1,2475.68224299065,2607.30841121495
AGACGGATTTTCT,0,Type1,1282.18433179724,4127.51152073733
CAGATTATTTAGC,0,Type1,2559.40647482014,4826.67625899281
CTTCTTCTTTCTT,0,Type1,5168.7572815534,3232.1359223301
TACTTTCGGGAGG,5,Type4,3889.75301204819,2804.84939759036
GAGTGGCCCTTCA,0,Type1,3292.16101694915,3646.44915254237
GCACGGCTCCCTG,3,Type7,4267.33196721311,4910.2131147541
CCGCCCCTTTAGT,5,Type4,3934.38317757009,2564.97196261682
CTTCGGCCTTTCT,3,Type7,2979.6357615894,4772.90728476821
GGCACCCCTTCTC,0,Type1,2773.20472440945,1830.07874015748
CCTCCCCGAACTC,0,Type1,5154.90298507463,3351.68656716418
AGTGCCGCCCAGT,1,Type8,2092.00694444444,1092.43055555556
TTCGGGGCCCCTG,1,Type1,3674.90797546012,4281.16564417178
AGGCCCGTTTCTA,4,Type2,5327.03296703297,3051.43956043956
ATAACCGCCCTCG,3,Type7,3532.01449275362,4550.53140096618
TGAGAAGCCCTCG,0,Type1,2072.25,2373.77941176471
CTACTTTCCCAGG,0,Type1,2617.24712643678,5066.61494252874
CCACCCTTTTTCA,3,Type1,1878.72173913043,3265.93043478261
TCAGGGTCCTAGT,4,Type2,2070.54166666667,4726.92261904762
ATCTCCTAAACTC,0,Type1,3638.35211267606,4535.5
TAGTGGTGGGTCG,4,Type2,4578.39583333333,1729.08333333333
CAAGCCAGGGTAA,4,Type2,1117.57446808511,4049.40425531915
CAATTTACCCTAC,4,Type2,3332.43795620438,3918.34671532847
TGTGAAACCCTAC,1,Type6,1656.17322834646,4308.44881889764
AGATGGACCCATG,0,Type1,4920.45138888889,3642.68055555556
GACATTAGGGATA,0,Type1,1268.7032967033,4383.86813186813
TCGTCCAGGGCGC,0,Type1,4468.04046242775,2792.43930635838
TGCTTTAGGGGCG,4,Type2,3302.2091503268,5460.54901960784
GTGAGGCCCCTAA,0,Type1,2629.93529411765,4944.04705882353
CGTGCCCTTTCGG,0,Type1,4539.69333333333,2975.02666666667
CCCAGGCGGGATT,4,Type1,1746.72388059701,3393.36567164179
CGAATTCCTTCGT,0,Type1,5278.19318181818,3516.93181818182
TTGTGGCTTTCGT,0,Type1,5359.14965986395,3228.62585034014
CAACCCCCCCGCT,4,Type2,3765.7641025641,4887.46666666667
ACACTTCCTTTAT,0,Type1,3789.88636363636,3614.40909090909
ATCGCCCCAATAT,4,Type2,4806.3932038835,1945.83980582524
AGAGAACTTTCGC,0,Type1,5042.80555555556,3726.86111111111
AAGTGGCGGGTAT,1,Type6,2568.1961722488,1397.29186602871
TTGTTTGGGGTAA,3,Type7,5495.46875,3399.95138888889
TTCCAATTTTTTT,0,Type1,3504.18248175183,1426.98540145985
ATAATTGTAAATT,0,Type1,1546.84931506849,2295.7397260274
GCCGGGGAAAGCC,0,Type1,3796.75362318841,1599.25362318841
CAACTTGCCTCGG,1,Type1,2541.41935483871,1289.27956989247
ATGTTTGCCCGCC,0,Type1,2668.36821705426,4249.91472868217
TGTGGGGGAACGT,0,Type1,3856.43181818182,2537.65151515152
GAAATTGTTTTAC,0,Type1,4656.71276595745,3213.6170212766
CTTCGGGAAAGCA,0,Type1,3494.87050359712,1932.12230215827
AGGATTGCCCTAC,3,Type4,2584.86092715232,2271.03973509934
TGCCCCGGGGATC,0,Type1,3840.14110429448,4841.77914110429
TAACTTGCCTGCT,2,Type7,3230.18620689655,3823.27586206897
AGCACCGTTTTAT,1,Type6,1724.13793103448,4117.41379310345
ACATTTGCCTATA,0,Type1,1824.43258426966,4771.80898876405
GCCTGGTGGGCGG,1,Type1,5301.08176100629,3879.80503144654
TGTTTTTTTTTTT,0,Type1,1416.25925925926,3762.25925925926
CCGAAATCCTTAA,1,Type1,3310.67123287671,1329.54794520548
AGTCTTTGGGTAC,2,Type2,3360.62921348315,5278.5
GGGTTTTCCCATG,0,Type1,2721.08171206226,4684.39688715953
CTTGTTTCCTGCA,1,Type4,1880.11194029851,1279.29104477612
GCGGTTTAAACGT,1,Type1,1765.63225806452,2157.30322580645
CTTTGGTTTTGCT,0,Type1,1176.14074074074,3525.21481481481
ATGTTTTTTTATC,1,Type1,2645.35371179039,727.834061135371
GTCGGGTTTTGCT,0,Type1,2141.16666666667,2253.0
CAGCGGTTTTTAG,0,Type1,3739.24358974359,1772.73076923077
GGTGGGTGGGGCT,0,Type1,2811.4039408867,5415.54679802956
TTCTCCTAAACGA,0,Type1,4540.41791044776,3240.69402985075
TATGTTTGGGTAT,4,Type7,4310.57142857143,3596.22142857143
GCGTAATGGGGCG,1,Type1,5227.72727272727,3556.55731225296
AAGGTTTCCCCGC,0,Type1,2614.46428571429,4441.4880952381
TGCTAATCCTTAT,1,Type6,2633.62264150943,3473.94968553459
TACTCCTAAACGC,3,Type7,4295.7225433526,4901.56069364162
GTCCTTTAAAAGC,0,Type1,4977.04225352113,2702.0
GTTCGTAGGGTGG,0,Type1,3607.28415300546,4544.11475409836
TGTCACACAATTG,4,Type7,5021.21052631579,4141.51578947368
TTATGTACCTGGT,1,Type1,3550.59292035398,1669.08849557522
GGGTCAAGGGGGT,0,Type1,2480.07692307692,5414.43956043956
TACGGTAGGGAAC,0,Type1,2709.41441441441,1129.35135135135
GACTCAACCCTTC,3,Type2,1585.73983739837,2604.67479674797
CCACTGAAGGCCG,0,Type1,3837.84868421053,3885.30263157895
GGGGCAACCTTTA,0,Type1,4990.38596491228,2986.13157894737
AAAGACCCTTCCC,0,Type1,4096.80152671756,5164.25190839695
GAATCATTTTTTT,1,Type1,2956.58974358974,4778.11538461538
TTCTCACAAACCC,1,Type1,1976.46078431373,4508.37254901961
CAGGGTCGGGCCC,1,Type6,3889.98684210526,4680.38157894737
AGGTTGCCCTAAC,4,Type1,3306.10426540284,3677.07582938389
TGTAACCCCCCCA,0,Type1,5171.99375,3744.1125
GCTCCACCCCCTG,4,Type1,1152.07874015748,4076.31496062992
ACGCGTCCCTGGT,0,Type1,3872.36756756757,5076.74594594595
GAACCACCTTGGA,4,Type2,3408.07960199005,4250.24378109453
AGTAACCCCTGGA,3,Type7,3531.86516853933,4444.10112359551
CCATACCAAACCT,3,Type4,2740.30612244898,1955.23129251701
GCAAACCTTTCCT,3,Type2,4047.4099378882,4586.32919254658
GACGTGCTTTAAG,3,Type1,2798.61990950226,2780.04524886878
CTCAACCCCTGGC,0,Type1,2717.64864864865,3847.7027027027
ATAATGCCCCTTA,2,Type7,4767.82456140351,3899.61403508772
CCGTGTCTTTTTA,5,Type4,4395.57264957265,3002.65811965812
TCGCGTCTTTCCG,2,Type1,4349.18666666667,3344.62666666667
ACGACAGTTTTTC,1,Type1,2675.32876712329,4935.65753424658
CCTCCAGCCTCCC,0,Type1,1769.67005076142,4423.17258883249
TATTGTGCCCCCC,4,Type2,1974.73023255814,2471.11162790698
TTTTTGGGAAGGT,2,Type3,1327.67441860465,4716.31395348837
AGTCCAGGGGGGT,0,Type1,4019.93939393939,3205.18181818182
TCCGCAGTTTCCA,4,Type7,1634.7,4796.49523809524
ATCCGTGTTTTTC,0,Type1,1802.06504065041,2498.22764227642
AATATGGAAACCT,0,Type1,1441.34645669291,4456.8188976378
GGTGACGCCTTTC,0,Type1,4146.20930232558,2899.45348837209
AACGCAGCCCAAT,2,Type7,4673.44672131148,4021.77459016393
GGTGACTTTTGGG,3,Type1,2891.31399317406,823.996587030717
GGTACATCCTCCC,0,Type1,3691.47767857143,4345.41964285714
GTGCTGTTTTTTT,1,Type1,1455.65671641791,4697.66417910448
ATACACTCCAAAA,0,Type1,1525.10714285714,3673.45238095238
CTACGTTTTTCCA,0,Type4,3547.86829268293,4402.79512195122
GTAACATGGGAAC,2,Type1,2258.61016949153,3958.31638418079
GTACTGTCCTAAC,0,Type1,4376.64556962025,2962.69620253165
GCCGACTAAATTG,4,Type1,5468.44791666667,3428.64583333333
CATCTGTTTTGGA,5,Type3,3114.67,2233.17
CCTCACTCCCAAG,4,Type2,3379.41592920354,842.185840707965
GGATTGTCCCAAG,0,Type1,3862.31313131313,4745.17171717172
CTCCTGACCCACC,2,Type3,2069.10880829016,1022.70466321244
TAGTTGACCCACC,3,Type1,2245.40892193309,4387.71003717472
TTTTACATTTCAA,1,Type1,1747.12162162162,4513.76013513514
TCTTCAACCCTGT,0,Type1,1297.4,4082.58518518519
AATCACACCTGTG,0,Type1,4853.36216216216,2827.02702702703
ATCGCAATTTTGT,6,Type1,2573.74809160305,5197.83969465649
AACAACACCCATC,4,Type2,3330.73737373737,3825.15151515152
GGGTACACCCTGC,1,Type6,3615.66806722689,3868.57983193277
TGTGTGACCCTGC,4,Type7,2869.99591836735,1486.8612244898
CTCCCAACCTTGC,0,Type1,4700.26086956522,3558.19927536232
GTCCGTAGGGGTA,1,Type6,3455.94158075601,1572.91408934708
GGTTTGATTTGTA,0,Type1,5143.41085271318,4278.40310077519
ACGCCAATTTCAT,0,Type1,4963.85766423358,2935.63503649635
GAATCACCCCTGG,4,Type7,2951.15151515152,4777.59090909091
TGGAACCAAACAC,2,Type1,2572.08148148148,3425.18518518519
GTCACACAAACAC,0,Type1,1704.05357142857,3391.96428571429
GCCCGTCTTTCAC,0,Type1,5355.30674846626,3501.20858895706
CTACCACTTTCAC,0,Type1,3486.89726027397,3730.93150684932
CTGTACCGGGCAC,1,Type8,3791.85401459854,2750.01459854015
GATTGTCGGGGTG,1,Type6,2630.9012345679,1753.81481481481
AGTCTGCCTTGTC,0,Type1,4165.76683937824,1838.70984455959
AATTGTCCCTGTC,3,Type1,2144.4,2471.81875
GGCCGTCTTTGTC,4,Type4,1960.35294117647,1267.99264705882
AGCAACCCCTCAT,0,Type1,4121.01204819277,5118.09638554217
AGTTACCTTTGTA,4,Type2,4802.11278195489,1928.47368421053
ATAGGTCTTTACG,4,Type2,2755.44230769231,4416.11538461538
CCTCGTCGGGGTA,4,Type2,1525.29714285714,3240.59428571429
ACCGTGGGAAGTT,0,Type1,4776.0,2139.06542056075
AGGCTGGGAAGTT,1,Type6,2441.67532467532,1441.02597402597
ACACTGGGAAACC,0,Type1,5222.33333333333,3201.14814814815
CAGTCAGTTTGTT,4,Type2,2822.50458715596,1482.12844036697
GTGACAGCCTGTT,1,Type1,2736.76623376623,909.253246753247
CCATGTGCCTGTT,0,Type1,4788.13571428571,3752.76428571429
GGTTACGCCTGTG,0,Type1,3803.27601809955,4056.46606334842
CAACTGGCCTTGA,0,Type1,2737.98039215686,5173.22549019608
GGTAGTGCCTGTC,0,Type1,3837.895,4616.35
GGAACAGCCCGTC,0,Type1,4657.09677419355,3306.45161290323
CTCAACGGGGACG,0,Type1,4318.53968253968,3143.93121693122
AACGGTTTTTCAA,0,Type1,4846.90833333333,2472.80833333333
TGCACATTTTTTT,0,Type1,1942.73394495413,1791.4495412844
ATACGTTTTTACC,1,Type4,4953.26050420168,3093.71848739496
GACTACTCCTCAA,0,Type1,5253.64948453608,3269.46391752577
GAGCCATAAAACC,3,Type7,2205.95428571429,1510.10285714286
AAATCATTTTACA,1,Type6,2647.59770114943,1755.54022988506
AGCCCATTTTCAN,1,Type1,2474.94202898551,1027.33333333333
CGCCTGTTTTTGA,2,Type1,1963.58024691358,3374.75308641975
CGTGACTGGGGTG,3,Type1,2626.21100917431,4431.10091743119
CTTAGTTCCTTGT,1,Type1,2280.72,1664.81333333333
TATGCATCCCGTG,4,Type1,4008.23008849558,3009.49115044248
AAACACTCCCACT,4,Type2,2658.40476190476,2878.66666666667
GCTCCATCCCCAG,1,Type1,1452.05960264901,3553.54966887417
GTTGACTAAACAG,0,Type1,1852.1914893617,4550.5
AGGCCATAAAACT,0,Type1,1477.8115942029,3583.55072463768
TGATCATTTTACG,6,Type1,2990.98130841121,5136.21495327103
TCCGCATGGGCAT,3,Type1,2054.44311377246,4446.05389221557
TTCCACTGGGCAT,0,Type1,5165.21637426901,2766.61988304094
CATCTGTGGGGTA,1,Type1,3920.53571428571,4544.5
GGGACATCCTTGC,0,Type1,2469.39784946237,5078.36559139785
ACCGCATCCCCAT,1,Type7,2988.34387351779,2717.08695652174
GAGGTGACCCAGG,0,Type1,1564.54135338346,2071.81954887218
TCGAGTACCCCTT,5,Type1,3070.89247311828,2095.70967741935
TATCTGAGGGGAA,4,Type1,1892.66929133858,1371.92913385827
GACATGCTTTAGN,0,Type1,5029.22077922078,3497.54545454545
ATTCTGCCTTTCA,0,Type1,5133.56849315068,2868.65753424658
TGTAACCAAACTG,0,Type1,4011.13068181818,2838.35795454545
TGCCGTCGGGGAC,3,Type7,3292.953125,5508.9921875
AGACACCCCTTCT,0,Type1,4338.68085106383,2826.82269503546
CACCCACCCTTCG,0,Type1,4301.625,5241.89583333333
AAGAGTCCCTTCG,1,Type1,2503.7358490566,1397.03773584906
TGATCACAAATCG,3,Type1,2401.28484848485,3685.91515151515
GAGGTGCTTTGAT,0,Type1,2519.34482758621,1022.73275862069
GAGGACCGGGTCG,3,Type1,1811.56589147287,2030.83720930233
CGCAGTGCCTAGG,1,Type1,2473.20652173913,1431.70652173913
CATCGTGCCTTCC,1,Type4,3253.59649122807,1897.01754385965
CGGAACGGGGCTG,5,Type4,2743.38181818182,2075.25454545455
GGCGTGGTTTCTG,3,Type4,2817.78947368421,2181.88421052632
CCAGTGGAAAGAC,0,Type1,4608.38738738739,3182.38738738739
TCTTTGGCCTCTC,4,Type2,5088.3893129771,4191.91603053435
GGTAACGTTTTCG,0,Type1,5365.78378378378,2897.10135135135
TACTACTCCCCTT,4,Type7,3131.67226890756,5047.0
CTCCTGTTTTTCA,5,Type4,1663.55729166667,4501.8125
CCCGGTTCCCAGT,0,Type1,4581.24669603524,3252.47136563877
TAATACTCCTAGT,3,Type7,2252.95391705069,2822.0599078341
AAGCCATAAACTG,4,Type2,3318.94,5307.94
TAGATGTCCTCTC,4,Type7,1830.91208791209,2568.14285714286
GCCAACTAAGCTC,1,Type8,1854.10144927536,939.695652173913
GGGAACTGGGCTA,1,Type1,2605.20093457944,5129.78971962617
AATAACTAAATCG,2,Type8,3683.40909090909,857.75
GTGTACATTTCGG,0,Type1,3932.96666666667,2891.18888888889
CTTGTGAGGGATC,2,Type7,2086.99069767442,2565.32558139535
ATGTACAGGGGCT,1,Type6,3436.816,1357.896
GTTGCAATTTATN,0,Type1,4787.44604316547,2213.02877697842
CGGAACATTTGCG,1,Type4,2433.2037037037,1451.89814814815
AGACACCTTTTAA,2,Type10,4766.92753623188,1873.5
TGTCCACGGGCGG,4,Type2,1435.75630252101,4620.85714285714
GCGATGCAAATAC,4,Type2,4771.65868263473,3837.00598802395
CTTCACCTTTGCA,3,Type7,4372.51764705882,3532.72352941176
GAATGTCTTTATG,0,Type1,4231.71505376344,4943.54838709677
TAATACCGGGTAC,4,Type7,3205.21472392638,920.300613496933
TACTTGCCTTATC,0,Type1,3808.46242774566,2651.9710982659
ATCCTGCCCTGCT,0,Type1,4833.09444444444,2462.38888888889
CAATTGCTTTCGA,0,Type1,2762.82456140351,3777.6081871345
TCGGACCCCTGCG,4,Type2,3354.32666666667,4147.16
GGCTACCTTTCGC,0,Type1,4678.95283018868,3387.59433962264
AGCGGTCTTTTAT,3,Type2,3385.6204379562,4175.4598540146
GCTTACCGGGTAT,0,Type1,3977.24154589372,4743.66666666667
CTCCTGGTTTTAA,3,Type3,1877.63865546218,5190.05882352941
ATCCTGGAAAGCC,2,Type1,5511.40512820513,4993.53846153846
GACCACGCCCTAA,2,Type1,3193.68656716418,5335.73134328358
CTGTGTGCCCTAA,3,Type9,2252.4494949495,1822.78282828283
CTCGTGGCCCTAA,1,Type6,3256.08955223881,1935.44029850746
ATTGACGGAAGCA,0,Type1,2762.28409090909,5442.93181818182
CATCGTGTTTCGT,0,Type1,3602.38341968912,4410.54404145078
CTGTGTGCCTTAC,4,Type2,1277.05426356589,4436.50387596899
AAACGTGGAACGA,0,Type1,3873.61176470588,1349.68235294118
GTGATGGCCTATC,0,Type1,2394.83734939759,5275.68674698795
ATACACGCCCATC,3,Type7,1977.24358974359,5044.08547008547
GATTCAGTTTCGC,0,Type1,1726.47058823529,3748.01960784314
GTGATGGCCTCGC,1,Type1,2685.56818181818,4983.0303030303
GCGGACGCCCTAT,2,Type4,3073.96296296296,2323.17592592593
TGCCGTGCCCTAT,3,Type1,2100.57216494845,4496.9175257732
CAGGACTTTTATT,0,Type1,2718.88023952096,5323.97604790419
GCCACATGGGGCC,2,Type1,4585.79865771812,1999.40268456376
CCCAGTTGGGATT,5,Type3,3445.18918918919,4478.16891891892
CGGGACTCCCTAC,1,Type1,5331.69230769231,3996.88888888889
CCGCCATCCTTAC,0,Type1,1632.52671755725,4646.70229007634
GTATCATCCCATG,0,Type1,1373.21052631579,3807.93859649123
AACTTGTTTTGCT,3,Type7,3120.06880733945,4972.31651376147
GTCTACTTTTATC,2,Type1,2615.48461538462,4292.11538461538
GGTACATCCTGCT,3,Type1,2220.64705882353,1182.27450980392
CCTCGTTCCCTAG,0,Type1,4502.62420382166,3115.44585987261
CAGTACTTTTTAT,4,Type2,5117.74603174603,4474.45502645503
AGCTGTTTTTGCG,0,Type1,1370.48484848485,4220.03787878788
GGTATCACCCCCC,4,Type2,2778.66101694915,3807.0593220339
GGCGTCATTTGAA,0,Type1,2634.76344086022,1414.21505376344
CAACCTAGGGCCA,5,Type1,2019.27528089888,1284.70786516854
TTCTCTAGGGGGT,0,Type1,3462.47692307692,4278.98461538462
GGCCAGATTTCCA,0,Type1,5226.63387978142,4035.66666666667
ATACCTATTTGGA,1,Type1,5150.94557823129,4292.09523809524
CGATAGCCCCCCC,1,Type6,3904.70769230769,4665.0
GGAGCTCAAATTT,0,Type1,1241.11029411765,4315.08823529412
GGGACTCGAACCC,0,Type1,2667.71270718232,5249.7955801105
TAGTCTCCTTCCA,4,Type2,1311.02105263158,3267.12631578947
ATGCCTCAAACCA,1,Type6,2254.79126213592,2023.73300970874
CATCCTCTTTCCA,0,Type1,5077.84049079755,2681.9018404908
GCAGGACCTTAAG,1,Type1,3885.36781609195,2459.90804597701
AGTCCTCTTTTTC,3,Type1,2226.52,1600.18
GTCTGACGGGGGA,0,Type1,2685.95340501792,2729.51971326165
TCACCTCCCCCGC,3,Type1,5026.05594405594,3194.4965034965
GGCCAGCAAAGGC,0,Type1,1925.59649122807,4670.35087719298
CACATCCGGGAAT,0,Type1,4489.06428571429,2904.25714285714
ATTATCGCCCAAA,0,Type1,2641.89795918367,5263.97278911565
TCCTAGGGGGCCA,3,Type7,3330.86363636364,5181.96818181818
CTATTCGGGGAAC,4,Type2,1559.568,2515.48
CAAGGAGCCTCCG,3,Type7,5458.28125,3212.66875
GGCACTGCCTCCG,0,Type1,3972.16666666667,2829.44666666667
GCTGAGTCCCTTN,0,Type1,2687.89908256881,5261.66055045872
GATCTCTTTTTTT,4,Type1,5390.66153846154,3446.63076923077
CCGAAGTGGGGGT,4,Type2,2613.20958083832,3273.80838323353
TGCGGATCCTTTC,0,Type1,5270.87407407407,3811.2962962963
TAATAGTAAACCT,0,Type1,2492.22594142259,5229.08368200837
GAGAGATTTTTTA,0,Type1,3815.97321428571,4206.13392857143
GTCCCTTGGGCCG,0,Type1,4416.03825136612,3457.63387978142
TTCATCATTTGTT,1,Type6,4573.59848484849,2284.4696969697
ACACTCACCCCAC,1,Type6,3155.60698689956,2655.0480349345
AGCTCTAGGGGTG,0,Type1,5060.06201550388,2991.81395348837
GTATGAATTTACA,1,Type9,2325.38095238095,1798.55555555556
TGCGAGATTTGTC,4,Type7,2643.62285714286,3156.16571428571
GCGATCACCCCAT,0,Type1,2535.76086956522,3491.39673913044
TAGGTCAGGGGTA,0,Type1,2953.76666666667,5096.91333333333
TGAAAGATTTACG,1,Type6,1861.88372093023,1233.61627906977
TAATGACAAAACC,0,Type1,2646.18,1647.64666666667
GATCCTCAAAGTT,0,Type1,3937.82625482625,4907.81467181467
TACAAGCGGGTGG,0,Type1,1184.5,3927.55970149254
GAACTCCTTTGTG,6,Type1,4259.31428571429,2731.41904761905
CTACCTCTTTACA,0,Type1,2797.52409638554,4662.21084337349
TTATGACTTTCAC,0,Type1,1720.03883495146,2502.82524271845
TAGATCCGGGACA,6,Type4,2119.74803149606,5308.95669291339
TCATAGCCCTCAG,1,Type6,3056.22619047619,1755.75595238095
AGCAGACTTTCAG,0,Type1,4627.07567567568,3644.59459459459
AGCGCTCTTTACT,4,Type2,2913.49606299213,3662.99212598425
CCCATCCGGGGTC,4,Type2,3829.35714285714,3412.42207792208
AATCGACGGGCAG,0,Type1,4838.45544554455,2648.67326732673
GACAGACCCTACG,2,Type2,2909.86111111111,1074.84259259259
CGCGGACTTTTGC,2,Type1,3511.21875,621.825892857143
AACTTCGGGAACC,0,Type1,2519.8,5179.31875
GACCTCGTTTGTT,1,Type1,4395.98445595855,2601.9378238342
ATCAGAGTTTTGT,3,Type3,4842.045,4114.425
GATCCTGTTTGTT,0,Type1,5072.76960784314,2881.67647058824
ATTCCTGGGGTGT,2,Type4,2272.95081967213,914.737704918033
CTCATCGTTTTGT,0,Type1,1628.50684931507,4619.31849315068
GATACTGAAAGTG,2,Type1,4596.05769230769,3480.34615384615
AACAAGGGAAGTC,1,Type9,2404.29213483146,1043.75280898876
AATCTCGGGGGTC,2,Type7,1347.07647058824,4695.94117647059
CATCCTGAAAGTC,2,Type1,3548.47133757962,920.369426751592
GGGCTCGCCCGTC,4,Type4,4080.0404040404,4453.89898989899
TAGTGAGCCTTGA,4,Type2,1977.23357664234,4995.67153284672
GGATTCGCCTCAG,0,Type1,4732.98101265823,2409.85443037975
TCGTGAGCCTCAG,2,Type1,1273.39534883721,3460.3488372093
TCCGGAGGGGTGC,4,Type2,4678.05911330049,1840.47290640394
AAGGAGGGGGGTA,0,Type1,2936.72083333333,1581.06666666667
GTTCTCGTTTACG,3,Type7,2244.11445783133,4426.57831325301
TACTGAGAAACAT,0,Type1,2785.41538461538,3067.8
ACTTTCTCCCGTT,0,Type1,4424.6875,2593.2625
TGTCGATAAGACC,2,Type7,2930.92890995261,4577.00473933649
ACATTCTGGGCAC,0,Type1,3784.86872586873,1701.69884169884
CCAAAGTCCCACA,1,Type1,3468.41772151899,1249.66455696203
CCGTCTTTTTGTC,0,Type1,4902.13812154696,3449.59116022099
GTGATCTCCTGTC,0,Type1,3859.25949367089,2938.17088607595
CCATTCTCCCCAG,3,Type1,4257.3904109589,3395.32876712329
TATCTCTCCCACT,0,Type1,4866.69430051813,2616.75129533679
GACTCTTGGGACG,0,Type1,4166.86692015209,3013.91634980989
AGCGCTTAAACAT,0,Type1,3911.43262411348,2706.40425531915
CGCGAGACCTCTT,4,Type7,3994.97206703911,3241.38547486034
TTTCTCATTTAGG,0,Type1,5242.55652173913,3242.11304347826
AGATAGACCCAGT,1,Type6,2983.055,3421.8
CTTTTCATTTTCA,3,Type1,2523.32352941176,4829.41666666667
TACGGAATTTGAC,0,Type1,3645.46022727273,4476.44318181818
GTGTCTACCCCTC,4,Type2,2748.33333333333,5541.59333333333
GTTAGAATTTTCT,5,Type4,2749.36936936937,2473.05405405405
CGATCTATTTAGC,1,Type6,4592.12359550562,2830.16853932584
GACGCTCCCTCTT,0,Type1,4770.95419847328,2435.17557251908
CAGGGACCCCAGG,1,Type6,3807.69565217391,1317.3768115942
CCCAAGCCCTCTG,2,Type1,3881.18777292576,4383.7423580786
TCATTCCCCTAGT,0,Type1,5109.48979591837,2741.44081632653
AACGTCCTTTTCA,4,Type2,2820.04615384615,5546.07179487179
ACGGGACTTTCTG,0,Type1,4016.90425531915,4739.90425531915
TTGAGACGGGGAC,4,Type1,3118.41071428571,3572.55357142857
TAGAAGCGGGAGT,0,Type1,4199.46728971963,1458.30841121495
CTATTCCCCGAGA,0,Type1,4641.9746835443,1875.35443037975
CCGAGACTTTCTC,0,Type1,4283.42603550296,3218.0650887574
GAGTGACTCCTCG,4,Type1,1876.36363636364,3667.15151515152
TGTGCTGGCCTCC,0,Type1,2182.53012048193,4350.22891566265
ATTGTCGCCCAGG,4,Type2,3837.32876712329,5086.47945205479
CAATCTGCCTAGG,1,Type1,4690.6404494382,3199.3595505618
GCGTAGGGCCTCA,1,Type1,3493.02127659574,1830.4609929078
TACGGAGGGGTCT,1,Type1,1603.77777777778,2342.87654320988
GTTCTCGCCCTCG,1,Type1,4522.72115384615,2262.82692307692
AGTCCTTTTTCTT,1,Type6,2516.36274509804,4382.27450980392
CACGAGTTTTCTT,0,Type1,4982.16891891892,2759.5
AGAGAGTTTTCTT,0,Type1,1720.52272727273,2384.31818181818
CGAAAGTTTTAGG,1,Type1,3412.15789473684,1911.35789473684
GTATAGTTTTTCC,0,Type1,3606.00613496933,4269.79754601227
CTGTGATCCCCTT,2,Type7,1574.47643979058,1293.08376963351
CTATTCTGGGTCT,1,Type1,5173.58536585366,3174.18292682927
GAACCTTCCCCTC,1,Type6,3709.84967320261,3713.92810457516
TAAACTTTTTGTA,0,Type1,3172.18666666667,866.933333333333
GAAGTCTTTTTCG,3,Type7,3840.79831932773,3866.63025210084
CCGCTCTTTTTCG,3,Type7,3651.38028169014,5608.61971830986
TCCAAGTCCTTCG,5,Type4,3048.35074626866,2239.05223880597
CCTTGATCCTCTA,2,Type7,5395.41666666667,3146.61805555556
TGGACTAGGGTAA,4,Type2,2887.49305555556,4690.88194444444
ACCGTCATTTATT,0,Type1,2768.76635514019,5394.73831775701
AGATAGACCTGCA,0,Type1,2414.76439790576,3600.04712041885
AATCAGACCCTAC,0,Type1,2247.05882352941,4350.77058823529
GACGGAAGGGCGT,0,Type1,2909.29032258065,5189.61290322581
ATTCTCACCTATC,4,Type2,4741.74358974359,3822.15384615385
CTCTAGATTTGCT,1,Type1,1613.88655462185,2868.66386554622
CCGCTCACCCCGC,4,Type2,4259.58333333333,3469.6130952381
TTTCTCCTTTTAA,0,Type4,2737.52284263959,644.335025380711
ATGCAGCCCTTAC,0,Type1,4005.38916256158,2784.81280788177
AATATCCAAATAC,3,Type1,2630.86098654709,4021.48430493274
TTGGAGCGAACGT,0,Type1,3784.50925925926,1557.01851851852
ATCAGACGGGCGT,2,Type7,4193.33802816901,4312.63849765258
CCGGTCCGGGTAC,0,Type1,2621.33333333333,5191.97267759563
CTATCTCGGAATG,3,Type1,2453.48245614035,2548.85964912281
TTCGAGCCTTCGA,0,Type1,1731.02564102564,4714.60683760684
TTAGAGCCCTCGA,3,Type2,4440.06034482759,1568.85344827586
TAAAAGCCTTGCG,4,Type2,3801.26515151515,4990.15151515152
CGTGAGCAAACGC,3,Type4,2838.66857142857,1772.70285714286
GGCATCCGGGTAT,0,Type1,4150.59895833333,5182.95833333333
GACTGAGCCCTAA,0,Type1,2647.63,2644.25
TGCTAGGCCTTAA,1,Type1,2505.67549668874,3599.34437086093
GAATCTGGGGATG,0,Type1,4524.62096774194,2684.71774193548
TATCGAGGGGCTG,4,Type7,4127.39873417722,4805.61392405063
TACACTGTTTATG,0,Type1,2634.62790697674,592.622093023256
CTCTTCGTTTATC,5,Type3,1483.24299065421,4632.39252336449
CTAACTGCCCTAG,3,Type3,2056.50485436893,1829.10355987055
GGCAAGGTTTATA,3,Type7,3979.49645390071,3066.71631205674
ATACGAGCCCCGC,0,Type1,1737.61151079137,4860.79856115108
GTGGCTTCCCTAA,0,Type1,4800.24647887324,2556.37323943662
GTCAAGTCCCGCC,4,Type2,4617.40350877193,1748.77192982456
ATCATCTCCTGCC,5,Type3,2377.02564102564,967.641025641026
TCTCTCTCCCCGG,5,Type1,3419.09090909091,893.439393939394
CAGCCTTAAACGG,0,Type1,3368.6862745098,831.529411764706
TACGCTTCCCATG,4,Type1,1428.335,3273.765
AAGACTTCCCATG,0,Type1,4074.22262773723,1421.46350364964
TCTATCTCCTTAC,0,Type1,4266.08762886598,3149.0618556701
TAGGCTTGGGGCT,2,Type1,2506.24358974359,4542.46794871795
CGCCAGTGGGGCT,4,Type2,4422.61,5120.625
TGCAGATTTTGCG,0,Type1,2249.74615384615,4279.12307692308
CCTGTCTCCTGCG,0,Type1,1347.56375838926,3322.60402684564
GAATATACCCAAA,4,Type2,5042.9,2500.4
CTAGGCACCCTTT,3,Type9,2831.15789473684,883.657894736842
GCGAATACCTGGT,4,Type1,5037.36,4042.88
ATATATACCTCCA,0,Type1,5336.10749185668,3506.42019543974
CGTTATAGTTAAC,0,Type1,1523.08064516129,3508.66935483871
ACTTATACCCGGC,5,Type4,2410.61254612546,2196.78966789668
CTCCCGATTTAAT,3,Type7,1910.0824742268,1892.78350515464
GTCCGACCCCGTT,0,Type1,1828.19718309859,3798.98591549296
ATCCTACAAACCC,0,Type1,2572.68062827225,5120.40837696335
ATGGATCGGGCCC,0,Type1,5118.43113772455,2931.0
CTGAATCGGGCCC,1,Type1,2850.23188405797,5119.98550724638
CACTCGCGGGGGG,1,Type1,4951.59420289855,3074.67632850242
CCAGGCCCTTCCA,0,Type1,3934.52482269504,1532.19858156028
TCGCGCCCCCAGT,0,Type1,1793.27777777778,3844.48148148148
GGGAGCCCCCCAG,1,Type1,3359.19540229885,561.701149425287
CGACATCCCCAAG,2,Type7,2419.13661202186,5471.85245901639
CCTACGCAAACCT,0,Type1,3571.83333333333,636.333333333333
TCCCGACCCCCCG,4,Type7,3874.57407407407,3310.90740740741
TCATTACCCTCCG,4,Type2,2403.14507772021,4424.66321243523
ACGGTACCTTTTA,4,Type2,2070.1512605042,3752.65546218487
GTATGCCCCATTA,2,Type3,4880.69927536232,4370.28260869565
TTCCCGCAAAGGC,1,Type6,1534.05962059621,4030.51761517615
TCACTAGCCTCCC,4,Type2,4703.35465116279,3820.65697674419
TGTAATGCCCCCT,1,Type1,3207.86666666667,583.466666666667
AGAATAGCCTCCC,0,Type1,1845.12698412698,3838.57142857143
CGTGCGGAAAGGT,0,Type1,4553.80132450331,2844.90066225166
CGCACGGTTTGGA,3,Type7,4447.05,3760.06
CCACATGAAATTC,2,Type1,2075.9219330855,4584.25278810409
TGATATGCCCCCT,1,Type6,2818.69090909091,3567.89090909091
GCGTGCGGGGCCG,0,Type1,5220.32258064516,3308.83225806452
CCTCGCGCCTTTA,0,Type1,2985.36224489796,4975.82653061224
TGATCGGCCTCCG,4,Type2,2760.97916666667,1313.9375
TATTGCTTTTGGG,3,Type7,3103.19915254237,5627.60593220339
CGCCTATCCTGGG,3,Type4,2102.25882352941,1466.95294117647
TGCAGCTCCCTTN,1,Type6,3688.2513368984,3916.75401069519
ACCCGCTTTTTTG,4,Type2,1596.78859060403,4765.01677852349
AGGTATTTCCCCA,0,Type1,3845.43103448276,4599.95402298851
CAGTATTTTTTTG,3,Type4,2838.3625,2457.63125
CATTCGTGGGCCA,4,Type2,2473.26114649682,4997.0
CGCCTATGGGCCA,0,Type1,2641.84736842105,4494.31578947368
GGTACGTCCTCCA,5,Type1,4831.08064516129,2446.82258064516
GAACCGTAAACCA,0,Type1,5068.0,3864.11304347826
TACCGCTTTTTTC,0,Type1,4077.85714285714,1831.70634920635
TCGTTATTTTTTC,1,Type1,3396.46927374302,1794.31843575419
TCAACGTCCTGGA,0,Type1,1224.73873873874,3965.44144144144
TGACCGTAAAGGA,3,Type7,3650.53535353535,4680.73737373737
CTTCGATCCTAAT,0,Type1,2496.10062893082,3557.57232704403
CGGATATCCCTTA,0,Type1,3734.45226130653,4474.53768844221
CACCCGTCCTAAT,1,Type6,4962.21774193548,3194.54838709677
CGTTTATCCTATA,1,Type1,4120.74193548387,1963.46774193548
AGGTTAAGGGGTT,0,Type7,2745.73770491803,1399.20765027322
TGGACGAGGGACC,0,Type1,5033.60666666667,3710.09
AAAGATAGGGGTT,1,Type1,4060.71232876712,2615.35616438356
GTCCTAAGGGCAA,4,Type2,2009.875,4904.17045454546
GGCTGCAGGGACC,1,Type1,2432.88108108108,1669.87027027027
TCTATAAGGGGTT,5,Type4,2260.25510204082,2484.83673469388
CTGGATATTTACC,1,Type8,3147.51315789474,2203.36184210526
GCGATAATTTTGG,0,Type1,5314.02941176471,3567.75294117647
CCTTGCATTTACA,0,Type1,1558.92105263158,3413.61403508772
GAGGATACCCTGA,0,Type1,1746.04666666667,2210.54
GACAATAGGGACT,4,Type2,1359.6,3218.75384615385
CGCACGAGGGCAG,4,Type2,2764.63485477178,5536.65975103734
CGATCGATTTACT,1,Type1,2632.03731343284,892.365671641791
CCTAGCATTTGTC,0,Type1,4186.86530612245,5042.48571428571
GGGTCGACCCACG,0,Type1,1573.93670886076,3476.27848101266
CCAACGAGGGGTA,0,Type1,2647.80714285714,5278.90714285714
CATTTACCCCGTT,0,Type1,3020.52511415525,2826.84474885845
GTACCGCCTTGTT,0,Type1,4012.01796407186,2030.35329341317
AGCGTACCTTACC,5,Type1,1960.54455445545,1477.26732673267
AGGAGCCAAAGTT,2,Type7,4637.83636363636,4141.24545454545
TCCGTACAAACAA,3,Type7,5468.30769230769,3409.96153846154
CAGACGCTTTGTT,1,Type6,3116.28187919463,3294.61073825503
TAGTCGCGGGTGG,0,Type1,3068.99099099099,5255.20720720721
CTTCATCCCTTGT,0,Type1,1775.09042553191,3569.94680851064
GACGTACAAATGT,0,Type1,4865.68613138686,3594.2700729927
ATGTGCCTTTGTG,0,Type1,2453.66455696203,2564.29113924051
ATCGGCCGGGGTG,4,Type2,1824.41228070175,2541.99122807018
ACTATACGGGCAC,3,Type3,2139.5,1865.9623655914
TAATCGCCCTTGA,0,Type1,2717.14102564103,4574.20512820513
TGTGGCCCCTACT,0,Type1,4964.41747572816,3493.16990291262
AGTCTACCCTGTC,0,Type1,3495.51515151515,1948.37121212121
TCGAATCCCTTGA,1,Type6,4508.58045977012,2087.30459770115
AGCAGCCAAAACT,3,Type1,3785.31481481481,3639.34722222222
AACCCGCTTTACT,1,Type6,2453.47311827957,1097.48387096774
CTGGTACTTTGTC,1,Type1,5210.58139534884,3610.34418604651
AGACCGCCCTGTA,3,Type7,4204.11382113821,3437.0406504065
AGCGGCCCCTGTA,4,Type7,1852.88888888889,3580.66666666667
CTCATACTTTCAT,2,Type1,1209.97857142857,4826.92857142857
GAATCGGGAACAA,4,Type2,2288.7676056338,4415.2676056338
TCGAGCGTTTACC,0,Type1,3243.56097560976,5482.78861788618
AACATAGCCTGTT,0,Type1,2586.62234042553,2546.8829787234
GCGACGGCCTGTT,5,Type4,2693.38392857143,2491.06696428571
TCGCGCGGGGTGT,3,Type7,2393.56086956522,4491.15652173913
TTAGGCGTTTTGT,4,Type2,3851.66842105263,3388.17368421053
AGATGCGAAATGT,1,Type6,4421.31578947368,2262.78947368421
AACGCGGAAACAC,0,Type1,4276.46511627907,1575.51162790698
TGCGATGAAAGTG,1,Type1,2472.16894977169,4339.49315068493
ACCGTAGCCCGTG,0,Type1,4406.85221674877,3201.07881773399
ACCGATGCCCCAC,4,Type2,3998.10810810811,3028.43783783784
AACGATGCCTGTG,0,Type1,2751.92666666667,4542.56
GTCTTAGGGGACT,0,Type1,4187.25287356322,3161.55172413793
TTCTGCGTTTGTC,2,Type1,4192.54237288136,4431.05649717514
ATGTATGAAACAG,2,Type1,4957.19708029197,3734.6496350365
CCCCCGGCCCACT,4,Type2,1096.03896103896,3842.0
CCCCTAGCTTGTC,0,Type1,4677.82608695652,3368.98913043478
GCCAATGCCTACT,4,Type2,3837.01851851852,3586.68518518519
GACCCGGCCCACT,4,Type2,1979.44871794872,2489.48717948718
GCAGTAGGAATAT,3,Type9,2971.9378238342,2664.94300518135
GACCATGTTTGTA,2,Type1,2641.53846153846,1313.06153846154
ACCCGCGCCTGTA,0,Type1,3763.74074074074,3744.08641975309
AAACGCGCCTGTA,3,Type7,2862.25396825397,1130.24338624339
CGTTTAGCCTGTA,3,Type1,2862.40983606557,2149.58469945355
TTTAGCTTTTGTT,0,Type1,5105.60714285714,3575.79081632653
CCGTGCTTTTCAA,1,Type6,4648.03378378378,2869.88513513514
TCGTCGTTTTTTT,1,Type1,3171.11111111111,2364.90476190476
TTAGTATTTTCAA,4,Type7,4472.82352941176,3621.69518716578
GACTATTCCTGTT,3,Type4,2894.88990825688,1225.08256880734
ATCATATAAAGTT,4,Type2,4346.67424242424,3623.83333333333
GAAGGCTTTTCAC,0,Type1,5358.49462365591,3956.9247311828
GGCACGTAAACAC,1,Type6,4915.10273972603,3011.1198630137
GAAGGCTTTTGTC,0,Type1,1758.625,4620.84375
ATAAATTTTTCAG,4,Type1,3999.09090909091,4561.82887700535
AGTCGCTGGGACT,1,Type1,2737.21582733813,1385.06474820144
GGGGTATCCCTGA,4,Type2,3948.37313432836,4235.9328358209
CTTGTATAAAGTC,0,Type1,2854.13725490196,5327.96078431373
GCTGCGTAAAGTC,1,Type1,3511.568,2005.088
ATACATTAAAGTC,2,Type7,4086.1906354515,4588.40468227425
TATCGCTGGGCAT,3,Type1,2887.60544217687,1631.44897959184
CGCGGCTCCTTGC,1,Type6,3723.20481927711,3709.24096385542
TATACGTCCTCAT,0,Type1,1736.06172839506,3721.22222222222
TACTGCACCTTCC,0,Type1,3664.66968325792,4516.88687782805
CAACTAACCCGAA,0,Type1,2134.77380952381,3616.02380952381
GCGGGCAGGGAGG,5,Type4,2531.72881355932,2077.40677966102
GGGTGCACCCGAC,3,Type7,2468.2972972973,3518.37837837838
TAACTAACCTGAC,1,Type6,2456.4,1198.70909090909
AAAGATACCCAGT,4,Type1,1439.5,3308.27215189873
GCACCGATTTAGT,5,Type4,2866.27272727273,1848.00909090909
CTAATAACCCTCT,4,Type7,1585.95364238411,3308.4238410596
CGGACGATTTTCT,0,Type1,4195.54938271605,5107.2962962963
GGCGCGACCCTCG,2,Type7,4952.77272727273,4189.44696969697
TAACTACTTTAGT,4,Type1,2251.73831775701,2657.34579439252
CATACGCTTTTCA,0,Type1,4101.3664921466,2619.76963350785
CGGCTACCTTTCT,0,Type1,4986.71291866029,2812.48803827751
CGATCGCCCTTCT,4,Type2,4288.99043062201,4884.80861244019
GTAACGCGGGCTC,0,Type1,3811.40865384615,3223.83173076923
ATTCATCCTTTCG,0,Type1,4765.18709677419,2291.69677419355
GAAGTACTTTTCG,4,Type2,1775.0,3372.05084745763
GTTCCGCGGGTCG,1,Type1,2947.42487046632,5148.24870466321
GGATCGGCCCTCC,5,Type4,2521.94505494505,2598.84615384615
ACGCCGGCCCAGG,0,Type1,1825.34730538922,4649.74251497006
TCTTGCGTTTAGT,2,Type2,3090.29914529915,1112.4188034188
GCAGGCGGGGGAG,3,Type7,1609.26630434783,4840.6847826087
TGACCGGTTTTCG,0,Type1,3502.74301675978,3628.23463687151
GAAGGCGCCTCTA,3,Type6,3014.24590163934,1843.20491803279
GTACATTGGGAGG,0,Type1,4707.92700729927,1899.5401459854
CCTATATCCTTCA,0,Type1,5258.15286624204,3482.43312101911
CCGGCGTGGGAGA,0,Type1,1459.58333333333,3502.85256410256
TCCGATTCCCGAG,1,Type1,4213.1592920354,3415.30973451327
CCCGTAATTTTAA,0,Type4,3855.52142857143,4954.05
GACCGCAGAACGT,0,Type1,5362.91304347826,3372.64130434783
GACCATATTTTAC,0,Type1,2640.8303030303,5041.81818181818
TCATTAACCTGCT,1,Type1,3980.02991452991,4824.52136752137
TGCCATACCCTAG,0,Type1,5050.55172413793,3643.35862068966
TTATGCAGGGCGA,1,Type1,2176.46428571429,4438.93571428571
CCCGATATTTTAG,6,Type1,1956.76691729323,2354.26315789474
CGTCCGATTTTAG,0,Type1,3364.6862745098,3556.24509803922
AGAATAATTTATC,0,Type1,3911.13043478261,4873.92391304348
AGGCCGACCCATA,3,Type1,2781.5652173913,3044.8198757764
ATGAATATTTCGC,4,Type2,5157.53142857143,2612.96571428571
CAATTAATTTTAT,0,Type1,4788.73643410853,2252.40310077519
TGCACGCTTTGCC,4,Type2,3342.84415584416,3799.03246753247
TGCGCGCCCTCGT,1,Type6,3871.98224852071,2398.30769230769
TTACTACTTTATG,0,Type1,4510.67065868263,2005.15568862275
GCGTCGCTTTTAC,1,Type6,4732.61581920904,2999.31638418079
TCGCTACTTTTAC,1,Type1,3241.95,3387.03
ATATTACGGGTAC,3,Type7,2644.21818181818,3018.41818181818
CCGTATCCTTTAG,4,Type2,2671.55279503106,4004.54037267081
GGTAATCAAAATC,3,Type1,2263.07,2601.83
TGCTTACAAAGCT,0,Type1,2730.05,3181.56875
GGCGGCCAAAGCT,0,Type1,1578.22222222222,3670.09523809524
CAGCTACAAAGCT,0,Type1,3768.4132231405,3374.21487603306
AGGACGCTTTTAG,0,Type1,2651.51666666667,5331.18333333333
TAGTATCTTTTAG,1,Type1,4006.09345794393,2086.75700934579
CAGACGCTTTCGA,0,Type1,4399.03703703704,2621.05555555556
CTTATACGGGTAG,1,Type1,3354.79710144928,1836.20289855072
GAGGTACCTTCGC,1,Type6,2587.15107913669,1222.6618705036
GGCTGCTCCCGCA,1,Type6,5246.45695364238,3633.50993377483
CCACTACGGGTAT,1,Type4,3724.67123287671,3723.82191780822
CCGTATGCCTATT,0,Type1,4557.15337423313,2722.66871165644
AATCCGGCCTATT,4,Type2,5556.64375,3566.49375
TACCGCGGGGCGT,2,Type1,2435.38857142857,3634.96571428571
CTCGCGGTTTATG,3,Type4,1998.97080291971,2011.83941605839
CGGTATGCCCCGT,2,Type4,4868.63981042654,4432.48341232227
AGACATGCCCCGT,2,Type2,3368.81714285714,1174.47428571429
AGCATAGCCTATG,1,Type6,3830.88524590164,4314.60109289618
CGCTTAGCCTCGT,0,Type1,2780.89436619718,4765.38732394366
TCATTAGGGGGCT,0,Type1,3770.90476190476,3504.09523809524
AATGGCGGGGATC,0,Type1,5007.17085427136,4027.74874371859
CTTGATGTTTATC,1,Type1,2609.71323529412,1171.25
TCAGATGCCCATC,0,Type1,4661.35148514852,2279.94554455446
ACTCGCGTTTGCG,4,Type4,2003.99137931034,1294.79310344828
AAACGCTGGGGCA,3,Type3,3101.76966292135,4812.75842696629
ATTCATTAAACGT,1,Type1,2019.78064516129,4803.21935483871
GAACTATGGAATC,4,Type2,4696.26666666667,1873.42222222222
GACTCGTCCTATC,4,Type2,4321.0064516129,3526.30322580645
CTGGGCTAAAATC,4,Type2,2408.07692307692,5163.57692307692
TCCAATTCCCCGC,0,Type1,4171.45945945946,1456.1981981982
TAGGTATCCCTAT,0,Type1,1379.75247524752,3785.09900990099
GATCATTCCTTAT,3,Type1,3997.32934131737,4792.32335329341
AGTGAAATTGGGG,0,Type1,5057.22660098522,2578.83743842365
CGTACCACCATTG,1,Type6,2822.62441314554,2346.8779342723
TCTAAAACCACCA,4,Type1,1366.67,3839.96
AATTGGAGGTGGT,1,Type8,2444.70503597122,2099.89928057554
GTACTTATTGCCA,0,Type1,3985.87962962963,2083.2962962963
TAGTCCACCAGGA,3,Type7,4939.86936936937,4202.44594594595
TGATTTATTGCCT,3,Type1,3244.71428571429,1363.95714285714
TCCGCCCAACCCC,4,Type7,5414.56281407035,3255.46733668342
ATCAGGCAACGGG,0,Type1,4053.77358490566,1627.37735849057
GCCTAACTTGCCC,1,Type6,3457.45535714286,2097.13839285714
CAGTTTCTTGAAA,0,Type1,5367.96932515337,3732.0490797546
AGCATTCTTGTTT,0,Type3,3746.37704918033,1049.72131147541
TCTACCCGGTTTC,3,Type7,5459.41176470588,3341.67058823529
AGCGTTCAACCCA,3,Type7,4400.50898203593,3720.46706586826
CCGCTTCTTGAAC,4,Type2,4005.92024539877,3181.39877300613
AATGTTCGGACCA,0,Type1,1894.88125,4559.79375
ATTACCCAACAAG,0,Type1,1502.625,3354.42857142857
GAATAACAACGGA,4,Type2,1992.36666666667,3773.96666666667
GGTCGGCAACTTC,1,Type6,2285.70454545455,2063.05909090909
TAATCCCAACCCG,1,Type1,2904.65816326531,4829.62244897959
ATCCCCCAACGGC,0,Type1,1524.71559633028,3643.63302752294
CCCCTTCTTGCCG,0,Type10,4728.46783625731,1925.91812865497
CTCGCCCTTGGGC,0,Type1,4907.19587628866,2913.0824742268
GTAACCCTTGAAT,4,Type2,4388.74242424242,3600.73484848485
ACCACCGTTGTTT,1,Type6,4719.19155844156,4001.33766233766
TATTCCGAACCCC,0,Type1,4471.84331797235,3519.47926267281
GTTACCGGGTCCA,0,Type1,3749.0,2908.40384615385
TTGCCCGTTGGGT,3,Type1,4869.37640449438,2321.2191011236
CGCTTTGCCAGGT,1,Type1,3555.53012048193,5177.28313253012
GATTGGGGGTCCT,0,Type1,1528.64670658683,4443.85628742515
GAGAAAGGGTTTC,1,Type1,2625.60294117647,4415.79411764706
AGAACCGTTGGGA,5,Type1,2725.33333333333,972.447154471545
TCGGGGGTTGGGA,1,Type6,4786.95555555556,2639.37777777778
GATGAAGAACTTC,2,Type3,4418.00819672131,1508.90163934426
CGAGCCGCCAAAG,5,Type4,2753.01515151515,1859.36363636364
GAATAAGTTGAAT,0,Type4,2081.92405063291,1103.73417721519
ACAAGGGCCACCG,1,Type6,5083.40487804878,3508.01951219512
TACAGGGCCACCG,0,Type1,1982.09944751381,2373.56906077348
TTCGGGGCCACCG,4,Type2,2413.87692307692,5420.59230769231
GCAGGGTTTGGGT,0,Type1,2501.59493670886,4386.18987341772
CACTAATCCAAAC,2,Type10,2897.76165803109,1241.04663212435
GGACAATCCAGGT,1,Type1,3289.29914529915,670.222222222222
TATAGGTCCAAAC,4,Type2,2747.66081871345,1181.36842105263
AGATCCTAACGGT,4,Type2,2573.78609625668,3326.35828877005
AATGAATCCAGGA,0,Type1,4328.46511627907,2956.54263565891
CATGTTTAACTTC,3,Type4,2951.62878787879,2085.33333333333
TAATTTTTTGAAT,2,Type1,4623.4504950495,3025.21782178218
CACCAATGGTAAT,4,Type2,1689.02380952381,4843.69642857143
GACCTTTGGTCCG,0,Type1,2943.64204545455,5275.96022727273
TGGGGGTAACGGC,4,Type6,3210.30769230769,1900.37762237762
TGCTTTAAACCAA,0,Type1,3118.13698630137,5576.83561643836
GTCGCCATTGACT,2,Type2,3009.22321428571,3727.20535714286
TCAGGGACCAGTA,0,Type1,2735.61538461538,5464.48076923077
CTTGCCAGGTCAT,1,Type1,1285.5625,3372.5234375
GTAAGGAGGTCAT,0,Type1,4127.25165562914,1864.19205298013
CATGCCCCCATGG,0,Type8,4357.25308641975,2527.92592592593
CGATGGCAACGTT,1,Type1,1825.64986737401,4294.54641909814
CTCCAACGGTGTT,1,Type9,1799.9126984127,2140.69047619048
AGCTAACGGTGTT,4,Type2,2650.62941176471,4070.39411764706
TGGCAACAAGCAC,4,Type7,1102.45188284519,3974.70711297071
ACATCCCCTGTGA,0,Type1,2237.04166666667,1588.70833333333
TATCAACAACACT,2,Type3,4474.74666666667,4567.14222222222
AGGAGGCTTGACT,3,Type1,2080.61224489796,840.326530612245
CCTACCCTTGGTC,5,Type4,2793.61016949153,1924.18644067797
GGATCCCGGTTGA,0,Type1,5484.11666666667,3688.03333333333
CAATCCCCCACAT,1,Type4,2142.7037037037,911.777777777778
TACCAACCTGTGC,1,Type1,2159.87878787879,2102.18181818182
TGATCCCCCATGC,0,Type1,1221.5572519084,3882.5572519084
CGGCCCCAACTGC,0,Type1,3828.47988505747,4682.12931034483
CGCGCCCAACCAT,1,Type1,5261.63133640553,3727.99539170507
AGGGAACTTGACG,3,Type7,1904.22857142857,2521.95714285714
TGTAAAGGGTGTT,2,Type7,1364.72857142857,3140.1
GGAACCGTTGGTT,0,Type1,1905.78612716763,4541.58959537572
CGCATTGAACTGG,2,Type1,2869.64848484848,5381.43636363636
CCGAGGGCCAGTT,3,Type3,3615.55272727273,4728.53454545455
CGTCTTGAACGTG,2,Type1,3417.2874251497,4158.49101796407
ATATAAGGGTGTC,0,Type1,5224.03703703704,3926.25925925926
TGGCCCGAACGTC,1,Type6,2079.49606299213,2035.74803149606
CCCCCCGCCAACT,2,Type1,4583.69375,3021.91875
TCTACCGGGTACG,0,Type8,3404.9224137931,656.991379310345
ATTCTTGAACACG,1,Type9,2404.28834355828,1808.83435582822
CCAACCGAACTGC,0,Type1,1230.15384615385,4050.39423076923
CGCACCGAACGTA,0,Type1,3797.45238095238,4614.14285714286
CCGCGGGAACTGC,4,Type2,3781.97222222222,4934.11111111111
GGTGAATTTGGTT,0,Type1,5332.9247311828,3593.15053763441
AGCGTTTTTGGTT,1,Type6,4292.86098654709,2619.32286995516
GAGTTTTGGTGTT,0,Type1,4891.53658536585,2545.57317073171
CCCAGGTAACCAA,4,Type2,3861.1,3936.98947368421
TGCTAATAACGTT,3,Type7,4086.55113636364,4710.1875
CGCCGGTTTGTGT,0,Type1,2721.10285714286,4623.23428571429
ACTGAATAACGTG,1,Type4,1798.27002967359,969.032640949555
TGCGAATAACGTG,4,Type2,3773.20212765957,663.585106382979
TAAATTTTTGACT,4,Type2,1808.92270531401,3581.88888888889
TCGGCCTTTGGTC,1,Type1,2663.36290322581,1096.03225806452
TCGGTTTGGTGTC,1,Type1,4627.31979695431,2574.68527918782
CATGAATTTGGTA,0,Type1,5014.69711538462,3953.71634615385
CCTCTTACCAAGG,0,Type1,3826.41891891892,1621.75225225225
ACTGCCATTGCTT,4,Type2,4784.55882352941,1925.0462184874
ACGGGGACCAAGT,3,Type9,2020.97986577181,2025.34228187919
GACTAAAAACCTC,1,Type1,2062.82894736842,3817.91447368421
ACTATTAAACCTA,4,Type2,2393.13445378151,3567.24369747899
ATTCGGCCTGTCC,3,Type7,2470.985,3501.175
ACTATTCCTGAGG,0,Type1,5233.80208333333,3433.5
ATCCCCCGGACTT,1,Type6,2591.42105263158,4554.65789473684
AGCGCCCGGTCTT,5,Type4,4170.85517241379,4935.46551724138
GTTACCCGGTCTA,0,Type1,4021.09278350515,3098.0206185567
CCTGGGCGGTAGT,4,Type2,4692.8375,1849.1875
CGTAAAGAACAGG,0,Type1,5027.4375,3617.609375
GGTTTTGCCACTG,0,Type1,5234.79565217391,4083.48260869565
AGCCGGGTTGAGA,0,Type1,1641.90291262136,3590.72815533981
CCCAAAGTTGAGC,0,Type1,4083.91044776119,1785.28855721393
AGCAGGTAACTCT,0,Type1,4778.41721854305,2581.45033112583
GATCCCAGGTGCA,0,Type1,4525.56818181818,2925.66477272727
TCATCCATTGGCA,0,Type1,2627.60180995475,2772.10407239819
GCGCTTACCAGTC,0,Type1,4159.6062992126,4906.28346456693
CTGCCCATTGATC,4,Type7,1726.01818181818,3332.9
GCTGGGAGGTCGC,0,Type1,5088.36021505376,2894.81182795699
ATTATTATTGATA,0,Type1,3674.56962025316,4419.64556962025
GGGGTTCCTGTAA,0,Type1,4548.90441176471,1747.80147058824
CCATGGCAACTAA,0,Type1,3693.52976190476,4616.3630952381
GTATTTCAACTAA,1,Type6,2635.88235294118,3538.57352941176
TTTAGGCTTGTAA,0,Type1,4077.93243243243,4772.60135135135
GTCTGGCGGTATT,1,Type1,2051.86885245902,853.819672131148
GGCAGGCGGTTAA,4,Type8,2120.88659793814,1406.27835051546
GGCCTTCCCAGCA,0,Type1,1302.59420289855,3758.98550724638
TCGGCCCCCATAC,3,Type9,1590.78670360111,2905.34903047091
AACTCCCTTGTAC,3,Type9,1765.38728323699,2105.60115606936
GGGACCCGGTATG,0,Type1,4491.59245283019,2649.21132075472
TCATGGCTTGATC,0,Type1,3864.03048780488,2921.26829268293
ACTATTCTTGATC,1,Type1,2239.62804878049,2403.59756097561
TATTTTCGGTATC,0,Type1,5217.55421686747,4188.6686746988
GTAAGGCGGTGCT,0,Type1,4180.92631578947,2647.07368421053
CGAGCCCAACTAT,0,Type1,4887.11949685535,2529.48427672956
TCATGGCGGTTAT,0,Type1,4689.45,1989.98
AGGACCGGGTTAC,3,Type1,5138.70689655172,4414.29310344828
AGGGTTGCCACGT,5,Type4,3232.8016194332,5186.63562753036
ACATCCGCTGCGT,0,Type1,4454.45454545455,3616.79090909091
GAAGCCGGGTGCT,0,Type1,4081.90740740741,2663.72222222222
CATACCGTTGGCT,1,Type6,2916.24166666667,3466.4625
TGACAAGAACCGA,0,Type1,3938.44171779141,4409.0981595092
TCGAGGGAACCGA,1,Type6,4530.87401574803,2171.24409448819
TTTTCCGCCAGCT,1,Type1,3036.87866108787,3485.01255230126
AATACCGCCAATC,4,Type2,2515.21481481481,4785.07407407407
GAGATTGCCAGCG,4,Type2,3799.67142857143,5031.42857142857
CTTAGGTCCACGG,4,Type2,4377.74149659864,3567.15646258503
AGAAAATTTGGCA,2,Type2,3088.48387096774,4154.35483870968
GTAGAATCCATAC,0,Type1,4505.04680851064,2880.7914893617
ATCAAATAACCGA,1,Type6,3326.0917721519,3241.63291139241
AACTTTTCCATAT,5,Type4,2255.7619047619,748.583333333333
TCCATTTAACCGC,0,Type1,2644.89130434783,2768.10144927536
TGCGCCTAACATA,0,Type1,4888.7984496124,2428.67441860465
CGGATGACCAAAA,3,Type7,2291.31506849315,2528.05936073059
CCTCCAACCATTT,2,Type1,5582.43939393939,3334.86868686869
TCCGACAGGACCC,4,Type1,3865.36538461538,5277.57692307692
GACCTGATTGGGT,3,Type1,2745.38202247191,1357.6404494382
GGTGGTACCACCT,3,Type1,2636.2,1357.92727272727
TGCCACACCACCT,0,Type1,4508.41011235955,3352.66292134831
ACACCAAGGACCT,0,Type1,3909.84615384615,3087.89230769231
GATCGTATTGGGA,3,Type7,2890.80717488789,3744.37219730942
GTCTCAACCATTA,1,Type1,2452.17,5101.59
TGACACAGGTAAT,0,Type1,2800.28776978417,4909.34532374101
TGCTGTATTGCCG,0,Type1,5185.88617886179,3750.80487804878
AAACCACAACGGG,1,Type7,1633.07851239669,1078.35123966942
GCCCTGCGGTTTT,2,Type1,1936.77619047619,4569.85714285714
AGGGCACCCAAAC,4,Type2,1965.91095890411,2507.29452054795
TGAACACCTGCCA,4,Type2,3982.94666666667,3158.29333333333
CGGGCACAACGGT,3,Type1,4081.68965517241,3232.26819923372
CTGTACCAACTTC,2,Type10,2329.35820895522,4677.0671641791
CTGATGCAACCCT,0,Type1,2567.97196261682,5173.05607476635
GTTCACCTTGAAG,4,Type2,2332.04819277108,2619.06024096386
GGTATGCTTGCCT,6,Type3,2114.65467625899,5324.97122302158
GCGGCACCTGCCG,0,Type1,1697.75438596491,3627.69005847953
CGATGTCCCAGGC,1,Type6,3746.47967479675,1381.59349593496
TCTTACCAACCCG,4,Type2,1991.22162162162,3715.49189189189
GTTGACGGGTGGT,2,Type1,3943.1472392638,2947.88957055215
GATTGTGTTGGGT,2,Type1,2742.72049689441,4647.98757763975
CACGCAGGGTCCG,0,Type1,1568.11678832117,4332.73722627737
CGAATGGGGTTTA,0,Type1,2065.75714285714,2496.00714285714
ATTCCAGAACGGC,4,Type2,3300.95348837209,3833.92558139535
GATCACTGGTTTT,0,Type1,3391.41935483871,4047.67204301075
TGTTACTAACAAA,0,Type1,3937.02469135802,3095.98765432099
GATAACTGGACCA,1,Type6,3017.53846153846,2714.35897435897
AGGTGTTCCATTG,2,Type7,1885.40441176471,3522.33088235294
AACACATCCAAAC,2,Type7,4750.72159090909,3902.30681818182
AATGCATCCAGGT,2,Type1,4259.19428571429,2929.78285714286
AATAACTCCAAAC,1,Type1,2317.47863247863,1690.4188034188
TTCGACTAACGGT,1,Type1,3878.07299270073,1061.86861313869
CCGGACTGGTTTA,4,Type1,5005.36567164179,2467.91044776119
CACACATCGTCCG,3,Type4,2069.47457627119,833.237288135593
GAAGGTTAACCCG,0,Type1,2751.6036036036,5318.74774774775
ACGTGTACCATGG,4,Type2,4589.75892857143,3784.66517857143
GCCATGAGGTCAA,4,Type7,2722.9756097561,3927.30487804878
CCGCCAATTGGTT,4,Type2,3128.8843537415,5031.2380952381
ACGGCAAAACTGT,1,Type6,3897.16875,4448.875
TCCATGACCACAC,4,Type2,1650.62903225806,4799.87096774194
TTTCTGAGGTGTG,4,Type2,1625.46341463415,4767.53658536585
CTAAGTAGGTTGT,3,Type7,3915.88652482269,4022.18439716312
AAATTGATTGCAC,0,Type1,3292.31279620853,1355.14218009479
ACAGTGATTGGTG,0,Type1,4938.07558139535,3755.64534883721
AAGGTGATTGGTG,0,Type1,3242.58095238095,764.542857142857
TTGCTGATTGGTC,0,Type1,3907.33986928105,3223.66666666667
CTCGGTACCAGTA,0,Type1,2774.57534246575,3029.80821917808
TTATCAATTGGTA,0,Type1,1258.11940298507,3400.47014925373
TGGTGTTTTGTGN,0,Type1,5128.55660377359,2768.41509433962
CGACCACCCACAA,0,Type1,4593.28571428571,3464.6130952381
ACTATGCCTGGTT,3,Type10,3787.44262295082,758.368852459016
GAAGACCAACTGG,1,Type6,1556.44047619048,4034.16666666667
TGTACACAACGTT,0,Type1,2797.65546218487,1603.52100840336
TGACGTCAACGTT,4,Type1,4688.54716981132,1819.29245283019
CTTATGCGGTTGG,4,Type2,2620.20614035088,3256.03070175439
CACCCACCCATGT,0,Type1,2560.0157480315,4691.3937007874
AGACACCCTGGTG,0,Type1,3231.05,5451.62083333333
CTCCCACAACCAC,0,Type1,3261.48728813559,5347.45762711864
TAGCGTCAACGTG,0,Type5,2112.96116504854,3050.6213592233
CCGGGTCTTGGTG,3,Type1,3566.86458333333,759.291666666667
ATTGACCGGTGTG,5,Type1,3861.16774193548,3215.0
AAAGTGCCTGGTC,0,Type1,5415.06918238994,3975.38993710692
GATTACCCTGTGA,3,Type7,2486.75609756098,4563.46341463415
ATACACCAACGTC,1,Type8,2058.0625,1950.140625
TTTCACCTTGCAG,3,Type7,1488.17525773196,2156.71134020619
TAGGACCGGTCAG,0,Type1,1383.52127659574,3398.65957446808
CTCTACCGGTTGA,3,Type7,2206.65189873418,3709.27215189873
TTTAACCAACGTA,4,Type2,2176.02941176471,3732.17647058824
TTCCACCAACACG,4,Type2,2505.18226600985,4611.7684729064
TCAGTGGAACCAA,0,Type1,4707.94736842105,1924.15789473684
GCATTGGCCAGTT,0,Type1,5123.1884057971,2909.75362318841
TACTGTGAACCAC,4,Type1,5614.19555555556,3255.11111111111
TACTACGAACTGT,0,Type1,5155.29203539823,3313.32743362832
AGACCAGAACCAC,5,Type4,2805.23758865248,1836.0390070922
TAATTGGCCAGTG,1,Type1,2598.39593908629,4148.13705583756
TCCGACGCCACAC,0,Type1,3826.83240223464,3382.1061452514
ATAGCAGCCAACA,0,Type1,2613.43965517241,4878.37068965517
TAGAACGGGTGTC,1,Type6,4126.17948717949,2696.09401709402
ACCCTGGGGTGTA,0,Type1,2779.84076433121,5299.36942675159
ACCTGTGGGTCAT,0,Type1,2078.9593495935,2340.11382113821
CCTTTGGGGTGTA,0,Type1,4571.52083333333,2944.984375
CTCAGTGGGTGTA,1,Type1,4923.75824175824,2976.18131868132
CTAGACGCCACAT,0,Type1,1789.10126582278,2396.43670886076
AGATACTGGTTGG,2,Type2,3114.20105820106,1082.67195767196
AAGCTGTCCAGTT,0,Type1,3835.14423076923,4948.57692307692
TCGGACTAACCAA,4,Type2,5097.17582417582,4286.7967032967
GGAAACTTTGTGT,0,Type1,5167.26380368098,3279.11656441718
CTACACTCCAACA,1,Type1,3443.87857142857,1766.04285714286
CATATGTAACGTG,0,Type1,4117.26984126984,5015.7619047619
CTTTTGTTTGCAG,0,Type1,5136.9336492891,2749.29857819905
GCTCGTTCCATGA,0,Type4,2852.6,1913.88333333333
ACGCACTCCAGTC,2,Type7,5565.88198757764,3203.73913043478
GGCGACTCCATGA,0,Type1,4787.2625,2494.13125
TCGCGTTCCACAG,2,Type1,5077.29220779221,3086.24025974026
TCAGACTAACGTC,0,Type1,3775.85326086957,1994.35869565217
ACGATGTAACGTC,0,Type1,3843.21739130435,1278.92028985507
CCATTGTTTGGTA,0,Type1,3057.81884057971,5246.04347826087
CTACTGTCCACAT,5,Type4,1986.61607142857,3843.5
CTTGACAAACCTT,1,Type1,4808.67889908257,2591.79816513761
CCATTGACCAAGG,0,Type1,5177.08609271523,3243.24503311258
ACGTCAAGGTAGG,4,Type2,3688.23931623932,4756.12820512821
GGTGTGATTGAGG,4,Type2,4333.0251572327,3537.56603773585
GTCCCAATTGTCA,0,Type1,3832.78409090909,4214.71590909091
ATCGACATTGCTC,1,Type10,4229.93103448276,3724.05747126437
TACTCAAAACTCG,1,Type4,3055.19834710744,2386.56198347107
ATGCTGAAACCTA,1,Type6,2730.71686746988,2913.34939759036
AGCACAATTGAGC,2,Type1,2845.5625,4503.45833333333
AGTTCACCTGTCC,0,Type1,3472.20192307692,2017.48076923077
GCTGTGCAACTCA,3,Type4,2362.38709677419,1064.56451612903
AGATGTCAACAGT,0,Type1,3565.44247787611,670.477876106195
TCGGCACGGTTCA,1,Type6,2238.23134328358,1780.30597014925
AGACGTCCTGAGA,3,Type2,1808.32710280374,1324.97196261682
TGGCGTCAACCTC,2,Type7,2971.87136929461,5700.45643153527
GTCAGTCCCAAGC,0,Type1,3241.98192771084,3489.10843373494
AATCTGCTTGAGC,1,Type6,3749.1,1481.19285714286
AAGTGTGAACCTT,0,Type1,1854.78534031414,4464.51308900524
CTATGTGAACTCC,3,Type7,1102.74647887324,3997.23943661972
AGACGTGGGTCTC,0,Type1,5183.86190476191,4322.3
ACAATGGAACTCT,0,Type4,2655.42735042735,1317.82051282051
CTATTGGAACAGA,2,Type1,3577.08379888268,4042.77094972067
TGCGTGGAACTCT,1,Type6,3235.28205128205,3111.47179487179
CGCACAGAACAGC,4,Type7,5322.08552631579,3019.30263157895
GCTTGTTGGTGAA,0,Type1,5107.21917808219,2876.31506849315
GCGCGTTTTGTCN,1,Type6,2294.25,2149.69736842105
TTACCATAACAGA,4,Type2,4810.03883495146,3872.11165048544
CGTACATTTGGTA,4,Type7,3298.96296296296,5254.62962962963
GTATGTTTTGTCG,0,Type1,1679.24175824176,3461.69230769231
GTACCATGGTCTA,1,Type6,3857.38497652582,2677.70422535211
TACGTGTCCACTA,4,Type4,3857.17727272727,3997.69545454545
GGCCACTCCATCG,3,Type7,3310.76536312849,5265.1061452514
CCGTGTACCACGG,0,Type1,3476.86627906977,3891.57558139535
GTACGTAAACGCA,0,Type1,4650.98913043478,2037.91847826087
AGTGCAATTGATG,5,Type4,2772.008,3727.824
CTGCTGAAACATC,4,Type4,1884.11475409836,1332.04918032787
TATCACAAACCGA,0,Type1,4313.8323699422,3387.03468208093
TCCGTGAGGTCGA,3,Type7,1554.42236024845,4743.68944099379
ACCGACAGGTGCT,0,Type1,4802.09523809524,2498.17006802721
GCATTGAGGTGCT,2,Type7,2104.54411764706,1536.18382352941
TCATACATTGTAG,2,Type1,1145.42574257426,3794.64356435644
TCAATGAAACCGC,0,Type1,5302.7486631016,3137.71122994652
TGACACAAACTAT,0,Type1,3890.24752475248,4834.39603960396
GTTCTGCCTGCGG,0,Type1,4830.51315789474,2477.60526315789
ACATACCAACCGG,0,Type1,2725.2619047619,1481.88095238095
GAGGCACAACTAA,4,Type2,4543.50387596899,1731.91472868217
TGATTGCAACATT,1,Type4,2810.66129032258,2011.5564516129
CGCACACTTGTAA,0,Type1,5232.49787234043,2959.96595744681
TAACACCCCAGCA,3,Type1,3102.92405063291,1005.48101265823
GACGACCCTGATG,0,Type1,3913.81007751938,3067.18992248062
CGATGTCCCACGT,0,Type1,1721.70469798658,4856.15436241611
ATCGGTCCTGCGA,0,Type1,5306.13414634146,3364.62195121951
TCCCCACGGTGCT,4,Type2,2742.99315068493,1290.39726027397
GACCGTCAACTAT,0,Type1,1302.73125,4383.46875
AACTTGCAACATA,4,Type2,5349.41379310345,3140.18965517241
AGCACACAACGCG,1,Type1,2328.65760869565,1677.59782608696
CCGATGCTTGTAT,1,Type1,2803.80625,920.40625
GCTCACCGGTTAT,4,Type2,1736.02538071066,2603.70050761421
GGTCTGGTTGTAA,0,Type1,5200.58865248227,2945.56028368794
TGTAGTGCCAGCA,0,Type1,4496.472,3319.376
ACCTACGGGTGCT,0,Type1,4954.5761589404,3648.35099337748
TGTACAGGGTCGA,0,Type1,5394.19285714286,3851.4
GTATCAGGGTTAT,1,Type1,4014.49655172414,1520.68965517241
ATAAGTGAACGCG,5,Type4,2896.71689497717,2482.59360730594
CCACTGTCCAAAA,1,Type1,3065.39655172414,2231.02586206897
TATGCATAACGCC,0,Type1,1733.77511961722,2337.46889952153
ACACACTGGTTAC,1,Type1,1963.92993630573,4580.64968152866
TCGTTGTCCACGT,4,Type7,1150.64912280702,3427.76023391813
CATGTGTCCAGCA,1,Type6,2533.88648648649,2439.02162162162
TATGACTAACATG,1,Type6,1827.84,1866.34666666667
TGCTACTGGTTAG,0,Type1,4039.19841269841,2695.09523809524
GACATGTCCATAG,1,Type8,2915.15428571429,2352.94285714286
GCCCCATTTGCGC,0,Type1,2756.46979865772,5407.85906040268
ATCGCATTTGTAT,1,Type6,2338.43162393162,3988.5811965812
GTAAACTAACCGC,3,Type9,2334.45408163265,1766.5612244898
CTGGAGAAACGTT,4,Type2,3961.68548387097,3010.06451612903
ATAGTCAAACTAT,0,Type1,4706.05263157895,3390.52631578947
AAAGCTAAACGGG,3,Type1,4005.03409090909,3108.10795454545
AGACCTACCATTT,4,Type2,4615.52093023256,3806.61395348837
TACGTCATTGTTG,0,Type1,3173.19696969697,5495.26767676768
TACAAGACCACCT,2,Type10,3260.67441860465,1023.59302325581
CGCAGAACCAAAG,3,Type1,1917.22745098039,1951.23921568627
AGTGAGAGGTTTC,1,Type6,4206.03409090909,2467.36931818182
TTCATCAGGTCCT,0,Type1,1707.83018867925,4485.70440251572
CTTGAGAGGTAAT,0,Type1,4198.37931034483,1547.42068965517
TCCGGAAGGCTTG,0,Type1,1752.61194029851,2770.63432835821
GTATGAAGGACCG,0,Type3,2096.6125,5415.3125
CTTCTCCCTGTTT,3,Type1,4066.34911242604,4536.55029585799
AAGTCTCAACTTT,5,Type4,2766.23333333333,1980.7125
TTTGCTCGGTAAA,1,Type6,4805.59124087591,2251.33576642336
TGATGACGGTTTT,5,Type4,2837.75,2390.32653061224
TTTTTCCAACAAC,1,Type1,2724.73949579832,1111.74789915966
TCTAAGCAACTTG,0,Type1,2419.77889447236,5251.75376884422
ACGTGACTTGGGT,0,Type1,3741.26041666667,4620.375
CGAAGACGGTGGA,2,Type11,982.530201342282,4286.10738255034
GGGTCTCCTGGGC,0,Type1,3789.91620111732,3844.82122905028
ACGGGACCCAAAT,1,Type9,2421.23636363636,1113.38181818182
GTGTGACAACCCG,1,Type6,2551.9,1147.4125
ACTTCTCGGTGGC,0,Type1,1359.58447488584,3421.44748858447
TAACTCGGGACCC,1,Type6,4300.34636871508,2780.9217877095
CTTGCTGTTGCCA,1,Type6,4574.78362573099,3421.78362573099
TAGTTCGTTGGGT,3,Type7,1573.125,4826.41666666667
TCAGTCGAACTTG,3,Type1,3547.30256410256,5562.35384615385
TTGACTGGGTCCT,1,Type1,3318.77528089888,686.988764044944
ATGACTGTTGTTC,5,Type7,3755.38211382114,767.991869918699
CGATGAGAACGGA,0,Type1,4876.0875,2450.075
GGCACTGGGACCG,4,Type7,1762.41176470588,3361.46405228758
GTGAAGGTTGCCG,0,Type1,5256.62831858407,4132.87610619469
TACAAGTGGTCCC,5,Type4,3029.35087719298,2391.62280701754
GAACTCTTTGAAC,0,Type1,2959.2298136646,4908.47826086957
CTTCTCTGGTAAC,2,Type9,2457.63725490196,1373.22549019608
GGCGTCTCCATTG,0,Type1,1356.91208791209,3529.13736263736
AGGTAGTAACGGT,3,Type1,4111.99625468165,3288.79775280899
CCAACTTAACAAC,1,Type7,2190.67039106145,1391.93296089385
TACAGATGGTTTC,0,Type1,4246.96385542169,5261.95180722892
ACTGCTTCCAGGA,0,Type1,3538.31360946746,781.798816568047
AGGGCTTAACGGA,0,Type1,3664.44845360825,4223.70103092783
CTATTCTAACGGA,2,Type1,5359.95530726257,2862.91061452514
CATGTCTTTGGGC,0,Type1,2016.36666666667,3870.63333333333
TTAATCTCCACCG,0,Type8,2033.43421052632,947.467105263158
CCTTAGTAACCCG,0,Type1,3815.40845070423,3281.7676056338
TTCTCTAAACTGG,0,Type1,3812.64545454545,1633.04545454545
TGCGCTAAACTGG,0,Type1,5385.53100775194,3766.72868217054
ACAGTCACCAGTT,3,Type3,3761.07070707071,5009.31818181818
TCTAGAACCACAA,1,Type1,3578.14942528736,561.505747126437
TACAAGAGGTGTT,2,Type3,4205.55729166667,4326.44270833333
CATCGAAGGTGTT,0,Type1,4235.40540540541,5088.5027027027
CGGTAGAAACCAC,0,Type1,1411.48275862069,3825.36206896552
GTAACTAAACCAC,0,Type1,4111.61946902655,1360.90265486726
TAAGGAATTGGTA,0,Type1,3169.69230769231,5191.38461538462
TCCATCAAACACT,0,Type1,4988.24736842105,3113.01052631579
TTTGAGACCAGTC,0,Type1,4602.9014084507,1840.07042253521
CCGGTCACCAGTC,0,Type1,4987.51269035533,2604.02030456853
CCAGTCAGGTGTC,0,Type1,2945.01685393258,5334.33146067416
ATCAGAAGGTGTC,3,Type7,1922.39743589744,3497.24786324786
TATTTCAGGTGTC,3,Type7,3821.02840909091,3734.34090909091
CCCGGAATTGCAG,0,Type1,1592.20754716981,4073.27672955975
TTATTCATTGCAG,0,Type1,4856.94642857143,2884.875
CGCGAGAAACACG,4,Type2,4779.94736842105,2011.9649122807
CGGCGACCTGCAA,0,Type1,4253.04761904762,1602.20238095238
TACCAGCCTGCAA,1,Type1,4665.21,2643.88
CTGTTCCCTGGTT,3,Type4,4042.56937799043,4500.25837320574
TACATCCTTGGTT,1,Type1,1158.38983050847,3725.91525423729
CTTAAGCCTGTGT,1,Type6,2620.96323529412,4649.94117647059
GACTGACCTGCAC,1,Type6,3574.67424242424,3572.34848484849
CGACCTCAACGTG,3,Type2,3061.49756097561,1094.64390243902
AGGTGACTTGGTG,5,Type4,2682.5,2321.69387755102
TACCTCCAACTGA,0,Type1,3848.41739130435,1564.05217391304
TTGTCTCCTGGTA,1,Type1,2626.32330827068,1015.87969924812
ATCTAGCCTGGTA,0,Type1,4519.19889502762,3568.59668508287
GATCCTCAACCAT,1,Type6,2662.30405405405,5193.36486486487
CGCGTCCTTGGTA,0,Type1,5227.21052631579,3089.54385964912
AAACTCGGGTCAA,0,Type1,5134.22413793103,3711.30459770115
TCACGAGGGTCAA,0,Type1,1115.92920353982,3803.2389380531
GCGAAGGTTGTGG,3,Type4,2036.12727272727,928.972727272727
TGTCGAGCCATGG,5,Type4,1755.23357664234,4347.54744525547
CCATCTGCCAACC,1,Type8,2073.29885057471,934.735632183908
GCTACTGGGTACA,3,Type1,3966.93413173653,3056.98203592814
CCTCTCGAACGTG,4,Type2,5206.01092896175,2803.80327868852
ATAGTCGAACGTG,0,Type1,3284.52127659574,1370.71276595745
CCTCGAGAACCAG,3,Type1,1935.6359223301,1391.0145631068
GATCCTGCCAGTA,0,Type1,3812.76978417266,4040.92086330935
TCCCAGTTTGGTT,0,Type1,2804.71014492754,5359.71739130435
GAGCTCTTTGCAA,0,Type1,1716.53225806452,2473.64516129032
CAGAGATTTGGTT,0,Type1,2681.81208053691,1395.23489932886
GACATCTCCAGTT,1,Type1,4983.23966942149,2502.35537190083
CCGGGATCCACAA,0,Type1,2748.05521472393,2933.53987730061
GTAACTTAACTGG,0,Type1,4198.0110701107,5136.0036900369
GCGTCTTAACTGN,0,Type1,3744.97142857143,1736.18571428571
TGAGGATTTGCAC,1,Type1,2669.30882352941,949.81862745098
CAGACTTTTGGTG,2,Type1,4872.63888888889,4091.30555555556
AGAGTCTTTGGTG,0,Type1,2558.04761904762,4123.46825396825
AATACTTTTGCAC,1,Type6,3750.35950413223,3878.70247933884
CGTAAGTGGTCAC,0,Type1,2267.53475935829,3868.19786096257
ATCCGATGGTACA,0,Type1,3932.8813559322,2965.27118644068
AAGTGATGGTTGT,1,Type1,1158.83928571429,3502.91964285714
GAAGCTTCCATGT,1,Type6,1852.18260869565,1243.90434782609
ATTAGATTTGACT,4,Type7,2848.34426229508,4558.5737704918
GTAACTTTTGCAG,0,Type1,4582.7193877551,3046.49489795918
ACAGCTTAACGTC,0,Type1,2618.65306122449,2556.24081632653
TATCCTTAACGTC,0,Type1,1340.54748603352,3940.30726256983
TGACAGTTTGACG,4,Type2,4414.12408759124,5007.13868613139
CATGGATTTGCAT,0,Type1,5147.20454545455,3973.77272727273
TCAACTTCCACAT,1,Type6,3514.60606060606,2068.79545454545
CTTCAGTAACACG,1,Type1,5115.65284974093,3296.33160621762
GCCACTAGGTAGG,1,Type9,2345.0,893.328358208955
CTGAGAACCAGAT,0,Type1,3439.30653266332,3884.1256281407
ACTATCCCTGCTG,3,Type1,2916.78612716763,4816.5838150289
CTTGTCCAACAGT,3,Type7,4086.8719346049,4745.83378746594
GAATAGCAACCTG,1,Type6,1821.56209150327,4156.54901960784
ATCGGACAACAGT,6,Type6,3650.85365853659,856.0
GCATGACGGTAGT,0,Type1,4667.53086419753,2182.63580246914
GCTGGACCTGCTC,0,Type1,1594.640625,4337.6875
GCGTGACCTGCTC,5,Type4,4979.04093567251,3755.83625730994
TTGATCCAACTCT,4,Type2,3411.38345864662,837.045112781955
GTCTTCCAACAGA,1,Type1,2914.37820512821,5323.39743589744
CGATGACGGTCTC,1,Type1,2621.0325203252,2824.82113821138
TACATCCGGTAGC,4,Type2,5177.82157676349,2753.82157676349
TCTACTGTTGCTT,5,Type1,2841.02564102564,1902.02564102564
ATCACTGGGTCTC,0,Type1,2877.31690140845,4864.85915492958
CGGTCTGTTGAGA,1,Type1,1721.69032258065,2191.81290322581
ATGTAGGGGTTCG,5,Type1,2007.40178571429,4001.20535714286
GGGAGAGTTGTCG,2,Type4,3243.00595238095,599.994047619048
GAACCTTCCAAGG,2,Type1,2587.51265822785,5153.24050632911
AACCAGTAACCTT,0,Type1,3462.64566929134,1994.65354330709
GAGATCTGGTTCA,1,Type6,3095.52898550725,1878.41304347826
ACATCTTCCAAGT,0,Type1,1342.99342105263,3521.32236842105
TAGTCTTAACTCA,0,Type1,5133.79591836735,4036.4693877551
GTTGCTTTTGTCT,0,Type1,5159.68780487805,3961.44390243902
TGGTTCACCATAA,4,Type2,3098.03086419753,1444.22222222222
TGGAGAACCAATT,2,Type1,4035.1968503937,2011.99212598425
CCCTCTATTGCGT,3,Type4,1755.29569892473,1271.9623655914
TGCCGAATTGGCA,3,Type7,4846.27607361963,4016.89570552147
GTGCGAAGGTATC,4,Type2,4846.79775280899,2101.72471910112
ACTTTCAGGTATC,0,Type1,1949.25,2403.375
TATGAGATTGTAG,1,Type9,2149.76086956522,2116.77536231884
CGGATCACCATAT,0,Type1,1618.44848484848,3469.63636363636
CCGTGACCCACGG,4,Type2,2823.74585635359,4593.05524861878
GCAGCTCAACTAA,4,Type1,3933.34705882353,1010.61176470588
GCTGGACTTGTAA,3,Type7,2396.6891025641,5361.96474358974
TACAGACGGTCGG,4,Type7,1486.38116591928,4679.07623318386
AGGGAGCAACCGT,1,Type8,4514.37962962963,2104.56481481481
TGCCAGCTGTGCA,0,Type1,1610.18965517241,3680.75
ACGACTCGGTATG,5,Type1,2778.48181818182,2006.76363636364
TACAGACCCAATC,0,Type1,2587.70707070707,5020.34343434343
TTATAGCCTGGCT,1,Type6,2002.01058201058,2410.89947089947
CAATCTCAACATA,1,Type6,2209.50819672131,1270.23770491803
CCTCCTCAACTAT,5,Type4,2811.57303370787,2468.36516853933
TACTAGCTTGGCG,4,Type2,2553.14782608696,3384.53043478261
GTTCCTCGGTCGC,0,Type1,3880.3305785124,4226.56198347107
GCTACTGGGTGCC,2,Type2,4877.99415204678,2109.74269005848
CCCGTCGTTGATG,0,Type1,4843.50980392157,2491.24836601307
TGGCGAGAACTAC,1,Type1,2630.17730496454,4194.24113475177
AGCTAGGAACCGA,0,Type1,1450.86666666667,3322.34285714286
TGAACTTGGTTAA,1,Type1,4811.02366863905,2234.5325443787
CGGTTCTCCACGG,0,Type1,4191.13483146067,5394.9606741573
CGACCTTCCACGG,3,Type1,3328.98936170213,1782.40425531915
GACTGATAACGCC,0,Type1,4133.70700636943,1983.31847133758
AGTTAGTGGTCGT,1,Type6,3765.36170212766,1474.48936170213
CTCAAGTCCAATG,1,Type1,5209.58659217877,3977.67597765363
GTCCCTTAACTAC,2,Type3,5006.38864628821,4508.32751091703
TCATTCTCCAGCT,3,Type3,3635.02314814815,4724.76388888889
TATCTCTCCATAT,0,Type1,2738.49606299213,5261.52755905512
CTACTAAAACGTA,0,Type1,2570.890625,4841.5
CTAACGACCACCA,3,Type1,2698.0,2300.14906832298
CCTACGAGGTTTG,4,Type1,1222.96268656716,4315.26119402985
GACCGCAAACTTC,3,Type4,2776.84574468085,2490.41489361702
CTGGGCACCATTC,0,Type1,2708.91034482759,2557.94482758621
GTGTCGATTGAAG,3,Type7,5434.32530120482,3261.92168674699
TGGACGACCAGGC,0,Type1,5277.75789473684,3501.06315789474
AATCATAGGTGGC,0,Type1,1608.23926380368,4365.0981595092
GTTTGCATTGGGC,1,Type9,2437.55844155844,1170.2012987013
GCATGCCAACGGG,0,Type1,4598.04838709677,1858.95161290323
TAGCTACAACTTT,0,Type1,1266.68253968254,3523.5
AGTAGACTTGGGG,2,Type2,3385.47328244275,4357.15267175573
ATCATACCCATTG,3,Type1,2724.68965517241,551.114942528736
CCTACGCAACTTG,1,Type1,5204.04081632653,3574.42857142857
CATTGCCCTGCCT,4,Type1,2297.64220183486,2619.0
AGTTGCCAACAAG,1,Type8,4902.1768707483,3055.95918367347
ACTCTACAACCCT,0,Type1,2606.92405063291,5054.18987341772
AGCGGCCAACGGA,0,Type1,3536.08823529412,3706.89705882353
CGAACGCTTGCCT,0,Type1,1822.57142857143,4862.2967032967
CTTCGCCGGTTTC,3,Type3,1871.94827586207,3301.29310344828
AGCGGCCGGTTTC,0,Type1,4377.51282051282,5111.57435897436
TCTGATCCCAGGC,4,Type2,5411.61111111111,3202.22222222222
GTACTACCCAAAT,0,Type1,4289.26086956522,4984.75
TATCTACCTGAAT,0,Type1,5058.06818181818,2758.70909090909
CTTGCGCAACCCG,2,Type7,3069.05429864253,1278.39366515837
TAACGCCTTGGGC,0,Type1,4716.27966101695,1982.18644067797
CAGATACTTGAAT,1,Type1,4994.72180451128,3179.83458646617
ACTGCGCGGTTTA,0,Type1,2326.22897196262,3801.31775700935
AACCTAGCCATTT,1,Type1,2600.96470588235,1007.4
ATCCCGGGGTAAC,0,Type1,1510.82068965517,3380.21379310345
TACCGCGCCACCA,0,Type1,2602.16814159292,4267.1814159292
CCGATAGCCAAAC,0,Type1,5102.63316582915,4035.2864321608
AGGGGCGTTGAAG,0,Type1,2839.95275590551,3630.41338582677
TCTCATGAACTTA,4,Type2,2804.76608187135,3799.7485380117
GTTGATTTTGTTT,2,Type7,3019.81868131868,1130.52747252747
ATGCATTGGTCCC,3,Type7,3143.58291457286,4998.79899497487
CGGAATTCCATTT,3,Type3,2991.34166666667,2207.86666666667
AACACGTCCAAAA,4,Type3,4377.52739726027,3945.06849315068
GATCATTCCAAAA,0,Type1,5101.33990147783,2705.33497536946
GTTTCGTAACTTT,0,Type1,2611.47286821705,3372.22480620155
ATTCGCTGGTAAC,4,Type2,1963.36111111111,4988.0
GCGGTATGGTCCA,4,Type2,4414.53005464481,4987.0
GATTTATAACCCA,1,Type6,3724.03543307087,4006.63385826772
GGATATTGGTCCT,0,Type1,2852.19920318725,4452.19123505976
AAGGTATCCAAAG,0,Type1,4621.22463768116,1896.33333333333
TCCTATTTTGGGC,0,Type1,1895.94358974359,4386.76923076923
ATGTCGTTTGCCG,0,Type1,3102.48235294118,3545.71176470588
AGCTTATGGTGGC,4,Type7,1547.60194174757,2427.72815533981
GAAAGCTCCAAAT,1,Type6,3715.48214285714,2819.78125
AAAGGATCCACCG,4,Type2,1664.59793814433,3340.64432989691
TACCCGTCCAAAT,1,Type1,2352.00995024876,925.238805970149
TTTGATTAACCCG,1,Type1,4141.78106508876,2087.03550295858
CCAACGTAACGGC,1,Type1,2841.16184971098,1653.39306358382
ACTGGCACCACAA,0,Type1,2572.99152542373,4781.50847457627
TAAGCGAGGTGTT,0,Type1,4043.08928571429,1466.32142857143
TACGATAGGTGTT,1,Type6,3038.03007518797,1761.10526315789
CTCGTAAGGTGTT,0,Type1,4115.60162601626,1695.60975609756
CGAGGCATTGCAA,2,Type1,2336.42664092664,4830.73359073359
CAACGCATTGGTG,0,Type1,5146.02,4193.82
TCGAATAGGTCAG,1,Type6,3820.27647058824,4254.83529411765
AGGAGCATTGTGA,5,Type4,3002.43119266055,1874.40366972477
CCAGCGATTGCAG,3,Type7,5524.04705882353,3445.81764705882
GTTCTAACCAGTA,4,Type2,2704.9918699187,4272.70325203252
ATGTCGAGGTGTA,0,Type1,3686.14666666667,4546.35333333333
AGGTATCCCATGG,0,Type1,4636.12875536481,3172.88841201717
CGGGTACAACGTT,4,Type7,2253.29333333333,3669.64
CCATCGCAACACC,0,Type1,3949.39316239316,4519.35897435897
GGATATCAACACC,0,Type1,3496.0534591195,3714.97798742138
ACGACGCTTGGTT,4,Type1,1864.6978021978,2516.15384615385
AGCAGCCGGTCAA,0,Type1,3898.0447761194,4811.68656716418
TCTGTACCCACAC,0,Type1,4470.28292682927,2605.4243902439
TCGACGCCTGGTG,0,Type1,2689.9964028777,4567.34532374101
TTGAATCAACCAC,0,Type1,3511.26804123711,3853.9587628866
ATTAGCCAACCAG,0,Type1,2000.99375,3865.8875
TACATACCTGGTA,1,Type6,2534.96296296296,3931.68783068783
CCGTGCCCTGGTA,4,Type1,1361.29927007299,3273.7299270073
GTAGTACAACGTA,4,Type1,5325.45502645503,3121.46031746032
AGACGCCGGTGTA,1,Type6,2392.0,1975.196
CGCCTACGGTTGC,1,Type4,3178.83908045977,2452.18965517241
CAGGGCGGGTCAA,0,Type1,2082.93706293706,4471.24475524476
CTCAGCGGGTGTT,0,Type1,2767.77037037037,4701.44444444444
GAAATAGGGTTGG,0,Type1,1294.48101265823,3436.74683544304
ACACATGAACCAA,4,Type2,2761.43925233645,4431.46728971963
GGCGTAGAACGTG,0,Type1,4118.09125475285,1661.51711026616
GATCTAGTTGCAG,0,Type1,4654.95862068966,3352.4
ACGTATGAACGTC,0,Type1,3724.54320987654,4536.17283950617
GCCGATGCCAGTA,1,Type9,2446.68539325843,812.730337078652
CAGTCGGCCAGTA,4,Type1,1539.4,2323.57142857143
GACGTATCCAGTA,1,Type6,2512.28947368421,1180.78070175439
GACCGCTTTGGTG,0,Type1,2446.52898550725,4442.05072463768
TGCCCGTTTGGTG,4,Type2,3411.76470588235,4232.19411764706
TTAGCGTTTGGTG,0,Type1,3861.40588235294,3172.04705882353
GGGATATGGTCAC,4,Type2,5268.39316239316,2921.53846153846
AGACGCTCCATGT,0,Type1,5243.49032258064,3448.26451612903
CAAGATTCCACAC,0,Type1,3892.01351351351,4335.87387387387
GTGACGTCCATGT,5,Type4,3086.46198830409,2733.13450292398
CGTCATTAACACA,0,Type1,5291.98564593301,3265.1961722488
GCTTTATAACGTG,0,Type1,4570.41148325359,3688.64593301435
CCTACGTAACGTG,0,Type1,4665.60655737705,2020.34426229508
CTCGATTAACCAC,1,Type8,4817.80555555556,3019.97619047619
TCGTATTAACACA,5,Type4,2816.38064516129,2116.58064516129
ATGTATTTTGCAG,6,Type1,4076.19428571429,1401.16571428571
TCCAGCTAACTGA,3,Type3,3282.35714285714,940.950549450549
CCTCCGTAACACT,5,Type4,2903.00709219858,1880.87234042553
AGTACTTGGTACG,0,Type1,4196.3119266055,2648.55963302752
TCTTTATAACGTA,2,Type2,3242.12413793103,3741.38965517241
ACTGTATAACTGC,4,Type7,5075.33333333333,4161.5
TCTGATACCATCC,1,Type1,2647.83168316832,3380.4702970297
AGCTCGAGGTCTT,0,Type1,4613.11052631579,2272.72631578947
GTGTTAATTGTCC,0,Type1,3539.26618705036,797.755395683453
TCGCCGAGGTTCA,3,Type7,5265.52857142857,2894.3
TGATCGATTGCTG,1,Type9,2337.25714285714,958.419047619048
TAATTAACCATCG,0,Type1,3346.25547445255,778.051094890511
TCCCTAAGGTTCG,0,Type1,4812.58585858586,2512.07070707071
TTAGCGATTGTCG,0,Type1,3869.12337662338,4286.22077922078
TCCACGCAACTCC,0,Type1,2433.67251461988,2465.87719298246
TAGCCGCAACAGG,2,Type1,4022.56164383562,4193.28310502283
CCTACGCAACTCC,0,Type1,3498.60714285714,4216.86904761905
GAGTGCCTTGCTT,0,Type1,1910.51533742331,4729.0981595092
CCGTCGCTTGAGG,0,Type1,3996.95555555556,1597.45
CTGTATCAACCTG,1,Type4,2252.44,1994.968
CTGAATCAACTCA,0,Type1,3782.73109243697,3438.7731092437
CCCTTACCCACTC,1,Type6,4871.0,3139.83018867925
AAACTACAACTCT,0,Type1,2365.33566433566,2489.1958041958
GAGTGCCAACAGA,0,Type1,3968.1067961165,1616.14563106796
TAGCATCAACTCT,1,Type6,3806.56818181818,2268.61363636364
GTTCCGCTTGAGA,5,Type1,4853.81896551724,1915.93965517241
TACAATCGGTAGA,0,Type1,3689.89655172414,3455.01293103448
TACACGGTTGAGG,4,Type2,1865.734375,3464.53125
CTCGCGGTTGAGT,1,Type1,1589.28915662651,2372.38554216867
CAAGGCGGGTCTC,3,Type8,1765.76470588235,1227.00980392157
CTGTATGGGTTCT,3,Type8,1913.48051948052,1578.84415584416
CCCGCGGTTGCTC,4,Type1,1717.1,3381.54166666667
CTATCGGTTGCTC,1,Type6,2815.14136125654,4900.91623036649
TATCCGGCCACTC,3,Type2,2012.8453038674,3033.63535911602
CAGCCGGAACCTA,2,Type1,5086.12264150943,3002.21698113208
GTCACGGCCACTA,0,Type1,1746.75555555556,4761.56296296296
GATTTATAACTCC,3,Type7,4368.5,3479.9
GTTAGCTAACTCA,0,Type1,4796.76859504132,2363.04132231405
CCTCCGTCCAAGA,2,Type1,3768.12056737589,1598.87943262411
CTGGGCTAACAGA,2,Type1,4664.0,3524.75182481752
CTACTATCCAAGC,0,Type1,5029.97826086957,3951.29710144928
TAACCGTAACAGC,4,Type1,4695.30169491525,3800.8
CTCGGCAGGTTAA,5,Type4,3916.57746478873,1102.6338028169
AACACGATTGATG,4,Type2,2925.59872611465,4732.92356687898
GGGGATAGGTCGA,1,Type1,2588.365,1119.765
CGCCTAAGGTATC,1,Type6,2641.65178571429,2854.02678571429
ATGCCGAGGTGCG,0,Type1,1852.425,4007.725
CAGACGCGGTCGG,4,Type7,3217.33962264151,5574.16037735849
TGGCTACAACTAC,3,Type3,2256.72388059702,1519.33582089552
CGTAATCAACATG,5,Type4,3034.17647058824,2850.60294117647
TTTGCGCGGTCGT,0,Type1,3059.20710059172,5570.67455621302
AGAAGCCCCATAG,0,Type1,4023.796875,2561.625
ACCACGCCTGTAG,1,Type6,4302.78260869565,2234.90579710145
CGAGCGCAACATC,3,Type7,3284.08333333333,3841.10714285714
GGATATCAACTAG,1,Type6,2450.64566929134,3758.46456692913
GAGGATCTTGTAG,4,Type7,2145.78021978022,3754.13186813187
CTCTGCCGGTTAG,2,Type1,2088.8031496063,4957.88976377953
GCGACGCCTGCGC,0,Type1,2537.71974522293,2590.93630573248
AAAGCGCTTGATA,3,Type1,4744.79389312977,1962.68320610687
AGTTCGCTTGCGC,3,Type1,4548.78125,2115.3
ATAAGCCTTGTAT,0,Type1,1166.448,3588.696
ATATAGCTTGCGC,0,Type1,3350.08974358974,3917.44871794872
GGTCTACGGTATA,0,Type1,2831.86486486487,4721.9009009009
CCGAATCGGTTAT,3,Type7,4198.77064220183,1375.1376146789
CCTAATGAACGCC,0,Type1,1194.48344370861,3893.82781456954
TCGCTAGAACTAA,3,Type2,1784.89696969697,2561.77575757576
CGATATGAACTAC,0,Type1,4233.54651162791,5022.98837209302
ATGCTAGGGTTAG,0,Type1,2607.45454545455,2607.6652892562
GTCCGCGGGTATC,0,Type1,3816.52840909091,1594.85227272727
TTCTATGGGTGCT,5,Type4,2625.81379310345,2216.63448275862
GTGGATGTTGCGA,5,Type1,2555.75409836066,907.459016393443
TATATAGAACGCT,2,Type7,2063.875,991.323529411765
ACCCTAGCCAATC,1,Type3,3174.93081761006,2095.08176100629
CGACATGGGTCGC,0,Type1,2749.46896551724,2964.58620689655
CATCGCGAACATA,0,Type1,1483.30808080808,3601.31313131313
GACCGAGCCACGC,5,Type6,2199.84285714286,1135.3
CTCTTATTTGCGG,4,Type2,4107.68636363636,3043.42727272727
CACGATTGGTATG,4,Type7,2817.65040650406,5570.43089430894
AGCCTATGGTTAA,0,Type1,1786.49253731343,4312.03482587065
CTTGATTGGTCGT,1,Type1,2188.41111111111,4389.37222222222
CCGCATTGGTGCA,0,Type1,5280.77900552486,3532.75690607735
CGATCGTCCAGCA,0,Type1,1356.5,3803.04347826087
CGAACGTAACATG,3,Type1,3467.15422885572,4898.71641791045
TCCTTATTTGGCT,0,Type1,4486.93069306931,3289.94059405941
GCGAGCTTTGTAG,1,Type6,2566.96638655462,1271.79831932773
AGGAATTGGTATC,5,Type4,2962.53201970443,2051.55172413793
GCTGCGTCCAGCT,5,Type3,2086.31182795699,1475.09677419355
GGTCCGTTTGCGC,4,Type2,4567.17910447761,3807.75373134328
CGAGCGTGGTCGC,0,Type1,4898.70588235294,3649.49579831933
GAGGATTCCAATA,6,Type7,1280.84931506849,4618.91780821918
ATACTATCCATAT,0,Type1,1835.0,4418.296875
GATACGTAACATA,3,Type7,3087.06363636364,1004.59090909091
GGTCTTACCTTTT,4,Type2,2547.15625,5508.75
GCTCTTAGGAAGG,2,Type1,4923.4262295082,3359.70491803279
TCGCGAGAAGGGG,3,Type7,4741.64383561644,1991.19178082192
ATAATTATTCCCC,0,Type1,4387.96124031008,2469.20930232558
CTAGGGAGGAAAC,1,Type1,4361.82978723404,2928.13829787234
TATGTTACCTCCT,1,Type6,2602.0297029703,2495.51485148515
CCAAGGATTCTTC,2,Type1,3075.78846153846,1559.37179487179
TATCCCATTCGGC,1,Type1,5323.98224852071,3773.2899408284
CGCTTTCCCTAAA,0,Type1,4543.9125,2859.15
TTAAGGGGGAAAA,0,Type1,2694.04812834225,1299.39572192513
GGACCCGTTCGGG,0,Type1,5165.80487804878,3904.7743902439
GGCCGGGGGAGGT,1,Type1,1869.91891891892,4532.14189189189
GCCTGGGTTCGGT,4,Type2,3870.40291262136,3359.55339805825
CGCCCCGGGAAAG,0,Type1,4596.61157024793,3397.14049586777
TAAGCCGTTCAAG,0,Type1,2483.76859504132,2689.57851239669
CAACTTGGGAGGC,0,Type1,4592.01149425287,4038.09195402299
CTAGGGGGGACGC,4,Type2,4568.67605633803,1717.12676056338
GACTGGTTTTTTT,1,Type1,2405.2030075188,3312.57894736842
CTCTAATTTCCCC,5,Type3,2971.47244094488,2399.86614173228
GTGATTTCCTCCA,3,Type7,2994.632,4764.48
TTACGGTCCTCCT,0,Type1,2951.59659090909,5060.81818181818
GCTGAATAAGCCT,2,Type2,1814.31875,1399.5125
GTTGCCTTTCAAT,2,Type6,3938.79338842975,2485.87603305785
CGCGCCATTCCAA,0,Type1,4224.95833333333,3047.45833333333
TCCTTTATTCTGT,1,Type3,2483.00591715976,1418.81065088757
GAGGTTATTCGTG,0,Type1,2983.55384615385,1584.14615384615
TGGTTTAGGAACG,3,Type8,2097.88535031847,2549.51592356688
GGGATTATTCACG,4,Type7,5548.84729064039,3548.66009852217
GTACGGATTCACG,1,Type1,4823.80392156863,2795.12418300654
AAGGCCCCTCACC,0,Type1,5074.97794117647,3332.875
AGAGAACTTCACC,4,Type2,2051.59047619048,4807.05714285714
GCTCAACGGACAA,0,Type1,3901.53658536585,4320.76585365854
ATACTTCCCTTTG,3,Type1,3292.32786885246,5346.95081967213
CTCCCCCAAGGTG,4,Type7,2443.18032786885,5035.52459016393
ATGGGGCTTCTGT,1,Type6,4791.35754189944,3148.93296089385
CTAGGGCGGAACA,2,Type2,2138.67632850242,4720.31400966184
GCCCTTCAAGGTC,5,Type4,2368.98058252427,845.631067961165
TAAGTTCAAGGTC,2,Type3,4797.52816901408,4029.80281690141
TACATTCTTCGTC,0,Type1,4436.95555555556,3620.34814814815
CTACTTCTTCGTC,1,Type1,2293.42741935484,1313.76612903226
CGCATTCTTCTGA,0,Type1,1307.70481927711,3337.63253012048
TAGGGGCAAGACG,0,Type1,5173.00680272109,4355.70068027211
GCTGTTCAAGTGC,0,Type1,1599.93939393939,2433.22727272727
TGCTAACAAGCAT,0,Type1,3845.94082840237,2614.4201183432
CCGTTTCTTCGTA,0,Type1,1850.94827586207,5032.21551724138
TATGTTCTTCTGC,1,Type6,3347.99099099099,2000.74774774775
CGTGTTCGGACAT,0,Type1,3901.92741935484,1689.73387096774
GGCTCCCGGAGTA,3,Type7,1143.31481481481,3470.07407407407
TTTTAAGGGATGG,0,Type1,4345.4371257485,1644.33532934132
ATTAGGGGGACAA,0,Type1,1720.48888888889,3533.16666666667
AACCCGAAAGGTA,0,Type1,3209.95652173913,4774.23188405797
AGTCCCGAAGCAC,0,Type1,3437.68235294118,831.141176470588
CTCACCGCTCGTG,1,Type4,1838.125,970.839285714286
TGGCGGGTTCCAG,0,Type1,5249.26630434783,3866.60869565217
AGTGGGGGGAACG,0,Type1,4221.74285714286,2908.87857142857
TCCGTTTAAGCAA,0,Type1,1237.23125,3427.2625
AGCGTTTAAGCAA,1,Type1,3152.01351351351,699.716216216216
TCGATTTAAGTGG,1,Type1,1998.325,4584.7875
TGTCGGTCCTTGT,3,Type1,2233.38144329897,4960.48453608247
TCGATTTCCTGTG,0,Type1,2569.82142857143,5442.66071428571
CTTAGGTAAGGTG,3,Type7,4132.79,4742.43
AATGCCTAAGGTG,4,Type2,5193.70967741936,2727.08064516129
AAGCCCTAAGGTA,3,Type1,2818.43220338983,1534.01694915254
GGCTAAAGGACTG,0,Type1,2615.27941176471,5279.96323529412
AGCGTTACCTTCT,0,Type4,2307.6862745098,3689.19607843137
TGCGGGCAAGTCC,3,Type7,1761.77966101695,3400.66101694915
CTCGTTCTTCAGG,0,Type1,2962.03649635036,544.890510948905
GAGGCCCTTCCTA,4,Type7,1491.77333333333,3268.66666666667
TTAAGAGAAGGAC,1,Type1,5051.8031496063,3181.87401574803
GATGGGGTTCAGA,1,Type9,2385.16883116883,1018.33766233766
TCCTCCGTTCTCG,5,Type3,2533.44594594595,5733.2972972973
CGTTCCTGGAGAC,5,Type4,3084.46153846154,2717.81730769231
TGGCGGTAAGAGC,4,Type2,4369.49180327869,4966.15573770492
CTCCTTACCTTAA,0,Type1,5094.81460674157,4081.9606741573
CGGCGGATTCTAA,0,Type1,4479.1976744186,3307.08914728682
GAAGGGACCTTAC,0,Type1,4324.5243902439,1562.75609756098
TATCAAAGGAATG,4,Type1,3589.69565217391,4501.28260869565
ATTGGGACCTTAG,5,Type4,2733.46153846154,2471.32051282051
GTGCTTATTCATC,0,Type1,1777.73684210526,2458.34412955466
TCACGGAGGAGCG,5,Type1,1824.00840336134,1575.78151260504
ATCGTTATTCATA,0,Type1,2642.25433526012,4368.05780346821
CCTGGGCCTCTAA,1,Type6,2787.54857142857,1694.10857142857
GAAACCCTTCTAA,0,Type1,1509.36363636364,3411.29545454545
CGTCAACGGAGCC,2,Type1,4181.45355191257,2874.00546448087
GCTGTTCGGAATT,4,Type1,3201.66081871345,3562.22222222222
GACCTTCTTCTAC,0,Type1,4343.23444976077,3397.66028708134
ACGATTCGGACGA,1,Type1,1993.453125,834.328125
ATTCCCCCTCCGC,0,Type4,2211.7012987013,1206.09090909091
ACTCTTCTTCATA,3,Type3,3720.89024390244,1053.93902439024
CAGGCCCGGACGC,0,Type1,4911.64705882353,2441.50420168067
AGTCTTGAAGTAA,3,Type7,2661.51898734177,5532.44303797468
CCGCGGGAAGTAA,4,Type7,3362.14973262032,4131.69518716578
GCTAAAGAAGCGT,0,Type1,4669.65853658537,3287.32520325203
CTGTTTGTTCGCT,0,Type1,3233.79166666667,1413.98333333333
CTATGGGTTCTAG,4,Type2,4182.74468085106,4843.44680851064
CCTCGGGAAGATC,0,Type1,5421.234375,3726.40625
ATTATTGTTCTAT,3,Type2,1983.33971291866,1761.4019138756
ATCGTTGTTCTAT,3,Type7,4400.23529411765,1590.04201680672
GTTCTTGCCTTAT,0,Type1,3848.5223880597,5055.80597014925
TACCAATGGACGG,1,Type1,2500.29139072848,5256.61589403974
CTCATTTGGAGCC,0,Type1,1152.23611111111,3905.61805555556
ATCCCCTTTCTAC,2,Type1,2255.15625,4848.0
ATATGGTTTCGCA,0,Type1,5103.86956521739,3143.00724637681
GCAAGGTGGACGT,0,Type1,2757.08724832215,3031.78523489933
AAAACCTAAGTAC,0,Type1,2888.05691056911,4913.58536585366
AACGGGTTTCTAG,2,Type4,4831.91,3572.76
TGTCTTTGGAAGA,1,Type1,4253.27941176471,2882.23529411765
GCATCCTGGAATC,5,Type3,4713.28662420382,4236.24840764331
GACTTTTCCTTAG,1,Type1,2742.6935483871,663.306451612903
ACAGTTTAAGATC,0,Type1,3372.81045751634,3962.56209150327
GCAGAATTTCTAT,0,Type1,3348.34042553192,3952.29787234043
CTATTTTGGAATA,0,Type1,1411.22480620155,3977.76744186047
GGCGTTTCCTTAT,3,Type2,5571.20634920635,3483.57142857143
TGATACAGGATTT,2,Type6,1617.58215962441,1437.32394366197
GTGGCAAGGAGGT,4,Type7,2829.33333333333,3780.35416666667
GGCTACAGGAGGA,3,Type7,3900.35869565217,4125.03260869565
AGTTACATTCTTC,1,Type1,2179.56554307116,2090.20224719101
GGAACAATTCAAG,3,Type7,2123.71014492754,4627.12560386473
AAACGTAGGATTA,5,Type4,1770.57142857143,4354.65546218487
AATGACCTTCCCC,1,Type9,2565.20481927711,1469.79518072289
AGCTGTCAAGTTG,1,Type8,3540.26455026455,3514.72486772487
AGAAGTCTTCCCA,0,Type1,2553.50955414013,4229.35031847134
GATCGTCTTCTTG,0,Type1,1738.80898876404,4069.08988764045
TGCATGCCTCTTC,0,Type1,5378.63855421687,3910.74698795181
CTGATGCTTCTTC,3,Type7,1283.4328358209,3220.34825870647
CGTAGTCGGACCT,4,Type2,5366.24137931035,3154.18103448276
TGACACGGGAAGG,4,Type2,4844.55,2119.15
CTCCCAGAAGGGG,0,Type1,3398.46666666667,3907.05185185185
TCCCACGGGAGGN,2,Type3,3527.19724770642,5148.99082568807
ATTGACGAAGAAC,2,Type7,1889.13978494624,5203.39247311828
CTTGGTGTTCCCT,3,Type7,3992.27218934911,4428.92899408284
CGGTACGTTCCCT,1,Type6,3502.51741293532,2503.05970149254
GCACCATTTCCCA,0,Type1,4614.0,2562.51882845188
TAGTACTTTCTTG,0,Type1,4314.18060200669,3308.44147157191
AAACACTTTCAAG,4,Type2,5505.90163934426,3457.48360655738
ATGAACTTTCTTA,0,Type1,4276.10404624277,5114.75722543353
TAACGTTGGACCG,3,Type7,5155.88073394495,2658.46330275229
GGAGTGACCTGTG,4,Type2,4307.86813186813,3572.64835164835
TAACTGAGGAGTG,0,Type1,5201.27777777778,3409.54166666667
TTTCCAAGGATGT,3,Type7,2876.9504950495,3730.43069306931
TACTGTAGGAACT,2,Type1,3312.7037037037,895.925925925926
TACAGTAAGACAT,0,Type1,5307.8253968254,3979.6746031746
GACCCAAGGAGTA,0,Type1,4193.72289156627,1417.0843373494
GGAGTGCCTCCAA,3,Type1,2634.00564971751,4062.32768361582
TAACACCTTCGTT,0,Type1,5482.704,3613.856
GCCAACCGGACAC,0,Type1,4603.70093457944,3601.86448598131
CCCAACCGAGTGT,0,Type1,1773.32258064516,3705.06451612903
GCAGACCGGATGT,2,Type2,4937.57232704402,4235.07547169811
CGCGACCGGAACA,1,Type1,2828.90384615385,1078.09615384615
CCCAACCTTCACT,2,Type5,3145.95187165775,4792.95187165775
CCATCACTTCTGA,4,Type2,5099.35849056604,4208.82075471698
TGTACACGGAGTC,4,Type7,3284.12658227848,5462.23417721519
ACGGTGCGGAGTC,1,Type6,3142.96666666667,1875.63333333333
CCCAACCGGACAT,0,Type1,4641.41791044776,1923.27611940299
CCCACACGGACAT,0,Type1,2634.21495327103,5070.64485981308
ATTCCACACTGTA,2,Type2,3284.44871794872,568.782051282051
GCATACCGGAGTA,0,Type1,4359.35365853659,5157.91463414634
TCACTGGGGACAA,4,Type2,2277.73873873874,3697.84684684685
ACTTTGGGGACAA,4,Type2,4458.25217391304,3704.93043478261
CTCGACGGGAGTC,1,Type1,3917.77697841727,1151.07913669065
CTGCCAGAAGACT,0,Type1,4271.70289855073,4983.54347826087
AACCTGGGGAGTA,3,Type1,2444.46258503401,697.768707482993
TTTCTGTTTCTGG,0,Type1,5284.02222222222,3825.02222222222
TCGGACTAAGTGG,4,Type2,3480.60897435897,4348.98717948718
ATAATGTTTCCAG,0,Type1,2680.91228070175,5141.0350877193
GTCATGTCCTTGA,3,Type7,1843.87837837838,2580.01351351351
GATACATCCTCAG,0,Type1,1678.02702702703,3581.06756756757
CCACCATTTCTGC,0,Type1,3417.61658031088,3591.17098445596
TCACCATAAGGTA,0,Type1,3438.77366255144,3613.16872427984
ACTGACAAGACTT,0,Type1,4769.36090225564,2184.46616541353
CGCGGTCCTCAGG,3,Type2,3794.35164835165,682.901098901099
TTCTCACAAGTCC,1,Type6,2825.20945945946,1748.49324324324
GTGGACCTTCAGG,0,Type1,2665.5838150289,4627.50289017341
TGTGGTCAAGCTG,4,Type2,2888.29078014184,4675.53191489362
CTCGTGCGGAAGA,0,Type1,3744.04761904762,2460.95238095238
GTTTCACAAGCTC,2,Type9,2926.58219178082,1218.80136986301
ATGAGTCAAGCTC,4,Type2,1383.27272727273,4560.81818181818
AGTCGTCGGAAGA,0,Type1,1709.05263157895,4758.36842105263
GTGGACCTTCGAT,3,Type4,2906.13106796117,2516.8786407767
GAGGCACGGACTA,0,Type1,4641.34042553191,2257.46808510638
GACACAGTTCTCA,4,Type2,2178.43137254902,3764.77124183007
AATTTGGTTCCTG,1,Type4,2712.50746268657,1865.4328358209
ATTCCAGTTCAGA,3,Type1,2984.625,5792.89705882353
CAAACAGGGACTA,0,Type1,2402.94366197183,5304.3661971831
CTGGCAGAAGCTA,0,Type1,4835.26451612903,3554.36774193548
AAATGTTAAGCTT,0,Type1,1634.05970149254,2153.44776119403
AACCCATTTCTCA,0,Type1,2694.34982332155,5209.75618374558
ACGACATAAGAGT,0,Type1,4125.82882882883,1340.16216216216
TCACTGTAAGAGA,4,Type2,2643.83035714286,3001.17857142857
GCCGTGTTTCAGC,1,Type6,5095.27508090615,3464.25889967638
CCGCTGTAAGAGC,4,Type2,3338.62251655629,1270.60264900662
TGACACAGGAATT,0,Type1,4139.40659340659,3064.87912087912
CATCACAGGATAC,0,Type1,2190.15137614679,3948.94036697248
TATTACATTCGCA,5,Type3,2635.28402366864,1980.1775147929
ACCCGTACCTTAG,1,Type1,4696.88888888889,3144.46111111111
GCTGACAGGATAG,2,Type3,2010.15476190476,1102.0
ACAATGATTCATC,0,Type4,2803.84,1525.52
TCGGACATTCCGC,0,Type1,3810.77215189873,4846.63924050633
ATCACACCTCTAA,0,Type1,4443.36180904523,3296.94974874372
CATATGCTTCTAA,3,Type1,4213.71428571429,3334.80769230769
TAAATGCGGAGCN,3,Type3,1912.06024096386,1341.57831325301
CGTACACGGAATT,0,Type1,1531.6644295302,2136.77181208054
CTCCACCTTCTAC,2,Type2,1675.68421052632,5084.97076023392
GTTGCACAAGGCT,0,Type1,3043.46242774566,5239.02312138728
CGTAACCAAGGCT,1,Type6,3600.72580645161,3631.40322580645
GAAATGCGGAATC,0,Type1,3474.80165289256,4266.5867768595
TGCACACCTCTAT,0,Type1,5444.22875816993,3772.03921568627
AGTCTGCAAGTAT,2,Type2,2401.5,4992.38
ACGAACGGGATAA,4,Type1,4244.04444444444,1417.94814814815
GCACTGGTTCCGG,1,Type6,3940.31216931217,4089.74074074074
GGATCAGAAGGCC,0,Type1,3833.20886075949,3973.31012658228
TCAACAGGGAATG,0,Type1,1491.30508474576,4487.33050847458
AAATACGGGAGCT,2,Type1,3509.39090909091,653.336363636364
GTAGTGGAAGTAG,2,Type1,3366.37179487179,714.679487179487
CCCGTGGGGATAT,0,Type1,3098.12921348315,5231.76404494382
TGGGACTAAGCGG,3,Type1,1487.07547169811,4618.8679245283
CTCTTGTGGAATG,2,Type11,3080.70866141732,4277.0
TGATTGTCCTCGT,0,Type1,1575.2,4434.43333333333
GCCTTGTAAGTAC,0,Type1,1556.40833333333,2085.43333333333
GTTACATGGACGA,0,Type1,2398.53409090909,1354.85227272727
CCAGCATTTCCGC,1,Type6,2205.73529411765,1901.01960784314
CCATCATTTCGCG,4,Type2,4010.05714285714,3247.70476190476
TTGCCTACCTAAA,0,Type1,5239.11827956989,4016.55376344086
GCAAGAAGGATTT,3,Type7,2450.59493670886,5050.6582278481
TTATCTAGGACCC,2,Type1,1985.24590163934,874.229508196721
GGGGCTAGGACCA,0,Type1,2796.33522727273,3767.57954545455
TATTAGAGGACCT,0,Type1,3059.71428571429,1555.74489795918
CGGAAGATTCTTC,2,Type2,1176.35526315789,3331.90789473684
TATTCTCCTCGGG,5,Type4,2791.28695652174,1909.21739130435
GTTCGACCTCCCA,1,Type8,1938.20512820513,2108.3141025641
TACCAGCCTCCCA,1,Type1,5498.82706766917,3520.33834586466
ATACTCCTTCCCA,4,Type2,2732.41666666667,1192.27777777778
GTCGGACTTCCCT,2,Type7,3014.56179775281,1411.87078651685
AACGTCCGGACCT,5,Type4,1920.84523809524,1320.41666666667
GCCTGACAAGTTA,3,Type1,3831.8449197861,3322.43315508021
GTATCTCGGAACG,4,Type2,5029.14814814815,4073.61111111111
TCCTGAGGGAGGT,1,Type6,2384.56666666667,4231.69333333333
CTTCAGGGGAAAG,0,Type1,2809.51612903226,2964.9435483871
CTTCAGGCCTCCT,5,Type4,4998.45283018868,3752.54716981132
CACTAGGTTCTTA,5,Type4,2988.04435483871,2032.11693548387
GCCGCTTTTTTTT,1,Type3,3157.20689655172,2043.97536945813
TATCGATAAGGGG,0,Type1,4149.0701754386,4985.08771929825
TCAAGATTTCCCT,0,Type1,5029.80597014925,2542.97014925373
CAGCCTTTTCTTC,0,Type1,2870.80882352941,4747.13970588235
TGTGCTTGGAAAG,5,Type4,4569.95762711864,2095.00847457627
TATAGATTTCAAT,1,Type10,3999.53896103896,4898.03896103896
TCTGAGACCTTGG,5,Type1,1777.24137931034,4587.70114942529
ACTGAGACCTCAA,4,Type2,1463.51219512195,4666.78048780488
CTTATCACCTTGT,2,Type1,3639.10144927536,4260.15942028986
TCTTGAATTCGTC,4,Type1,4182.86206896552,1373.62068965517
GATGAGATTCCAG,0,Type1,3918.32515337423,2517.06748466258
GCGTAGATTCCAT,0,Type1,4344.73023255814,3437.0976744186
CGTTTCCAAGTGT,0,Type1,4176.08547008547,5390.2735042735
GACGGACAAGGTT,2,Type1,3906.63636363636,765.167464114833
AATGGACTTCTGG,0,Type1,2566.31318681319,5319.67032967033
TCACTCCTTCTGT,4,Type2,4637.671875,3810.984375
CGCTTCCTTCACA,0,Type1,2666.43127962085,2806.29857819905
TTTACTCCTCGTC,0,Type4,4605.08670520231,1784.95375722543
GGCGGACCTCGTC,0,Type1,1739.0859375,4368.8515625
AGGGTCCAAGGTA,3,Type9,1834.84662576687,2097.27607361963
TGTGGACAAGGTA,0,Type1,3363.87804878049,3612.55487804878
CGCCGAAAAAGTT,0,Type1,1660.25773195876,4378.63917525773
GTTATCGTTCACC,4,Type2,2712.11428571429,1186.45714285714
CGTTAGGAAGGTT,3,Type7,1728.66310160428,4983.08556149733
GGCAGAGAAGTGG,0,Type1,2459.16346153846,4463.69230769231
ATCGTCGAAGCAG,0,Type1,1842.73248407643,4348.31210191083
TCAGGAGGGAGTA,0,Type1,4671.61111111111,3026.28395061728
TTGTCTGTTCGTA,1,Type1,4455.63265306122,3536.05442176871
TTCATCTAAGTGG,1,Type6,3456.08988764045,621.876404494382
ATCGGATAAGCAA,4,Type1,4295.90322580645,1545.88387096774
CTTACTTTTCACA,4,Type1,4062.336,2975.048
TATTCTTTTCTGT,0,Type1,4940.96923076923,2509.59230769231
GCTTTCTCCTGTG,1,Type8,2194.76271186441,2511.37288135593
TAGAGATAAGGTC,1,Type1,2811.04494382022,3025.98501872659
GATGGATAAGCAG,0,Type1,2609.99295774648,2770.80281690141
GTATAGTTTCGTA,3,Type9,2200.05839416058,1329.51824817518
TCTGCTTAAGTGC,0,Type1,2735.50574712644,5292.14942528736
TTAGGATAAGGTA,2,Type1,3039.02272727273,536.94696969697
GAAATCATTCAGT,0,Type1,4896.51707317073,3522.48780487805
TCAAAGAAAGCTC,1,Type1,2592.66216216216,2335.75675675676
CACCAGAGGACTC,4,Type7,2919.38125,4662.00625
CTGTAGATTCAGC,1,Type6,1949.94505494505,1290.2967032967
GGGGTCCAAGCTN,1,Type7,2277.55384615385,1421.90769230769
GGCAGACTTCTCC,0,Type1,3553.70588235294,734.0
AACTAGCTTCCTT,3,Type7,5261.81196581197,2908.31623931624
CGAACTCTTCCTT,0,Type1,1758.50434782609,3697.98260869565
CGTGCTCGGATCC,1,Type1,4465.26865671642,3159.31343283582
AGCGCTCCTCGAG,2,Type2,4892.75757575758,2168.5696969697
CCTCCTGAAGCTA,0,Type1,2676.58333333333,4538.21153846154
GTATTCTTTCGAA,0,Type1,2047.16666666667,2352.66666666667
ATGTAGTCCTAGG,0,Type1,3946.16666666667,1125.37254901961
ACTCCTTAAGAGG,4,Type2,1484.97237569061,3255.41436464088
AACCGATTTCGAG,1,Type1,2600.24137931034,632.806896551724
CTTAAGTAAGTCT,4,Type2,2247.11811023622,2563.56692913386
CAGCCTTCCTTCG,2,Type7,1948.24615384615,3447.30769230769
AACATCAGGAATT,0,Type1,5061.976,3327.328
TCACTCATTCATC,3,Type1,4346.47540983607,4982.68306010929
TCATCTAGGAATA,0,Type1,3914.65540540541,4367.05743243243
GCCACTCAAGCGG,3,Type4,3002.11518324607,2096.86387434555
ATCGAGCAAGGCC,0,Type1,2299.88122605364,2449.91570881226
CCGTCTCAAGCGA,1,Type9,2557.33098591549,1448.92253521127
CTGAGACTTCATC,1,Type6,4311.28037383178,2223.66355140187
GAACTCCGGATAG,0,Type1,4615.84516129032,3271.31612903226
ATGAGACGGACGA,1,Type4,2276.21323529412,1992.47794117647
GACGAGCCAGTAT,0,Type1,5133.0703125,3897.84375
ACATGACTTCCGC,0,Type1,4594.9619047619,1927.74285714286
ACGCTCCTTCTAT,1,Type7,2842.92207792208,1118.3961038961
TGTTAGGGGAGCC,4,Type2,2279.5737704918,4380.48360655738
AGATCTGGGAATT,3,Type1,1683.33116883117,3274.58441558442
GGGTCTGTTCTAG,4,Type7,4583.2,3768.02545454545
ATGATCTGGAGCC,4,Type6,2961.5,2527.94444444444
AGTAGATAAGCGG,2,Type1,4869.78333333333,2392.31666666667
TCGTTCTAAGTAA,0,Type1,1858.9009009009,2277.69369369369
ATTACTTTTCCGT,2,Type2,4421.11111111111,4021.90666666667
GTGGCTTAAGGCA,0,Type1,2275.8253968254,3729.19047619048
TGAGAGTAAGGCA,5,Type4,4828.40594059406,3342.9504950495
AGTCCTTTTCGCG,2,Type11,3522.68981481481,5064.16666666667
ATCTGATTTCGCG,0,Type1,2122.78651685393,4562.20786516854
CCGGCTTTTCCGC,0,Type1,5280.27407407407,3157.15555555556
GATGCTTCCTCGC,4,Type2,2044.92424242424,3693.5303030303
CGGGAGTAAGTAT,5,Type4,2418.50267379679,2177.59893048128
AAGATCTAAGCGC,0,Type4,1309.99090909091,3966.91363636364
CGAAATATTCCCC,4,Type2,2329.89430894309,2633.43089430894
CGCGATATTCAAA,0,Type1,1607.35,4154.0125
AAGAATAGGATTG,4,Type2,5342.23369565217,3107.53804347826
CTAAGCAGGAAAC,4,Type7,3015.23225806452,4888.2
GCTCATAAAGCCT,0,Type1,2705.43010752688,628.075268817204
TCAGGCAAAGGGC,5,Type1,4253.46875,4989.484375
ATGACGAGGACCG,0,Type1,2621.9262295082,5208.30327868852
GGGTTACCTCAAC,0,Type1,2845.39436619718,1533.62676056338
GCTTTACCTCAAC,2,Type1,3082.82386363636,2563.33522727273
CGAACGCAAGGGT,1,Type6,4528.30303030303,2123.10101010101
TTACCGCTTCGGT,3,Type7,1489.06145251397,4648.23463687151
TCGTATCGAGGGT,0,Type1,4780.56637168142,2300.26548672566
TAGACGCCTCCCT,4,Type2,4528.70689655172,3675.47701149425
CGATTACCTCAAG,4,Type7,3214.10256410256,896.598290598291
GAGAGCCAAGCCT,0,Type1,1983.53043478261,2421.93913043478
ATGGGCCTTCCCT,1,Type6,3179.15740740741,2203.69444444444
TCACTACAAGCCG,2,Type1,4669.88961038961,3241.97402597403
GGCAGCCAAGCCG,0,Type1,3065.76397515528,5521.0248447205
CTGGCGCTTCGGN,1,Type9,2446.48514851485,1388.08910891089
AGATGCGTTCTTT,3,Type1,2733.08673469388,5528.2806122449
TCGAGCGAAGCCC,3,Type1,1632.88819875776,3188.35403726708
TTACCGGGGAAAC,0,Type1,3914.20982142857,5032.96428571429
TAGCATGTTCCCT,0,Type1,4426.14705882353,2471.74264705882
AGATCGGTTCCCT,0,Type1,4681.58552631579,3557.05263157895
TGCGATGTTCCCT,2,Type4,1674.25170068027,1043.22448979592
GCTTGCGAAGCCT,3,Type7,2785.90833333333,4382.89166666667
TCCAGCGGGATTA,3,Type1,4093.59183673469,4465.94557823129
AAGTCGTTTCCCC,0,Type1,3867.14285714286,1644.56043956044
TGTGCGTGGAAAA,2,Type1,2576.4011627907,3999.38372093023
CCTCGCTGGAGGG,4,Type2,4326.68558951965,4921.73799126638
GCTGGCTCCTGGG,3,Type2,3453.80952380952,4366.01587301587
CCCGGCTAAGCCC,0,Type1,4549.82352941176,3185.16806722689
TCGGGCTAAGCCC,4,Type2,4230.43243243243,3389.28378378378
GCAAATTAAGCCA,1,Type6,2532.67965367965,4430.51515151515
TGAAATTCCTCCT,0,Type1,2496.41666666667,5313.95833333333
TAAACGTAAGCCG,0,Type1,3991.36111111111,4714.95634920635
CACCTAACCTCAA,0,Type1,1288.95505617978,3386.39325842697
TGCTGCAGGAGTT,0,Type1,4090.40952380952,1708.54285714286
CTTAATATTCTGG,0,Type1,5189.45291479821,3687.77578475336
GGAAGCAAAGGTG,2,Type1,3475.11475409836,4128.27049180328
ACCACGATTCTGT,0,Type1,2864.10714285714,5315.88571428571
GTAGGCATTCGTG,0,Type1,4706.52205882353,1995.90441176471
ATCTCGAGGACAG,3,Type7,2589.61904761905,2821.79761904762
CCCTTAATTCCAG,0,Type1,4082.49519230769,3212.84134615385
TTTGTAAGGAGTA,2,Type2,1860.01754385965,3145.84795321637
GAACTAAGGACAT,0,Type1,3020.78125,1543.80729166667
GAAACGATTCTGC,0,Type1,5200.48611111111,2913.15972222222
AATGCGATTCGTA,0,Type1,4986.60515021459,3643.47210300429
CTTTCGCAAGACC,3,Type7,2396.93442622951,4445.70491803279
GTGGCGCTTCGTT,1,Type1,2345.0873015873,1520.36507936508
CACGATCTTCTGG,3,Type3,3947.8167539267,4105.03664921466
TCATTACTTCACC,0,Type1,3764.5037037037,1941.81481481481
TTCTCGCAAGTGT,0,Type1,2873.69,5363.945
CTAGGCCTTCCAC,1,Type1,2710.15,753.042857142857
CAATATCCTCGTC,1,Type9,2059.95588235294,2018.66176470588
CGTATACCTCGTC,2,Type7,3843.55294117647,662.176470588235
TTCCGGCCCTACT,0,Type1,4957.27118644068,3207.70338983051
AACGTACTTCCAG,4,Type2,1426.008,4571.208
AACCTTCTTCGTC,3,Type1,4486.80526315789,2211.72105263158
CTCCTACTTCGTC,0,Type1,4069.55434782609,1917.5
GTGTGCCGGACAG,2,Type5,4553.60975609756,1573.52845528455
GGTCATCCTCGTA,0,Type1,4985.39411764706,2884.95294117647
TAAGTACAAGGTA,0,Type1,3087.68503937008,5530.17322834646
GCCTGCCAAGTGC,1,Type1,3183.04545454545,1987.52727272727
CGGTCGCGGACAT,0,Type1,3526.31176470588,3846.25882352941
GTAACGGGGAGTT,0,Type1,1890.38916256158,1424.84729064039
GACGATGTTCACC,3,Type2,4663.61111111111,4055.75252525253
CCGTATGGGAACA,4,Type2,4592.3,3753.3
TGTAATGGGAACT,1,Type6,3213.72289156626,1870.54819277108
CCATTAGTTCGTC,0,Type1,3611.38388625592,4253.72037914692
AATTCGGTTCTGC,0,Type1,2391.57236842105,3724.06578947368
AAGTGCGAAGGTA,1,Type1,1867.91860465116,1492.1976744186
GAGATAGAAGCAT,0,Type1,3895.27407407407,4935.97037037037
ATGTTATTTCGTT,0,Type1,3786.42708333333,1503.52083333333
ATGGCGTGGACAA,0,Type1,2632.06358381503,2754.09826589595
CTTTCGTAAGCAA,0,Type1,3119.016,5149.68
CTCTATTAAGGTG,0,Type1,3038.34246575342,926.356164383562
CTTACGTAAGGTC,1,Type6,2944.91346153846,2416.49038461538
GTCTGCTGGAGTA,0,Type1,5274.03125,3293.703125
AACGCGTCCTCAT,1,Type1,2534.46774193548,5313.14516129032
CGCACGTCCTACG,2,Type1,4637.63492063492,2603.28571428571
GGATATTAAGACG,3,Type4,1904.12179487179,5131.05769230769
ACTTATAGGATCA,0,Type1,3804.96376811594,1889.0
TACTGCAGGATCG,5,Type8,1993.17351598174,1111.81278538813
ATTCATATTCAGC,4,Type2,2827.63366336634,5559.74257425743
CTCAATCCTCTCC,4,Type2,3796.32258064516,4899.83870967742
GACTATCAAGCTG,3,Type2,1809.31847133758,1417.75159235669
ACACTACTTCCTG,4,Type7,1787.20958083832,3379.66467065868
GGCCTACTTCTCA,0,Type1,1729.0,4016.75229357798
GGTACGCCTCAGA,4,Type2,1840.96428571429,2535.28571428571
ATTTTACAAGCTC,0,Type1,3831.68421052632,4870.47368421053
ATGGCGCGGATCT,0,Type1,2900.02542372881,3618.94915254237
GAGACGCTTCAGC,0,Type1,2244.11764705882,3825.88235294118
ATGTGCCGGAAGC,4,Type2,2940.65591397849,4728.06451612903
TTACTACGGATCG,2,Type1,2187.29824561404,4363.78070175439
ATGATAGTTCGAC,0,Type1,3065.09090909091,3465.75401069519
GTCTTAGTTCCTG,2,Type1,4229.12408759124,4401.57299270073
CAGACGGTTCAGT,1,Type4,2390.88111888112,1122.86713286713
AACTCGGGGAGAG,3,Type4,4582.82828282828,4009.78787878788
AAAAGCGAAGTCT,0,Type1,2697.26086956522,2825.53913043478
GGCATATCCTTCC,0,Type1,3804.05194805195,4563.23376623377
TTCACGTCCTTCT,0,Type1,3434.82524271845,4074.60194174757
CGGTTATTTCAGC,1,Type6,2482.20192307692,651.903846153846
AAGTATTAAGAGC,0,Type1,4752.56626506024,2357.26506024096
ATATTAAGGAATT,6,Type1,4253.02459016393,2716.68032786885
CTTGCGATTCATT,0,Type1,3168.73033707865,5525.83707865169
TTTGCGACCTTAC,0,Type1,3382.78378378378,4014.31531531532
CTTGATATTCATG,0,Type1,2014.46315789474,3972.81052631579
TCGCGCATTCTAC,0,Type1,1652.42,4484.68
TTCTCGAGGATAG,4,Type7,1119.84615384615,4076.50769230769
CCTCTAAGGACGC,4,Type4,4706.43971631206,1817.95035460993
AGAAGCAGGAGCG,1,Type1,2629.87096774194,3937.1935483871
TATACGCAAGATT,3,Type7,3987.34426229508,3173.96174863388
GACTCGCGGATAA,0,Type1,1251.29365079365,3716.46825396825
TGAAGACTTCGCA,3,Type1,5538.11764705882,3120.26470588235
CAACGACTTCGCT,3,Type1,2988.09589041096,1095.75342465753
CCGGGCCTTCTAG,0,Type1,5354.66911764706,4091.11029411765
TCGCTACCTCGCG,0,Type1,5447.82383419689,3716.63730569948
ATCTTACTTCATA,1,Type1,3886.16363636364,4486.89090909091
AGGGCGGTTCCGG,2,Type1,1641.62096774194,4707.37903225806
GGGATAGTTCTAA,0,Type1,3994.54237288136,4577.54237288136
ATCCCGGTTCTAA,0,Type1,2761.34193548387,4793.43870967742
GGTCGCGAAGATT,4,Type2,3336.36559139785,3839.10752688172
ATAAGAGAAGATT,0,Type1,2575.35042735043,2718.30769230769
ACCACGGTTCATG,0,Type1,3981.65137614679,1591.36697247706
CCCTTAGAAGATG,0,Type1,4744.56395348837,3380.91860465116
GGATTAGGGAATC,5,Type4,1843.34453781513,1461.03361344538
TCGGATGGGATAT,0,Type1,4486.57754010695,1882.08556149733
CATCCGGGGACGC,0,Type1,5335.68421052632,4191.91228070175
ACGATAGAAGGCG,0,Type1,3192.89506172839,3484.43827160494
ATTATATGGAATT,4,Type7,3820.70967741935,3584.37096774194
CGGCTATAAGTAN,4,Type2,3861.03092783505,1016.45360824742
TGTCTATCCTAGA,5,Type4,3166.46666666667,882.28
ACCGCGTAAGGCT,3,Type4,3053.98578199052,1774.08530805687
CCCCCGTTTCTAT,2,Type2,4729.7268907563,4101.51260504202
GACATATTTCCGC,4,Type2,4949.04093567251,2354.69590643275
CGGTCGTGGAATA,1,Type6,3169.65217391304,3323.65217391304
CATCATTAAGCGC,1,Type6,3265.03821656051,1666.50318471338
TGCCCCAAGCCCC,0,Type1,5266.20666666667,3376.31333333333
CGTGAAAGGCTTN,1,Type6,3310.70430107527,2200.9623655914
GCTACCACCGGGA,4,Type2,2444.96887159533,2716.12062256809
ATTGGGAGGCAAG,0,Type1,2564.58490566038,4160.15094339623
TAATCCATTAAAG,3,Type2,1571.79310344828,2555.47126436782
TAATAACAATCCC,0,Type1,3866.79467680608,3074.60456273764
CCTCGGCAATTCC,4,Type7,5069.08771929825,4353.80701754386
CGGTAACTTAAAA,4,Type2,3390.96296296296,4222.75661375661
GTTACCCTTAGGG,0,Type1,4427.76444444444,3129.26222222222
ACGGGGCCCGAAC,3,Type1,3410.50526315789,4096.58421052632
GGCTAACAATCCA,0,Type1,2936.72037914692,5129.50236966825
AAATTTCTTACCA,0,Type1,4881.855,2814.385
GACCTTCGGCCCA,0,Type1,1904.63793103448,4675.39655172414
CTCAGGCGGCTTG,0,Type1,5269.53816793893,4272.03053435115
ATAGAACGGCCCA,0,Type1,3629.56875,4482.9875
ACTACCCCCGGGA,0,Type1,4027.68263473054,1707.55089820359
CTATGGAAATTTC,4,Type2,5420.61734693878,3420.79591836735
GAGTAACAATAAG,1,Type6,4036.0,2475.15384615385
GGAGTTCAATCCT,3,Type2,4617.67716535433,1731.37007874016
CGTCTTCTTAAAG,4,Type7,3977.01212121212,3246.06060606061
CGCACCCTTAAAG,4,Type2,1417.20754716981,4553.91823899371
GAGCGGCCTAAAT,0,Type1,3301.38,565.926666666667
CTTGGGCAATTTA,0,Type1,4200.15646258503,4932.78911564626
GGGAGGCAATGGC,1,Type6,4942.05288461538,3286.08653846154
CCGCGGCAATCCG,4,Type2,3949.88383838384,3264.37878787879
AGGAGGCGGCCAT,0,Type1,2633.64912280702,5281.14035087719
CCTCCCCGGCGGC,0,Type1,4690.44827586207,2218.66009852217
GTAACCGAATGGG,0,Type1,1780.89932885906,3429.38926174497
GCGCTTGCCGCCC,0,Type1,5058.75862068965,2680.47586206897
ATCCTTGGGCGGT,2,Type7,1648.19786096257,4908.53475935829
CGGCTTGTTAAAC,0,Type1,2705.62365591398,1632.43548387097
GTGCGGGCCGCCA,2,Type1,1730.03896103896,4224.8051948052
GACTGGGAATGGA,0,Type1,1885.5504587156,4604.30275229358
TTAGTTGCCGGGA,0,Type1,4938.98319327731,3507.38235294118
AACCTTGTTAAAT,0,Type1,2451.56862745098,3580.16666666667
ATGTGGGAATGGC,3,Type3,2973.16666666667,4546.97619047619
TTACTTGAATTTA,5,Type4,2784.86111111111,2068.93518518519
CTCCAATGGCCCC,2,Type1,2820.385,3725.725
TCCCCCTAATCCC,4,Type2,4265.3275862069,1481.70689655172
TAGGCCTTTATTG,3,Type4,2749.92993630573,2242.73248407643
TCAAGATCCGGGT,1,Type6,2710.38805970149,2098.88059701493
GAGCGGTGGCTTC,0,Type1,1181.96815286624,4133.92993630573
CTAATTTGGCAAG,3,Type7,3050.43445692884,3599.57303370787
GACACCTAATCCT,3,Type4,2808.36363636364,1198.95454545455
TCCGAATTTAGGC,0,Type1,1862.48148148148,3217.57407407407
TTAAGATCCGGGC,0,Type1,5112.6935483871,3828.01612903226
AGCCTTACCGGTT,0,Type1,4736.72463768116,2290.19806763285
ATTGGGAGGCGTT,0,Type1,3855.08805031447,4159.89937106918
GAGCCCAGGCCAC,1,Type8,1956.14141414141,970.121212121212
GCCAGGATTAACT,0,Type1,4832.83653846154,3257.49038461538
GTCGGGAGGCGTA,3,Type1,5181.84771573604,2771.68527918782
CTGTGGATTACAT,0,Type1,3799.79005524862,2788.8453038674
CCACTTCCCGCAA,0,Type1,1648.88957055215,4540.04294478528
CGACAACGGCCAA,3,Type7,3335.0081300813,3961.81300813008
AGTACCCCTAACA,5,Type1,3843.31132075472,5452.7358490566
CGAGTTCCCGGTG,1,Type1,2627.4606741573,4370.11235955056
GGAGCCCAATGTG,4,Type1,3321.27848101266,1299.26582278481
GGGGAACGGCCAC,0,Type1,5439.17647058824,3528.50735294118
GCAGTTCCCGTGA,2,Type1,1441.37463126844,2540.7197640118
TCTCAACCTAGTC,1,Type1,2656.1862745098,4567.87254901961
CAGAGGCCCGGTC,0,Type1,5193.65363128492,3024.44134078212
TCGAGGCCTAACT,3,Type4,1937.35344827586,1260.66379310345
CCGCTTCGGCACT,3,Type1,5157.23899371069,4354.51572327044
GTGACCCAATCAT,0,Type1,3834.83798882682,3193.74860335196
TGGATTCTTACAT,1,Type1,2698.525,953.641666666667
TACCAAGTTAGTT,5,Type1,4803.25,2104.55
ATCCGGGTTAACC,1,Type6,5434.87700534759,3505.10160427807
ACAACCGAATGTT,2,Type4,4829.6779661017,4103.38983050847
GAGGCCGCCGCAA,3,Type7,1866.98113207547,3387.07547169811
CGAAGGGCCGACA,0,Type1,5299.1914893617,3498.95744680851
AGACTTGCCGGTG,4,Type2,4055.77720207254,4601.50777202073
GATCGGGGGCCAG,0,Type1,5100.89855072464,3934.98550724638
TGTATTGTTACAG,2,Type7,5474.88387096774,3329.12903225806
TATCTTGAATACT,1,Type1,2581.05714285714,4022.91428571429
GAAGAAGAATGTC,1,Type6,4627.21621621622,2913.04054054054
ACATGGGGGCTGC,1,Type6,2093.71666666667,867.85
CGCCTTGAATCAT,0,Type1,4654.08,2328.88
GCTTAATGGCTGG,3,Type7,1113.95515695067,3683.32286995516
GCGACCTCCGTGG,0,Type1,4718.6,3178.88163265306
GTTGCCTTTAACN,4,Type2,3705.86877828054,4825.1221719457
GCATAATTTACAC,0,Type1,5305.648,3529.08
GGCGTTTTTATGT,1,Type1,2587.11764705882,684.529411764706
GGTGGGTGGATGT,0,Type1,2971.78064516129,4936.0
AATTAATGGCTGT,4,Type1,4531.16483516484,1693.97802197802
ACTCCCTTTAGTC,0,Type1,3269.89312977099,3467.51145038168
GATCGGTAATACT,6,Type1,3347.75912408759,3706.74452554745
AGCAGGTTTACAT,0,Type1,1776.024,4727.592
ACCAGGTCCGGTA,3,Type2,2382.20467836257,4439.22807017544
TACGCCATTAAGT,4,Type2,1530.25,3295.375
TGATAAATTAAGT,0,Type1,2292.30701754386,2229.0350877193
GAGGAAAGGCCTC,0,Type1,2441.86243386243,5215.71428571429
CCAGTTATTAAGC,0,Type4,2558.18253968254,5033.92857142857
ATACTTCAATTCC,2,Type1,1312.6875,3729.39583333333
CCACTTCGGCAGG,3,Type3,5560.96932515337,3537.45398773006
TACACCCAATTCA,1,Type1,4390.375,1948.5125
CTGCGGCAATAGT,2,Type1,2189.36029411765,1501.90441176471
TGATCCCAATTCA,3,Type7,1677.64678899083,4922.93577981651
CTCAGGCGGCTCT,4,Type2,5179.33742331288,2690.52760736196
GGAGCCCGGCTCT,5,Type1,3167.0,2012.89583333333
ATTTTTCCTAAGC,4,Type2,1625.08571428571,4782.52380952381
AGTGAACCCGCTA,3,Type2,4673.90909090909,4000.06363636364
CGTAAACAATTCG,4,Type2,2471.60402684564,4561.90604026846
TGGTAACTTATCG,0,Type1,3942.52173913044,4925.72946859903
TTGAAACTTATCG,2,Type1,1636.00694444444,4569.375
TTAACCCTTAAGC,0,Type1,2436.8198757764,5175.16149068323
TGGGGGCGGCCTA,3,Type7,3787.48113207547,743.77358490566
CTCCGGCGGCTCG,0,Type1,1134.55172413793,3821.55172413793
GATGAAGGGCTCC,4,Type2,5351.08280254777,3163.55414012739
CATCCCGCCGAGA,0,Type1,5199.37339055794,3672.02145922747
GCCCGGGGGCAGC,0,Type1,4090.05128205128,1484.74358974359
CTTCCCGTTAAGC,0,Type1,3855.5,1176.38571428571
GCCAAAGCCGTCG,0,Type1,1830.78504672897,4929.88785046729
TGCACCTTTATCA,0,Type1,5466.44444444444,3690.78240740741
TCTATTTGGCTCA,0,Type1,5160.60294117647,4007.74264705882
GCGGCCTAATCTG,0,Type1,5339.70391061452,3526.75418994413
ACGCTTTAATTCA,0,Type1,4361.53551912568,3040.2131147541
GGCATTTCCGAGA,1,Type8,2572.63888888889,674.645833333333
GGTCGGTTTACTA,0,Type3,1856.76100628931,1370.64779874214
CGCGGGTAATTCG,4,Type1,2791.48648648649,4541.82432432432
GTCCGGACCGCGG,0,Type1,2978.66141732283,5233.75590551181
CACCCTAGGCATT,0,Type1,4064.61445783133,1966.15662650602
TGCGAAATTATAA,0,Type1,1846.03571428571,2448.74404761905
TTGGAAACCGTAC,4,Type2,4959.56756756757,2424.84459459459
ACACAAAAGCGCT,4,Type2,1592.19491525424,3293.37288135593
TTTAAAAGGCATA,0,Type1,5341.58282208589,3708.76073619632
GGCATTAGGCATA,0,Type1,4512.756,3259.544
ATTGGGATTACGC,0,Type1,1552.4965034965,4519.51748251748
GCATAACAATGCC,0,Type1,4206.41743119266,4997.03211009174
TGCCTTCAATCGG,0,Type1,3010.24223602484,4987.68322981366
GCCCTTCTTAATT,1,Type6,1793.08450704225,4121.35211267606
CTGAAACTTAGCC,0,Type1,4989.5243902439,2691.80487804878
AGCTCCCCTATAC,0,Type1,5132.24242424242,3107.19696969697
TTGCGGCTTAGCA,0,Type1,4354.97637795276,5027.68503937008
GTGCGGCTTACGT,4,Type2,4312.20083682008,4909.66945606695
GGCGAACTTATAC,4,Type2,1550.69172932331,2503.56390977444
GCGCGGCAATATC,2,Type1,4918.6914893617,2342.56382978723
CACTTTCCCGGCG,4,Type7,3332.71485943775,4005.25702811245
ACGATTCCTATAT,0,Type1,5314.3024691358,3477.24074074074
GGAACCCTTACGC,5,Type4,3820.48780487805,3144.27804878049
TGCCAACGGCTAT,1,Type6,5431.1875,3488.70833333333
CGTTGGGGGCCGG,0,Type1,2865.39495798319,5268.42016806723
CTATCCGGGCATT,0,Type1,2084.32558139535,4502.97674418605
ACGGTTGTTATAA,0,Type1,1819.13492063492,2307.1746031746
GTATGGGAATTAA,2,Type7,1874.92561983471,3402.70247933884
CGAATTGCCGTAA,0,Type1,2765.5445026178,2926.26701570681
TTTCCCGGGCCGT,2,Type4,2798.26589595376,1392.32947976879
AGCGAAGAATGCA,3,Type7,4157.07954545455,3330.72727272727
GGCCAAGAATATC,0,Type1,1727.51063829787,2370.68794326241
GAAGAAGCCGTAG,0,Type1,2294.41666666667,2485.375
TCCAGGGGGCATA,0,Type1,4809.98591549296,3347.6103286385
CCCGAAGGGCGTA,0,Type1,4794.9,2295.75833333333
TCACCCGGGCATA,1,Type1,4615.40211640212,2334.93650793651
ACAGGGGGGCTAT,0,Type1,5047.77722772277,2866.02475247525
CTAGAAGCCGTAT,0,Type1,1950.0,4043.15023474178
CGATCCTTTAATT,0,Type1,3255.11926605505,3460.75229357798
ATGTGGTGGCGCC,0,Type1,3737.67532467532,3259.19480519481
TCTACCTAATATT,2,Type1,2551.42424242424,5179.76515151515
GTTCAATCCGCGA,5,Type4,3002.46596858639,2243.28272251309
TCATTTTAATTAG,4,Type2,2602.29775280899,3331.31460674157
TTCCAATAATCGA,0,Type1,5251.1223709369,4161.1759082218
CCTATTTAATCGA,0,Type1,4836.50588235294,2539.12941176471
TCCGGGTTTACGC,0,Type1,2523.87165775401,2497.96256684492
ACTAGGTTTAATA,0,Type1,1460.80465116279,3307.37674418605
CTTCTTTAATTAT,0,Type4,3127.50980392157,927.490196078431
CCATCCTAATCGC,1,Type1,3993.87142857143,1773.65714285714
CTAGGTACCGAAA,0,Type1,1701.37804878049,3643.0243902439
AATACAGAATGGG,0,Type1,3969.04347826087,2632.83333333333
CGTTACAGGCCCA,4,Type1,3382.21782178218,1263.84158415842
CCTATGACCGGGA,0,Type1,1400.38709677419,4464.51612903226
CAAAACATTACCT,0,Type1,5170.5564516129,2853.48387096774
CATCCAAAATCCG,0,Type1,5504.70322580645,3571.11612903226
CAACACAGGCTTA,2,Type4,1338.74666666667,4726.06666666667
ATTATGAGGCCCG,1,Type6,4674.81578947368,3095.73684210526
GGGACACCTAAAA,0,Type1,2738.06557377049,1636.83606557377
TCATTGCCCGGGG,1,Type6,5337.27142857143,3329.2619047619
ATCTGTCCTACCC,4,Type2,4461.69098712446,3668.10729613734
AAGAGTCCTAAAA,1,Type6,4775.57407407407,2749.33950617284
TGCAGTCCTAAAA,5,Type4,2813.00862068966,2161.94827586207
TTTCGTCAATAAC,0,Type1,5092.95652173913,3131.84472049689
TCAAGTCTTACCA,3,Type4,1461.06578947368,2502.76315789474
ACACACCTTATTG,0,Type1,3048.88387096774,3457.74193548387
ATACTGCTTATTG,1,Type1,1889.73493975904,2092.55421686747
CAGCGTCAATCCT,0,Type1,5356.02197802198,4052.40659340659
CGGATGCTTAGGA,0,Type1,3372.44295302013,3738.24161073826
TACGGTCCTACCG,0,Type1,4636.50175438596,1983.38947368421
GAAAACGAATGGG,5,Type4,4986.14814814815,3770.67407407407
TTTATGGAATTTT,5,Type1,3170.99421965318,2112.1676300578
TGTTTGGTTAAAC,0,Type1,3497.57191780822,3957.56506849315
CTGGACGTTACCA,2,Type1,2632.31137724551,4730.88622754491
GGCGACGGGCAAG,2,Type1,3776.97122302158,3180.95683453237
GACCACGTTATTA,0,Type1,1817.70833333333,2290.60416666667
CTTCACGCCGTTA,0,Type1,1345.392,4481.664
TCGAACGCCGCCG,6,Type3,2089.6625,5344.86875
TGCCACTGGCCTT,0,Type1,1913.90384615385,1361.05769230769
ACTCACTCCGTGG,5,Type3,2099.44594594595,2645.2027027027
AGTACATGGCTTG,0,Type1,3545.62564102564,698.794871794872
CGCATGTGGCAAC,0,Type1,2710.86111111111,1648.69444444444
CCCGCATAATAAN,5,Type4,2471.61061946903,5175.06194690266
GAGGTGTAATGGT,0,Type1,4134.97619047619,4892.52857142857
TTGACATTTATTC,0,Type1,2967.73404255319,647.537234042553
AATCCATGGCGGA,0,Type1,3833.39534883721,1637.55813953488
AACCGTTGGCCCG,0,Type1,1501.22435897436,4525.05769230769
CTCGCATGGCTTA,3,Type1,3839.05333333333,2847.51333333333
GATCGTACCGCAA,1,Type1,2552.06726457399,1020.83408071749
TAGGTGATTAGTT,0,Type1,1455.12195121951,4606.85365853659
CAGAACATTATGG,0,Type1,5179.31343283582,3361.11194029851
TCGCTGATTACAA,2,Type1,1774.60317460317,4658.2962962963
CTGTTGAAGCCAC,1,Type6,3180.57258064516,3208.10483870968
TACGTGATTATGT,3,Type1,2216.95620437956,1646.2700729927
TGACGTAAATCAG,2,Type1,3882.07258064516,3006.41129032258
ATTTGTACCGGTC,0,Type1,3214.84615384615,879.759615384615
CGCAACAGGCACT,5,Type4,2367.58474576271,1096.5593220339
TACGACACCGGTA,0,Type1,3761.26548672566,1088.35398230089
ATGTACAGGCCAT,2,Type1,3365.45192307692,579.134615384615
AGTCGTAGGCGTA,0,Type1,1506.12844036697,3569.01834862385
GAGGTGAGGCCAT,3,Type8,2547.34615384615,4927.08974358974
GGTCTGATTAGTA,3,Type7,1867.31343283582,3480.72139303483
CCATACATTAGTA,0,Type1,1422.15483870968,3991.83225806452
CTCGACCCTACAA,0,Type1,4075.07926829268,1559.71341463415
CGCTTGCCCGGTT,3,Type4,1882.97714285714,1684.20571428571
TTTCACCAATTGG,4,Type7,1358.73684210526,3159.32631578947
GTTCACCTTATGG,0,Type1,4789.992,2146.56
CAAGTGCGGCACC,0,Type1,1822.17142857143,4554.6
GCCGCACCCGGTG,0,Type1,4756.68122270742,3319.73362445415
AGCTCACAATGTG,0,Type1,2834.3,3673.08666666667
CCCCTGCTTATGT,0,Type1,4792.776,3308.824
ATGTCACTTATGT,0,Type1,2539.92,5121.53714285714
ATCTCACTTAGTG,0,Type1,1680.06060606061,2232.86060606061
GTTAGTCCTACAG,0,Type1,1356.71942446043,4040.56834532374
CGTCTGCCCGGTC,4,Type2,3905.82456140351,3320.26315789474
CTGACACTTACAG,3,Type1,2716.90551181102,3173.81102362205
TCCAACCTTAACG,0,Type1,1684.84112149533,2201.06074766355
AACAGTCTTAACG,0,Type1,4917.62365591398,3579.20967741935
GCGTGACTTATGC,1,Type1,2161.0,3888.36842105263
CGGCGTCGGCACG,3,Type6,2251.93388429752,1879.80165289256
CTAAGTCGGCACG,1,Type6,2385.67757009346,1326.76168224299
CCGACACGGCGTA,0,Type1,1887.52777777778,4690.66666666667
TTTGCAGGGCCAC,0,Type1,3108.71028037383,527.317757009346
TCCAACGTTAACA,1,Type6,2787.2890625,1712.296875
GTCCCAGCCGCAC,0,Type1,4094.58823529412,1304.31932773109
GCGGGTGCCGCAC,0,Type1,2591.28909952607,2596.00473933649
CCATACGTTAGTC,0,Type1,4553.13548387097,3141.61935483871
GCTCCAGAATCAG,0,Type1,3082.94,5076.44
TCGTACGAATACT,0,Type1,2778.39890710383,4833.46994535519
GGGGGTGCCGGTC,0,Type1,1569.84112149533,2254.77570093458
TTTCACGGGCTGC,0,Type1,5241.50561797753,4109.93820224719
CTGTCAGGGCCAT,1,Type1,1919.85858585859,908.313131313131
TGTAACGGGCCAT,0,Type1,2811.67105263158,5285.53289473684
AAATTGTTTACAC,3,Type7,3175.32692307692,964.0
TACCGTTTTATGT,2,Type2,2944.53926701571,4711.57068062827
TTCCTGTGGCACA,4,Type2,3785.94545454545,638.409090909091
CATCCATGGCGTG,0,Type1,4053.08547008547,4753.52564102564
GCACACTCCGGTG,4,Type7,3825.83568075117,3555.80281690141
TCTACATCCGGTG,0,Type1,2697.49068322981,5145.25465838509
GACTCATAATACA,0,Type1,4503.87064676617,2022.34825870647
TTATACTAATACA,3,Type7,1307.86577181208,3220.3389261745
CTTTGTTTTAGTC,0,Type1,5091.47368421053,3811.5
CCAAACTAATGTA,1,Type7,1864.91866028708,1030.3014354067
GATTCATAATTGC,3,Type7,1734.625,3218.49074074074
CTTGTGATTAAGT,1,Type6,3649.84693877551,3896.34693877551
CGAGACAGGCTCT,0,Type1,1766.09433962264,4778.54716981132
GTTGGTAGGCTCG,0,Type1,2593.47204968944,2728.21118012422
AGTGTGATTACTA,3,Type1,1942.70078740157,981.448818897638
GTTTACCCTATCA,0,Type1,4625.93464052288,1927.54901960784
TCCATGCTTAAGT,0,Type1,1942.1897810219,2422.01459854015
TCCACACAATTCA,0,Type1,2793.0,5445.01104972376
GACTACCAATCTG,0,Type1,2000.29090909091,2371.30909090909
GGCTACCGGCAGT,0,Type1,4072.14193548387,2914.87741935484
CAAACACAATCTC,0,Type1,1806.62727272727,3676.25454545455
TACCACCAATTCT,0,Type1,3864.26395939086,2591.89847715736
TGTTACCAATCTA,0,Type1,4530.68783068783,3090.15343915344
GCGGACCAATCTA,1,Type6,2224.43209876543,1278.82716049383
CAAGGTGAATTCC,0,Type1,1943.04901960784,3984.20588235294
TAGTACGAATTCA,0,Type1,2883.0,3609.91262135922
ATGTACGAATAGA,1,Type6,3708.53005464481,3619.46448087432
CCTAACGCCGCTC,1,Type6,2596.89473684211,2059.49122807018
AACATGGAATTCG,4,Type4,2228.18348623853,1083.43119266055
CGCGCAGCCGCTA,1,Type6,2241.69,4266.3
CGGGCATCCGCTT,4,Type7,2256.52739726027,2639.68493150685
GCATACTGGCAGT,3,Type1,3343.21774193548,3975.16129032258
GCCCACTAATAGT,1,Type10,2020.54237288136,2240.62711864407
TGATCATTTACTC,0,Type1,3914.25287356322,1662.53448275862
GGAAACTTTAAGC,0,Type1,1562.66871165644,4548.05521472393
GAAGGTTGGCAGC,0,Type1,2699.3203125,3049.2265625
TAGTCATGGCTCG,1,Type1,1809.31292517007,4548.23129251701
TTACCATGGCTCG,4,Type4,1933.36612021858,1245.13661202186
ATTAGTAGGCTAA,0,Type1,3929.71875,1608.6953125
ATGGTGATTACGG,3,Type7,1137.0534351145,3627.5572519084
GACGCAAGGCATG,2,Type1,1790.16455696203,2476.84810126582
TGGGTGATTACGT,0,Type1,1533.16901408451,4525.92488262911
GATGACATTAATG,2,Type1,5101.34285714286,3190.82857142857
CGTCTGAGGCCGC,3,Type7,3347.06614785992,4206.91050583658
AAGCGTATTATAT,1,Type1,3391.90322580645,3738.09139784946
ATCATGCTTATAA,1,Type6,4189.14691943128,1678.96682464455
ACAACACGGCGCC,1,Type6,3696.77725118483,3543.19431279621
TGCCACCCTATAC,1,Type6,3339.63387978142,2190.81420765027
CCGCGTCCTACGT,4,Type2,1544.7265625,3284.5625
GGCAGTCGGCATG,5,Type1,2949.14912280702,805.771929824561
ATGTCACTTAGCA,0,Type1,4103.5,5148.89634146341
GGTCACCTTAATG,0,Type1,4128.32240437158,3177.31147540984
GCTGGACGGATAC,1,Type1,2056.921875,900.40625
AAGTGTCCATTAG,0,Type1,4371.80555555556,5173.15277777778
CCTCACCCCGATC,4,Type2,3965.02830188679,4384.2641509434
TAAATGCGGCATC,4,Type2,4124.11682242991,4787.72897196262
CAAGCACGGCATC,0,Type1,2117.66346153846,4501.74038461538
TAAGTGCAATGCG,1,Type4,2538.84210526316,2348.78362573099
GTGCACCAATGCG,2,Type1,1859.61240310078,4620.21705426357
CGTGGTCGGATAT,4,Type1,4351.59375,4998.6625
TGCCGGCGGCTAT,5,Type4,3741.58928571429,3721.40178571429
TCCCTGGCCGATT,1,Type8,1649.54225352113,1087.00704225352
ACACTGGTTATAC,2,Type1,4472.02631578947,1734.13157894737
TCCAACGAATGCA,1,Type6,3701.04929577465,1950.78169014085
TGTGTGGAATTAC,1,Type1,1789.225,4295.3375
GACGTGGAATATC,0,Type1,1171.54128440367,3663.15137614679
CGGGTGGCCGCGA,0,Type1,2511.60714285714,4517.85714285714
GTTCACGAATTAT,1,Type6,2539.1170212766,2397.10638297872
CGTGCAGCATCGC,1,Type1,3987.72222222222,3971.73456790123
GCAAACTGGCTAA,1,Type6,3516.08387096774,2273.61290322581
ATCAGTTAATATT,1,Type6,4063.81182795699,2417.36021505376
TTTACATTTATAC,2,Type1,1284.39682539683,3795.83068783069
CAGTGTTTTAATG,3,Type3,2976.79746835443,2374.96202531646
CGGGGTTCCGCGT,4,Type2,4537.64563106796,3746.23786407767
AGACCATTTACGA,0,Type1,4684.62962962963,3495.83796296296
GATCTGTCCGCGC,3,Type7,2105.82183908046,1434.97126436782
AGCATCAAATGTG,5,Type1,3027.12048192771,897.072289156627
AGAATCAGGCCCA,5,Type4,2754.15625,1659.15625
CCTCTCATTAAAC,0,Type1,3960.33684210526,1118.92631578947
GGCCTCATTAAAC,0,Type1,5128.825,3061.52083333333
CTCCTCAAATCCT,0,Type1,4461.42553191489,1875.15425531915
TGATTCAAATTTC,0,Type1,4340.25842696629,5065.76404494382
CTCTAGAGGCAAG,1,Type1,3757.70481927711,2936.59638554217
TTTTTCAGGCAAT,0,Type1,4444.22727272727,1637.44696969697
GCTGTCAGGCTTA,4,Type7,4558.59821428571,3699.28571428571
GATGAGAGGCAAT,0,Type1,4071.66447368421,1998.55263157895
TGATCTCCCGGGG,3,Type7,2083.51304347826,3773.28695652174
ACGCCTCCCGTTT,1,Type1,2857.2479338843,646.98347107438
CACAGACAATTTT,0,Type1,5233.5974025974,4000.87878787879
AGGAGACTTAGGG,4,Type1,4431.2037037037,3513.72222222222
AAAGCTCTTACCC,4,Type2,3883.05729166667,3263.23958333333
AGTATCCCCGGGT,3,Type1,1850.12977099237,1089.21374045802
TCTGGACCCGGGT,4,Type2,3782.0641025641,4910.14102564103
TCACAGCAATGGT,2,Type7,1065.28859060403,3784.24832214765
TGCGCTCAATGGT,0,Type1,1612.45454545455,3569.15584415584
ACATTCCGGCAAC,0,Type1,3076.24342105263,3451.71052631579
TTGTTCCCCGGGA,1,Type1,1730.872,1024.968
GAGGTCCCCGCCT,3,Type7,5456.59302325581,3414.87209302326
ATACTCCCTACCT,0,Type1,3693.91457286432,4275.72361809045
CGAGAGCCCGGGA,3,Type7,4122.74375,4768.79375
TCATGACAATTTC,0,Type1,5181.08666666667,2882.83333333333
GATTGACTTAAAG,0,Type1,3887.58015267176,2025.28244274809
CCTCGACGGCTTC,0,Type1,1256.27272727273,3496.62121212121
GCATCTCAATGGC,0,Type1,2534.27083333333,5465.34375
GTTGGACTTACCG,2,Type1,3776.78365384615,3160.14903846154
CCACAGCGGCCCG,0,Type1,2879.34057971015,4883.92028985507
AGCCGAGGGCCTT,4,Type2,1460.36,3231.8
TTGCAGGAATTTT,0,Type1,3291.87401574803,5385.38582677165
CCTCTCGCCGTTC,0,Type1,3994.85308056872,2977.0663507109
TGTAGATGGCGGT,3,Type2,1857.16774193548,3612.86451612903
AGCGAGTGGCGGT,0,Type1,2618.328,4308.4
TGGGTCTGGCGGA,4,Type2,1292.0202020202,4435.37373737374
TCTCCTTTTAAAT,0,Type1,2713.81147540984,5435.74590163934
ACAATCATTAGTT,0,Type1,2529.3982300885,1111.73451327434
GTGAAGATTAGTT,1,Type6,4177.10218978102,2124.10948905109
TTAACTATTATGG,0,Type1,3329.22891566265,775.831325301205
CTCACTACCGACT,3,Type1,1690.56953642384,2545.88741721854
GTATGAACCGACT,0,Type1,4296.44094488189,3021.25196850394
ATGTTCAGGCGTC,5,Type4,1561.6568627451,4347.3137254902
GGTCAGAGGCCAG,0,Type1,4859.12396694215,3533.90909090909
GACGCTATTAACT,5,Type1,3744.48795180723,3325.63855421687
GTAGCTACCGGTA,1,Type6,3341.79655172414,3185.45517241379
GCGGGAAGGCCAT,0,Type1,2772.05063291139,5351.89240506329
CTACTCCCCGCAA,0,Type1,4371.3275862069,5091.22413793103
CGCGGACCCGCAA,0,Type1,1785.57034220532,3619.83650190114
ATTCCTGAATCAA,1,Type6,2289.01282051282,4693.52564102564
CTTATCCGGCCAA,0,Type1,3761.03921568627,4391.27450980392
TGTCAGCCTACAC,0,Type1,2035.73103448276,4532.57931034483
CGAATCCCCGCAC,3,Type7,1295.35833333333,3235.63333333333
AACCGACAATCAC,0,Type1,3202.0,1439.42180094787
GGACCTCGGCACA,2,Type2,4863.76923076923,2098.17692307692
GTGTCTCAATCAG,0,Type1,3524.30263157895,1142.76315789474
GATGCTCGGCGTC,2,Type1,4936.40860215054,2493.15053763441
GCGCCTCGGCACT,0,Type1,4565.32474226804,1808.69072164948
GTTAAGCCCGCAT,3,Type1,4590.93006993007,1795.37062937063
CCAAGACCTATGC,6,Type1,3383.16666666667,3556.18518518519
ATGCGACCTACAT,0,Type1,1558.55696202532,2198.27215189873
GCTCCTCCCGGTA,5,Type1,1842.77108433735,2041.69879518072
CGCACTCCCGTGC,2,Type2,2861.61607142857,1336.09821428571
AGCAAGCGGCGTA,0,Type1,1459.96396396396,3339.13513513514
AAATCTGGGCTGG,1,Type11,2107.43243243243,1066.33108108108
GTGTCTGGGCACC,0,Type1,4696.74590163934,3245.04098360656
CCTAAGGGGCCAA,4,Type2,1703.00675675676,3305.08783783784
CTATCTGGGCCAA,0,Type1,3603.85964912281,1126.5
CCCGTCGTTAACC,0,Type1,1411.11764705882,3628.83193277311
ACTAAGGAATGTT,3,Type7,3108.0737704918,1395.30327868852
GATCTCGAATGTT,1,Type6,4238.53731343284,2257.67164179104
CGAAGAGCCGCAA,0,Type1,4639.33793103448,1947.38620689655
CCATGAGAATTGT,4,Type7,1561.61481481481,4728.13333333333
GTAAAGGAATACA,4,Type7,1484.89523809524,4663.99047619048
AGTATCGGGCTGA,0,Type1,4581.15492957746,1881.77464788732
GGGAGAGAATGTC,1,Type9,2370.94488188976,925.149606299213
CACTAGGTTAGTA,3,Type9,2350.53428571429,983.277142857143
CTAGTCTTTAACC,0,Type1,5007.94076655052,2820.37979094077
TCATGATGGCTGG,0,Type4,2742.13333333333,1606.67272727273
GAGTGATGGCGTT,1,Type1,2697.85897435897,4641.64743589744
GTACTCTGGCCAA,3,Type1,5411.61111111111,3186.14814814815
GATTAGTGGCACA,0,Type1,1532.0462962963,4550.96296296296
AACACTTAATTGT,0,Type1,5020.06796116505,4017.27669902913
TGTCGATAATGTG,4,Type2,4038.67901234568,4600.98765432099
GGCTAGTTTACAG,2,Type7,1432.79545454545,2557.125
CAACTCTGGCCAG,1,Type6,3032.95604395604,2473.58241758242
AGTACTTAATACT,0,Type1,4500.82424242424,1805.30909090909
AGCTAGTAATGTC,1,Type6,2168.2037037037,3874.90740740741
AATATCTTTAACG,1,Type1,1928.77011494253,4299.00383141762
CTACCTTGGCTGC,0,Type1,4436.96478873239,1803.21830985915
CCGCGATCCGGTA,0,Type1,4477.90995260663,3226.12796208531
TCAGGATAATGTA,1,Type6,4084.68503937008,1514.07086614173
CGACTCACCGCTT,0,Type1,4839.7874015748,2285.3031496063
TGTGAGATTATCC,0,Type1,4929.93006993007,2565.74125874126
TGTGAGAGGCAGT,4,Type2,3705.42372881356,4780.59322033898
CGCCCTATTACTG,0,Type1,3261.19736842105,807.894736842105
GTAGTCAAATCTC,3,Type1,4781.67605633803,2536.53521126761
CGGTCTCCTACTG,1,Type9,2392.66379310345,1054.18965517241
GATGTCCTTACTG,3,Type4,2173.12765957447,3207.80319148936
AGTTTCCCTAAGA,0,Type1,3523.77215189873,3993.86075949367
ATAGTCCTTATCG,4,Type2,2906.46052631579,4689.44736842105
CGGGGAGCCGCTT,4,Type2,2817.97080291971,1495.77372262774
ATCGCTGGGCTCA,0,Type1,4672.33142857143,3737.14857142857
TATCAGGGGCCTG,0,Type1,5252.20555555556,3464.86111111111
CGGTCTGTTACTG,3,Type7,2423.47328244275,3568.35877862595
CGCCCTGTTATCA,1,Type1,2249.22857142857,3946.62857142857
ATCCAGGCCGTCT,0,Type1,4478.21167883212,3592.47445255474
ATACCTGCCGCTC,3,Type5,4859.57407407407,3016.08024691358
TCGTAGGCCGTCT,1,Type5,4779.74,3126.235
AGTAGAGGGCTCG,1,Type1,3707.1954887218,1694.61654135338
GTCGTCGGGCAGC,0,Type1,3356.41216216216,3876.12837837838
TCGATCGCCGTCG,3,Type1,3715.03296703297,1038.53846153846
AGCCAGTTTATCC,1,Type6,4735.81944444444,3030.44444444444
ACGCAGTCCGTCC,4,Type2,3278.21568627451,3778.19607843137
CACGTCTTTACTG,1,Type1,2560.62445414847,757.03056768559
CTTTTCTAATCTG,0,Type1,4778.99196787149,3563.4859437751
AGACAGTAATCTG,0,Type1,4659.66438356164,3607.80821917808
TATGGATTTATTC,0,Type1,5131.09615384615,2827.92307692308
CGTCCTTGGCCTC,0,Type1,2651.12107623318,1297.63677130045
TTCTTCTCCGTCT,3,Type1,3893.79532163743,3248.16959064327
ATATGATAATGAG,4,Type2,2607.28481012658,5522.57594936709
ATGAAGTGGCAGC,0,Type1,4148.51785714286,5199.05357142857
TGCGAGTGGCAGC,4,Type1,2689.57272727273,2940.46363636364
CCAAAGTCCGAGC,0,Type1,2061.69318181818,2342.46590909091
TCTATCACCGGCC,0,Type1,3146.51633986928,5411.87581699346
GCAATCAGGCCGG,1,Type1,3521.53043478261,1656.75652173913
CTATAGATTACGG,4,Type1,2060.29901960784,2434.21568627451
AGGGTCAAATCGT,1,Type6,2463.76774193548,988.477419354839
TCCCAGAGGCGCA,3,Type1,5033.13218390805,2909.58045977011
GAAGCTATTACGN,4,Type3,2878.63492063492,5627.11111111111
GTGCTCATTAGCA,0,Type1,1877.90476190476,4586.38528138528
CGGTAGAGGCATC,5,Type4,2431.91959798995,2191.34170854271
AGTGCTACCGCGC,3,Type1,3151.27210884354,4952.31292517007
GATGTCACCGGCG,4,Type2,1389.67213114754,3224.52459016393
AATCGAAGGCTAT,0,Type1,4259.16279069767,3178.81395348837
GATACTCAATATT,0,Type1,3092.44755244755,1498.3006993007
CGCACTCTTAATT,0,Type1,2728.9756097561,629.650406504065
CCGCCTCCCGATG,2,Type1,4206.95057034221,4683.536121673
ATATTCCAATTAC,0,Type1,2003.81871345029,4759.02923976608
CGCGAGCAATATG,1,Type1,2402.98734177215,1462.12658227848
TGTTTCCTTAATG,2,Type8,1775.1619047619,1618.12380952381
ATAGCTCGGCTAC,2,Type1,2027.15950920245,3402.15644171779
GTAGAGCCTATAG,5,Type4,3047.38655462185,2254.05882352941
GCCGGATGGCTAC,0,Type1,1960.125,5085.33928571429
AACTAGCAATTAT,4,Type2,4694.83,1806.35
CAGTGACTTAATA,3,Type8,2594.17322834646,4832.72440944882
TTAACTCTTAATA,3,Type7,3828.98581560284,3702.30496453901
GTCTCTCGGCTAT,1,Type6,3299.53719008264,942.404958677686
GATCTCCGGCGCG,2,Type1,4472.85324232082,4247.94197952218
ATGGAGGCCGTAA,3,Type7,3256.30519480519,5542.27272727273
TTTCTCGCCGCGT,0,Type1,3177.90104166667,1456.95833333333
GTGGCTGCCGGCA,0,Type1,4390.0303030303,3248.75084175084
TCTCAGGTTAATC,2,Type1,2266.66935483871,3914.5564516129
AAGACTGCCGATC,0,Type1,4732.0775862069,3492.34482758621
CAACTCGTTAGCG,3,Type7,2326.875,3646.66176470588
CTCCTCGCCGATA,0,Type1,3852.97101449275,3045.58937198068
AACTCTTTTAATT,0,Type1,3928.10526315789,4381.38815789474
TGTCGATCCGATT,4,Type3,1996.80434782609,1851.42028985507
TCGGCTTCCGGCC,4,Type2,3758.16949152542,691.423728813559
CGCGTCTAATCGG,1,Type1,2939.03797468354,2533.21518987342
TAGGCTTCCGCGT,0,Type1,2516.94545454545,5412.63636363636
ACCCTCTAATCGT,0,Type1,3070.92913385827,1544.37795275591
AGTCAGTAATCGT,2,Type1,2217.67346938776,1371.69387755102
ATTCAGTTTAGCT,3,Type7,1876.6847826087,5222.54891304348
TGTGCTTAATTAG,0,Type1,4712.98461538462,1939.90769230769
ATGAGATAATCGA,3,Type1,2535.33628318584,638.522123893805
CTAATCTTTACGC,0,Type1,4632.99047619048,3265.30476190476
TAATGATCCGTAT,1,Type11,1669.93333333333,1133.5
AACAGATCCGGCG,4,Type2,2149.1,3768.81818181818
TTTACTTAATGCG,1,Type6,5515.42487046632,3610.52849740933
AGCATCTAATGCG,0,Type1,4559.35668789809,3426.71337579618
TTCCATACCGGGG,1,Type6,1864.07065217391,4745.32065217391
CGCCGCAGGCCCC,0,Type1,5307.81875,3167.025
TTTAGCATTATTT,4,Type7,5040.08080808081,4098.18686868687
GCTCCGAAGCCCA,0,Type1,4720.03488372093,2137.10465116279
CTAAATACCGGGT,1,Type1,3737.12411347518,3807.74822695035
CCCCTAATTACCT,0,Type1,3516.92352941176,4256.27058823529
GCGCGAAAATCCG,0,Type1,3875.54285714286,2794.82857142857
CTCCCGAGGCCCG,2,Type2,2338.37234042553,5178.22340425532
GGACTACCCGTTT,0,Type1,4737.66666666667,3289.24074074074
GATAGCCCTACCC,0,Type1,2890.81034482759,1579.6724137931
CCTCATCTTACCC,4,Type1,5382.04,2883.696
GTTACGCGGCCTT,1,Type1,2641.31147540984,947.918032786885
CGCCTACGGCAAA,4,Type2,4304.31400966184,4853.66183574879
AGCAATCTTACCA,1,Type1,4852.51704545455,3372.07954545455
TAAAATCGGCTTG,5,Type4,2573.57142857143,2281.87619047619
GAGCCGCAATTTC,4,Type2,4833.77685950413,2058.76033057851
TCCTCGCCCGTTA,0,Type1,1715.45859872611,4544.68789808917
TCAATACCCGAAT,3,Type9,2331.75700934579,881.317757009346
ACGTATCAATGGC,3,Type8,2249.73913043478,1037.06832298137
TACGTACTTAGGC,0,Type1,3711.28571428571,740.714285714286
GAGTTACTTACCG,1,Type6,3721.30223880597,2886.10820895522
GTAGTACTTAAAT,4,Type7,1500.67605633803,4659.85915492958
AGTTCGCGGCGGC,0,Type1,5230.22549019608,3216.10784313725
CCTCATGGGCTTT,0,Type1,5097.41958041958,2665.28671328671
ATGCATGCCGAAA,0,Type1,2717.87155963303,1467.38532110092
GCCGCGGCCGCCA,0,Type1,5134.27586206897,2940.20689655172
CGAAGCGCCGGGT,0,Type1,3863.87931034483,1998.28735632184
AGACATGCCGGGT,0,Type1,3707.2731277533,4356.43171806167
GAAGCGGTTAAAG,3,Type1,5132.37654320988,4465.20987654321
CGGGATGAATTTC,4,Type1,1520.23076923077,2450.71428571429
AGGACGGAATGGA,0,Type1,3850.95081967213,1944.7868852459
ACCTCGGAATTTC,0,Type7,4190.84137931034,1342.2275862069
TAGAGCGTTAGGC,3,Type1,3034.0843373494,2079.96385542169
ACTGTAGCCGCCG,4,Type1,4304.32142857143,5347.16666666667
CACGGCTGGCCCC,5,Type4,3971.7619047619,4694.09523809524
TCGATATTTAAAC,2,Type1,4828.19512195122,2763.13821138211
GACGCGTGGCGGT,4,Type1,2523.0618556701,4612.77319587629
GGGGCGTAATAAC,0,Type1,1329.02205882353,3708.98529411765
GCACCGTAATAAN,1,Type1,2647.34810126582,1040.00632911392
CTCACGTTTACCT,0,Type1,2823.60655737705,4815.79234972678
ACCTTATTTACCG,2,Type10,4292.26112759644,4296.40059347181
CTGGGCTTTATTA,0,Type1,1769.55801104972,2213.63535911602
ACGCAATGGCGGC,4,Type2,3395.83333333333,4237.65277777778
TTCGCGTCCGCCG,2,Type7,5036.16996047431,4490.98418972332
AAATTATAATCCG,3,Type1,3074.25,4173.14285714286
TCGATATAATCCG,0,Type1,4302.29770992366,5259.04580152672
CAACATACCGTGG,0,Type1,1297.12962962963,3559.64814814815
TAGTCGACCGGTT,1,Type1,2524.12014134276,1286.89045936396
GTAAATACCGTGG,0,Type1,1752.08163265306,4073.19727891156
TCACCGAGGCGTT,1,Type4,2745.01785714286,2222.78571428571
TGTCTAATTACAA,0,Type1,2455.03539823009,2482.91150442478
TGAAATATTAGTT,0,Type1,5348.15837104072,3853.85972850679
GCTCCGACCGTGA,4,Type7,1507.9378238342,3267.0
GTTAATAGGCCAG,4,Type2,2383.70526315789,5374.63157894737
AACCGCATTACAT,0,Type1,5119.01307189543,3716.14379084967
AGTCGCATTAGTA,0,Type1,4796.75845410628,3291.97101449275
ACGTATATTAACG,4,Type2,1703.53439153439,2586.42857142857
GCTTCGCCTAACC,2,Type7,4417.41729323308,3765.0
CCGACGCCCGACC,5,Type4,1643.88028169014,3480.21830985915
AATACGCCTACAA,4,Type4,1992.86597938144,1993.25773195876
GACTATCAATGTT,0,Type1,4361.54954954955,3235.87387387387
TTCTCGCAATGTT,1,Type1,2451.36842105263,1616.27368421053
TGTCGCCTTAGTT,0,Type1,2745.01829268293,3827.73170731707
ATCCTACTTACAA,0,Type1,4832.65030674847,2362.28834355828
GTCGCGCGGCGTN,0,Type1,4898.71774193548,2813.32258064516
TTGGCGCCTACAC,0,Type1,2962.18987341772,5452.74683544304
TATACGCAATTGT,0,Type1,4928.47333333333,3445.0
AATGGCCTTATGT,1,Type6,2930.0826446281,2455.50413223141
CCCCATCGGCTGT,4,Type2,2532.56756756757,5500.11711711712
TCCAGCCGGCTGT,4,Type2,4795.48051948052,1996.74025974026
AGAGCGCCTAGTC,0,Type1,3961.00653594771,4931.03267973856
GATGGCCCCGCAG,0,Type1,3328.46212121212,3498.68181818182
GCGCTACCTAGTC,0,Type1,2595.72826086957,4690.01086956522
TAAACGCAATACT,3,Type7,4859.91256830601,2114.8306010929
CGGGCGCAATACT,3,Type3,2332.29098360656,4496.89344262295
CTGAATCAATGTC,4,Type1,4426.09756097561,3501.23170731707
GCATGCCAATCAG,4,Type2,5169.03048780488,2624.17682926829
AACATACTTACAG,0,Type1,5231.89570552147,2942.93865030675
CCATATCGGCCAG,2,Type1,3629.17821782178,750.405940594059
TGCCTACGGCACT,0,Type1,3602.34920634921,788.587301587302
GACATACCTCGTA,3,Type4,1247.55151515152,4033.06666666667
TCCGGCCTTAGTA,5,Type4,2376.0,1117.75
AGAACGCTTAACG,1,Type1,2558.38805970149,2499.19402985075
CCGAATGGGCCAA,1,Type1,3354.10869565217,586.728260869565
TAGGGCGTTAGTT,3,Type1,4197.99444444444,4295.65555555556
CGATTAGAATCAA,0,Type1,1345.51546391753,3432.0412371134
GGCTCGGAATTGG,3,Type1,1920.78672985782,1405.65402843602
GTGTTAGCCGTGT,0,Type10,4569.46428571429,2350.60714285714
ACTAATGTTAGTC,0,Type1,4102.07291666667,5330.97916666667
CGATATGCCGTGA,4,Type2,2440.90909090909,5091.84848484849
GCCGCGGGGCGTA,4,Type7,1102.8125,3948.671875
TCTAGCGGGCGTA,2,Type1,1469.39130434783,4414.11304347826
CATATAGGGCTGC,5,Type4,1477.40869565217,4584.88695652174
GAACCGGTTAGTA,4,Type7,5310.46212121212,2976.29545454545
TGTAGCGTTAACG,3,Type7,4850.28313253012,2050.07228915663
CTCCATGTTACAT,4,Type7,4279.64227642276,4898.78861788618
CCTCGCGTTACAT,3,Type1,3305.80086580087,5371.42424242424
CGCTGCGTTACAT,5,Type1,3957.70652173913,4400.67934782609
GTTGTAGCCGCAT,3,Type7,2081.72619047619,2583.65476190476
TCCCGCTTTACAA,0,Type1,4925.87234042553,3557.97872340426
AGGACGTTTACAA,1,Type1,2305.98969072165,1323.15463917526
TGGGATTGGCGTT,1,Type1,2627.44776119403,4386.29850746269
CACCATTGGCCAA,0,Type1,2466.23021582734,5436.77338129496
CTGCATTGGCCAA,2,Type7,4588.39726027397,3892.51369863014
CAGAGCTGGCACC,0,Type1,4504.4362745098,2419.82843137255
ATATATTGGCGTT,1,Type1,2704.85034013605,1148.7619047619
TTCCATTTTAGTG,0,Type1,1622.10743801653,4738.57024793388
CATATATGGCGTG,1,Type6,2479.8,1919.00909090909
TGACTATCCGCAC,2,Type2,4200.59633027523,4744.33944954128
TACCGATAATTGT,5,Type4,2483.85135135135,2264.55405405405
CTGACGTAATACA,4,Type2,2405.90697674419,5180.13953488372
GCTGGCTAATACA,0,Type1,5286.44855967078,4117.33744855967
TTGGGCTTTACAG,0,Type1,3948.23913043478,1046.77536231884
TCGAGCTGGCGTC,1,Type6,2773.57894736842,945.368421052632
TGAGCGTAATGTC,3,Type7,5300.14285714286,2963.34693877551
TAATTATGGCTGC,0,Type1,2744.23076923077,2905.16346153846
GTTACGTCCGCAT,0,Type1,5052.23489932886,3707.47651006711
CCCGCGTCCGGTA,0,Type1,3399.09302325581,721.728682170543
GGGTATTAATTGC,2,Type7,3529.69,1121.67
GGAGCGTAATTGC,5,Type1,2800.31818181818,2123.40909090909
GCTACGACCGTCC,3,Type7,3247.27649769585,5588.48387096774
AGTCTAAGGCAGG,5,Type4,1871.77419354839,960.505376344086
GCTCCGATTACTT,0,Type1,4344.61751152074,3361.18894009217
CCACATAGGCTCT,0,Type1,4772.34574468085,2525.93085106383
TGTAGCAGGCAGC,0,Type1,3632.51162790698,4222.73023255814
TAGGATATTATCG,0,Type1,4948.79850746269,2435.58955223881
AGCTCGCCTAAGG,0,Type1,5318.34146341463,3583.95731707317
AATACGCCTACTT,3,Type4,1729.73404255319,1242.09574468085
CTTCGCCAATGAA,4,Type2,4684.16455696203,3877.80379746835
GTGAATCGGCCTT,0,Type1,4286.64227642276,1508.70731707317
ATATGCCCTATCN,0,Type1,2770.08421052632,5249.13684210526
ATCGATCTTAAGT,1,Type1,3551.30263157895,1606.43421052632
AATATACCTATCT,0,Type1,4675.94537815126,3622.15546218487
ATCAATCAATTCT,0,Type1,2656.96618357488,5496.85990338164
GATCGCCAATTCT,4,Type1,3385.47191011236,4062.5393258427
TCCCTACTTACTC,0,Type1,4899.49411764706,2744.94117647059
TAATGCCCTACTA,1,Type6,2707.83490566038,4918.74528301887
TCGATACAATCTA,4,Type1,3113.98586572438,1468.63957597173
TCACGCCTTACTA,1,Type1,4675.79069767442,3045.71705426357
CCGGATGGGCTCC,0,Type1,1768.93684210526,4498.71578947368
GCCTCGGCCGTCC,0,Type1,5352.83870967742,3385.31182795699
TATCTAGGGCAGT,0,Type1,2683.49038461538,3215.31730769231
GTGCGAGAATAGT,4,Type2,2097.72463768116,2480.34782608696
GAACCGGTTACTC,3,Type7,3804.2619047619,744.047619047619
CGATATGGGCAGC,2,Type10,3546.71875,5115.265625
CGGTGCGAATAGC,0,Type1,1301.26153846154,3577.35384615385
TTGGCGGCCGCTA,1,Type6,2521.68421052632,4063.37969924812
ATCGCGTTTACTT,2,Type1,2637.7868852459,1397.44262295082
CCTGATTGGCTCC,0,Type1,3793.70434782609,1123.39130434783
AGTAGATCCGCTT,0,Type1,4768.39436619718,2567.01408450704
AATGTATTTAAGT,5,Type1,3733.96794871795,3031.66666666667
CAACATTCCGAGT,3,Type7,1669.40963855422,3286.50602409639
TTTCCGTCCGCTG,1,Type1,5246.6862745098,3423.98039215686
CATGGCTGGCCTC,1,Type8,2657.07936507937,1898.52380952381
GCCTTATCCGCTC,5,Type4,1885.54054054054,1295.58558558559
CGCCGATAATAGA,2,Type1,3274.53448275862,731.931034482759
ATGAGCTTTACTA,1,Type6,3691.00694444444,3858.4375
GACGATTTTAAGC,0,Type1,1241.01123595506,4517.06741573034
ACCGCGTAATTCG,0,Type1,5065.12142857143,3054.37142857143
GTTGCGACCGGCC,0,Type1,1544.82105263158,3596.76140350877
TCGATAACCGTAA,5,Type1,1819.53594771242,1557.92156862745
TAACGCATTACGT,5,Type4,3076.07978723404,5485.92021276596
TACAGCATTATAC,4,Type2,3286.74264705882,3699.97058823529
GTAGATAGGCGCT,1,Type1,2238.38144329897,1887.40206185567
TTGCATAGGCATA,4,Type2,1544.76865671642,3234.5671641791
AGGACGCCTAATT,0,Type1,4092.26519337017,1323.82320441989
CCGTATCAATATT,0,Type1,3971.93959731544,4552.59731543624
ATGTTACCCGGCA,3,Type7,3903.47222222222,4030.63194444444
GAGTCGCCCGATG,1,Type1,4296.31791907514,3206.86705202312
CTAGATCCTAGCA,0,Type1,1266.44318181818,3543.25
GTTGGCCAATCGT,3,Type9,2550.625,1416.00833333333
CTTCGACAATTAC,3,Type7,3197.33939393939,5108.06060606061
GATGATCAATCGT,1,Type6,2333.32704402516,2047.36477987421
TCCACGCTTATAC,0,Type1,1972.93006993007,3799.44055944056
ATTAATCTTAATG,1,Type6,3076.56923076923,2490.7641025641
TTGTCGCTTAATG,1,Type1,2243.98930481283,4303.46524064171
CCAGTACTTACGT,0,Type1,1800.86259541985,4753.47328244275
TCCCGCCCTACGA,0,Type1,3739.36134453782,4533.90756302521
TCTTCGCCCCCGA,0,Type1,2457.42708333333,3825.60416666667
CATACGCTTATAG,0,Type1,2738.03435114504,2831.8893129771
ATTAAGCCCGCGC,2,Type1,2233.05128205128,3285.94017094017
GAGTGCCAATCGC,3,Type1,2871.2,4909.68648648649
TGCGATCTTAATA,0,Type1,4311.97777777778,3369.83888888889
TTCAGCCGGATGC,0,Type1,3781.98581560284,4462.4609929078
TAGCTACGGCATA,0,Type4,4061.29197080292,2032.46715328467
CGCTTACGGCCGC,1,Type6,3063.61904761905,3158.14285714286
ATCACGGGGCATT,0,Type1,3441.78911564626,554.081632653061
CGGTGCGTTAATT,0,Type1,3061.31937172775,3446.79581151832
ATTAGCGAATTAA,4,Type2,1855.64,2529.33333333333
TTTTCGGCCGGCC,0,Type1,2092.17098445596,4547.50259067358
TGTACGGCCGATT,3,Type7,1568.47083333333,4698.89166666667
ATGGGCGGGCGCT,0,Type1,1216.95535714286,3466.25892857143
AGTTCGGAATATC,1,Type1,5136.71681415929,3440.08849557522
ATAACGGAATATC,0,Type1,4373.52903225806,1624.48387096774
CTTATAGCCGATC,0,Type1,4078.97037037037,1441.21481481481
CACACGGGGCTAT,3,Type3,2206.62254901961,1192.0931372549
ATCGGCGGGCCGC,5,Type3,3054.47967479675,4667.25203252033
ATATTAGAATGCG,4,Type2,2462.18918918919,2749.10810810811
CTCGTAGCCGTAT,0,Type1,4178.89078498293,5133.62116040956
ACTCCGTAATATT,0,Type1,4735.11184210526,3548.67105263158
CAGATATGGCCGT,0,Type1,4582.15740740741,2561.06481481481
GTTTATTAATTAC,4,Type2,4180.03333333333,4828.67777777778
GGATTATTTAATC,4,Type2,3410.14728682171,867.387596899225
ATAAGATCCGATC,0,Type1,4444.37735849057,1878.50943396226
ACCCCGTAATCGA,4,Type2,2323.97333333333,2578.0
CCCACGTAATCGA,0,Type1,4492.26530612245,2599.07482993197
TTCATATTTAGCG,3,Type3,2691.31333333333,1962.92
ACAGCGTGGCATA,0,Type1,3638.3768115942,4162.73913043478
CAGTTATGGCTAT,2,Type1,3533.45303867403,4996.33149171271
AGCGTATGGCGCG,0,Type1,3951.39795918367,4315.41836734694
CGGCGCTAATCGC,3,Type1,4268.8,4541.57931034483
GATAATTAATGCG,4,Type2,5129.2972972973,4427.79054054054
TGGTCCGTGTACA,0,Type1,4134.40366972477,2714.21100917431
GAATCCACAAATA,4,Type2,4012.44680851064,4574.94680851064
ATCCCCAACCCCC,4,Type2,1264.93076923077,4401.04615384615
GCTGCCAGTTCCC,0,Type1,1942.79104477612,3797.80597014925
ATTCTTATGGGGT,0,Type1,1657.89285714286,2132.38571428571
GAGGTTAACCAAG,1,Type1,4702.36054421769,3306.6462585034
GAATGGCACCAAA,0,Type1,4069.38918918919,1214.73513513514
CGATGGCACCGGG,2,Type1,3867.9012345679,3256.59259259259
CGGCGGCTGGGGG,4,Type7,4893.98514851485,3921.43069306931
GGCGTTCGTTTTT,4,Type1,3290.09756097561,5325.60975609756
AACGAACAGGCCA,0,Type1,5140.74242424242,4243.18939393939
GCGGCCCACCTTG,0,Type1,5272.22222222222,3548.34156378601
GTGGAACTGGCCA,3,Type1,2624.02898550725,4714.2077294686
CCTGGGCGTTTTG,3,Type1,4836.88202247191,3815.73033707865
CCTCGGCCAATTC,0,Type1,3008.97740112994,5456.68361581921
CACCCCCACCGGA,3,Type4,1788.2893081761,1985.18867924528
TTATAACACCAAG,0,Type1,4006.93639575972,4658.13074204947
AGCGGGCACCCCG,1,Type1,3839.77575757576,2650.51515151515
GTTGCCCTGGGGC,4,Type2,3554.6884057971,841.471014492754
CCAATTGACCTTT,0,Type1,5131.37025316456,3941.1582278481
AACAAAGACCTTT,0,Type1,4562.12666666667,1959.24666666667
AGCCTTGACCGGG,0,Type1,2724.97297297297,4488.37162162162
TCCGCCGACCCCA,3,Type7,1594.71830985915,1267.42253521127
GGTTCCGACCCCA,4,Type2,2368.91634980989,5383.25475285171
CAGTTTGACCAAC,0,Type1,4533.32978723404,1931.08510638298
CCTTAAGCAACCA,2,Type1,2896.75806451613,5362.34677419355
CTGTTTTGTTTTN,3,Type7,2966.4674796748,1360.9512195122
CACTGGTGTTTTT,0,Type1,2943.34939759036,5513.36144578313
TTCACCTTGGGGT,4,Type1,2036.81456953642,1287.7880794702
AGCGGGTTGGAAC,1,Type6,3456.49681528662,2016.0127388535
TAGTGGTGTTAAC,0,Type1,5419.61827956989,3862.9623655914
AAAGCCTCAAGGT,3,Type7,3751.98305084746,734.672316384181
TTTCAATACCAAC,1,Type4,3222.41721854305,1991.48344370861
TCTTCCTACCAAG,2,Type1,5386.10424710425,3388.67181467181
ATCACCTTGGGGC,0,Type1,4393.5935483871,3297.6
TCCCCCTCAAAAT,3,Type1,3559.38011695906,4313.20467836257
AATCTTACAAGTT,0,Type1,4558.39285714286,1988.95535714286
AGTCTTAGTTTGG,0,Type1,3748.17837837838,3593.07027027027
AGTAAAATGGGTT,6,Type1,1845.25,2302.29285714286
CGTAGGAACCGTG,0,Type1,2341.22119815668,3762.55299539171
TTTGCCACAACAC,3,Type7,2980.59259259259,4793.49735449735
TGACCCAGTTACA,0,Type1,4059.43010752688,1737.94623655914
TCCAGGATGGCAN,2,Type3,5002.4,4358.53157894737
CATTTTATGGGTG,1,Type6,1690.40601503759,1493.03759398496
TTTCCCAACCTGA,1,Type1,3514.33802816901,1639.36150234742
ACTCCCAACCACT,0,Type1,2030.03092783505,3829.30927835052
CGCCTTACAAGTC,5,Type4,1671.59782608696,2512.90217391304
ATTCCCACAAGTA,0,Type1,4262.8115942029,3264.8115942029
TGCTTTAGTTCAT,1,Type9,1884.66019417476,2054.11650485437
CTCTGGATGGGTA,0,Type1,1313.4,4088.40606060606
CGTCGGCCAAACC,3,Type1,1584.52073732719,1339.74193548387
GGTGAACACCACC,0,Type1,2936.76576576577,4999.13513513514
TACGGGCACCGTT,1,Type6,3627.25,3258.83695652174
TGTCGGCTGGACC,0,Type1,5243.13605442177,3035.51700680272
GTCACCCCAAACA,1,Type1,5328.89361702128,3342.88652482269
CTGATTCTGGCAC,0,Type1,3848.13194444444,2780.79166666667
GTCTTTCGTTGTG,0,Type1,4366.95614035088,5073.79824561404
CGAGGGCCAAGTC,0,Type1,5379.05172413793,3269.3908045977
CGCCAACCAATGA,0,Type1,1520.87128712871,4475.40594059406
CTATGGCCAACAG,0,Type1,3607.10526315789,3947.05263157895
AAGGAACTGGTGC,3,Type3,1178.27272727273,4333.79338842975
AGGGTTGACCGTT,3,Type8,1758.40983606557,1979.66666666667
TAAAGGGCAAGTT,0,Type1,1683.8679245283,4419.59748427673
CTCGAAGCAAACC,0,Type1,1664.77083333333,4364.59375
ACTGAAGCAAACC,5,Type4,3226.09210526316,1909.44736842105
TAGACCGGTTACA,0,Type1,2948.57547169811,1600.79716981132
AGTGAAGTGGGTG,0,Type1,2550.44720496894,4611.00621118012
ATTGGGGACCTGT,0,Type1,2758.34831460674,3000.30898876404
CCGTAAGCAAACA,4,Type7,2536.6875,3426.7421875
CTGCTTGGTTCAG,1,Type4,2523.21951219512,1914.82926829268
TCTGTTGACCTGA,2,Type7,2192.53731343284,1427.24626865672
GGGGGGGCAAGTC,0,Type1,5021.0618556701,2525.3969072165
GATTCCGCAATGA,1,Type7,4076.37931034483,4472.27586206897
GTACGGGCAACAG,1,Type1,2211.08426966292,3936.7808988764
AAATGGGGTTACG,4,Type1,2577.53513513514,962.005405405405
CCCGAAGGTTGTA,4,Type2,3984.13953488372,3035.31007751938
ATCCTTGGTTGTA,0,Type3,2361.73885350318,1159.62420382166
GGCTCCGCAAGTA,5,Type1,4987.80991735537,3797.42148760331
CCAACCTGTTTGG,0,Type1,5287.275,4059.27916666667
TCTTCCTCAATGG,1,Type1,3771.6404494382,2712.92134831461
TTACGGTTGGCAC,4,Type1,3744.99270072993,4805.23357664234
CTTAGGTCAACAC,2,Type7,4073.82706766917,3176.63157894737
GGCTAATCAATGT,4,Type2,2465.53043478261,2733.15652173913
TCGAGGTACCTGT,3,Type1,2195.03669724771,4435.57798165138
TGTGAATTGGACT,4,Type2,3689.39024390244,5603.06097560976
GTCCGGTTGGCAG,2,Type1,3026.82777777778,4104.36666666667
CCATAATGTTCAG,0,Type1,3380.33009708738,3882.55339805825
TTGGCCTCAACAG,1,Type7,2787.4709851552,3176.14979757085
GGTCGGTCAACAG,1,Type10,1827.37634408602,2339.89784946237
AGGTCCTACCGTC,0,Type1,1474.47252747253,3650.52197802198
ACCGAATACCCAG,0,Type1,5029.28651685393,2661.64606741573
CTACTTTACCCAG,0,Type1,3840.61111111111,4857.58333333333
CGATGGTTGGGTA,0,Type1,4619.55063291139,1835.27215189873
CAGAGGTGTTCAT,0,Type1,3839.27906976744,1794.73255813953
GCCCTTTCAAGTA,3,Type1,3172.14767932489,982.628691983122
ATCATTTCAATGC,1,Type1,4703.97883597884,2440.86243386243
TGTGGGAACCTCC,2,Type1,4681.84065934066,2725.95604395604
CAACTTATGGTCC,3,Type7,2732.52205882353,3913.375
TTGAAAAACCTCA,0,Type1,4992.3152173913,3783.40217391304
GTACAAAACCAGT,3,Type7,2889.33165829146,4573.66834170854
AGCATTAGTTCTG,0,Type1,3007.37869822485,5065.73964497041
AGGACCATGGTCN,3,Type2,3908.75806451613,863.782258064516
CGGCCCATGGTCA,1,Type6,4458.90441176471,1941.55147058824
GATTGGATGGTCA,0,Type1,3612.82038834951,4423.47087378641
CCTACCAACCAGA,0,Type1,4237.69377990431,1519.7990430622
ATTACCACAATCG,1,Type1,2416.52747252747,1192.62637362637
CCCGAACCAAAGG,4,Type2,1562.35384615385,2530.98461538462
TTAACCCACCAGG,1,Type6,3140.47023809524,2053.98214285714
AATTGGCAGGCTT,4,Type2,4462.1308411215,3758.55140186916
TACGGGCACCTCA,1,Type1,2715.51829268293,2841.62195121951
CGGGTTCTGGAGT,0,Type1,2501.36111111111,4489.39351851852
CAATCCCTGGTCA,4,Type2,1272.0,3274.15238095238
TACTTTCACCCTC,0,Type1,5016.45323741007,3999.41366906475
GTTTGGGCAATCC,3,Type2,5186.88188976378,2806.67716535433
GATCAAGCAACTT,0,Type1,2831.85882352941,5434.61764705882
GGCGGGGCAACTT,2,Type7,3673.29813664596,1020.52795031056
CCTTGGGACCAGA,4,Type2,2692.72868217054,3939.60465116279
CGGAAAGACCTCT,0,Type1,2733.60714285714,1431.375
TATTAAGACCTCT,0,Type1,1260.86585365854,3447.81097560976
GACATTGGTTAGC,0,Type1,2626.97087378641,4507.05825242718
GCCCTTGTGGTCG,2,Type1,5430.72164948454,3800.92268041237
AAATAAGTGGGAN,4,Type2,3917.36144578313,4179.46987951807
CCCCAATACCTCC,3,Type7,1887.11744966443,3616.10067114094
TATAAATCAAAGT,0,Type1,4138.00636942675,5067.33757961783
GACAGGTACCTCT,0,Type1,4857.40404040404,2309.83838383838
AGCCCGAACCCGG,0,Type1,5139.40579710145,3311.0
TCGCCCAACCCGT,0,Type1,2415.08629441624,3673.41116751269
CGGATTAGTTTAC,0,Type1,2588.83333333333,4784.10144927536
CTAGAAAACCCGA,2,Type4,1553.90909090909,4889.61038961039
TCGAGGATGGCGC,0,Type1,1686.47663551402,2180.64485981308
GCACTTCACCCGG,0,Type1,3589.4861878453,1851.76243093923
ATAGTTCACCTAA,0,Type1,4680.77941176471,2053.01470588235
AGTCTTCGTTATT,0,Type1,2614.77540106952,3423.79144385027
TCTGCCCGTTTAA,5,Type4,4416.37254901961,1782.61764705882
CAACCCCTGGATG,0,Type1,5395.3201754386,3906.26315789474
GAATAACGTTTAC,1,Type1,4047.01063829787,1741.98936170213
CAGTCCCGTTATG,4,Type2,2096.5632183908,4659.14942528736
TATCTTCGTTTAC,4,Type7,3065.25373134328,3613.00746268657
TATAGGCGTTCGT,1,Type6,3837.69491525424,4400.05649717514
ATCGAACACCTAG,0,Type1,4679.29775280899,2276.93258426966
CTTCTTCTGGATC,1,Type1,2476.29943502825,2573.14689265537
GAGCGGCCAAATA,0,Type1,2004.85915492958,3846.44366197183
ACTGAACGTTATA,6,Type11,4428.65384615385,4419.75
GCTGCCCGTTGCG,0,Type1,2568.86826347305,2607.52694610778
CTGGAAGTGGATT,0,Type1,3531.52727272727,4293.47878787879
ATAGAAGTGGTAA,2,Type4,4705.97747747748,4111.86936936937
GTCCCCGACCCCG,0,Type1,3424.26744186047,1067.97674418605
AATCCCGTGGCGA,0,Type1,2814.69863013699,4962.22602739726
ATATCCGGTTTAT,1,Type6,3559.11949685535,2027.56603773585
GAGCCCGTGGTAT,5,Type4,2947.66666666667,5545.53333333333
GTCTAAGCAAATA,0,Type1,4268.13114754098,4929.62841530055
GGAACCTCAAGCN,0,Type1,2896.65853658537,594.138211382114
AATCGGTGTTTAC,4,Type2,1302.74757281553,4478.39805825243
TATATTTTGGCGA,1,Type1,1301.60504201681,3379.79831932773
CTTTTTTCAACGA,0,Type1,3644.39047619048,4016.55238095238
GATGGGTACCGCT,0,Type1,3945.70614035088,2624.6798245614
GTCCGGTGTTCGC,2,Type1,1791.6275862069,4665.13793103448
GTTGAGAACCAAA,2,Type2,1886.75590551181,3499.91338582677
GCGACAACAACCC,0,Type1,4490.63425925926,2010.20833333333
CGTGTGATGGGGG,0,Type1,4211.26388888889,5236.59027777778
ATGTCAATGGTTT,0,Type1,5124.75462962963,2674.13888888889
GACTACAACCGGT,0,Type1,3744.31491712707,3532.79005524862
CCTGACAACCCCA,4,Type1,5192.55111111111,2791.22666666667
CCTCGTACAAGGT,2,Type1,4853.69444444444,3485.69444444444
GCTCACATGGAAT,3,Type1,3060.07262569832,1837.66480446927
TCAACACTGGGGG,1,Type6,4732.27222222222,2598.25555555556
ATGGTGCGTTCCC,0,Type1,2814.07614213198,5510.43147208122
GGCAGTCGTTGGT,0,Type1,5378.3347107438,3656.12809917355
TGCTACCACCGGA,0,Type1,4702.73202614379,2114.37908496732
TTGCACCAGGCCG,1,Type1,3057.70707070707,1007.55555555556
TTACCACACCCAT,0,Type1,2616.47368421053,5157.85714285714
CTCCACCTGGGGC,0,Type1,3346.81005586592,808.983240223464
TACTCACGTTCCG,0,Type1,3894.46153846154,3174.03296703297
TCGTACCGTTGGC,3,Type4,5037.65437788018,4419.40092165899
GCCGACGTGGTTT,3,Type11,3089.08296943231,1274.28384279476
TTGCCAGACCTCC,0,Type1,3888.82706766917,633.827067669173
AACCCAGGTTGGT,3,Type7,1502.83636363636,3282.52727272727
AGTCACGGTTCCA,1,Type4,2943.03886925795,2501.1554770318
TTAGACGTGGCCA,0,Type1,4806.0064516129,2638.5935483871
GCAGCAGACCCCT,2,Type2,4868.48888888889,1995.76388888889
TGCGTGGACCCCT,4,Type2,1980.28368794326,3703.39716312057
CCATTGGTGGCCG,1,Type9,2483.21212121212,1462.37878787879
GTCTCAGGTTCCG,0,Type1,3229.05309734513,3706.10619469027
ATCCCAGACCTTA,4,Type2,3221.10091743119,3569.71559633028
ATGAACGCAAAAT,0,Type1,5184.17948717949,2868.17948717949
TGGGGTTCAAGGG,4,Type2,4597.09090909091,1753.05928853755
AAATGTTCAACCC,0,Type1,4310.42372881356,2614.68361581921
AATACATCAACCC,0,Type1,2597.85714285714,5282.68
TGAGACTACCCCC,1,Type4,1952.65925925926,1436.95555555556
TATACATACCGGG,3,Type2,1348.2015503876,3199.32558139535
CTATCATACCGGG,3,Type1,2978.86666666667,5775.80833333333
AATGACTGTTTTG,1,Type6,3662.25592417062,3581.16113744076
ATGGACTCAAAAC,1,Type9,2077.0,2018.18181818182
ATAGGTTCAAAAC,3,Type7,3106.69607843137,5608.25490196078
CCGCGTTCAAAAC,4,Type2,5079.07692307692,4211.45299145299
GAGCACTTGGGGA,2,Type1,4776.25471698113,3693.31603773585
CAAAACTCAATTC,3,Type1,4081.37158469945,4489.73224043716
CAATCATTGGTTA,0,Type1,5158.515625,3101.76041666667
ATATGTTCAACCG,0,Type1,5156.03846153846,3292.05288461538
ATTCGTAACCACC,1,Type8,4723.52511415525,2787.88127853881
CTAGACAGTTGTT,0,Type1,3920.15568862275,4914.67664670659
GCTGGTAGTTCAC,1,Type6,4105.62285714286,1951.99428571429
TGAATGATGGACA,0,Type1,4479.44285714286,3575.94761904762
AAAGACACAACAG,0,Type4,2701.2044198895,1499.19889502762
AAGTCAACAAGTC,0,Type1,4719.17361111111,3448.38888888889
CTCTTGATGGTGA,1,Type6,1766.52760736196,4124.1472392638
AATGCAATGGGTC,4,Type6,4122.07096774194,3053.71612903226
TGAGACAACCCAT,0,Type1,3422.14012738853,748.605095541401
GTGTTGACAACAT,0,Type1,4518.32075471698,2700.35377358491
CTTTTGATGGTGC,0,Type1,2220.11029411765,2364.61764705882
AGCAACCAGGCAA,0,Type1,3826.57931034483,4050.65517241379
TCCCACCTGGGTT,4,Type7,2649.625,2898.34722222222
GTCAGTCTGGTGG,0,Type1,5263.23943661972,3907.07042253521
AGCGTGCTGGGTT,0,Type1,3505.2,4016.84864864865
CCCACACGTTACC,4,Type2,2524.97202797203,4633.55244755245
TTGTACCGTTACC,0,Type1,4570.9958677686,3351.09917355372
GCATACCCAAGTG,0,Type1,2348.54929577465,2436.7323943662
CGCCACCACCTGT,0,Type1,3707.95375722543,4538.13294797688
TAAGCACTGGCAC,0,Type1,5054.17391304348,2732.16304347826
CTTAGTCAGGCAG,1,Type6,3200.78172588832,683.269035532995
CGTCTGCAGGCAG,0,Type1,4137.55757575758,5113.48484848485
TCATCACACCCAG,0,Type3,2971.8085106383,4276.08510638298
CCGGGTCACCCAG,0,Type1,1613.24637681159,2291.40579710145
AATACACACCCAG,1,Type6,4656.11881188119,3086.81683168317
TAGTTGCCAATGC,5,Type4,2718.15454545455,1944.26363636364
CGGAACCACCACG,0,Type1,4004.1897810219,2860.31386861314
TTCACACAGGGTA,1,Type9,2536.19512195122,1451.92073170732
CTTAGTCTGGCAT,4,Type2,3075.14084507042,5010.33098591549
GTTTACGGTTGTT,2,Type1,2678.0,3190.20895522388
GGTTACGTGAACC,0,Type1,4191.57868020305,3057.12182741117
TCCAGTGACCTGG,2,Type1,4722.72307692308,3046.68717948718
GAGGCAGCAACAA,3,Type7,4853.62893081761,2161.86163522013
TAGAGTGCAAACC,3,Type1,1845.11656441718,3335.8773006135
GATTCAGCAACAA,3,Type3,2171.09523809524,2473.18253968254
GGTCTGGCAAGTG,2,Type1,4692.89147286822,1962.45736434109
GGCGGTGTGGGTC,3,Type8,4588.5,2390.63541666667
TAGGTGGGTTCAT,2,Type1,3915.58364312268,2683.33457249071
AGCTCAGTGGCAT,0,Type1,4582.85,1811.06875
CTATCAGTGGACG,1,Type6,4293.57142857143,2441.96
TCCCTGGACCTGC,5,Type1,2729.16393442623,1911.2131147541
CCCGCATCAACAA,1,Type1,2824.55714285714,592.414285714286
ATTTACTACCACC,2,Type1,1543.11875,3652.09375
ATTGACTTGGTGT,0,Type1,4280.24561403509,2682.63157894737
GTTAGTTTGGACA,4,Type2,4196.29946524064,4827.37967914438
CCTGCATTGGCAC,2,Type1,5106.98780487805,3161.33739837398
CCCCGTTCAAGTG,1,Type1,2703.85915492958,691.169014084507
CATCTGTCAACAC,1,Type10,1941.69306930693,965.09900990099
GCGACGTTGGACT,1,Type1,4500.3063583815,2743.94797687861
TTTCCATCAAACT,2,Type1,5178.984375,4012.3828125
CATCGTTCAACAG,0,Type1,4709.04147465438,3211.05069124424
GTTGACTTGGACG,0,Type1,4874.05882352941,3537.97058823529
ACACGTTGTTCAT,0,Type7,3749.46753246753,702.701298701299
ATGACATGTTCAT,2,Type1,3018.33043478261,4182.91304347826
TCAGCATGTTACG,3,Type1,4049.01363636364,3198.69090909091
CTATCATGTTACG,0,Type1,3438.75757575758,4031.23484848485
TCCTACACAACTT,0,Type1,3910.11055276382,5059.46733668342
GGACTGATGGCTT,1,Type1,2560.0,2659.64848484848
CTTATGAACCTCT,1,Type1,2675.82236842105,887.171052631579
CTGTGTAGTTCTC,0,Type1,1223.48,3716.90666666667
TCTAACATGGTCT,0,Type1,4620.49189189189,3226.24324324324
CGCTGTCACCCTT,0,Type1,5334.648,3914.704
TTACTGCTGGTCC,1,Type7,3292.74025974026,5533.62987012987
AGCGACCAGGTCA,2,Type1,3314.67045454545,554.693181818182
GAATGTCTGGCTG,1,Type4,1718.58888888889,2854.62777777778
TGTCGTCTGGTCT,0,Type1,5419.96946564885,3322.21374045802
GTGACACGTTTCT,1,Type6,4320.59602649007,2410.30463576159
ATAGCACACCTCG,0,Type1,4208.94387755102,5096.30612244898
CTCAACGGTTTCC,2,Type7,1974.1981981982,5024.66666666667
CCTCACGTGGTCN,3,Type1,1809.52,1538.16
CTATCAGACCAGG,0,Type1,4265.33163265306,3370.09183673469
CGTGGTGCAAAGT,0,Type1,3314.07339449541,3628.9128440367
TGTCACGCAAAGT,2,Type1,5364.39890710383,3864.98907103825
AGCTACGGTTTCT,1,Type1,4155.36134453782,2732.19327731092
GACTCAGGTTTCG,0,Type1,1878.6338028169,5022.14084507042
GGAATGGGTTAGC,0,Type1,1776.31007751938,2416.23255813953
GTAAACGACCTCG,0,Type1,3230.08139534884,5492.22674418605
AGTTGTTTGGGAA,4,Type2,1801.42063492063,3400.42063492063
TGTAGTTGTTGAA,3,Type7,3995.73891625616,4478.58620689655
CTGTGTTACCCTT,1,Type6,3385.10928961749,2684.07650273224
TTCGACTACCCTT,1,Type1,3476.80124223602,2002.92546583851
AGCCGTTTGGTCA,2,Type1,1886.91208791209,4839.66483516484
CCGAGTTCAAAGT,1,Type7,1635.875,1439.09166666667
GAATTGTACCAGT,2,Type2,2058.44642857143,3624.69047619048
GCAGACTGTTAGA,3,Type1,1416.11320754717,3216.8679245283
AGTACATGTTTCT,0,Type1,3582.27966101695,806.771186440678
AGTAGTTCAAAGA,3,Type4,1835.0,1346.09243697479
TACGGTTACCTCT,0,Type1,1858.16666666667,3667.40804597701
CCCAGTTGTTAGC,0,Type1,2561.11267605634,4729.34507042254
GTCCACTGTTGAT,0,Type1,2740.21929824561,549.561403508772
CCTGACTGTTCTA,1,Type1,4096.97540983607,1529.27868852459
TAGACATCAATCG,0,Type1,3768.14077669903,1548.00485436893
TACGACACAAGCC,6,Type3,3474.73026315789,5780.80263157895
ACTCCAATGGTAA,2,Type1,2668.77777777778,1214.17094017094
TGAAACATGGATT,0,Type1,4824.2480620155,2375.65891472868
CGGGTGACAACGT,0,Type1,2593.37062937063,4860.18881118881
TCTAACATGGTAC,4,Type2,3671.9746835443,4727.20886075949
GATATGATGGTAC,1,Type6,2750.23214285714,2538.02380952381
CTGGCAAACCTAG,1,Type6,2614.87068965517,1957.28448275862
TCATTGAACCATC,0,Type1,3387.42913385827,3636.68897637795
TCACGTACAACGC,0,Type1,4499.07853403141,1734.67015706806
GCATGTCCAATAA,4,Type2,3950.33333333333,3287.87254901961
TATGACCCAAATG,3,Type1,2218.94791666667,3755.26041666667
TCGTACCCAAGCT,3,Type4,4981.04487179487,2325.19230769231
GCGTACCTGGTAG,0,Type1,1660.77777777778,4349.74603174603
GGGTCACGTTGCT,1,Type1,2523.81118881119,3460.0
GTGTACCGTTCGA,1,Type6,3575.53992395437,3131.71102661597
CAGCGTCGTTCGA,0,Type1,4096.10555555556,3090.51666666667
GACCCACACCATA,0,Type1,1822.64052287582,3689.78431372549
TTGGACCACCATA,0,Type1,1749.61722488038,3486.24401913876
AAAAGTCTGGCGC,0,Type1,3742.67948717949,1639.02564102564
CTCAACCTGGTAT,0,Type1,3923.71770334928,4460.31100478469
GGATCACGTTTAT,0,Type1,5468.81171548117,3843.71966527197
GATATGGTGGGCC,5,Type4,2307.76785714286,4315.64285714286
TAAGCAGTGGTAC,0,Type1,2740.62295081967,5409.86338797814
TGGCCAGGTTATC,0,Type1,1735.23943661972,4413.21126760563
ACTGACGTGGATC,0,Type1,4554.63243243243,3594.68648648649
CTGCACGACCTAG,1,Type6,1894.53472222222,1037.28472222222
AGCGACGGTTATA,3,Type4,2773.59482758621,2274.71551724138
TATAGTTGTTTAA,0,Type1,1349.21774193548,4438.4314516129
CTAATGTACCTAA,0,Type1,5031.51184834123,2783.84834123223
GATCACTACCGCC,0,Type1,3141.55555555556,5507.4012345679
TTCGGTTTGGGCA,0,Type1,4250.48867313916,4920.96763754045
CTCTTGTCAACGT,0,Type1,1852.48214285714,4922.69047619048
CCAGGTTCAATAG,1,Type6,5487.01503759398,3600.24812030075
TCATACTACCCGA,0,Type1,4718.23048327138,2062.02230483271
ACGGTGTCAAATA,0,Type1,4220.40229885057,3103.34482758621
CCTCACTACCATA,3,Type1,2228.87820512821,2190.01923076923
CATCTCATGGGGG,1,Type4,3200.30597014925,2016.57462686567
CTTTTCAGTTTTG,5,Type4,2574.83333333333,4200.06666666667
AGTTTCAGTTCCA,0,Type1,2117.1686746988,3857.81927710843
TCAGCTATGGGGT,4,Type2,3727.1,573.58
GATAGAATGGTTG,3,Type7,2500.73333333333,2748.61904761905
GGTGTCATGGAAG,4,Type2,4041.7299270073,3240.19708029197
GACATCATGGAAG,1,Type1,5225.60674157303,3172.69662921348
TAGGTCATGGCCT,4,Type1,2732.41666666667,3840.16145833333
TGGGAGAACCGGC,4,Type7,5016.67226890756,4116.40336134454
ATCCTCAACCCCG,2,Type4,3492.51234567901,946.413580246914
TTACCTAGTTCCG,0,Type1,1789.30097087379,2378.23300970874
GGGTAGATGGCCG,4,Type7,4211.24081632653,1424.87755102041
CAAGTCCACCGGG,5,Type1,2978.21897810219,2233.90510948905
ACGATCCACCGGG,0,Type1,1376.42477876106,4447.88495575221
GAGTGACTGGTTT,0,Type1,1530.56707317073,3361.93902439024
TGCACTCTGGTTT,2,Type7,3408.35064935065,4519.4632034632
GGGTTCCGTTAAA,5,Type4,2996.71323529412,2168.41911764706
TAACTCCCAATTG,1,Type1,4407.63306451613,2528.02822580645
TAGCTCCCAAGGT,0,Type1,1459.03921568627,4449.33333333333
ACCAAGCACCTTG,5,Type4,2998.07058823529,2149.04705882353
GCGTGACACCCCA,1,Type4,2137.57971014493,1320.60869565217
GGCGGACTGGGGT,1,Type8,3093.68390804598,2658.64942528736
GCCTGACACCTTA,0,Type1,2864.26712328767,4809.80136986301
GCCCGAGGTTGGG,0,Type1,3586.83625730994,4183.85380116959
ACTTGAGGTCCCC,1,Type6,2660.25157232704,2318.25786163522
ATTACTGTGGGGG,0,Type1,5157.62801932367,3734.8309178744
GGTGAGGTGGCCT,4,Type1,5215.63432835821,2869.79104477612
CAACGAGCAAAAG,1,Type5,2561.79375,1609.89375
ATGTGAGCAACCT,4,Type7,1376.68644067797,3215.23728813559
CTTGCTGACCTTA,3,Type1,1757.12169312169,4434.0
GCACTCTTGGTTG,2,Type1,1679.975,4651.09166666667
GATGCTTACCAAG,4,Type2,1647.42288557214,4822.09452736318
ATGGCTTTGGCCG,1,Type6,4261.14141414141,2423.70707070707
AGCGCTTGTTGGC,0,Type1,1614.84905660377,2232.20754716981
CCGGCTTCAATTA,4,Type2,4544.72043010753,3781.86021505376
CTTTGAAGTTACC,0,Type1,2684.61650485437,3087.7572815534
GCGAAGAGTTGTT,4,Type1,1576.21359223301,2521.12621359223
CGTCCTAACCGTG,0,Type1,4003.27642276423,4701.38211382114
AGGTAGACAAGTG,1,Type1,5226.86255924171,3234.43127962085
GACCAGAGTTGTG,0,Type1,3099.39805825243,5305.11650485437
ATGATCATGGACA,0,Type1,3102.97452229299,5142.17834394904
TAGCTCATGGCAC,5,Type4,2769.22068965517,2072.2
CCGTCTACTTGTC,3,Type1,2784.53947368421,1042.10526315789
ATCGGAAACCGTA,4,Type1,2842.94202898551,4634.02898550725
GCTATCAACCCAT,0,Type1,2344.13821138211,1643.22357723577
CTGCTCACAACAT,4,Type1,3910.84722222222,4197.15740740741
CCTTCTAGTTGTA,0,Type1,1920.75333333333,4883.77333333333
CTTAAGATGGGTA,5,Type4,2723.24637681159,1851.05072463768
AGAAAGATGGGTA,4,Type2,2777.6404494382,5552.42696629214
GTCAGACCAAGTT,4,Type2,1561.49295774648,2491.91549295775
GCTATCCACCGTT,4,Type2,2216.79069767442,2590.20930232558
CCTGAGCGTTCAA,0,Type1,4200.40721649485,4979.66494845361
TCCTGACACCACA,1,Type1,1740.21978021978,2486.38461538462
GAAGCTCAGGACA,3,Type7,3971.83495145631,4273.64077669903
GGTGGACACCTGT,0,Type1,2913.38009049774,3590.6334841629
AAGACTCACCGTG,4,Type2,5139.4328358209,2616.63432835821
GGCTCTCACCTGT,0,Type1,2694.90610328639,1660.92488262911
TTGCGACTGGTGT,0,Type1,2825.52380952381,1559.42857142857
CCGTAGCTGGGTG,2,Type1,3630.44554455446,897.915841584158
TGGGCTCACCACT,3,Type4,3287.90344827586,923.186206896552
GACTAGCACCGTC,1,Type6,4210.38167938931,3364.21374045802
CGCCTCCACCACT,1,Type6,2615.40828402367,2471.52071005917
AGGTCTCCAACAT,0,Type1,2235.09923664122,3761.06106870229
GTGAGACAGGGTA,0,Type1,2002.63063063063,2448.08108108108
CTAAAGCACCTGC,1,Type1,3645.09482758621,3915.62931034483
GCCCTCCTGGTGC,5,Type1,2755.65,2101.7875
CCCGAGCTGGGTA,0,Type4,2831.05617977528,1546.83146067416
AACCGACTGGGTA,0,Type1,4690.18090452261,3595.53768844221
GCACAGCTGGGTA,3,Type7,4302.49253731343,4876.74626865672
CGACAGCTGGTGC,1,Type6,3010.91111111111,2311.91111111111
CCAACTGACCCAA,3,Type1,2512.24137931034,1440.97413793103
CGTAAGGACCGTT,0,Type1,1570.1875,3426.43055555556
CCGTAGGACCGTT,0,Type1,1481.8625,3440.3125
GCAACTGCAACAA,1,Type1,3636.98412698413,3930.89947089947
CGGGGAGGTTTGT,1,Type5,3385.07865168539,1343.17415730337
ATTCTCGTGGTGT,1,Type6,3218.55140186916,3051.40654205607
TACAAGGTGGACA,1,Type6,1908.59558823529,4505.48529411765
AGTCCTGTGGTGT,1,Type6,3703.2816091954,3033.2816091954
ACGGAGGTGGTGT,4,Type7,3391.83035714286,4253.40178571429
GTGGGAGACCGTG,0,Type1,3065.99504950495,5209.42574257426
CTGTAGGTGGCAG,0,Type1,2848.99024390244,775.409756097561
TGCACTGACCCAG,4,Type1,2699.58421052632,2983.41052631579
GCTGTCGCAAGTC,0,Type1,5206.41810344828,4066.70689655172
AATCTCGGTTGTA,3,Type7,2134.09022556391,1198.8045112782
GGCCTCTTGGGTT,3,Type3,4064.85990338164,4665.18357487923
CAGGCTTTGGTGT,3,Type1,4938.37288135593,2171.54802259887
ATGAAGTCAATGT,0,Type1,3168.21568627451,528.352941176471
CCAGAGTCAAGTG,0,Type1,4976.32222222222,3852.11111111111
CCATAGTCAATGT,0,Type1,2241.70212765957,1374.81914893617
TCGGTCTCAAGTG,0,Type1,3496.22641509434,1178.57547169811
CCTTCTTACCACA,5,Type4,1843.08633093525,1322.69784172662
ATAGCTTACCCAC,0,Type1,3595.36842105263,552.80701754386
ACCTAGTGTTGTC,0,Type1,4508.68390804598,2805.53448275862
CCATCTTGTTTGA,0,Type1,3442.18543046358,4147.8940397351
TTCCCTTGTTACT,3,Type7,1594.23577235772,2590.54471544715
CCACGATCAAGTC,4,Type2,2873.48404255319,4650.70212765957
CCCGCTTACCGTC,4,Type2,4764.88942307692,4006.53846153846
ACATCTTTGGTGC,3,Type1,2812.01898734177,1366.45569620253
CTAACTTTGGGTA,1,Type6,3750.88571428571,2702.95102040816
CTACTCTTGGCAT,3,Type4,2993.9274611399,3678.38860103627
CCGATCTTGGGTA,2,Type1,5423.93893129771,3389.57251908397
GTGGTCTACCACG,0,Type1,4905.87837837838,2458.70945945946
TGATGATACCACG,1,Type6,2070.61061946903,1763.40707964602
ATTGCTAGTTCTT,0,Type1,1368.60465116279,4021.56589147287
ATGATCAACCAGT,0,Type1,2747.99152542373,4804.91525423729
GTGTAGAACCTCT,0,Type1,4096.204,5181.856
ATGTGAAGTTAGA,0,Type1,3551.14754098361,4147.0
AGGACTAACCTCG,0,Type1,2722.38926174497,5211.77181208054
TTCCCTCTGGGAA,0,Type1,2849.98113207547,4715.35849056604
GTATGACTGGCTT,1,Type1,3997.6875,1039.63888888889
GCGGTCCACCTCA,3,Type3,2099.06666666667,1024.91111111111
CGCGCTCACCAGT,5,Type1,2553.33606557377,673.827868852459
ACGGCTCACCTCT,0,Type1,4421.36633663366,2703.9504950495
CCTGAGCGTTGAG,4,Type7,4198.3,3421.30909090909
CGCTGACGTTTCT,4,Type7,2019.3027027027,3732.62162162162
TAACTCCAGGCTA,0,Type1,4202.47183098592,3220.54225352113
CCCTTCCACCTCG,0,Type1,4161.60355029586,5361.73964497041
ACCGTCCAGGCTA,0,Type1,4733.68421052632,2144.32631578947
GGTAGACACCGAT,2,Type7,4172.35353535354,3500.31313131313
GGAGTCCACCAGC,1,Type1,3315.95070422535,1841.26056338028
TCGTTCGACCAGG,4,Type2,4176.52173913044,3397.67391304348
AGTAAGGTGGTCA,1,Type6,2922.91139240506,1705.41139240506
TGCCAGGACCTCT,0,Type1,4504.65306122449,2521.5612244898
GCATTCGGTTCTA,1,Type9,2309.86516853933,1793.5393258427
GGCTCTGGTTTCN,0,Type1,3130.58666666667,5521.50666666667
TCTCCTGTGGAGC,5,Type3,2896.98924731183,2147.84946236559
TACGAGGACCTCG,3,Type3,3303.72262773723,5080.9197080292
ACCTAGGCAAGAT,2,Type1,3375.77528089888,4958.0936329588
TGGCAGTCAAAGG,0,Type1,2588.97641509434,4706.69339622641
TCCTGATTGGAGT,1,Type6,3779.13358778626,3874.93893129771
TTCAGATTGGAGT,1,Type1,1888.04424778761,4475.58407079646
CATCTCTGTTAGT,2,Type3,3389.67264573991,4521.7264573991
CACTAGTCAATCA,5,Type4,5270.61176470588,3357.19411764706
AGCATCTGTTCTA,1,Type1,1609.41605839416,1144.3795620438
ATGGCTTACCAGC,5,Type4,2400.94270833333,902.171875
ACGTTCAGTTCGG,2,Type1,4050.37226277372,3045.34306569343
TCCTCTAACCTAC,1,Type4,3129.51754385965,2067.31578947368
TACCTCAACCTAC,4,Type2,3788.57746478873,4962.59154929577
TATCAGATGGATG,0,Type1,4102.38732394366,1785.09154929577
ATATCTATGGTAC,1,Type1,4561.92777777778,2126.76111111111
ATAACTATGGATA,2,Type1,1533.06358381503,4569.32947976879
AATTGAATGGATA,3,Type1,2837.72781065089,1518.92307692308
TGGTGACACCTAA,1,Type6,2824.97959183673,1659.12925170068
TTATTCCACCATT,1,Type6,3808.2987012987,1194.0
TGGAAGCTGGGCC,0,Type1,3681.41758241758,4565.88461538462
AACCGACCAAGCA,2,Type1,3317.8776371308,939.2194092827
ACATCTCTGGATG,3,Type1,2602.59042553192,3286.96276595745
GGTCGACGTTTAC,0,Type1,4965.50344827586,3747.44827586207
CCTGCTCGTTGCA,2,Type1,2020.76436781609,4785.70114942529
TGCCAGCACCTAG,1,Type1,2549.32926829268,1315.19512195122
CGTCCTCCAACGC,0,Type1,4672.23529411765,2335.70098039216
CTTAAGCTGGATA,1,Type6,1929.87096774194,2227.40860215054
TTAGAGCTGGGCG,0,Type1,4956.79365079365,2627.92592592593
GGGGTCCGTTGCG,2,Type1,3628.12179487179,679.326923076923
TGCACTGGTTCGG,3,Type7,1586.55921052632,4856.15789473684
GTGATCGTGGGCC,0,Type1,3527.53211009174,4169.92660550459
GATATCGGTTCGT,2,Type1,1948.32876712329,1354.08219178082
CGCACTGTGGCGT,0,Type1,3818.27333333333,3071.66666666667
GAGACTGGTTATC,0,Type1,3095.64102564103,5128.79487179487
CTCTCTGGTTGCT,0,Type1,3253.79746835443,5444.73839662447
GCGTTCGGTTCGA,5,Type3,2082.55,1266.20833333333
ACCACTGCAAGCG,0,Type1,4642.11059907834,3364.1935483871
CGGCAGTCAAGCC,0,Type1,1580.90666666667,2115.60444444444
ACTTGATTGGCGT,0,Type1,3393.39597315436,3802.42953020134
CGCCTCTGTTCGA,2,Type1,2520.13063063063,4483.16216216216
TGCGGATGTTGCT,4,Type7,1601.25547445255,4792.90510948905
TATGAGTTGGGCG,1,Type1,3739.60869565217,3770.70186335404
GAATAGTGTTGCG,0,Type4,2650.8992248062,5177.82945736434
CTCTGATACCATA,0,Type1,2459.66071428571,3596.44642857143
GGTTTAACAAAAC,3,Type1,2968.22950819672,1591.10655737705
ATCAGCAGTTGGG,3,Type1,2500.32191780822,2996.19863013699
GCTAATATGGCCC,0,Type1,1751.25165562914,4411.46357615894
GTTGATAACCTTG,0,Type1,3861.66666666667,4042.63157894737
ATACCGAACCTTG,4,Type2,3186.19512195122,916.918699186992
CCGCCGACTTCCA,0,Type1,1452.36363636364,4396.45454545455
TGGGTAAGTTTTG,0,Type4,3708.7972972973,1114.25675675676
TACTGCATGGGGT,0,Type1,5236.34615384615,3155.76098901099
CCTGGCATGGTTG,0,Type1,1824.0,4520.70476190476
CTGCCGAGTTTTC,0,Type1,1284.55056179775,3679.43820224719
TACGATAGTTGGA,5,Type4,2090.48275862069,1349.04310344828
GGATTAAGTTCCG,3,Type7,1516.92215568862,2361.07784431138
GTGCTAATGGTTA,4,Type2,3424.81142857143,4255.49714285714
TCTTGCATGGTTA,0,Type1,1718.43333333333,4726.21333333333
CTAACGATGGCCG,0,Type1,3173.06285714286,3454.77714285714
AAGTGCCCAAGGG,0,Type1,1610.03571428571,4347.75892857143
TCGCCGCTGGGGG,3,Type7,1989.86466165414,1377.4962406015
GGAATACTGGCCA,0,Type1,4053.28350515464,2709.5618556701
TTCACGCTGGGGT,0,Type1,2704.65100671141,1393.95302013423
CACCCGCGTTGGT,3,Type7,4738.23255813954,3916.66279069767
GCACGACCAATTC,0,Type1,2618.375,5323.825
GGGTGCCACCGGN,2,Type4,4327.89940828402,4416.54733727811
ACTGGCCTGGTTC,0,Type1,5381.27093596059,3862.02463054187
GCAAATCGTTAAG,0,Type1,4796.04347826087,2194.31304347826
CCTGATCGTTCCT,0,Type1,1625.31746031746,3557.57142857143
TGTTCGCACACCG,0,Type1,5417.05172413793,3788.74137931034
AATTGCCACCAAT,0,Type1,4824.85114503817,2812.75572519084
CACGGCGGTTGGG,4,Type2,2513.31292517007,4645.76870748299
CCCGCGGCAACCA,0,Type1,4349.94059405941,1696.75247524752
CTGGATGTGGGGA,2,Type2,3349.23897058824,4265.15441176471
TAGCATGACCCCT,4,Type2,2438.07954545455,5077.11363636364
GTGCCGGTGGCCG,3,Type4,2811.58426966292,1869.16853932584
ATTCTAGACCGGC,0,Type1,2129.43243243243,3813.43783783784
GAAAGCGCAACCG,3,Type7,2512.40206185567,2760.79381443299
ATGACGGCAAAAT,4,Type1,4150.96875,1304.75625
CGCAATTTGGAAA,5,Type4,2746.29850746269,2144.58208955224
ACGTATTTGGCCC,0,Type1,1508.9435483871,4538.97580645161
GCATGCTCAATTT,5,Type3,1840.90909090909,995.30303030303
GCTGGCTACCTTT,0,Type1,4816.56637168142,3329.99557522124
TGAAATTTGGGGT,0,Type1,1717.76712328767,2340.08219178082
CCACCGTGTTTTG,0,Type1,5130.60975609756,3080.38211382114
TGCAGCTGTTCCA,1,Type1,2723.62222222222,918.296296296296
ATGATATCAAAAC,5,Type4,2799.525,2073.84166666667
TAGCGCTGTTGGA,2,Type1,2276.12757201646,3954.02469135802
CATGATTGTTCCT,2,Type7,3640.73770491803,1056.59836065574
TTCCTATACCCCT,1,Type6,2358.14285714286,3991.69230769231
ACTGGCAACCGTT,1,Type6,3186.70229007634,2903.39694656489
TGACATAACCGTT,1,Type4,3995.66666666667,4594.5
TAGTTAAGTTACC,0,Type1,4427.06666666667,2671.11794871795
CGATGCAACCACA,0,Type1,1419.10306406685,4478.00278551532
CCGATAAGTTGTG,0,Type1,3501.24675324675,4304.96103896104
ATCCCGAGTTTGT,4,Type2,3720.70552147239,4832.55828220859
TTCTTAATGGACA,0,Type1,4563.19090909091,1940.99090909091
CCCGCGAGTTACT,3,Type7,3377.35964912281,1248.43859649123
GTCCGAAGTTGTC,1,Type6,2719.38167938931,4980.26717557252
CTGCATATGGGTC,4,Type2,2904.48823529412,4671.02352941176
GACGATAACCCAT,2,Type2,4629.59239130435,3989.17934782609
ATTGCGAGTTGTA,1,Type10,4746.5487804878,1919.9512195122
TGTTCGATGGCAT,0,Type1,2636.56451612903,2711.24731182796
TGTGCGATGGGTA,3,Type7,5378.97575757576,3142.33333333333
TGGGCGCCAAGTT,2,Type1,3118.88888888889,770.045751633987
TAGCCGCTGGCAA,3,Type9,1948.31111111111,3645.62222222222
AGGTGCCACCCAC,0,Type1,3549.65591397849,4219.35483870968
GGCGGCCGTTAGT,0,Type1,5027.41111111111,4557.13333333333
TATTGCCCAATGA,1,Type6,2828.41176470588,2225.92647058824
CGGGGCCAGGGTC,1,Type1,5465.41176470588,3545.99346405229
TCCCGCCTGGCAG,3,Type1,2241.74553571429,1015.30803571429
AGGTATCTGGGTC,0,Type1,4119.66473988439,4969.0
AGGAGACACCGTA,0,Type1,3760.62025316456,1434.0
CGCTTACACCTGC,5,Type1,4362.16292134831,3007.22471910112
CCGATACACCCAT,3,Type7,4418.3309352518,3744.94964028777
TCATGCCTGGGTA,1,Type1,4766.40343347639,2595.66094420601
GTTTATCGTTGTA,1,Type6,2874.18055555556,2401.88888888889
TGTTATGGTTGTT,4,Type4,2105.38345864662,3787.2030075188
CTATTAGTGTTGG,0,Type1,5393.24096385542,3473.84337349398
CAGCGCGCAAGTT,3,Type1,3915.78461538462,2996.74871794872
GCCCGCGGTTCAN,0,Type1,4112.20886075949,2932.25316455696
ACATTAGGTTGTG,3,Type7,5164.8125,2680.79861111111
ACTTATGGTTGTC,1,Type1,4374.97333333333,2859.6
CGGTATGACCACT,1,Type1,2563.87628865979,5084.88659793814
GCACCGGACCTGA,0,Type1,2623.99572649573,4961.64102564103
TCGCCGGACCACT,2,Type7,4263.60909090909,1425.19090909091
CCCTGCGCAACAG,1,Type6,1664.63043478261,1377.55434782609
TACCCGGGTTGTA,4,Type2,3702.87898089172,5592.84076433121
GTGTCGGGTTTGC,0,Type1,4836.96923076923,3432.67692307692
TGAATAGGTTGTA,2,Type1,3196.36363636364,791.104895104895
TATTCGGTGGGTA,3,Type7,4514.09361702128,2200.73191489362
ATGTATGCAACAT,4,Type2,3175.4880952381,5093.84523809524
TAGTCGGCAACAT,1,Type6,2950.90196078431,2241.19607843137
GGCACGGCAAACG,0,Type1,1630.76984126984,4460.10317460317
GTCCATTTGAACC,0,Type1,4918.71865443425,3539.91743119266
TCCGCGTCAATGG,6,Type1,3622.36363636364,4538.23484848485
ATGTCGTCAAACC,0,Type1,2805.70229007634,3690.0
ATTGATTACCTGG,1,Type6,3704.28342245989,4047.28342245989
AGTCTATTGGACA,0,Type1,1863.95209580838,4711.94011976048
TTGATATCAATGT,2,Type2,1446.78391959799,4791.00502512563
CAAGCGTACCCAC,0,Type1,3375.5696969697,3575.83636363636
ATGGCGTACCCAC,0,Type1,4708.14124293785,2457.53107344633
CTGAGCTACCCAC,1,Type6,3728.0110701107,2163.68634686347
ATCCGCTGTTTGA,0,Type1,2705.21649484536,5266.65979381443
CGTATATTGGGTA,0,Type1,1827.07407407407,2476.14814814815
GTCTGCTTGGTGC,0,Type4,3193.7987804878,1999.7743902439
AGCCATTTGGGTA,2,Type1,3447.13300492611,4016.31034482759
CTGGGCTGTTTGC,1,Type6,3005.45833333333,2296.91071428571
AATTTATCAAGTA,0,Type1,4629.20754716981,1968.66037735849
ACCTTATCAAACG,4,Type2,4046.43558282209,2982.08588957055
GGGACGTCAAACG,0,Type1,4410.29861111111,2549.54861111111
GCTACGATGGCTT,1,Type6,2408.70149253731,2598.01492537313
TGCCTAAGTTAGT,4,Type2,4761.48837209302,1990.83720930233
GGCTTAAGTTGAC,4,Type7,2961.13138686131,5613.21897810219
CGGCATAACCGAT,5,Type4,2543.03759398496,2035.38721804511
AGCGATAACCCTA,3,Type1,3031.80203045685,1308.64974619289
TACTTAACTTTCG,0,Type1,2816.01724137931,1622.79310344828
CATCTAATGGTCG,0,Type1,4152.54639175258,1392.85567010309
GGTCATCTGGCTT,1,Type6,3677.93006993007,3587.0
CCTGGCCTGGAGG,3,Type7,5512.77731092437,3490.8487394958
CCATATCCAAAGT,0,Type1,4597.4776119403,3276.58208955224
GTCTGCCACCAGT,3,Type2,2718.22962962963,3957.4962962963
AATGATCGTTAGT,0,Type4,4131.51764705882,3236.05882352941
GCACCGCACCCTC,0,Type1,5122.19607843137,2881.25490196078
GTCATAGTGGCTT,0,Type1,3431.015625,3918.57291666667
CGCGCGGTGGGAA,0,Type1,3615.0,4338.90277777778
AGGCTAGCAACTT,3,Type4,2584.8,909.4375
TATAATGCAACTG,2,Type4,3092.02403846154,4524.28846153846
TGAGTAGACCTCT,0,Type1,3854.04895104895,5002.97902097902
ATTTTAGACCAGC,4,Type2,1722.02721088435,4952.27891156463
GCTGCGGCAAAGC,4,Type2,5359.57718120805,3104.59731543624
AGCGCGTACCCTT,2,Type7,2147.24,4631.96666666667
TAAGGCTGTTAGT,2,Type1,3181.38345864662,740.84962406015
CTACCGTGTTCTG,1,Type1,2602.42424242424,4300.37878787879
CCAGCGTCAATCT,0,Type1,2590.26277372263,4816.3795620438
GCCGGCTACCCTC,4,Type2,3051.75471698113,969.716981132075
AGTACGTACCCTC,0,Type1,2987.3359375,600.4921875
ACTTCGACAACGG,0,Type1,5443.07975460123,3834.47852760736
CATCCGATGGGCC,1,Type1,1741.58227848101,983.360759493671
TATGTAAACCCGT,0,Type1,3357.81343283582,820.925373134328
TGTCCGATGGATC,5,Type1,2613.08522727273,4834.98295454546
CGAGTAATGGATC,0,Type1,2758.71052631579,3171.85263157895
TAACTAAACCCGC,0,Type1,2703.08633093525,5426.30215827338
GGTAGCAACCGCG,0,Type1,1578.4364640884,4507.79005524862
ACCAGCACAAGCG,4,Type2,1125.86666666667,4063.0
ATTAATACAATAT,0,Type1,3946.34536082474,1104.38659793814
TGGAATCACCTAA,4,Type2,2014.00653594771,3775.16339869281
CGTCCGCACCCGG,0,Type1,2497.83233532934,4429.31137724551
ACGGGCCACCGCC,0,Type1,3975.41525423729,2875.26271186441
TAATGCCTGGGCC,0,Type1,4833.46759259259,2330.56018518519
AACCTACACCATG,0,Type1,1570.11695906433,4311.53216374269
GTGTCGCTGGCGT,1,Type6,3291.8487394958,2264.13445378151
TCAGGCCTGGGCA,1,Type1,1794.98324022346,4585.35195530726
AGAAGCCTGGTAC,1,Type1,2424.50406504065,937.487804878049
GACTGCCACCCGA,0,Type1,3981.0,1793.0
CTCAATCACCGCT,0,Type1,3419.62416107383,3753.36912751678
AACTGCCTGGCGA,0,Type1,1555.97647058824,3481.68235294118
TGTCATCACCGCG,4,Type7,4401.36571428571,3529.28
TCGTATCACCCGC,0,Type1,1230.92,3649.696
CCTGGCGGTTCGG,0,Type1,4750.04724409449,2091.11811023622
GATGATGGTTTAA,3,Type4,2932.38028169014,2081.25352112676
GCGAGCGTGGTAA,1,Type6,3944.49344978166,4706.76419213974
CTGACGGACCCGG,1,Type1,3221.94392523364,554.859813084112
TTTCCGGTGGTAC,0,Type1,2708.68553459119,5064.86163522013
TCCATAGGTTTAG,2,Type2,1074.6875,3979.14285714286
GGTATAGACCATC,0,Type1,3835.61870503597,4710.58992805755
ATGATAGACCGCG,4,Type2,4287.7299270073,4867.87591240876
TCCTATGCAAGCG,0,Type1,5390.24342105263,3535.67763157895
ATGGTATTGGGCC,0,Type1,4839.79120879121,2344.92307692308
CAATATTACCTAA,3,Type1,2360.94701986755,1703.12582781457
ATCGGCTACCATT,1,Type6,3643.62777777778,1472.60555555556
CATCGCTTGGGCA,3,Type7,1101.0,4135.65
TCGGGCTGTTTAC,5,Type4,2790.86808510638,2276.86382978723
TAAGTATCAACGT,1,Type8,3903.57837837838,4693.36216216216
GTTCATTCAAGCA,0,Type1,1204.41035856574,3918.2390438247
TGCTGCTCAAATG,1,Type1,3767.66839378238,4981.79274611399
AGAACGTACCCGA,0,Type1,5372.54198473282,3323.39694656489
GAACCGTACCGCT,1,Type4,1929.85546875,1210.0859375
CTGGGCTTGGTAT,4,Type2,3204.49735449735,5583.01587301587
AACTCGTGTTGCG,0,Type1,2492.12571428571,5042.56
AACGAAAACAAGC,3,Type7,3381.5956284153,1206.7650273224
CGAATTACACGGT,5,Type4,2891.77011494253,2129.77011494253
AGATCCACTGCCA,1,Type4,3888.88659793814,658.845360824742
CTCAGGAGTGGGT,0,Type1,5153.77348066298,3878.96685082873
AATCTTATGACCA,1,Type1,4439.2131147541,3490.20218579235
GACCGGACACGGA,0,Type1,3892.1164021164,4781.93121693122
AGTGAAACACTTA,3,Type7,1063.98876404494,3437.43820224719
ACAGCCAGTGTTA,0,Type1,3139.35714285714,901.967532467532
TACAGGATGTTTA,3,Type1,3213.53703703704,5562.94444444444
AGATAAATGACCG,1,Type6,3137.06930693069,3400.69306930693
TACCAACCACTTT,1,Type8,4566.12096774194,2268.1814516129
GGTAAACCACCCC,1,Type6,2488.39694656489,1253.39694656489
ATACCCCCACAAA,0,Type1,1942.21052631579,2367.94736842105
CTGAAACACAAAA,0,Type1,4745.32735426009,2318.33632286996
TATGTTCTGTTTT,1,Type9,2546.52,1525.352
GTAGTTCGTGCCC,1,Type7,2780.51492537313,884.34328358209
TGTGAACCACGGA,4,Type4,1931.36,1079.28
AAAGCCCACACCT,1,Type4,2460.75757575758,1034.45454545455
CAACCCCTGTAAG,5,Type4,4566.69565217391,2110.67391304348
GTGACCCTGTAAG,4,Type2,4226.20869565217,1451.04347826087
CGGAGGCTGTAAT,3,Type1,3250.42201834862,3524.4128440367
ACCTGGCGACGGC,1,Type6,4257.96923076923,1782.30769230769
TCCCCCGGTGCCC,0,Type1,3814.42780748663,4795.41711229946
TCCTAAGCACTTT,3,Type7,3636.32710280374,822.934579439252
CATTTTGACAAAC,1,Type6,3752.435,2580.415
CGCCCCGCACAAC,0,Type1,3887.80662983425,2783.01657458564
AATTGGGCACTTG,4,Type2,2708.16788321168,3932.05839416058
CTACTTGTGTAAG,1,Type6,1729.04938271605,1043.58024691358
GCACCCGGTGCCG,1,Type9,2222.94545454545,2300.50909090909
TGGTGGGCACAAT,2,Type7,1373.71666666667,4646.28333333333
TGTACCGCACGGC,0,Type1,1868.10948905109,4634.35766423358
CATAGGGCACTTA,3,Type7,4076.36879432624,3350.99290780142
GCATGGTACAGGG,4,Type2,1108.54411764706,4014.73039215686
TGTAGGTTGTAAC,0,Type1,4077.76315789474,1646.44210526316
CATGTTTTGTAAC,0,Type1,4007.90196078431,3087.79738562092
TCTCCCTCACTTG,4,Type7,4431.72222222222,4983.53086419753
ATATTTTTGTGGA,4,Type7,2407.38095238095,3567.97619047619
TAGGTTTCACTTC,5,Type4,1862.60427807487,4288.95721925134
CCGACCTCACAAG,0,Type1,5053.05833333333,2650.46666666667
TATTTTTGTGGGC,0,Type4,3952.03977272727,2776.14204545455
AGACGGTCACCCG,0,Type1,3409.97530864198,799.574074074074
TATTGGTACAGGC,0,Type1,1776.87096774194,3746.62903225806
GGCCTTTACAGGC,3,Type7,4716.38647342995,3893.14009661836
GTAAGGATGTGTT,1,Type6,1676.37007874016,1368.14173228346
GCGTCCAACAACA,1,Type1,2984.75961538462,1514.125
TGGTGGACACCAC,3,Type2,3268.15333333333,908.74
TGGAAAAGTGGTG,3,Type2,2970.2,1054.70714285714
CTTCTTAACAGTC,0,Type1,3465.47142857143,4164.98928571429
CCTCGGACACGTC,0,Type1,4324.35761589404,5036.31125827815
ACGTCCACTGCAG,4,Type1,3970.13333333333,3147.00833333333
TGTCCCAGTGTGA,0,Type1,2981.32142857143,5561.91071428571
TGCAGGAGTGGTC,0,Type1,4606.53719008264,3667.82644628099
CGCTGGATGTTGA,0,Type1,2572.96590909091,4943.27272727273
CTCATTACACTGC,0,Type1,3687.84042553192,4312.98404255319
GTAGTTACACACG,4,Type2,2358.36645962733,2641.35403726708
TAATCCAGTGCAT,0,Type1,4583.63725490196,2179.87254901961
TGCGCCAGTGGTA,0,Type1,3540.7610619469,1970.27433628319
CACGTTCCAGACC,1,Type4,2977.6347826087,2522.78260869565
TACAGGCTGTGTT,0,Type1,5013.81545064378,3546.66094420601
AGCTCCCCACCAC,1,Type1,4110.66447368421,4984.30263157895
CGCGAACCACTGT,0,Type1,1331.74418604651,4305.1007751938
ACACTTCTGTGTG,1,Type1,3287.25217391304,1852.5
CCCGGGCGTGGTG,0,Type1,3688.50920245399,4484.53987730061
CCGTCCCGTGGTC,0,Type1,4737.66666666667,3474.42753623188
TCATAACCACACG,0,Type1,4591.71176470588,2157.25882352941
TCGATTCCACGTA,2,Type8,2237.21084337349,1289.76506024096
GTTTAACACTTGC,3,Type1,1767.15555555556,2535.14814814815
GAACCCCACTGTA,4,Type2,3094.15384615385,1469.99230769231
CTCACCCTGTTGC,4,Type2,4162.64623955432,3385.76601671309
CATTCCCTGTCAN,3,Type4,2029.77570093458,1241.73831775701
AGTAAAGGACACC,0,Type1,3883.6976744186,1608.75581395349
GATAGGGCACCAA,5,Type4,2543.18333333333,4690.63333333333
GGCTCCGGTGACT,0,Type1,1919.23684210526,5021.55263157895
TTGTAAGACAGTC,1,Type6,2220.34615384615,929.75641025641
GTCAGGGCACTGA,5,Type4,2759.81951219512,1842.32682926829
CGAATTGTGTGTA,0,Type1,2803.98192771084,1575.30722891566
TGAGAAGTGTTGC,0,Type1,3653.90540540541,4584.29054054054
TTCTAAGACACAT,0,Type1,3450.16279069767,3491.00581395349
CTTAAAGCACACG,1,Type6,3623.56462585034,1354.86394557823
TAGTTTGCACCAT,3,Type7,2316.18897637795,1072.55118110236
ATCACCTTGTGTT,0,Type1,2449.20634920635,5355.26455026455
AGTAGGTGTGGTT,1,Type6,4243.63716814159,2464.91150442478
GGATGGTGTGCAA,0,Type1,5009.79289940828,2481.9349112426
TTACTTTGTGGTT,2,Type3,2367.23170731707,1142.09756097561
TAAGAATCACTGG,4,Type7,4145.88636363636,3377.32954545455
AACGGGTTGTCAC,0,Type1,4701.25566343042,3522.61488673139
CTTTGGTGACGTG,1,Type6,3706.85810810811,1348.33783783784
GCTATTTCACGTG,1,Type6,4496.81012658228,2198.91139240506
CCGACCTTGTGTC,0,Type1,3405.16129032258,754.795698924731
GTAAAATGTGGTC,0,Type1,4197.85046728972,1561.60747663551
GCGGCCTCACCAG,2,Type1,3600.18965517241,4145.37931034483
GATCTTTTGTACG,0,Type1,5236.36036036036,3954.2972972973
GTGCCCTCACGTA,0,Type1,1658.65789473684,4739.18947368421
GAGTGGTACAACG,0,Type1,3028.52674897119,3537.20576131687
ACGAAAACTGGAC,1,Type6,2973.13513513514,5297.76576576577
ATACGGAGTGGAC,4,Type2,3196.19553072626,5598.15083798883
AAGTGGATGTCTG,5,Type4,3007.34355828221,2192.0
GCAAGGACACGAG,1,Type6,3783.52331606218,1471.09844559585
GACCGGATGTGAG,2,Type1,2047.9603960396,4642.78217821782
CGAGGGAACAAGC,3,Type7,2666.4347826087,3090.82608695652
ATACAAACACTCG,4,Type2,2538.74611398964,3454.05699481865
TTATGGACACCTA,0,Type1,4090.24657534247,1226.2397260274
AGCCAACCACAGT,6,Type6,3437.62114537445,2228.77973568282
TCCACCCAGTTCA,0,Type1,4239.38118811881,4904.60396039604
GAAATTCTGTTCA,1,Type4,3131.26717557252,2156.59541984733
GTCTGGCTGTAGT,0,Type1,2526.14184397163,3507.05673758865
CCGCTTCTGTTCA,1,Type1,2061.65131578947,4544.71052631579
CAGATTCGTGTCA,1,Type1,2871.6369047619,691.839285714286
CCTTAACAGTTCT,0,Type1,1203.248,3636.968
GGGGGGCTGTCTC,0,Type1,3664.17647058824,648.680672268908
GCCTGGCTGTTCG,1,Type6,2930.74615384615,3168.68461538462
GGCCTTCTGTTCG,0,Type1,5290.03448275862,3937.37931034483
TACTTTCGTGAGC,0,Type1,4296.96774193548,5084.09677419355
TCTTGGGGTGCTG,2,Type1,4567.34285714286,3148.96571428571
CCCCAAGTGTAGT,0,Type1,4052.5,1517.0
GTACTTGCACGAC,0,Type1,2851.33333333333,4752.65151515152
GTTTAAGGTGTCT,1,Type1,5223.12765957447,3676.65531914894
TGATAAGGACTCT,0,Type1,2653.32231404959,4968.61157024793
GCCTAAGCACTCT,0,Type1,4173.56910569106,1964.08943089431
CTGCCCTTGTCTT,0,Type1,1829.71212121212,4944.09090909091
CCAATTTACATCC,0,Type1,4854.57768924303,2539.6015936255
TGGAAATGTGAGT,4,Type2,4945.47663551402,2328.92523364486
GATTCCTACATCA,1,Type1,4288.87692307692,2832.36923076923
TGCTAATGTGTCT,0,Type1,1706.08450704225,2308.47887323944
AATATTTCACAGC,1,Type1,4512.69822485207,3004.08284023669
GAGGCCATGTTAA,1,Type1,2511.41340782123,799.424581005587
ATAGAAACACGCA,0,Type1,5019.97297297297,2557.30630630631
AATCTTAGTGGCA,4,Type2,2862.14371257485,1504.31736526946
CATATTATGTGCT,5,Type4,2922.19774011299,1909.41242937853
TCCGGGAACAGCG,5,Type4,3836.7256097561,4912.09756097561
AAGACCAGTGATA,3,Type1,3098.86131386861,1090.90510948905
ACAGTTCCACTAA,0,Type1,4666.20737327189,1969.92626728111
ATACGGCTGTCGT,4,Type1,3675.4431372549,4646.12549019608
TCGAGGCGTGTAC,0,Type1,2027.0406504065,4546.31707317073
GGCGTTCCACCGA,5,Type4,4897.20588235294,3480.12605042017
ATGCCCCTGTCGA,0,Type1,2554.4014084507,5143.95070422535
TGAGGGCCACATA,1,Type6,3028.72463768116,2656.69565217391
GAGGAACTGTTAT,1,Type6,3044.60305343511,2485.92366412214
TGGTCCGTGTGCC,0,Type1,2767.08181818182,575.654545454545
GTCCTTGTGTTAA,0,Type1,5347.25,3344.44871794872
AGCTGGGACAATT,0,Type1,2527.74311926606,2519.85321100917
ACCTGGGCACTAC,0,Type1,2724.5593220339,3096.59322033898
CACATTGCACTAG,0,Type1,1756.32330827068,2254.73684210526
CAGCAAGCACATC,0,Type1,4434.23214285714,1821.48214285714
CCCCCTGACACGN,2,Type2,4201.53913043478,3496.18260869565
CGTACCGCACTAT,2,Type1,3356.62068965517,3692.37438423645
GCAGTTTACAGCC,0,Type1,1341.9358974359,4339.19871794872
TGCCTTTACAGCC,0,Type1,5250.43975903615,3520.9156626506
TCAAGATCACGCA,0,Type1,3836.76363636364,3913.52727272727
AGATAATCACATG,0,Type1,5229.69473684211,3889.23157894737
TCGTTTTCACTAG,0,Type1,5256.98882681564,3200.22905027933
TAAATTTACAGCT,1,Type1,1761.2868852459,2360.58196721311
GCTCTTTACACGA,0,Type1,3134.26388888889,1497.30555555556
GTCTTTTTGTATA,1,Type6,3620.38857142857,3885.02857142857
ATCTAATCACATA,1,Type6,3363.46153846154,631.019230769231
CGCATTTCACCGC,5,Type9,2361.68098159509,939.895705521472
ATAGCCTACACGC,0,Type1,5303.67379679144,4070.14438502674
TGTAGTAACACCC,0,Type1,3871.89224137931,4305.94827586207
ATCTACACACGGG,0,Type1,4756.73493975904,3249.09638554217
CACTACACACCCA,0,Type1,4012.12096774194,2551.29032258065
GATGACAGTGGGT,0,Type1,2451.8813559322,901.762711864407
AGCGGTATGTAAC,0,Type1,4039.72173913043,2038.6347826087
TTTCCAATGACCT,0,Type1,1503.79259259259,4344.02222222222
AGGAACAACAGGC,3,Type4,1800.75229357798,1435.22018348624
TGCCGTCCACTTT,3,Type3,1978.9696969697,1141.88636363636
CCACGTCAGTAAA,0,Type1,4953.46551724138,2742.0
CAGATGCACACCC,2,Type1,2349.48823529412,3704.11176470588
GCGACACAACAAA,4,Type7,4308.74324324324,3487.64864864865
TCGTTGCTGTGGG,3,Type2,3245.375,5568.575
TTGAGTCCACGGT,4,Type7,5147.8125,2643.625
TCTGCACCACCCA,0,Type1,1362.03816793893,3694.93893129771
TTGAGTCACACCA,0,Type1,5274.58653846154,3664.66346153846
CTCGTGCTGTTTG,0,Type1,3828.91810344828,2728.09051724138
TATTCACTGTCCT,1,Type1,3114.50438596491,5420.64473684211
TATCACCCACCCG,1,Type6,3014.29611650485,1939.89805825243
CCTGCACACATTA,1,Type6,3076.17777777778,2283.37777777778
CTTACACTGTAAT,1,Type6,2003.08695652174,1915.41304347826
TACCACCGTGAAT,0,Type1,3827.14788732394,2709.35915492958
TAATGTGCACCCC,0,Type1,1365.78403755869,3328.39906103286
GACCCAGCACCCC,4,Type1,3120.0347826087,3722.62608695652
CGACCAGCACGGG,1,Type6,3393.52849740933,1693.81347150259
GAGAGTGGTGGGT,1,Type6,2307.51818181818,1975.93636363636
GAGTTGGTGACCA,0,Type1,4582.23140495868,2598.00826446281
TCGGCAGTGTCCA,3,Type7,4543.43396226415,3846.02830188679
CCAACAGACAGGT,4,Type4,1754.09375,1409.984375
CTCACAGCACTTG,1,Type1,2487.49180327869,5269.34426229508
CCGAACGCACGGT,0,Type4,1886.54589371981,1514.55072463768
CTCCTGGTGTCCT,0,Type1,5188.04195804196,3188.99300699301
GACACAGCACCTC,1,Type1,4956.21138211382,3151.9837398374
TAGAACGACACCG,3,Type7,4294.1968503937,3651.82677165354
CCCACAGCACAAT,0,Type1,4880.48128342246,3291.80213903743
GGAATGTACACCC,4,Type2,1177.3125,4259.975
GCAGACTTGTCCA,4,Type7,1561.87162162162,3232.40540540541
TTCTTGTCACCCA,0,Type1,5202.01408450704,3890.06103286385
TACTACTTGTCCT,0,Type1,2829.6,5501.8
TATGCATGACCCT,0,Type1,3730.66836734694,3694.01530612245
CGGTACTCACCCG,0,Type1,3352.14634146341,676.670731707317
CACCGTAGTGGTT,3,Type1,2477.25443786982,4751.11834319527
GATCACATGTACC,2,Type7,2351.99450549451,3553.43956043956
CTCAGTAACACAC,2,Type1,1916.21556886228,4462.02395209581
ATTCTGACTGGTG,3,Type1,2759.33980582524,2193.67961165049
ACGCACACACGTG,4,Type1,3149.75,981.125
TGGAGTAGTGCAC,2,Type1,1986.64935064935,3484.12987012987
TCGAGTAGTGCAG,0,Type1,3250.65476190476,5360.72619047619
TGACCAATGTGTC,0,Type1,5173.34285714286,3216.64761904762
CCTACAACACACG,0,Type1,2977.72392638037,1530.96932515337
ACCGTGATGTTGC,3,Type4,2089.776,1525.896
AGTATGATGTGTA,0,Type1,4758.40277777778,3266.04166666667
CCGTGTATGTGTA,2,Type1,2779.06896551724,4963.10837438424
AGGCCACCACCAA,3,Type1,1868.0,3370.19135802469
GGAATGCCACTGG,5,Type4,1973.56329113924,1384.53164556962
CCGTACCCACACC,0,Type1,1536.93170731707,4507.70243902439
GACCACCACAGTT,1,Type1,2301.67441860465,1686.5503875969
GGCACACAGTCAA,0,Type1,5322.98260869565,3407.33913043478
TGTACACTGTGTT,3,Type4,1856.76229508197,1684.60655737705
GTCCTGCTGACAC,0,Type1,4676.14191419142,3351.68646864686
GGACCACTGTCAC,3,Type7,2499.97575757576,4696.69090909091
AAGTGTCTGTTGT,3,Type7,1838.11724137931,3401.13103448276
CCGGCACGTGGTG,0,Type1,3044.55555555556,5530.9126984127
AACAACCCACCAG,3,Type1,2909.80198019802,1940.33168316832
TAACGTCTGTACT,0,Type1,2303.65027322404,2393.42076502732
CGTGCACTGTGTC,1,Type7,2775.03555555556,1124.48
AACGGTCCACGTA,0,Type1,1821.11428571429,4691.56666666667
GGCCTGCCACACG,1,Type9,2449.64893617021,1455.70212765957
CAATCACACACAT,0,Type1,1730.27906976744,4451.81395348837
ATCATGCAGTACG,6,Type1,4378.35820895522,5046.10447761194
CCCGACCTGTCAT,4,Type2,3572.49523809524,4532.58571428571
TGTAACCTGTACG,0,Type1,5295.27659574468,3907.0
GGATGTCTGTTGC,0,Type1,1247.57142857143,4001.34161490683
CCGTTGCTGTGTA,0,Type1,1756.37735849057,3597.58490566038
CCGTACGCACCAA,2,Type2,4564.54128440367,4145.8119266055
CGCATGGGTGCAC,2,Type1,3281.63194444444,4096.29861111111
GCCCTGGTGACAC,3,Type7,1793.05583756345,2038.17766497462
GCATCAGACACAC,0,Type1,3752.4132231405,3817.8347107438
ATTGGTGCACGTG,1,Type1,2880.88050314465,841.786163522013
ACGGACGCACGTG,5,Type4,2458.06382978723,5287.74468085106
GTAGGTGCACGTG,0,Type1,4260.16470588235,5234.36470588235
TAAAACGGTGTGA,1,Type6,4387.85798816568,3117.85798816568
CCGAGTGGTGGTC,0,Type1,3711.44736842105,3427.53947368421
GCTACAGTGTTGA,0,Type1,3585.62962962963,4371.64814814815
CCGACAGACAGTC,1,Type1,2593.02362204724,974.244094488189
TGTCTGGCACGTC,1,Type1,1676.09493670886,4139.29113924051
GAGGTGGCACACT,1,Type4,3196.23456790123,2094.82716049383
TCCACAGTGTCAC,5,Type4,2529.32558139535,4699.18604651163
GTGGGTGACAGTA,4,Type2,4315.40983606557,3508.28415300546
TCAACAGACACAT,0,Type1,4834.51322751323,3645.37037037037
ACATCAGACACAT,0,Type1,5148.99159663866,3125.83193277311
AAGATGGACACAT,2,Type7,1876.56204379562,1438.70802919708
ATCCGTTTGTACC,0,Type1,2768.48186528497,5219.30051813472
CATGACTTGTGTT,5,Type2,2029.01568627451,1391.43921568627
AGCCACTGTGGTT,0,Type1,4094.51012145749,1360.96356275304
TATAGTTGTGCAA,0,Type1,4293.35211267606,5031.45070422535
AAGAGTTCACTGG,3,Type7,2758.84688995215,1138.81339712919
GCTCGTTACAACC,0,Type1,4691.30708661417,1892.3188976378
GCACGTTCACGTG,0,Type1,3454.6,3761.02352941176
ATTACATACAGTG,1,Type6,2387.66336633663,4107.38118811881
GGAAGTTCACCAG,0,Type1,1196.296875,3973.8125
CGCGCATCAGCAG,3,Type1,1955.888,4949.784
TGAGACTACAGTC,0,Type1,2806.75213675214,5456.5811965812
CTACTGTTGTGTA,3,Type3,3423.35714285714,4371.84761904762
CACCTGTACAGTA,0,Type1,4102.96031746032,1882.56349206349
TACCCAACACTCC,1,Type11,1677.08108108108,1164.78378378378
TAATACATGTCTT,0,Type1,4916.84210526316,2878.94152046784
CAGTTGATGTCTT,0,Type1,4913.81333333333,2786.10666666667
GCAAACACACTCA,1,Type1,3871.02702702703,2042.33108108108
TGTGCAATGTTCA,0,Type4,3615.68306010929,4386.2131147541
AATTGTACACAGA,0,Type1,1781.52380952381,3469.72222222222
AAGCGTAGTGAGA,1,Type8,3230.0119047619,567.845238095238
AGACACAGTGCTA,2,Type1,2558.10273972603,4585.32876712329
AGGTTGCCACAGG,5,Type1,3739.40221402214,1573.39114391144
TGATTGCACACTT,0,Type1,3103.05769230769,5371.03846153846
CCGGGTCACATCC,0,Type1,3438.81180811808,4202.16605166052
GAATGTCTGTTCC,4,Type2,2655.80136986301,3057.47945205479
GTCGACCTGTTCC,2,Type1,4623.09580838323,2832.89221556886
GCGGTGCCACTCA,1,Type1,1791.824,2412.4
TGTACACACAGAC,1,Type6,1946.32432432432,4138.52123552124
GAGGGTCACAAGA,4,Type2,4067.65625,3281.5625
GCTCACCCACAGC,1,Type1,2401.14705882353,1231.52941176471
TGCACACTGTGAT,0,Type1,2396.45762711864,1298.10169491525
GATATGCTGTAGC,1,Type5,4847.44360902256,3005.64661654135
CTTGCAGGACAGG,2,Type9,1660.13138686131,1112.97080291971
ATTGTGGCACCTT,4,Type2,4023.22073578595,3189.14715719064
TCATACGCACTCC,0,Type1,2670.84827586207,5332.91724137931
CCGAACGACAAGT,0,Type1,3698.5,4460.4375
TGAGGTGCACTCA,3,Type7,2189.31132075472,3722.95283018868
GCGAACGCACGAC,0,Type1,3498.53191489362,4157.93617021277
CGCGACGTGTTCT,4,Type2,3571.60655737705,4546.91803278689
ATTCACGCACTCT,0,Type10,4470.52662721893,1983.46153846154
AGATCAGCACGAT,0,Type1,3384.8431372549,693.970588235294
GTGCTGTCACTCC,1,Type1,5089.57647058824,2975.95294117647
CGGAACTACACTC,0,Type1,1617.875,4317.75
TGCCTGTACATCT,0,Type1,4906.29696969697,3403.68484848485
TGCCACTTGTAGC,0,Type1,4094.95348837209,5104.24031007752
TGAGCATCACAGC,0,Type1,2562.84090909091,690.306818181818
CCGGACTCAGCTA,2,Type1,3863.29090909091,4988.55757575758
TATGCAATGTTAA,0,Type1,5083.91764705882,3110.51764705882
TAACTGATGTTAC,0,Type1,1879.72388059701,4046.55223880597
GGGACAATGTATC,0,Type1,2663.55303030303,1331.46212121212
TACGCAATGTATC,0,Type1,4567.19205298013,3656.82119205298
AGTGGTCCACCGG,0,Type1,4809.73611111111,2420.81944444444
GGGTGTCGTGTAA,0,Type1,4235.88439306358,4960.88439306358
CGCGACCGTGGCC,1,Type6,3045.02222222222,3152.38518518519
CCTCGTCCACATG,1,Type1,1472.76271186441,4007.33898305085
TGAGCACTGTATG,0,Type1,4244.65986394558,5294.62585034014
CAATACCACAATC,4,Type7,1759.51028806584,3380.99176954733
GATAACCACATAG,1,Type6,3563.24475524476,3143.88811188811
GATATGCACAGCT,3,Type4,2844.29113924051,4482.41139240506
ATTGCACTGTATC,1,Type6,3683.87692307692,3770.66153846154
AGACCACTGTATC,1,Type6,3649.15671641791,3596.2052238806
GATCACCTGTATC,0,Type1,2377.36301369863,4347.18493150685
TTAACACGTGATC,0,Type1,2823.33834586466,4831.75939849624
AGGTTGCCAGATA,0,Type1,2718.2905027933,2971.67039106145
AGGATGCACTATA,1,Type11,3065.88461538462,4290.75
GCGCTGCAGTTAT,1,Type9,2589.22368421053,666.592105263158
AACCCACTGTATA,3,Type1,2846.5564516129,1071.62903225806
GAGACAGGACCGG,1,Type1,2169.03703703704,3899.72222222222
GCTCGCGGGTGCC,3,Type1,2567.95762711864,1052.79661016949
TTTAACGCACTAA,0,Type1,2297.96721311475,1759.59836065574
CGGAACGGTGGCA,0,Type1,3968.23966942149,4574.59504132231
AGTCACGTGTATG,5,Type1,1697.0081300813,4615.51219512195
CACGCAGACATAC,0,Type1,2678.8202247191,1429.92134831461
GCTTCAGACAATG,5,Type1,2917.98387096774,1972.00806451613
ACTCGTGACATAC,5,Type1,4088.04155124654,3143.75900277008
GAGCTGGACACGT,0,Type1,4212.91452991453,2769.28205128205
AAGCTGGACAGCA,0,Type1,4544.20118343195,3493.08284023669
CATTCAGCACCGT,4,Type4,1814.17283950617,3331.83950617284
AACCTGGGTGATC,0,Type1,3603.11627906977,4190.59069767442
TGCACAGACAATC,1,Type6,2807.59504132231,3553.57024793388
CTCCTGGCACGCT,0,Type1,5294.96103896104,4087.76623376623
GAATCAGGTGATA,0,Type1,5252.72556390977,3950.82330827068
GTGCGAGACACGC,2,Type7,1647.29032258065,3205.87096774194
GCGCAGTGTGCGT,0,Type1,2580.24691358025,4724.12345679012
CCCCGTTCACATC,0,Type1,2724.89090909091,4428.29545454546
CGCACATACTGCT,3,Type7,1939.53191489362,3603.52127659574
AGTCGAACACTTG,3,Type1,1387.58974358974,3263.12307692308
GTGACTAGTGTTC,4,Type2,5333.84946236559,3074.54838709677
CAGACTAGTGCCT,1,Type1,2153.46153846154,2087.46153846154
ATTATCATGTTTC,1,Type1,2642.18032786885,1694.23770491803
CCGGCTAGTGAAG,0,Type1,2854.79831932773,5485.86554621849
ACTCGAACTGAAT,1,Type1,3156.48484848485,3569.80303030303
CACTCTAGACCCG,0,Type1,2280.59803921569,2438.46078431373
TCGCAGCCAGCCC,0,Type1,3965.71551724138,1599.89655172414
TTCTAGCTGTGGG,1,Type6,2891.36538461538,1945.39102564103
AGATGACTGTTTT,0,Type1,2057.08045977011,4490.27586206897
CTGAGACCACGGT,0,Type1,5141.62251655629,2702.28476821192
TCAAGACAGTTTG,0,Type1,1947.26956521739,4934.49565217391
CCACAGCACACCA,3,Type2,3377.80193236715,5137.85507246377
CTAGGACTGTCCA,0,Type1,4637.9262295082,2175.75409836066
GTTGAGCCAGCCT,3,Type1,2283.45378151261,1852.05042016807
GTGATCCGTGTTC,2,Type2,3290.03636363636,5130.56363636364
CCATGACCACGGC,1,Type5,1664.03773584906,4151.2641509434
TTGCTCCCAGAAT,2,Type1,1723.68852459016,2522.34426229508
CTCGAGCACAAAT,1,Type6,3192.70212765957,1854.37446808511
GTCACTGGTGCCA,0,Type1,4068.59166666667,2835.6
CGAATCGACAAAG,3,Type4,3606.08839779006,1783.83425414365
TTGGCTGCACTTC,4,Type4,3077.67701863354,2665.08074534162
GTAGTCGCACTTC,5,Type1,3096.22580645161,5495.83870967742
TGGTTCTGTGCCC,0,Type1,4453.00769230769,1759.93076923077
GATTAGTGTGAAA,0,Type1,4394.11347517731,5165.7304964539
GTGCTCTCACAAA,1,Type6,3278.90397350993,3224.28145695364
AGAGAGTCACTTT,6,Type1,3035.06194690265,812.41592920354
CCACCCTACACCC,0,Type1,3804.91851851852,4474.94074074074
CGGCTCTTGTCCA,0,Type1,3845.70149253731,2002.23134328358
ATGTTCTACAAAC,0,Type1,3876.28333333333,2577.30416666667
CGTCAGAACACAA,4,Type2,2636.53846153846,2867.65384615385
CTCGTCAACACAA,0,Type1,1324.91758241758,3386.36263736264
CCACTCACACCAA,0,Type1,2224.48913043478,4312.40760869565
CGTTTCAGTGGTT,0,Type1,3869.8672985782,4355.04265402844
GTCTGAATGTGTT,3,Type8,3060.65986394558,2338.90476190476
TCGTGAATGTGTT,0,Type1,2554.65671641791,5201.26368159204
TCACTCACACACA,0,Type1,5271.52036199095,4204.21719457014
TCTACTAGTGTGT,3,Type7,2066.9298245614,4808.97368421053
GTAACTAACACAG,1,Type6,4166.83529411765,2550.75294117647
TGCGGAAGTGACT,0,Type1,4422.34117647059,3144.48823529412
ATTTAGATGTTGA,0,Type1,1437.88764044944,3699.2808988764
ATTGTCATGTGTC,0,Type1,4279.89686098655,1760.44843049327
AATTAGATGTCAG,0,Type1,5165.0979020979,2823.72727272727
GACCCTAACAGTA,1,Type6,5291.46666666667,3756.25
TACAGAACACCAT,2,Type10,2967.95628415301,4574.53005464481
GACGTCACACGTA,0,Type1,4151.91358024691,5380.02469135802
GTAAAGACACCAT,0,Type1,3023.26130653266,1499.54271356784
TGCTTCACACGTA,4,Type2,2739.0275862069,3855.75172413793
CTGCTCAGTGGTA,3,Type7,2298.79411764706,3648.14705882353
AACACTCCACGTT,0,Type1,1923.31515151515,4430.01818181818
GAGGAGCACAGTT,2,Type1,2826.77186311787,4327.45627376426
AAGGTCCTGTTGG,0,Type1,4560.5724137931,2005.54482758621
CCTACTCTGTACC,3,Type7,3159.04812834225,936.802139037433
AACAGACCACGTG,4,Type2,5093.99014778325,4245.18719211823
GGCTCTCCACCAC,1,Type6,3782.75806451613,1375.25268817204
GAGTGACTGTGTG,1,Type6,2625.96774193548,946.833333333333
TAGAAGCTGTTGT,0,Type1,2914.70149253731,5388.5671641791
TCGAAGCGTGGTG,0,Type1,5156.36206896552,3846.9224137931
GAGAGACCACACT,0,Type1,1484.57142857143,4403.20238095238
TGACCTCCAGTGA,4,Type1,2839.3671875,836.53125
GTGATCCTGTGTC,3,Type7,1637.99378881988,1332.50931677019
AGTACTCTGTCAG,5,Type4,3802.77952755906,3142.57480314961
ACAGCTCACAACG,1,Type6,3399.2619047619,2012.01904761905
CCGTCTCACAGTA,0,Type1,2402.21428571429,5012.42857142857
GCACCTCTGTGTA,3,Type7,1671.30827067669,2550.60902255639
CAGTTCCTGTCAT,0,Type1,4305.03105590062,5070.09937888199
AGCATCGGACACC,0,Type1,2786.75641025641,3734.60897435897
TGCAGAGTGTACA,1,Type1,2415.5811965812,1092.25641025641
CGCACTGACAGTG,4,Type7,5547.14024390244,3526.25
TATTCCGCACTGA,0,Type1,2306.68224299065,1408.55140186916
CGGTCTGTGTCAT,4,Type2,1427.6017699115,3251.35398230089
GAGCAGGTGTCAT,0,Type1,5108.44444444444,3745.15972222222
CACATCGACAACG,0,Type1,1390.74125874126,4199.13286713287
CGGTAGGCACCAT,1,Type1,2805.36764705882,4679.08088235294
AGGCTCGCACACG,1,Type1,2749.555,4622.295
AGAGCTTTGTTGG,1,Type6,2100.17482517483,1997.87412587413
ATTACTTACAACC,1,Type6,2282.12307692308,1896.22307692308
CTACTCTTGTTGT,3,Type7,3303.13675213675,3615.46153846154
GGTCTCTCACCAC,6,Type1,1711.42553191489,2529.60283687943
ACATCTTACAGTG,4,Type1,2679.06134969325,3927.64417177914
CCCGGATTGTCAG,3,Type3,5589.2037037037,3542.02777777778
GGATGATTGTTGA,4,Type2,1591.42857142857,4746.86904761905
TCGATCTGTGCAG,0,Type1,2734.92810457516,1521.21568627451
TGCGGATCACACT,1,Type1,3815.09375,1386.265625
AAGAAGTACAACT,0,Type1,2709.19852941176,2880.36764705882
TGTCTCTGTGGTA,4,Type1,3935.275,4285.38
ACAGAGTCACGTA,0,Type1,3562.39855072464,3988.79710144928
CCTCGATCACTGC,4,Type2,4130.34756097561,3350.18292682927
TTGACTTACACAT,0,Type1,5271.45454545455,3781.33566433566
AGCGCTTACAACG,0,Type1,1804.5593220339,3704.08474576271
CCTCCTAGTGTCC,0,Type1,3117.75833333333,5165.60833333333
GATCGAATGTCTG,0,Type1,1358.04255319149,4499.06382978723
ATCTGACTGTTCC,3,Type7,2829.34558823529,1366.03676470588
AGTCAGCCACAGA,0,Type1,2756.70192307692,2894.46634615385
CCGCAGCCACCTA,1,Type6,3283.22535211268,2610.27464788732
CAAATCCACACTA,2,Type2,3432.66666666667,5517.56630824373
GGAAAGCACAGAT,0,Type1,1485.41071428571,3408.10714285714
TTCGTCCGTGCTA,0,Type1,1851.67875647668,4642.81865284974
TAACCTGGTGCTG,0,Type1,2357.78431372549,3640.17647058824
ATTTTCGACAGAC,0,Type1,1160.275,3768.6875
GCGCGATCACTCC,1,Type6,3159.41237113402,4993.83505154639
CTACCTTGACTCA,2,Type1,4483.66894197952,4228.23208191126
GAAGTCTCACCTG,3,Type2,3942.59836065574,3348.09016393443
TTGTCTTACAAGT,3,Type7,2129.8578680203,3761.65989847716
AAAGGATCACAGA,0,Type1,4346.74390243902,3182.89024390244
GCTCGATCACTCT,0,Type1,4569.17088607595,3368.18987341772
AGATAGTCACGAG,1,Type1,3413.91228070175,1727.38596491228
TTTTTCTGACCTA,3,Type1,1932.15151515152,3176.28787878788
GGGGAGTCACAGC,0,Type1,4444.69346733668,2726.81909547739
TTCGAGTCACTCG,0,Type1,5483.32044198895,3799.49723756906
AATCCTTCACTCG,2,Type1,4250.06829268293,2748.8
AAACAGTACACTA,0,Type1,1767.44696969697,3614.47727272727
CCCGCTTACACTA,4,Type2,5437.3908045977,3326.01149425287
CGGATCAGTGATT,1,Type1,2679.26530612245,1032.84353741497
CACATCAGTGCGG,0,Type1,3074.46666666667,5545.02666666667
GTAACTACTGGCA,0,Type1,4076.16783216783,5235.06993006993
TGTTGAACTGGCT,0,Type1,3181.08108108108,3469.98198198198
TACGGAACACGCT,0,Type1,2620.05113636364,4401.06818181818
GTCGCTACACGCG,0,Type1,4704.96808510638,2148.0585106383
TACCCTCCAGATT,0,Type1,2327.52252252252,3680.30630630631
GAACTCCTGTCGG,0,Type1,5317.25,3692.27941176471
CCATGACCACGCA,4,Type7,3898.96923076923,4092.06153846154
TTCACTCCACATG,0,Type1,3870.51851851852,2543.05555555556
GACAGACAGTTAC,0,Type1,3423.07407407407,4049.00529100529
ATCTAGCAGTGCA,0,Type1,5202.19791666667,3873.4375
GAAAAGCCACCGC,0,Type1,4537.15873015873,1762.71428571429
GGGAGACAGTGCG,4,Type2,3329.17647058824,866.544117647059
TGAATCCTGTTAT,0,Type4,1987.37078651685,3823.58426966292
CCGATCGTGACGG,3,Type7,2803.05607476636,4517.16822429907
GATGCTGACAATT,1,Type8,3494.61356932153,3541.43067846608
TGTATCGCACTAA,2,Type1,2790.38181818182,5491.09090909091
GGGACTGACATAC,0,Type1,3531.99487179487,3649.10769230769
GTGTGAGACAGCG,2,Type7,4450.88965517241,3164.70344827586
AGATAGGCACATA,0,Type1,4293.6814516129,3304.20161290323
ATAACTTGTGATT,0,Type1,4498.6798245614,3453.76315789474
TAGAGATACAGCC,2,Type7,2869.80995475113,1147.26696832579
TACTCTTTGTTAC,0,Type1,3743.40594059406,634.0
AGAACTTACACGT,2,Type1,3561.65333333333,4469.04666666667
CTGCCTTACAATC,1,Type6,3275.72222222222,3044.52469135802
CTCCTCTTGTCGC,2,Type7,1785.82142857143,1952.40178571429
GCTGCTTGTGTAT,0,Type1,4160.76878612717,5138.18497109827
GAAAGCAACATTT,0,Type1,4223.11403508772,1526.65789473684
TGACTAACTGCCC,1,Type1,3373.52739726027,1773.61643835616
CACGGCAGTGCCC,0,Type1,1229.60194174757,3540.60194174757
ACTAATAACACCA,0,Type6,4050.37777777778,1976.58888888889
GGACCGAGTGGGT,0,Type1,1428.49090909091,3361.22727272727
AACGGCATGTTTG,0,Type1,4847.17532467533,3443.90909090909
GCGGATATGTCCT,0,Type1,2568.1308411215,4661.14485981308
AAAACGAACAAGC,4,Type7,3012.97183098592,4937.35915492958
AATATAAACACCG,3,Type1,1285.70714285714,4386.95
CGATATACACTTA,1,Type6,3510.20967741935,1488.53225806452
TTAGGCAGTGGGC,0,Type1,4606.94318181818,3411.63636363636
GGTCTACCACTTT,3,Type7,3124.9367816092,5006.15517241379
CCATATCCACTTT,1,Type6,2294.52830188679,1964.81132075472
GTGTATCACAGGG,0,Type1,3425.84803921569,3667.60784313725
TAGTGCCTGTAAA,1,Type7,3635.27083333333,5609.54861111111
ACCTCGCACACCT,3,Type7,2583.06976744186,2808.09302325581
CTAGATCAGTCCT,0,Type1,4692.70833333333,1930.65
TGCGCGCAGTCCT,0,Type1,2490.85714285714,2611.82142857143
CCACCGCTGTCCT,3,Type4,2928.59782608696,2397.97826086957
CGGCTACCACCCG,1,Type6,3614.68965517241,3293.90086206897
TTCTATCCACGGN,3,Type1,2442.0625,1000.07142857143
TCGAATCACATTA,2,Type7,3021.31223628692,3668.32067510549
TTGTGCCTGTCCG,4,Type7,1178.48387096774,3362.71774193548
GACGCGGCACAAA,1,Type1,2670.08588957055,4898.37423312883
TGGTTAGACACCA,0,Type1,2292.25974025974,3902.96753246753
AGCCATGCACGTG,0,Type1,1858.93037974684,4304.56962025316
AATAGCGTGTCCT,1,Type6,3769.88990825688,1146.91743119266
GTCATAGCACAAG,0,Type1,3063.54807692308,3558.27884615385
GGCGGCGCACAAG,4,Type2,1849.9014084507,5069.85915492958
CTTCGAGCACGGC,0,Type1,4978.81553398058,3531.1067961165
CTCCTAGCACTTA,4,Type7,3058.05752212389,4976.51327433628
GGTTATTTGTTTT,4,Type1,4289.34693877551,1528.83673469388
ACCTGCTGACCCC,0,Type1,4840.63247863248,3476.61538461538
CTCAATTTGTCCA,3,Type9,2479.16513761468,1318.95412844037
GGTGATTCACAAC,5,Type1,3536.0243902439,765.650406504065
TCGTGCTCACCCA,4,Type1,4581.0,1761.80748663102
ACTGCGTACAGGT,3,Type7,1696.64084507042,4891.38732394366
TGCGATTACACCA,0,Type1,1173.65841584158,4049.23762376238
TGATGCTGTGTTC,2,Type1,1143.52432432432,3508.83243243243
ATTCCGTACAGGC,0,Type1,4514.03773584906,1690.64150943396
AGGCCGTACACCG,0,Type1,2352.28925619835,4386.11570247934
AATTGCTACATTA,1,Type1,2704.89759036145,878.807228915663
CATAGCAACACAA,3,Type1,1832.70261437908,3639.99346405229
CAAACGACACCAA,4,Type2,1314.34591194969,4501.70440251572
ATGAATATGTTGG,0,Type1,5170.34057971015,3257.30434782609
CTGGATAGTGGTG,0,Type1,1782.70731707317,4808.71951219512
GACCGCAGTGGTG,0,Type1,3831.23484848485,2906.24242424242
CCTTGCAGACCAC,0,Type1,3313.31666666667,533.95
GCTAGCATGTGTG,3,Type7,1556.47706422018,2545.19266055046
TGCCCGACACTGA,0,Type1,3357.5375,3903.5125
TGCATAACACTGA,1,Type11,2108.83980582524,1099.06796116505
CGCGCGAGTGTGA,2,Type7,1932.33928571429,992.607142857143
GTTGGCAACACAT,0,Type1,2920.77168949772,5119.22831050228
GCGTCGACACACG,0,Type1,3630.14210526316,4553.04736842105
CCGAATCCACTGG,1,Type6,2936.47972972973,735.067567567568
GGCCATCGTGGTT,0,Type1,2604.03260869565,4650.38586956522
TCAGCGCCACGTG,0,Type1,4640.96815286624,1838.24840764331
GTGAATCACAGTG,0,Type1,4160.625,2954.92613636364
GGCTGCCACAGTG,4,Type2,3963.75274725275,3199.14285714286
TGCCATCGTGTGT,3,Type1,3254.12598425197,585.03937007874
GGGATACACAACT,1,Type6,4505.12658227848,2761.30379746835
TCTGATCACAGTC,0,Type1,4640.18072289157,3675.95180722892
ATATGCCACAGTC,1,Type1,4690.19607843137,2546.37254901961
TACACGCTGTACT,5,Type4,3198.48125,886.50625
CTCGTACTGTGTC,2,Type1,3898.45106382979,1672.30638297872
GATCCGCACAGTA,4,Type2,3824.46103896104,3498.98701298701
CGTGCGGGCATGG,4,Type2,1125.52941176471,4023.72549019608
ACTGGCGACAGTT,1,Type1,2826.02941176471,576.705882352941
AGTCTAGGTGGTG,4,Type2,4716.16233766234,3859.91558441558
GGAAGCGGTGACA,3,Type4,4765.33070866142,1922.24409448819
CATGCGGGTGCAC,1,Type6,4248.17647058824,2504.22941176471
TGCTGCGTGTGTG,0,Type1,2327.41843971631,3772.60283687943
CGTGGCGCACGTG,0,Type1,2610.16842105263,5372.26315789474
AACACGGCACCAC,1,Type6,4233.99473684211,5139.49473684211
TCTACGGCACCAC,0,Type1,2010.75438596491,3924.93859649123
GATATAGCACACA,0,Type1,3523.98591549296,3562.0
ATGTCGGGTGCAG,0,Type1,3473.38842975207,4050.30991735537
ATCTTAGGTGGTC,5,Type4,5101.58064516129,2786.82258064516
TCAAATGTGTCAG,5,Type3,3204.4693877551,958.666666666667
CTTCCGGACACAG,1,Type6,2696.46296296296,2253.11728395062
ATCGATGCACGTC,0,Type1,3850.43975903614,4054.69879518072
CGTCGCGGTGGTA,0,Type1,2704.9880952381,3093.85119047619
TGACCGGGTGGTA,4,Type2,4408.13294797688,1564.07514450867
ATCCGCGACACAT,4,Type2,1836.28225806452,1563.52419354839
TCGTGCTGTGCAA,0,Type1,2825.94568690096,4772.90734824281
GTACTATACACAA,4,Type2,1570.73643410853,4750.11627906977
TAATATTTGTGTG,4,Type2,2429.58095238095,3273.89523809524
AGCACGTTGTGTG,1,Type1,2594.94488188976,1950.55905511811
GCACTATCACCAC,3,Type7,4964.32105263158,2371.73684210526
TGCCATTACAACA,3,Type8,1602.1968503937,1376.17322834646
ATGGCGTGACTGA,4,Type2,3240.11428571429,3615.45142857143
TGTCATTCACGTC,1,Type1,3861.06862745098,1238.30392156863
GGCAATTACAACT,4,Type4,2185.60909090909,1143.97272727273
ATGAGCTTGTCAT,0,Type4,3108.61764705882,853.507352941176
GAACGCTCACACG,2,Type2,1073.9921875,3757.0390625
CGCAGCAACATCC,4,Type2,2792.75135135135,1442.54054054054
CACGTAACTGGAC,0,Type1,4803.47863247863,2344.88888888889
GCTCATAGTGCTG,0,Type1,4523.87341772152,3172.03164556962
GCTCCGACACTCT,1,Type6,3143.1,3201.77435897436
ACTTTAAGTGCTC,0,Type1,2755.26178010471,5352.3612565445
CCTATAATGTAGA,0,Type1,3859.83443708609,4248.74834437086
AGTCTAACTGGAT,0,Type1,3295.95808383234,3568.77245508982
CAGTGCACACCTA,0,Type1,5087.0873015873,2650.98412698413
TCCGATCACACTT,1,Type6,3570.05128205128,2452.10256410256
AACATACACACTT,4,Type2,1268.98611111111,4450.18055555556
ATAGGCCTGTCTT,1,Type6,3065.59504132231,2503.17355371901
ACAAATCGTGTCC,1,Type8,4787.41397849462,2680.51075268817
GTTATACAGTTCA,1,Type6,3338.20967741935,3163.77419354839
CCGAGCCACACTG,4,Type2,3813.00473933649,3640.5308056872
CTCTTACCACTCT,0,Type1,3814.45112781955,2602.60902255639
TGGATACTGTTCT,2,Type1,3855.31468531469,2049.12587412587
GTACTACACACTA,3,Type1,2130.27160493827,4511.96913580247
GTTCATCGACTCG,1,Type6,3744.3914893617,2803.57021276596
CAACCGGCACAGG,0,Type1,4919.10828025478,2471.42038216561
CTCCGAGTGTTCT,3,Type1,1960.27192982456,1516.61403508772
CGCCCGGCACTCT,0,Type1,4664.86470588235,2543.15294117647
TATGATGCACGAG,1,Type6,2546.31851851852,3578.53333333333
CGCGCGGCACAGA,0,Type1,2111.63961038961,3823.03571428571
GGAGATGGACGAN,3,Type1,5051.17142857143,4013.71428571429
TGCCTAGGTGCTA,4,Type2,1173.28676470588,3412.93382352941
GATCGCGGTGGAT,2,Type7,1857.77049180328,4447.40983606557
ATGGCGGACACTA,3,Type1,1749.69072164948,2557.88659793814
GGCGGCGACATCG,0,Type1,5006.0671641791,3685.01492537313
ACGGTAGCACCTA,2,Type1,3240.27083333333,3470.546875
TGCAGCGCACTCG,0,Type1,1205.67272727273,3768.16363636364
AGAACGTTGTAGG,0,Type1,3447.86013986014,3745.55944055944
CCTATATTGTTCC,2,Type1,2027.70161290323,5349.0
CCGCGCTCACCTT,4,Type2,1475.3963963964,3239.74774774775
GGTACGTTGTTCA,1,Type8,1607.25988700565,1344.29943502825
GATTCGTGTGGAC,4,Type2,4142.06145251397,4795.91620111732
GACTATTTGTAGA,3,Type7,1106.84496124031,3899.66666666667
GTTGTATACATCT,0,Type1,4874.064,3438.016
TGATTATCACTCG,5,Type1,2798.3679245283,1822.83018867925
CTCTATTACACTA,0,Type1,1826.06,4472.92
AAAGCGAGTGATG,0,Type1,3385.50641025641,3950.64102564103
TACATAATGTTAC,4,Type7,3440.62121212121,4273.74747474747
AATTGCACACGCT,1,Type6,2163.58823529412,1970.88235294118
TTCCATAACATAT,1,Type1,2496.35625,1595.8625
GACCCGACACTAT,0,Type1,2634.0,5115.83185840708
CTGCGCACACGCG,5,Type4,2636.49032258065,2245.84516129032
TGAAGCCTGTGCC,1,Type1,1979.34074074074,1538.17037037037
TGGTTACCACCGT,3,Type1,2602.49732620321,4675.44919786096
TTCGTACCACATG,2,Type1,4430.7468879668,3418.15352697095
TTTCGCCACACGT,0,Type1,3437.07555555556,4095.85333333333
TCAACGCACAATG,0,Type1,5281.70056497175,3918.4802259887
ATAGCGCTGTCGT,0,Type1,4017.56790123457,2922.23456790123
TCTTGCCCACTAG,4,Type2,3277.17647058824,1343.17647058824
AGGCCGCTGTTAG,5,Type1,4614.94252873563,3210.39655172414
TCAGCGCTGTTAG,4,Type2,4283.51497005988,3534.77245508982
AGGTGCCCACCGC,0,Type1,4417.36641221374,1750.29007633588
CTCGCGCCACATA,0,Type1,1921.35714285714,1519.88095238095
ATTAATCACAGCG,1,Type4,2444.39333333333,950.526666666667
ACTAATCACAATA,0,Type1,4780.21352313167,2322.31672597865
TGCAGCCACACGC,5,Type1,2851.94736842105,1782.25563909774
GGTGGCCTGTCGC,0,Type1,4578.0597826087,2928.75543478261
CTGGTAGTGTCGG,0,Type1,2935.15,5262.8
AAGCATGACATAA,5,Type4,1884.0,1386.60714285714
TAATGCGGTGATG,0,Type1,5318.28571428571,3272.01714285714
AGTTGCGGTGATG,1,Type1,2781.13970588235,5431.25
ATGGGCGTGTTAC,0,Type1,1762.55384615385,3733.27692307692
GGCAGCGTGTATG,0,Type1,2352.82926829268,1489.91056910569
GAGCTAGCACTAN,1,Type1,5492.58163265306,3626.5306122449
CCTCATGGTGTAG,0,Type1,1203.60583941606,3589.56934306569
CGCCCGTTGTCGG,2,Type1,4744.42424242424,2078.0202020202
GCTCTATACACGG,1,Type4,2969.87179487179,1630.88888888889
TGGAATTCACCGT,3,Type7,3376.12244897959,1223.07142857143
TCCCGCTACATAC,2,Type4,2183.46478873239,1025.08450704225
AGCTCGTGTGATC,2,Type2,1235.91724137931,4860.25517241379
TGCGGCTGTGCGA,1,Type1,1894.78723404255,1315.06382978723
ACCTCGTCACCGA,0,Type1,2741.08108108108,999.108108108108
TGTCTATCACATC,1,Type6,4267.66285714286,2448.69142857143
GGAAGCTCACTAG,0,Type1,4282.95918367347,3320.08163265306
CGCCGCTGTGCGC,1,Type1,5231.14492753623,4052.13768115942
CTGTTATCACCGC,3,Type7,5528.81034482759,3507.18103448276
ACGAGCTCACTAT,0,Type1,2141.98507462687,4477.76865671642
CATGTTACAGCCC,0,Type1,2523.05607476636,2621.32710280374
GCCGAAAGTCAAC,0,Type1,4014.86666666667,3071.77407407407
GTCGAAAGTCCCA,0,Type1,3272.672,3451.616
CCAGCCATGACCA,1,Type1,2879.4328358209,1618.82089552239
GTGCGGAACTCCT,1,Type4,2750.17021276596,2422.09929078014
GGTGTTATGACCT,1,Type1,2870.98305084746,1606.58474576271
ATGAAAATGAGGC,3,Type7,2912.8488372093,1044.21511627907
GTGATTCACTCCA,4,Type2,3641.41139240506,4636.84810126582
CGCGTTCAGATTG,3,Type7,4907.28070175439,2184.21637426901
CTGGGGCAGATTC,0,Type1,1375.08196721311,3821.49180327869
GCATGGCACTAAG,4,Type2,4326.94470046083,4898.4331797235
GGCCAACACTCCT,5,Type1,3987.00540540541,4696.79459459459
ATAGAACACTCCT,1,Type6,3730.65648854962,1976.93129770992
AGGCGGGTGAAAA,0,Type1,2675.16666666667,3124.06944444444
TAATAAGCAGGGG,0,Type1,4667.3550295858,2588.52662721894
AACATTGCAGGGG,0,Type1,4636.208,2636.2
TAGTGGGTGAAAC,1,Type1,3246.83620689655,567.560344827586
AATAGGGCAGCCT,1,Type7,3931.85655737705,3023.15163934426
TGCGCCTGTCAAA,4,Type7,2389.9296875,2681.9921875
CCTGCCTGTCAAC,2,Type1,2272.33,1245.84
AGGCAATACTCCA,0,Type1,5435.68965517241,3430.68965517241
CCCCTTTCAGAAT,0,Type1,3779.30882352941,1488.27205882353
CACCCCTACTAAT,3,Type7,1619.91240875912,4820.21167883212
ACGCTTAACTGTT,0,Type1,5022.88513513514,2809.97297297297
AGTGGGACAGTGG,3,Type1,2787.50200803213,1555.33734939759
ACGGCCAACTGTG,1,Type6,1851.78512396694,4536.96694214876
AGCAAAACTCCAC,1,Type1,4593.03496503497,2977.9020979021
AAACTTAGTCTGT,0,Type1,5292.38613861386,3229.76237623762
ATTAGGATGAACA,4,Type1,2402.96946564886,1375.67938931298
CCAGCCAACTGTC,4,Type7,2458.80405405405,4967.93918918919
ACGCAAACAGGTC,0,Type4,2888.73228346457,776.755905511811
GAACTTATGAGTC,0,Type4,3999.29545454545,4687.02272727273
TGCAAAAACTTGC,0,Type1,5239.94759825327,3352.25327510917
CTCTTTAGTCGTA,0,Type1,4110.5,1314.58928571429
ACGTCCATGAACG,0,Type1,3915.33108108108,1541.36486486486
ATCAAACACTGTT,4,Type2,2271.24336283186,4408.26991150443
AGCCCCCACTGTT,1,Type6,2793.47368421053,3619.47368421053
AATGAACACTTGG,0,Type1,3157.13970588235,5245.13235294118
GTTGTTCGTCGTT,0,Type1,3749.61855670103,4631.12371134021
GCAACCCCAGGTG,4,Type2,2515.28571428571,4966.44642857143
GGGTGGCACTTGT,1,Type1,3103.35877862595,5442.30534351145
CCCATTCACTGTG,0,Type1,2726.31756756757,1536.21621621622
CGATTTCACTACA,0,Type1,1621.28070175439,4633.85964912281
ATGTAACTGACAC,5,Type4,2986.16037735849,2094.7641509434
TATCCCCTGATGT,4,Type7,2937.17613636364,4789.40340909091
CGACCCCAGACAG,0,Type1,3563.83108108108,4069.76351351351
GAGCCCCACTGTC,0,Type1,2793.77906976744,5349.38372093023
TGCGCCCAGACAG,1,Type1,3348.89473684211,651.263157894737
CGCGCCCACTTGA,0,Type1,4635.52564102564,3556.55128205128
TAGTCCCTGAACT,0,Type1,5299.92215568862,4037.53892215569
TGTGCCCCAGCAT,1,Type1,4564.11688311688,3552.72727272727
GCAGTTCAGAGTA,0,Type1,4322.02158273381,3337.92086330935
CCCAAACTGACAT,0,Type1,3772.03745318352,4525.12734082397
CTTGAACTGACAT,3,Type1,2296.47,2601.32
GAATGGCTGACAT,0,Type1,2549.6872246696,4086.83259911894
TCGGAAGACTGTN,4,Type1,2925.32835820896,1505.88059701493
AAATCCGACTACA,0,Type1,3358.68571428571,3542.57142857143
CTGCCCGCAGGTG,2,Type2,4771.06666666667,4160.48205128205
CCCATTGCAGGTC,1,Type11,2481.66037735849,803.716981132075
TTCCCCGCAGACT,4,Type2,2979.75483870968,4832.81290322581
CGACGGGGTCGTA,1,Type1,2767.86486486487,1631.39189189189
GCGGAAGGTCGTA,1,Type1,5094.35087719298,2957.91228070175
ACCGCCGTGAGTA,0,Type1,3362.03875968992,3723.93798449612
TAGTAATTGACAA,1,Type1,1953.09090909091,3810.23376623377
CGGACCTACTACC,4,Type2,3481.56565656566,4331.39898989899
TAAAGATTGAACA,0,Type1,4563.39375,2652.35
GAGAGGTTGAGTG,0,Type1,3783.45812807882,1522.52216748768
ACCCGGTCAGACA,1,Type4,2045.81451612903,1234.00806451613
TGGACCTCAGCAC,0,Type1,3625.68902439024,1863.53658536585
TTTCTTTACTTAC,0,Type1,3747.5,3439.36627906977
GGAGAATACTGTG,0,Type1,4642.21428571429,2971.84615384615
GGCAGGTACTACA,0,Type1,2539.46948356808,4958.55868544601
GACTTTTCAGGTC,1,Type6,3585.2319391635,2062.9391634981
CTTCCCTACTGTC,2,Type2,5485.46118721461,3280.78538812785
CTGCTTTACTCAG,0,Type1,2497.20603015075,4507.2864321608
AATCAATTGAGTA,3,Type8,2611.59113300493,2271.1724137931
TGCCTTTACTCAT,0,Type1,5409.44375,3338.48125
GATAAATACTGTA,1,Type1,1902.78991596639,1618.36134453782
AGCCGGAACTAGG,0,Type1,5382.21714285714,3965.53714285714
CCCCGGAGTCCTT,4,Type2,2248.54385964912,3705.65497076023
TGGGAAACAGTCA,0,Type1,5348.0351758794,3675.9648241206
TCGGAAAGTCTCA,0,Type1,4195.8391959799,1437.4824120603
TTATAAAACTCTA,4,Type2,1799.76774193548,2572.14193548387
GATGTTACAGAGC,1,Type1,3379.96026490066,3488.49668874172
GTTGGGATGAGAT,0,Type1,4584.67647058824,2044.37254901961
AGTCCCATGAAGC,0,Type1,5232.4,3498.0125
TGGCTTCTGAAGT,4,Type2,2938.84,1471.34666666667
TCGGTTCTGACTG,4,Type2,4602.19130434783,3794.95652173913
TCGACCCTGACTG,3,Type7,3012.92248062016,4915.68992248062
ATGCAACACTCTC,4,Type7,5061.33333333333,2472.90196078431
CCAAGGCTGAAGA,0,Type1,1510.9900990099,4364.34653465346
GGCGGGCTGAAGA,3,Type7,1112.63636363636,3719.93636363636
TCCGGGCACTTCG,0,Type1,3041.98876404494,5180.80898876405
ATTACCCACTCTA,0,Type1,3554.25925925926,4173.75555555556
GACCAAGCAGCTT,3,Type1,1935.09230769231,3352.07692307692
TCTCGGGCAGAGG,0,Type1,5448.35433070866,3735.93307086614
TTACGGGCAGTCC,3,Type7,1818.40131578947,5063.49342105263
TAGATTGGTCCTG,0,Type1,1263.98901098901,4343.74725274725
GGCGGGGACTCTC,3,Type1,2722.57446808511,3002.35460992908
TTATCCGGTCAGC,4,Type2,2973.92592592593,1021.08641975309
GCATCCTGTCCTG,2,Type1,2595.49038461538,5469.97596153846
GATTTTTGTCTCA,0,Type1,1478.23979591837,4540.72448979592
GTGGTTTTGATCT,1,Type9,2358.10810810811,1280.37837837838
GACAAATTGACTC,2,Type7,2468.94444444444,4733.61111111111
CATCCCTGTCTCT,3,Type3,4886.63755458515,4224.86899563319
TATGAATACTAGA,0,Type1,3819.08771929825,2999.61403508772
GACAGGTCAGTCG,0,Type1,4989.66091954023,2529.2816091954
GCGTCCTCAGTCG,2,Type1,5008.55833333333,4296.87916666667
GTGTTTAACTATT,0,Type1,3811.22702702703,4828.18378378378
GGTGTTAGTCATT,0,Type1,3429.05298013245,1773.33774834437
GAACCCACAGGCA,0,Type1,4760.69072164948,3372.81443298969
GCATCCAACTTAG,0,Type1,2458.39024390244,5331.06707317073
TGACTTAACTCGC,3,Type1,2440.99363057325,2681.50955414013
CCGGAAAACTCGC,1,Type1,2471.74626865672,745.835820895522
GTTGCCATGAATA,4,Type2,2719.27807486631,1306.96256684492
CTCCGGATGACGC,1,Type6,4687.78658536585,2849.9512195122
GCGATTCGTCATT,3,Type3,2105.41134751773,2355.52482269504
GGACGGCCAGCGT,0,Type1,5111.08620689655,4169.95689655172
GCACCCCACTCGT,5,Type4,2642.11797752809,795.106741573034
GTTGGGCGTCATG,0,Type1,2548.87022900763,5301.87786259542
CTTAGGCACTGCT,0,Type1,3358.08955223881,764.164179104478
CCAGGGCACTTAG,0,Type1,5366.84771573604,3561.2538071066
CTTCGGCTGAGCT,2,Type7,4731.21495327103,3973.34112149533
ACGACCCGTCATC,0,Type1,5186.42045454546,3801.99431818182
TCCACCCACTATA,1,Type1,2500.98863636364,2449.84090909091
GGAGAACGTCATA,4,Type2,5104.375,4406.85416666667
TGCTGGCGTCTAT,0,Type1,1620.01515151515,4303.68181818182
TCCAAAGTGAATT,0,Type1,3069.2688172043,5041.4623655914
GAAGGGGTGAATT,1,Type6,3228.01242236025,1859.11801242236
CGCCGGGCAGTAA,5,Type4,1770.75903614458,1300.1686746988
GTTTGGGACTATG,3,Type7,5442.99319727891,3342.08843537415
GCATTTGCAGGCA,0,Type1,5241.18181818182,3127.73076923077
CACGAAGCAGTAC,0,Type1,4651.96,3640.56
GATGCCGCAGATG,2,Type1,2536.18131868132,4901.69230769231
ATATTTGCAGCGT,3,Type4,1824.98347107438,1384.18181818182
TACGAAGGTCTAG,1,Type8,2042.5756302521,1093.51260504202
AAAGGGGACTGCT,1,Type1,2726.05185185185,1507.71851851852
CCCCCCGCAGCGA,4,Type2,2782.69863013699,1462.91780821918
GTGACCGGTCTAT,3,Type7,2147.71568627451,4606.20588235294
GCTGGGTTGACGG,0,Type1,4746.06081081081,2153.99324324324
CCAAGGTCAGCGG,1,Type6,5357.58490566038,3614.27044025157
CTCGAATACTATT,5,Type4,2812.85632183908,1941.83908045977
TTGGGGTTGACGT,0,Type1,4278.38554216867,3178.57228915663
GCAAGGTTGAATG,0,Type1,3973.63953488372,1092.10465116279
CTATGGTTGAATG,0,Type1,4036.6095890411,1727.3904109589
GTTCGGTACTGCG,4,Type2,4590.23841059603,1716.47682119205
GTGAAATACTATA,0,Type1,5083.99401197605,4095.24550898204
AGCTTTTACTGCG,0,Type1,3094.87083333333,889.216666666667
TATACAAGTCAAC,5,Type4,3097.85135135135,2120.46846846847
ACCACAACAGCCG,3,Type7,2996.9126984127,5714.04761904762
AACGGTAGTCTTA,5,Type4,4315.32727272727,2641.56818181818
GGGCGTCAGACCC,5,Type1,5372.60326086957,3829.34239130435
CCGGCACACTCCA,0,Type8,4523.70895522388,2328.73134328358
CAGCGTCTGATTG,0,Type1,4085.97590361446,1343.8734939759
GAGCTGCCAGGGC,1,Type4,3294.6625,2245.1125
TTACACCTGACCG,1,Type1,5334.94972067039,3312.95530726257
CTCTACGACTAAA,0,Type1,3190.89743589744,772.102564102564
GGTAACGCAGCCC,3,Type7,5064.56896551724,4532.68390804598
GCGCCAGTGATTG,1,Type1,1669.82203389831,4777.5
ATTTACGCAGGGT,0,Type1,2371.5625,4363.55208333333
TGGATGGCAGGGT,4,Type2,4156.568,4810.104
CGAGACGCAGGGT,2,Type1,3578.25217391304,4018.81739130435
CGATCAGGTCTTC,4,Type1,3975.46853146853,2991.25174825175
TGTGACGTGAAAG,2,Type1,4109.30894308943,1516.21138211382
TTTGCAGACTTTC,0,Type1,5128.83673469388,4274.30612244898
TCACTGGACTAAG,4,Type3,3191.0,965.518987341772
CCTGCAGACTCCG,3,Type7,3277.05294117647,5118.41176470588
TAATCAGCAGTTA,5,Type4,1734.71232876712,4830.16438356164
TGGCTGTGTCCCC,4,Type2,4151.11570247934,4781.23140495868
ACTCACTACTGGG,0,Type1,4466.14444444444,1682.60555555556
GGGACATGTCAAC,0,Type1,4176.24683544304,1632.56962025316
CAGGACTCAGGGT,4,Type2,5077.47651006711,4226.30201342282
CGGTCATTGACCT,2,Type3,2688.94047619048,878.261904761905
AACGTGTTGAAAG,0,Type1,1842.48554913295,2477.51445086705
TGTGCATGTCCCT,1,Type6,3513.14743589744,2239.96153846154
TGTTCATCAGGGA,0,Type1,4478.61386138614,3208.06930693069
ATTGACTACTAAG,0,Type1,2789.18382352941,5364.84558823529
CGTGTGTACTGGA,6,Type1,4947.5034965035,3608.54545454545
GCTAACTCAGTTA,1,Type1,3568.2736318408,1677.85074626866
AGCTCATCAGAAT,1,Type6,1322.43076923077,3782.18461538462
GAACGTAACTGTT,2,Type6,2303.22627737226,962.36496350365
CAGCCAAACTGTT,5,Type4,3092.39263803681,2704.26993865031
GGCCACAACTGTT,1,Type1,1626.29655172414,2066.34482758621
TCGGACATGAGTT,0,Type1,1785.04464285714,4361.95535714286
CTTGCAACAGTGT,3,Type1,4161.1679389313,4890.65648854962
TTGACAATGAGTC,2,Type1,2701.0306122449,3165.13265306122
TGTAACAGTCGTA,0,Type1,2589.69918699187,4204.90243902439
CTAGACCTGACAA,5,Type3,2636.25,2383.53409090909
AGGGGTCAGAGTG,0,Type1,2970.76785714286,4914.48214285714
TCGTCACTGACAC,0,Type3,4396.37692307692,3494.71538461538
AGTCACCGTCGTG,5,Type4,3094.48148148148,5468.31481481481
CGATACCGTCACA,4,Type2,2143.92805755396,3732.28776978417
GAACCACCAGTGA,0,Type1,1651.58333333333,1186.23611111111
ACCTACCACTACT,0,Type1,1650.32,2263.27
CTGGACCACTACT,1,Type11,3914.82795698925,716.365591397849
ACACTGCACTCAG,0,Type1,3828.45364238411,2878.04635761589
CTGGACCTGAGTC,0,Type1,2792.98630136986,878.164383561644
CCACACCACTCAT,1,Type6,4055.14444444444,3251.09444444444
GTATGTCAGACAT,1,Type1,4610.33714285714,2224.87428571429
GGCTCAGACTGTT,1,Type8,4837.92857142857,3023.21978021978
ATGTACGGTCTGT,3,Type7,4745.47619047619,3980.35238095238
CTGATGGACTACA,1,Type6,3633.63803680982,1684.78527607362
GATCACGACTGTG,0,Type1,1729.04166666667,2418.23611111111
TCAGCAGCAGGTG,4,Type2,2981.63736263736,4817.87912087912
TAGTCAGCAGGTC,0,Type1,1923.19607843137,3886.92156862745
ACTCACGCAGGTC,0,Type1,4847.62068965517,2299.34482758621
ACATGTTTGAGTT,2,Type1,1847.63865546218,4738.47058823529
GAAGTGTCAGTGG,0,Type1,5397.83636363636,3597.02424242424
TGATCATCAGTGG,3,Type2,1318.07142857143,4605.22857142857
ACATACTCAGCAC,5,Type4,1939.32142857143,1469.64285714286
CTGATGTACTCAC,1,Type6,2514.64383561644,4159.36301369863
GGACTGTACTCAC,2,Type7,2363.13775510204,4435.92857142857
TCCTTGTGTCCAG,5,Type4,2829.36363636364,2405.71900826446
TACTCATACTGTC,3,Type4,2067.09677419355,1369.08387096774
CTATTGTACTGTC,0,Type1,4003.72611464968,2714.55414012739
GCCCACTTGAACG,4,Type2,5430.22959183673,3290.14285714286
GACAACTCAGGTA,0,Type1,4132.1948051948,2589.57142857143
GCTGCATCAGGTA,0,Type1,3853.36416184971,1100.81502890173
ATGATGTACTCAT,0,Type1,3219.27131782946,5230.64341085271
CAGTCAAACTCTT,2,Type7,1113.1679389313,4516.26717557252
AAAGTGAGTCCTT,4,Type2,4702.47530864198,3773.53086419753
TTCTCAATGATCC,0,Type1,4508.47928994083,2605.86390532544
CCTGACATGAAGT,1,Type8,2758.83333333333,1060.22807017544
AATCCAAACTAGA,1,Type6,4468.12,2154.95
GAAGACATGAAGC,1,Type1,3853.30337078652,2696.15168539326
GTTACACACTTCC,0,Type4,2202.78260869565,894.239130434783
CCTTACCAGACTT,0,Type1,4036.68918918919,3126.2027027027
TCTACACAGATCC,0,Type1,1836.79661016949,4529.3220338983
GGTAGTCACTTCT,0,Type1,4371.81506849315,3249.12328767123
CAACCACTGAAGC,0,Type1,2767.02459016393,1616.4262295082
CGGTCAGACTCTG,0,Type1,3760.74691358025,1730.56790123457
ACGAACGACTTCA,0,Type1,5314.17365269461,3338.75449101796
CTTCGTGTGAAGA,3,Type1,5012.29577464789,3980.04225352113
TGTCCAGTGAGAG,1,Type6,2086.54,1510.53
AAAAGTGACTAGC,0,Type4,3881.03571428571,2847.55357142857
ACTGTGGACTCTA,0,Type1,1329.54887218045,3406.12030075188
ATACACGCAGAGC,1,Type1,2706.37603305785,848.702479338843
CTCGCATGTCTCA,4,Type1,4238.625,1470.96875
TCTGCATCAGAGT,1,Type4,3062.21074380165,2556.63636363636
AAAGGTTACTAGT,0,Type1,4616.19339622641,3165.44811320755
TCTTAGTACTTCA,0,Type1,3470.7311827957,3724.59139784946
CCCGGTTTGAGCT,0,Type1,5160.04424778761,3757.57079646018
GCCGACTGTCAGA,0,Type1,4608.6,2504.64137931034
ATAAGTTCAGAGC,4,Type2,3311.84472049689,3758.9751552795
CGAAGTTACTCTA,4,Type7,4420.70921985816,4971.62411347518
GTCACATACTTCG,0,Type1,5268.83333333333,3327.86752136752
TTGCTGACAGCGG,0,Type1,1403.21428571429,4515.19642857143
CACGCAACAGGCC,2,Type2,1309.62666666667,4712.45333333333
ACAGACATGATAA,3,Type2,2652.93370165746,3990.8729281768
GAACACATGACGT,1,Type1,4679.40310077519,2741.39534883721
CATCCAACAGATC,0,Type1,1255.57364341085,3204.17054263566
CCAAACAGTCTAT,0,Type1,4597.828125,3148.0390625
AGCCTGAGTCTAN,1,Type9,2816.76691729323,813.84962406015
CGTCACATGACGC,3,Type1,2119.10344827586,3985.81609195402
TAGCTGATGATAT,1,Type1,3826.12745098039,4773.92156862745
TATAGTCACTTAA,1,Type10,2108.79661016949,1147.89830508475
CGACTGCGTCTAA,0,Type1,4167.52419354839,2878.73387096774
ACTCGTCGTCGCC,0,Type1,5301.64615384615,3699.26153846154
CGGGCACTGAGCA,1,Type6,3426.07692307692,1715.83760683761
GCACTGCTGACGT,3,Type8,1634.44329896907,1301.85567010309
TATACACTGAGCA,0,Type1,3075.91954022989,5220.14942528736
GAAACACACTGCT,0,Type1,1940.45454545455,3845.51515151515
CTATACCACTATA,0,Type1,3799.10526315789,3884.70175438596
GTCATGGACTTAC,4,Type2,1955.57317073171,3708.36585365854
AAGCACGTGAATC,2,Type1,1324.84705882353,3842.02352941176
CGCCGTGTGATAG,0,Type1,3984.58791208791,4761.01098901099
CTCCTGGGTCATA,0,Type1,4171.32432432432,5083.17567567568
GAAGACGACTATA,5,Type4,2883.34117647059,1856.92941176471
CTGATGTTGAGCC,0,Type1,2958.47457627119,4925.84745762712
AGGTCATGTCGCC,0,Type1,2777.05494505495,1671.06593406593
CATTACTACTGCN,0,Type1,3199.03797468354,5175.30379746835
ATTCTGTACTGCA,3,Type1,5579.75401069519,3217.66844919786
GGCCACTTGATAG,0,Type1,2588.52447552448,4219.46153846154
CGCAACTCAGGCT,3,Type7,3802.8125,650.015625
TCGTACTCAGGCT,2,Type1,3495.51515151515,665.266666666667
TTAGCATCAGGCT,4,Type1,4712.125,3786.875
ATGGACTTGACGC,0,Type1,3824.10416666667,2642.27777777778
GCTTACTGTCGCG,1,Type1,3538.32947976879,1890.53179190751
CAGTACTGTCGCG,0,Type1,4778.36477987421,3349.58490566038
GACTTGTACTGCG,0,Type1,3121.09333333333,5214.56666666667
CAAACTAACTCCC,0,Type1,3875.8406374502,4126.3984063745
CCGTAGACTCCCC,1,Type1,2159.28358208955,2352.0
TGATAGAACTAAC,0,Type1,3796.63,4714.415
CCGATCATGACCA,4,Type7,2410.75862068966,5081.8275862069
CCGAAGAACTCCT,0,Type1,3009.70833333333,5024.94444444444
CGGGCTACAGAAG,5,Type4,4728.91411042945,3360.16564417178
GCGCTCACAGAAG,4,Type2,2421.75714285714,5181.0
AAACAGAACTCCG,0,Type1,2662.30357142857,4884.72619047619
CTGAGAACAGCCG,4,Type4,2843.78651685393,3749.77528089888
GAATAGCCAGGGG,0,Type1,3073.02469135802,5180.0987654321
GCCGTCCTGAGGT,0,Type1,3738.77272727273,3474.48863636364
CGCGGACACTCCT,1,Type6,2536.66666666667,3625.94444444444
GACAAGCACTCCG,4,Type2,1603.09489051095,2605.24817518248
CCCATCGACTTCC,0,Type1,5040.09405940594,2520.11386138614
CGGCAGGACTTTT,0,Type1,3799.56,1553.13
ACATAGGACTTTT,1,Type1,2718.97461928934,1382.65989847716
TCAGAGGCAGGGG,3,Type7,2099.94174757282,1270.63106796116
GATGTCGGTCAAC,3,Type1,4064.78733031674,4437.0
TGTCAGGACTAAC,4,Type2,2720.04705882353,1174.30588235294
CGCCTCGACTCCA,0,Type1,3242.83571428571,5336.32142857143
TATGAGGCAGGGT,0,Type1,4074.41056910569,5024.93089430894
CGTCTCTGTCGGT,0,Type1,3411.41304347826,691.108695652174
TAGTGATGTCTTG,0,Type1,1750.10833333333,2326.45833333333
TGCAAGTACTCCA,0,Type1,4676.48888888889,3402.56666666667
CTAATCTGTCTTC,0,Type1,4963.2700729927,3635.91240875912
CAGTTCTTGATTA,0,Type1,4422.46853146853,1718.78321678322
TTAATCTCAGTTA,3,Type1,2953.82417582418,1004.60989010989
GATTGATACTCCG,0,Type1,3097.91262135922,783.485436893204
TATCTCTACTGGC,4,Type2,5096.33333333333,4365.46212121212
CATATCTACTCCG,2,Type7,2302.8669527897,4507.18454935622
TTTTTCAACTACC,2,Type1,5115.76470588235,3590.25294117647
GCTGTCAACTGTT,3,Type7,3593.11290322581,1103.04838709677
ATGCCTATGAACC,0,Type1,3206.29761904762,5504.70833333333
TACACTAACTACA,5,Type1,2865.58088235294,1940.94852941176
GGTTTCATGAACA,0,Type1,5125.60714285714,3799.17857142857
CCACAGAACTACT,3,Type7,4693.87603305785,3925.21487603306
GTGGCTACAGCAG,3,Type1,3620.02777777778,5456.80555555556
TGATTCACAGCAT,0,Type1,4429.1756097561,3447.61951219512
CCAAGAATGAGTA,5,Type4,2596.88157894737,4025.59868421053
TAGTGACGTCACC,1,Type6,4027.18831168831,2351.17532467532
GGTAAGCAGACAC,4,Type1,3062.03191489362,949.978723404255
ACAGGACACTGTC,0,Type4,1256.28421052632,3356.24210526316
TTGCCTCTGAGTC,4,Type2,2805.38461538462,4532.88461538462
AAACCTCGTCACT,3,Type2,3057.12777777778,1068.61111111111
GGGCTCCAGAGTA,0,Type1,1746.32911392405,2858.30379746835
CTCATCCAGAACG,3,Type4,2247.75308641975,2544.86419753086
GAGGGAGACTACN,0,Type1,3817.15068493151,1844.75342465753
GGCTGAGCAGGTT,0,Type1,1680.88372093023,4035.54651162791
AAGGTCGCAGGTC,4,Type1,3847.92571428571,5097.99428571429
CACGAGGGTCGTA,1,Type6,3634.89626556017,3865.01244813278
ATCTAGGTGAGTA,1,Type4,2802.73282442748,2146.71374045802
AAGCCTGTGACAT,1,Type4,1983.55102040816,890.795918367347
AACATCGACTACG,0,Type1,4407.30496453901,2669.87943262411
GGCCAGGACTGTA,0,Type1,3954.41333333333,3050.89333333333
ACAATCGCAGGTA,1,Type1,3353.0,601.708333333333
TGAAAGGCAGGTA,1,Type6,3492.98604651163,1753.66976744186
GCGACTTTGAACC,0,Type1,3464.24778761062,3984.52212389381
TTCGGATCAGTGG,1,Type1,1882.98924731183,3423.34408602151
TCGACTTCAGGTT,3,Type9,2245.05035971223,1631.36690647482
CCAGGATACTTGG,0,Type1,2105.09090909091,4622.5
CGTATCTTGAGTG,1,Type11,3208.39259259259,4574.03703703704
CTGCAGTGTCGTG,4,Type7,5085.88888888889,2510.55555555556
TCTTTCTGTCGTG,0,Type1,2342.9842519685,2449.00787401575
CGTGCTTCAGGTG,0,Type4,3356.0652173913,748.934782608696
CTGCCTTCAGGTG,0,Type1,3171.81052631579,3408.56842105263
TGACAGTCAGGTG,0,Type1,2732.83913043478,2749.65652173913
TCCCAGTACTTGT,3,Type1,3500.77272727273,963.176767676768
TGTGTCTACTTCA,1,Type1,3727.372,3610.432
GGATAGTACTACA,0,Type1,3091.20792079208,5387.45544554455
CCTCAGTTGACAT,0,Type1,2657.22388059702,1413.5223880597
GTGGCTTCAGGTA,0,Type1,1163.25,3680.58088235294
GAACTCACAGTCC,0,Type1,4735.38323353293,3335.8622754491
CCATGAACAGCTG,0,Type1,4560.71710526316,1919.46052631579
TGCAAGAGTCAGT,0,Type8,2955.0,5414.57522123894
ATACGAATGAAGT,3,Type7,4701.19631901841,3880.78527607362
TCGTTCAGTCCTA,0,Type1,1543.06060606061,3349.63636363636
CAGCCTATGAAGC,4,Type1,1257.38947368421,3307.09473684211
GTATGAATGAAGC,1,Type6,3695.04098360656,4161.24590163934
GTGAGACTGATCA,4,Type1,1840.02542372881,3615.09322033898
CTGGTCCCAGTCT,0,Type1,3731.25,4492.72826086957
GACAGACTGATCT,0,Type1,4632.72352941176,3143.75882352941
TTCCAGCTGACTC,0,Type1,1531.27826086957,4587.34782608696
ACAGGACACTCTA,1,Type7,3514.18705035971,3550.30935251799
GGGTTCCTGACTA,4,Type1,3843.24087591241,3930.6204379562
TAATGACTGAGAT,2,Type5,3011.88970588235,1167.74264705882
AGTGAGGCAGAGG,0,Type1,3149.36363636364,5520.41818181818
TGAGGAGCAGCTT,1,Type1,4155.91703056769,1980.75982532751
GTTCTCGTGATCA,0,Type1,3553.61379310345,4251.17931034483
TGTTAGGTGATCA,0,Type1,4928.39024390244,2993.78048780488
GCTAGAGACTTCA,1,Type1,2716.68666666667,1616.54666666667
TGCATCGACTTCT,0,Type1,3671.35664335664,4196.86713286713
CTCGTCGCAGGAG,0,Type1,3822.29696969697,3102.29696969697
AGCGGAGACTTCG,3,Type1,3197.48979591837,1026.28571428571
AGATTCTTGAAGG,0,Type1,3767.02631578947,4346.27631578947
TACACTTCAGTCC,4,Type1,4089.67857142857,3177.24404761905
AGTACTTCAGTCC,4,Type2,2316.0,2591.64102564103
TCAACTTGTCTCT,1,Type1,3436.87142857143,608.321428571429
AGTCGATCAGCTC,0,Type1,3348.96022727273,3763.19318181818
TGCCAGTCAGTCT,1,Type1,3930.97674418605,1549.17054263566
CCGATCTTGACTA,0,Type1,2228.51376146789,4295.26605504587
GCGCTCTTGACTA,3,Type1,4164.41279069767,4873.15697674419
GCGGGATGTCTCG,4,Type2,2532.85333333333,2786.31333333333
ACAGGATCAGTCG,0,Type1,1773.61,4324.33
CTATGATCAGTCG,3,Type1,3032.75912408759,4175.49635036496
TAGCTCATGACGG,0,Type1,3398.26829268293,785.817073170732
CTAGGAATGACGG,1,Type1,3298.47770700637,1902.96815286624
TGGTCTAACTCGT,0,Type1,4973.62732919255,3869.12422360248
CGGACTACAGTAC,2,Type9,4251.22556390977,4146.44862155388
TATCGAAGTCGCA,0,Type1,3790.88590604027,3744.42953020134
CTCTGAAACTTAG,0,Type1,1233.32954545455,4123.18181818182
CAACTCAACTTAT,4,Type2,1812.42804428044,3516.67158671587
ATAGAGAACTATA,0,Type1,4687.66666666667,2125.19298245614
TCATGAACAGGCG,1,Type6,4334.24264705882,2115.95588235294
TGGTCTAGTCGCG,0,Type1,5050.45962732919,3217.01242236025
GGGTCTATGACGC,0,Type1,3780.16494845361,5582.47422680412
TCGTCTCAGATAA,5,Type3,3158.77692307692,1997.68461538462
CCGAGACACTCGG,3,Type7,2826.88535031847,4487.19108280255
TCGAGACGTCTAA,0,Type1,2762.00819672131,4554.40163934426
TACAAGCACTCGT,0,Type1,3468.66666666667,3628.41520467836
TGGGCTCGTCCGT,1,Type6,2670.91719745223,1824.04777070064
CATGAGCAGATAG,3,Type1,3052.91044776119,1991.5223880597
GCGCCTCACTTAG,1,Type6,3076.13068181818,1638.58522727273
CTCCCTCGTCGCT,0,Type1,3203.109375,3545.390625
ACTTAGCGTCATC,5,Type1,2760.80701754386,1820.36842105263
TAAATCCTGACGC,3,Type7,1328.08270676692,4518.21804511278
GGGATCCGTCTAT,4,Type2,4163.83647798742,4824.33333333333
TCCTTCGTGAATT,0,Type1,4731.94011976048,1902.15568862275
ATCCTCGTGAGCC,5,Type4,2934.36923076923,2369.23076923077
GGTTTCGCAGTAA,1,Type6,4445.8431372549,2350.13725490196
GACGGAGGTCATG,2,Type8,2193.4296875,1521.3984375
GCTCGAGTGAGCA,0,Type1,3508.67058823529,3912.75294117647
TCCGCTGACTATG,0,Type1,4112.67272727273,3333.75757575758
GACTGAGACTCGT,0,Type1,5085.10144927536,4043.25603864734
GATCTCGACTGCA,0,Type1,3419.54807692308,765.413461538462
CGAACTGTGAATC,4,Type2,4623.11594202899,3753.65217391304
TCATAGGACTTAG,3,Type2,2093.73033707865,1494.30337078652
TACTGAGCAGCGA,3,Type1,5130.83035714286,4321.49776785714
GACAAGGGTCCGC,1,Type6,3192.34761904762,2260.94285714286
TGTTGAGCAGCGC,2,Type2,2596.70085470085,3228.79487179487
CCAGAGTACTTAA,3,Type2,2945.29078014184,4840.14184397163
CCTGGATACTCGG,0,Type1,3919.31927710843,4321.59638554217
AGTTAGTACTCGT,0,Type1,4305.21487603306,1745.64462809917
GTTTCTTTGAGCN,3,Type7,1330.65882352941,4503.81176470588
TGAGCTTCAGCGC,0,Type1,1322.56730769231,3518.65384615385
GTTTCGATGAGGG,0,Type1,1534.95505617978,4280.42696629214
AAAGGCAGTCTTC,4,Type1,1923.30107526882,1565.50537634409
GCATTAAGTCAAG,0,Type1,4659.95726495726,2804.96581196581
GCCAGCACAGAAT,0,Type1,3936.09259259259,1709.12962962963
CTAGATATGACCG,0,Type1,3755.86290322581,3771.11290322581
ACCGATCACTTTT,3,Type1,4642.60185185185,3753.57407407407
TGATTACACTGGT,0,Type1,2515.10810810811,3519.37837837838
CGCTTACACTCCC,0,Type1,3465.27536231884,3968.51207729469
TCGTGCCGTCCCC,0,Type1,2977.88118811881,5454.85148514852
ATATCGCGTCAAA,0,Type1,3419.95906432749,4205.78947368421
TAGTATCACTAAC,1,Type6,3083.86885245902,1898.24590163934
CTTCTACTGACCA,2,Type1,5018.84782608696,2573.76086956522
ACGTGCCACTCCT,3,Type3,1205.8036809816,4611.84662576687
TCCGGCCGTCCCT,2,Type7,1564.28275862069,1141.4
TGAGCGCGTCAAT,1,Type6,4601.19318181818,2297.46590909091
AAGACGGACTAAA,3,Type7,3833.02105263158,3571.22105263158
GAGTATGGTCGGA,0,Type1,2872.65034965035,1002.00699300699
GGCAGCGTGAAAG,0,Type1,2698.45544554455,1180.33663366337
GATCCGGACTCCG,0,Type1,1435.04255319149,3651.96453900709
ATCTCGGCAGGGC,0,Type1,4521.465,3276.475
TTCCCGTTGAGGG,1,Type1,3851.125,3137.09375
TGAGATTCAGGGG,5,Type4,1785.38505747126,1291.73563218391
CGCGATTTGATTG,2,Type1,4095.17647058824,4390.38502673797
CGTCGCTACTTTG,0,Type1,4438.16666666667,3398.25
CCTAGCTACTTTG,0,Type1,5274.27272727273,3643.40606060606
AGCTGCTCAGGGA,2,Type1,3409.88111888112,904.006993006993
CTCACGTCAGTTA,0,Type1,2096.0,4583.06206896552
GTAAGCTACTCCG,0,Type1,1497.29279279279,3612.89189189189
GCGGTAAACTGTT,1,Type1,3893.42222222222,2011.52222222222
TATCTAACAGGTT,0,Type1,4427.43783783784,1701.13513513514
TGAACGAGTCGTT,0,Type1,5425.38211382114,3338.65853658537
TAATTAATGACAA,0,Type1,3798.23529411765,2818.5
ATTAGCATGAACC,1,Type1,1944.52447552448,2296.12587412587
GCCAGCACAGGTC,1,Type9,2387.56923076923,1040.01538461538
TACTTAATGAGTC,1,Type1,4386.72434017595,2803.4926686217
TATGGCATGATGA,1,Type1,4558.13294797688,2159.70520231214
CAGTATAACTGTA,1,Type4,1753.67021276596,4497.08510638298
GTAAATAACTTGC,0,Type1,5118.23493975904,3249.89156626506
GGCTATAACTCAT,5,Type4,2944.14792899408,2380.90532544379
CGGTATACTCCAT,0,Type1,4588.35714285714,3345.38571428571
ATTCTAACAGGTA,1,Type1,5119.85204081633,3209.57142857143
CTGAATCACTGTT,5,Type4,4105.56989247312,2654.87096774194
ACCTTACTGAACC,4,Type2,5116.74871794872,4438.93333333333
GGCACGCAGAACA,0,Type1,5421.88601036269,3750.40932642487
AGAAGACTGACAC,4,Type2,1242.90588235294,4403.77647058824
CGCTATCTGAACA,0,Type1,2025.4606741573,2325.07303370787
TCAAATCTGAGTA,5,Type2,1767.29850746269,1387.68656716418
TGTGCGCTGAGTA,0,Type1,1959.76063829787,3987.01595744681
GAGGATCTGAACG,5,Type4,1552.36686390533,4325.04733727811
TTTCGAGGTCCAA,0,Type1,3175.92857142857,902.264285714286
CATTTAGACTGTT,3,Type1,2577.29310344828,611.689655172414
GATATAGCAGCAC,0,Type1,3528.41525423729,3562.11016949153
TCTAGCGGTCGTC,0,Type1,4827.63793103448,2270.74137931034
GGGACGGCAGGTC,0,Type1,4891.62765957447,2330.05319148936
CCAAATGCAGACT,2,Type1,2658.96585365854,4539.33170731707
GCACATGCAGGTC,3,Type1,1840.28813559322,1199.72033898305
CTTCGCGTGACAT,0,Type1,3394.69696969697,3928.04242424242
TGCGATGGTCGTA,4,Type2,2388.10526315789,5181.68421052632
AAATTAGACTCAT,3,Type7,3191.53594771242,1056.41176470588
AGTCCGTCAGACC,0,Type1,1760.03521126761,4276.00704225352
TGCCGCTCAGGTT,0,Type1,4462.27717391304,3482.51630434783
CACGCGTACTTCA,0,Type1,3700.3185840708,4555.04424778761
GAAAGCTTGAACT,4,Type1,5406.33333333333,3268.62037037037
CTCTATTTGAGTC,4,Type2,2668.26146788991,3151.66972477064
ATGCTATGTCCAG,1,Type1,2470.45698924731,1341.79569892473
GTGGGCTTGAACG,4,Type2,3586.52671755725,4541.00763358779
CCTTTATTGAACG,1,Type7,2575.0,4522.75943396226
AGGTGCTGTCCAT,0,Type1,5139.02479338843,3808.50413223141
GGGCTATGTCGTA,0,Type1,2737.31666666667,945.916666666667
TACAATTCAGGTA,0,Type1,5210.00833333333,4368.45833333333
TGGACGTACTACG,4,Type2,2001.77777777778,2465.23931623932
ATTCATACAGCTT,5,Type1,3101.91860465116,2064.41860465116
AGCGATAGTCCTT,0,Type1,2200.88429752066,1985.98347107438
CGGTATAACTTCA,0,Type1,2557.83064516129,4956.0
CCACGCAACTTCA,0,Type1,1335.33027522936,3850.12844036697
GCGCCGACAGTCA,0,Type1,2598.52100840336,2783.11764705882
TATGTAAGTCTCA,0,Type1,5182.81,3090.07
CTACGCAGTCTCA,1,Type6,3123.68548387097,1801.83870967742
TCAGATATGATCA,0,Type1,2068.48623853211,4457.44036697248
GATAATATGAGAC,3,Type7,3944.92528735632,3369.96551724138
CTTAGCACTCCTC,0,Type1,5313.05769230769,3677.1858974359
CGCACGATGACTC,5,Type4,1863.73333333333,1355.17333333333
CCACCGCAGACTT,0,Type1,5180.34394904459,4081.17834394904
AACGTACACTAGG,1,Type6,4056.17647058824,3235.38970588235
GTTCATCGTCAGG,4,Type2,5114.66853932584,2564.31460674157
ACTAATCCAGCTG,0,Type1,1890.7619047619,4706.05952380952
TTATTACCAGAGT,2,Type7,1363.84545454545,4631.89090909091
GTTTATCACTCTG,0,Type1,3806.28395061728,2634.81481481481
ATTGCGCACTCTG,1,Type1,1833.32460732984,2358.12041884817
ATCAATCACTTCA,0,Type1,4194.46788990826,5259.32110091743
CCGGGCCACTTCA,0,Type1,1624.81481481481,3512.95061728395
GTCCGCCACTAGA,2,Type1,1997.96629213483,1078.83146067416
CCAAATCTGATCT,1,Type8,4850.07006369427,3254.5923566879
CACCTACGTCAGA,0,Type1,1354.46564885496,3402.08396946565
AGCCATCGTCAGA,2,Type1,2745.28859060403,5184.89932885906
GTGTATGGTCTCC,1,Type6,3551.91558441558,3460.82467532468
TTCCGCGACTCTT,0,Type1,1306.92857142857,3396.54761904762
TGCTGCGACTAGG,4,Type2,3386.47474747475,1235.75757575758
TATGTAGACTTCA,0,Type1,1915.42412451362,4065.18287937743
CTAATAGCAGAGT,2,Type1,1751.40833333333,1044.81666666667
TTGAATTTGACTT,1,Type1,5426.53488372093,3713.5
TGGAGCTGTCAGA,0,Type1,4732.23913043478,3737.23913043478
CGTGGCAACTGCT,3,Type1,3380.77319587629,899.257731958763
TAACTAACAGTAG,4,Type2,3902.78341013825,3289.33179723502
GTTAGCAGTCCGA,0,Type1,1567.96052631579,4383.84210526316
AAAAGCAACTGCG,3,Type1,1701.47794117647,1068.72794117647
GGAAGCACAGGCG,1,Type6,4283.82142857143,2454.67857142857
GGACTAAGTCTAT,0,Type1,4924.25773195876,2858.39175257732
GGATCGATGAATA,1,Type1,2204.92561983471,1437.66115702479
AGAGCGCACTTAA,4,Type2,2606.23626373626,2878.02197802198
TCGATACACTCGG,0,Type1,5090.36912751678,2938.76510067114
TAGGATCACTATG,0,Type1,3946.95652173913,2529.79710144928
AACATACTGACGT,0,Type1,5421.84042553191,3736.72340425532
CCAAGCCACTCGA,3,Type4,2433.58536585366,4984.17073170732
AGAACGCACTCGA,1,Type1,2804.93243243243,2191.68918918919
ATCAATCACTTAG,4,Type2,2946.45962732919,3681.30434782609
ATCGGCCACTATC,0,Type1,4178.34814814815,1859.48148148148
AACTTACTGAGCT,1,Type1,1836.61452513966,2260.8156424581
TCATGCCTGATAG,0,Type1,5207.33714285714,3937.23428571429
TTGTGCCACTATA,1,Type1,4446.1724137931,1953.62068965517
AGCCGCCACTTAT,0,Type1,3771.83544303797,4446.29746835443
AGTGGCGACTGCC,0,Type1,3511.31481481481,1683.35185185185
CGGGATGACTCGT,1,Type6,3459.97752808989,3279.02247191011
TGCTCGGCAGGCA,2,Type3,1847.12179487179,1291.53846153846
TCAGCGGTGACGA,0,Type1,2063.26315789474,4418.80701754386
CACCATGCAGGCT,3,Type7,2755.38392857143,1154.8125
ATGTATGCAGTAG,0,Type1,2926.33333333333,722.18115942029
GCTCGCGGTCATA,1,Type8,3595.92805755396,1269.41726618705
GAGATAGCAGTAT,1,Type6,2064.93137254902,2077.30392156863
TCGCCGTTGATAA,4,Type2,3313.85454545455,3779.16363636364
TGCGATTGTCTAA,3,Type7,3747.02,609.97
ATAATATCAGTAA,0,Type1,4424.44041450777,3296.27979274611
GTGCATTACTATT,5,Type4,4303.5,2654.12921348315
GTCAGCTACTATT,1,Type1,4851.0593220339,2662.39830508475
GACTCGTTGAGCA,2,Type1,4645.1746031746,3614.46031746032
AGGTCGTGTCATG,3,Type3,2115.0347826087,3454.42608695652
TAAGATTCAGTAC,1,Type1,4826.54802259887,2588.83050847458
GGAACGTCAGGCA,0,Type1,5269.34343434343,3146.08080808081
CCCCTATACTATG,0,Type4,2631.89583333333,4833.20833333333
ATTAGCTACTGCA,3,Type7,3961.49411764706,3302.53529411765
GGAAGCTACTTAC,3,Type7,1090.18269230769,3739.49038461538
ATGAATTCAGATC,0,Type1,3424.46808510638,579.468085106383
AATAAGTCAGATC,3,Type7,4339.39655172414,3649.07327586207
CGTTGCTTGAATA,0,Type4,3797.10526315789,3478.25657894737
TCCCGCTCAGATN,0,Type1,3562.09333333333,745.066666666667
TTCCTATACTATA,5,Type7,1823.09039548023,1284.64971751412
GTCGCGTACTTAT,1,Type1,4935.17098445596,2780.23834196891
AATTGATACTATA,1,Type6,3168.51851851852,2191.18518518519
AACCTTAACGTTT,0,Type1,5103.88095238095,2846.19642857143
GAAGGGAGTAGGG,0,Type1,5272.13605442177,3859.95238095238
GAGAGGAACGTTG,0,Type1,4413.75524475524,2605.87412587413
CTGACCATGCAAC,1,Type1,4473.92805755396,3537.12949640288
GATCGGACATCCG,0,Type1,1675.74509803922,4061.72549019608
TGTAAAAGTACCG,1,Type6,4577.68,2301.83333333333
AGCAGGATGCCCG,0,Type1,2866.42477876106,5125.30530973451
CATGGGCACGGGG,1,Type6,3722.79545454545,3162.09090909091
GCCTTTCTGCGGG,3,Type1,3012.55913978495,4142.91397849462
GATCGGCGTAGGT,4,Type2,2928.09230769231,4717.4
CCCAAACAGCAAT,0,Type1,1202.76041666667,3504.34375
GTCATTCACGAAT,1,Type8,2350.12935323383,3833.75621890547
TCGCAACACGCCG,1,Type8,2550.54285714286,4313.88095238095
TTCATTCTGCCCG,5,Type4,3034.35416666667,2213.36111111111
GGATCCCGTACCG,0,Type1,4782.27777777778,2281.06944444444
CTTATTGGTACCC,0,Type1,2900.73611111111,5001.28472222222
GAGAGGGACGAAA,0,Type1,3615.12790697674,4308.85465116279
CCCGCCGTGCAAC,3,Type1,3601.45098039216,4513.97385620915
TAACTTGACGCCA,4,Type1,1583.3698630137,2467.15753424658
CGCATTGACGCCA,0,Type1,2454.74380165289,4387.89256198347
CACTTTGACGGGA,5,Type1,1979.12213740458,843.320610687023
ATATCTGACGTTC,3,Type4,2632.33333333333,2201.25490196078
GTCATTGCATGGA,0,Type1,2659.90395480226,2653.61581920904
CTCGAAGACGAAT,0,Type1,1538.17616580311,4399.33678756477
TTGGGGGCATTTA,0,Type1,1541.54198473282,4417.63358778626
CTTTGGTTGCGGG,0,Type1,3780.53301886792,3598.19811320755
ACCCAATCATTTT,0,Type1,4670.23981900453,1941.60633484163
TCGTAATCATTTT,1,Type6,3694.42738589212,1807.97510373444
GCTCAATCATTTG,4,Type7,4802.59090909091,3891.66161616162
TCTCAATGTAGGC,0,Type1,4718.46218487395,3336.74789915966
GTGCCCTCATGGC,3,Type7,2513.88938053097,4708.27876106195
ATCAAATCATGGC,3,Type7,3315.39306358382,3954.27167630058
CCAAAAAACGGTT,0,Type1,3393.77181208054,738.697986577181
ATGGTTACATTGG,2,Type1,4322.93790849673,2938.58169934641
GAATAAAGTAGTT,0,Type1,2414.45454545455,2525.98295454545
GACATTAGTAGTT,4,Type1,4149.44720496894,4841.12422360248
GGATCCAGTAACC,3,Type7,3859.33070866142,3419.48818897638
CAAACCATGCGTT,0,Type1,4031.88085106383,1164.97446808511
AGCCTTATGCACC,0,Type1,1283.85616438356,3891.30821917808
TGCGGGATGCTGG,1,Type3,1705.63235294118,1053.88235294118
ACGTAAAACGGTG,0,Type1,3032.67757009346,5452.4953271028
AAGGTTACATACA,3,Type1,1826.33793103448,1007.21379310345
TAGTGGATGCACA,0,Type1,3377.66666666667,787.30303030303
TCGCCCATGCTGT,4,Type2,3226.94117647059,940.164705882353
CAATGGAGTAGTC,2,Type1,1950.77777777778,1059.26797385621
CTCGAAAGTAACT,0,Type1,2977.13157894737,5483.48245614035
ATCCGGACATGTA,2,Type2,5267.45867768595,2790.93388429752
TGAGGGACATTGC,5,Type4,1817.62585034014,1480.08843537415
ACATGGATGCTGC,0,Type4,1900.61111111111,3981.74305555556
ATGTGGCACGGTT,1,Type1,5340.42307692308,3959.51923076923
GGATGGCAGCCAA,1,Type6,4875.88829787234,3367.75531914894
ATCGTTCAGCCAA,2,Type1,3767.38181818182,3276.2
CGCAGGCACGTGG,4,Type1,3715.71794871795,584.935897435897
GTATTTCACGGTT,0,Type1,3818.21518987342,3183.02109704641
GCTGAACGTAGTT,2,Type1,4122.23863636364,1679.48295454545
GCGTCCCACGGTG,0,Type1,1905.84210526316,4946.0350877193
GTCGTTCCATGTC,1,Type6,3835.42307692308,1240.49450549451
CCCTTTCACGGTC,0,Type1,5181.98360655738,3884.95901639344
TCATAACACGGTC,0,Type1,4286.93103448276,5060.41379310345
TCTGGGCGTACAG,0,Type1,5176.81355932203,3964.40677966102
CGGTAACACGTGC,3,Type7,2946.04268292683,4809.9756097561
ACGATTCAGCCAT,1,Type1,5070.14393939394,3181.59090909091
TGAATTCGTATGC,1,Type1,2635.40789473684,1029.84210526316
TCGTTTCGTAGTA,0,Type1,3914.32743362832,1573.26548672566
TCTCTTGTGCGTT,0,Type1,4734.9203539823,3767.45132743363
GCTGCCGACGACC,0,Type1,3560.06818181818,688.265151515152
GTCTAAGACGGTT,0,Type1,2688.89010989011,3178.75274725275
TAACCCGCATGTT,0,Type1,4510.28834355828,3181.34969325153
TGAGCCGCATCAC,0,Type1,2979.66216216216,1840.39189189189
GTCGTTGTGCCAG,1,Type1,1787.96273291925,4222.84472049689
AGCCTTGACGGTC,0,Type1,3070.59770114943,5360.44827586207
TCAGTTGCATGTC,5,Type4,2781.71328671329,1933.13286713287
TAGTTTGCATTGA,0,Type1,3738.58307210031,4690.72413793103
TGCTAAGCATTGA,5,Type4,2908.352,1857.08
GCTCCCGGTAACG,3,Type7,2423.44791666667,5001.73958333333
CATTTTTCATACC,3,Type2,3068.7427184466,4264.92233009709
TCGCTTTCATGCC,0,Type1,2974.09433962264,1730.58490566038
CACTTTTACGACC,4,Type2,3426.55639097744,4332.81203007519
CATGCCTACGCAA,3,Type7,1183.98712446352,4375.6008583691
TCGATTTACGCAA,1,Type6,3299.13274336283,643.778761061947
CTTCGGTTGCTGT,2,Type1,4748.00806451613,2590.46774193548
TGTAAATTGCACA,3,Type1,1785.88,4737.91
CCCGGGTGTAACA,2,Type1,4661.49350649351,2053.29220779221
GGGCAATCATACA,4,Type2,3098.65878378378,3598.58783783784
TGCATTTCATGTG,0,Type1,4986.17073170732,3876.55284552846
CTGGCCTACGCAC,0,Type1,5175.10248447205,4397.06211180124
CGCGTTTTGCCAG,0,Type1,1638.12244897959,4472.61224489796
CTGTGGTGTAGTC,3,Type1,4793.3738317757,2129.02803738318
AGCGAATCATCAG,0,Type1,4442.90625,1654.2875
GCACTTTACGGTC,0,Type1,4109.97637795276,4952.62204724409
TTATGATACGGTC,5,Type4,2589.76470588235,2212.46218487395
CTTGCCTTGCCAT,0,Type1,4446.97209302326,3593.96744186047
CCCCGGTGTAACG,0,Type1,5297.62251655629,3684.3642384106
ATTCAATGTACAT,4,Type2,2400.0198019802,5429.66336633663
TCCGGGTGTAGTA,4,Type2,4462.37209302326,3687.06976744186
AAACAATCATGTA,4,Type2,1148.41071428571,4203.82142857143
TACCTTTCATGTA,3,Type7,5053.36138613861,4488.0099009901
TTCGAATACGACG,3,Type1,3679.83544303797,5574.69620253165
GCCCCCACATTCC,3,Type4,1883.73417721519,1116.13924050633
TTAATTACATTCC,1,Type6,2278.36082474227,2048.12371134021
AAAACCATGCTCC,0,Type1,3730.81621621622,3676.58378378378
GATCGGATGCCTT,1,Type6,4757.97278911565,3516.21088435374
TATTCCACATCTG,4,Type2,3867.83888888889,3979.58888888889
CAATCCAACGAGC,2,Type7,3436.04166666667,885.5625
ATGACCAACGCTA,0,Type1,2448.05555555556,4418.75
GTCCAAAACGAGC,4,Type2,4800.68965517241,2059.77339901478
ATCATTACTATCG,0,Type1,3550.43209876543,1904.08641975309
ATTCTTCCATCTG,0,Type1,3680.05194805195,606.746753246753
TATGCCCCATAGT,0,Type1,1682.1835443038,4608.45569620253
GCCGGGCAGCTCA,0,Type1,3821.57232704403,3255.74213836478
ACGAGGCTGCCTG,2,Type4,2787.39166666667,1962.75
CCAATTCGTAGAN,2,Type1,5226.3203125,3910.703125
ACGCAACCATCTC,4,Type2,4444.9751552795,3690.88198757764
ACGTGGCAGCCTC,1,Type6,4156.26553672316,2526.61581920904
TGTCGGGACGTCC,0,Type1,4789.86538461538,3773.96153846154
AGCTCCGCATCTT,0,Type1,5414.94495412844,3806.48623853211
GATACCGTGCTCA,0,Type1,4433.67010309278,3464.12371134021
GTTCAAGACGGAC,1,Type6,4205.81623931624,2491.95299145299
CTCAGGGCATAGT,0,Type1,4646.65185185185,2150.19259259259
TGGAAAGCATGAG,4,Type1,3145.68794326241,5562.24822695035
ACATTTTTGCTCC,2,Type1,4530.49162011173,1991.85474860335
TATGCCTCATTCC,6,Type1,5080.43023255814,2637.21511627907
GCGTAATACGCTT,0,Type1,1536.16279069767,4474.83720930233
TTAAGGTACGAGT,0,Type1,4184.99375,2796.309375
GGAAGGTTGCTCT,1,Type1,2248.15384615385,2710.81318681319
GAGCGGTCATCTC,0,Type1,4497.27807486631,3406.54545454545
GAGCTTTTGCCTA,0,Type1,4014.06504065041,4642.20325203252
CCTATTTCATCTA,0,Type1,2672.67625899281,4611.35251798561
TTAGCCTCATCTA,1,Type6,3894.47311827957,4396.74731182796
CTGCAATACGCTA,2,Type4,1752.72916666667,1303.234375
GAGGGGATGCTAA,3,Type4,2854.91954022989,1893.13793103448
TGGAAAACATTAC,3,Type7,3370.49704142012,4179.78698224852
CTTTGGAGTACGT,0,Type3,2669.58620689655,1138.47126436782
GTGGAAAGTATAC,2,Type1,2779.54700854701,5505.11965811966
TACGAAAGTAATG,0,Type1,3065.67403314917,5454.69060773481
TGAAAACCATATT,1,Type9,2484.55384615385,1332.80769230769
TTGGAACGTAGCC,1,Type6,4727.33333333333,2767.68518518519
ACCGGGCAGCGCA,1,Type1,4659.68987341772,2785.36075949367
TTGAGGCAGCTAC,3,Type1,3370.43195266272,3529.16568047337
TCTTGGCTGCTAC,0,Type1,3438.80097087379,3933.16990291262
CAGTGGCTGCATG,2,Type8,2131.61428571429,1071.68571428571
GACCGGCGTAGCA,0,Type1,2501.25185185185,5275.79259259259
ACGCCCCCATTAG,0,Type4,1915.94186046512,1553.37209302326
ACTCCCCACGTAG,4,Type7,4030.20701754386,4582.83157894737
ATGGGGCTGCTAG,0,Type1,3527.15428571429,3694.12
GCTACCCAGCGCG,0,Type1,3748.18965517241,1674.31896551724
TGCGCCCAGCTAT,2,Type1,3589.66216216216,3900.00675675676
ACGTGGGTGCCGG,1,Type1,4304.0905511811,3080.64960629921
ATAACCGTGCGCA,4,Type2,2701.75833333333,2965.98333333333
ATCATTGACGTAC,2,Type10,2241.55263157895,1150.78947368421
TGTGGGGGTAATA,3,Type2,3260.72075471698,5159.0
TACTTTGTGCTAT,3,Type7,4254.32089552239,3435.92537313433
TGTAGGGACGATA,0,Type1,4187.26589595376,5018.00578034682
ACCACCGCATCGC,0,Type4,2568.68926553672,5046.46892655367
GACGGGGCATATA,0,Type1,5233.67204301075,4191.20430107527
GAGTAATGTAGCC,0,Type1,4128.29949238579,2957.37055837563
TACTTTTGTATAC,4,Type2,2527.37209302326,2770.88372093023
AGTACCTTGCTAG,0,Type1,2219.49635036496,2456.72262773723
TTGACCTACGCGA,0,Type1,5376.70503597122,4015.1654676259
CCGGCCTACGTAG,0,Type1,1238.21621621622,3579.17837837838
GCCGCCTGTACGC,2,Type4,3369.34234234234,1152.87837837838
AGCATTTGTAGCG,0,Type1,4522.70491803279,3611.63387978142
AGGTAATCATCGC,6,Type1,2567.72549019608,5212.37254901961
GTCTTTTCATGCG,0,Type1,5099.75675675676,2828.42702702703
CTCTAATCATTAT,0,Type1,1279.03305785124,3443.71900826446
GCTATTTCATCGC,0,Type1,4633.2850678733,3193.80995475113
CGCGAATCATTAT,0,Type1,4279.09150326797,5211.64052287582
TATCCCTACGCGC,0,Type1,5071.21761658031,2898.91191709845
TGCTCCTACGGCG,3,Type1,1433.62595419847,4555.72519083969
ACTCCAAACGCCC,1,Type1,2683.77070063694,713.503184713376
TGGGACATGCGGG,0,Type1,1725.4962962963,4806.52592592593
CTTATGAACGAAC,1,Type9,2139.35051546392,1993.0824742268
TCTTGTAGTACCA,5,Type4,2749.27659574468,1941.04255319149
CAATTGAACGCCT,1,Type1,4218.56451612903,2753.77419354839
GGTGTGACTACCG,1,Type6,2867.11607142857,2060.20535714286
GACACAACTACCG,1,Type6,4591.3850931677,2315.49689440994
CTCACAACTACCG,0,Type1,3420.5931372549,3771.40196078431
GGCGACACATTTA,0,Type1,4575.40384615385,3560.57692307692
GTAGACAGTACCG,5,Type1,5488.39873417722,3570.70886075949
CTTTGTATGCAAT,0,Type1,3808.08928571429,3037.48214285714
AGTGGTATGCTTA,1,Type4,2912.5138121547,2404.41988950276
TTAATGCACGTTT,0,Type1,4327.42207792208,3323.3961038961
CGGTACCTGCTTT,0,Type1,2544.95172413793,5021.66206896552
GGTGACCTGCCCC,0,Type1,3531.35338345865,669.669172932331
TGTGACCGTATTG,5,Type1,2728.4954954955,1897.40540540541
GCATTGCGTAAAC,1,Type6,2017.376,2224.008
GTATTGCAGCAAG,3,Type4,2702.18791946309,1851.64429530201
AGAGGTCACGCCG,3,Type1,1618.3937007874,1190.16535433071
ATTGGTCTGCAAT,1,Type1,2481.70967741935,990.725806451613
GGTACACTGCAAT,5,Type4,4970.3850931677,3795.12422360248
CACGACCTGCTTA,4,Type2,1414.15254237288,4537.75423728814
AGCCACCTGCAAT,4,Type7,1252.84090909091,4373.14772727273
GGTCACCGTAAAT,0,Type1,2706.2972972973,926.331081081081
AATGTGCGTAAAT,4,Type2,2660.11557788945,3195.62814070352
CTAGGTGGTACCC,4,Type1,4347.89637305699,1571.43005181347
ATGCACGACGGGG,0,Type1,2638.99305555556,5234.79166666667
ACTTGTGACGGGG,0,Type1,3529.65806451613,3721.02580645161
GTCCTGGACGAAC,2,Type8,2280.69811320755,1395.06918238994
TGGGCAGCATGGT,1,Type1,1453.61320754717,3929.20754716981
GATAACGTGCTTC,5,Type4,3826.68666666667,1666.70666666667
ATGGACGCATGGA,4,Type7,5054.70059880239,4190.98203592814
CCGGACGACGGGC,0,Type1,2076.24390243902,4550.17073170732
GAACACGCATCCG,2,Type1,3528.22413793103,4621.55172413793
AGTAGTGCATCCG,0,Type1,5127.375,3862.875
GTTAACTGTACCC,1,Type1,5232.96688741722,3699.80132450331
ACACTGTCATGGG,0,Type1,2226.27586206897,4390.68534482759
ACATGTTCATCCC,1,Type9,2279.49,1757.555
TTCTCATCATTTT,0,Type1,1557.58461538462,4653.42307692308
GCAGTGTACGGGG,0,Type4,2360.31578947368,1317.65413533835
CGATACTACGAAA,1,Type6,3148.59770114943,2709.79310344828
GTTTACTCATCCA,0,Type1,4290.61904761905,5179.7619047619
TGCCACTCATCCA,4,Type2,2431.2331838565,5443.90134529148
AAAATGTCATGGA,1,Type6,3932.96825396825,4752.70634920635
TAGTTGTCATCCT,0,Type1,1552.37086092715,3450.54966887417
ACGGTGTACGGGA,0,Type1,4172.44329896907,2967.89175257732
TCGCGTTTGCAAT,3,Type3,3778.46043165468,5401.44604316547
ACGATGTGTAAAT,0,Type1,3142.53571428571,5169.14880952381
CCAAGTTCATGGC,0,Type1,3805.3671875,3588.4375
AGTCACTCATAAT,3,Type1,3699.68279569892,4185.37634408602
GAGGCAACATGTT,5,Type4,2696.47674418605,2316.96511627907
AGGTTGATGCCAA,1,Type6,3702.64732142857,3927.60267857143
CTTATGATGCGTT,0,Type1,1974.54271356784,4002.82914572864
ACCCCAAGTAGTG,0,Type1,2676.18269230769,1486.65384615385
GACCACAGTAGTC,0,Type1,4313.53603603604,3213.50900900901
GATGCAATGCGTC,0,Type1,4024.22543352601,4720.61849710983
TCATTGAACGCAT,1,Type1,2627.92079207921,1068.96534653465
GCTTACAACGTGC,5,Type4,3029.48684210526,2140.22368421053
ATCCACACATGTA,0,Type1,3986.75,2661.63541666667
TGCTTGATGCGTA,2,Type1,1166.46835443038,3540.5253164557
TCTCGTCACGGTT,0,Type1,4343.57211538462,2923.43269230769
GGATCACACGTGG,4,Type2,5006.51546391753,4106.36082474227
CCAAGTCTGCGTT,3,Type7,3690.97080291971,1072.46715328467
CAGCCACTGCCAA,1,Type6,3545.33858267717,2941.51968503937
CATCCACTGCACC,1,Type6,2644.95679012346,3859.25308641975
GAGTCACGTAGTT,0,Type1,3871.07878787879,4689.53939393939
TGTATGCTGCGTG,0,Type1,3835.71962616822,2694.75700934579
AGGGCACAGCACT,0,Type1,4586.05434782609,3542.30434782609
TTTCTGCACGCAG,3,Type7,2655.35789473684,5515.04210526316
AAATGTCACGACT,0,Type1,1872.84023668639,4797.59171597633
CCAAACCACGGTC,1,Type6,3637.80104712042,3883.92670157068
GTTACACTGCCAG,1,Type6,3022.04838709677,1774.26612903226
GATCTGCTGCACT,1,Type1,3941.92715231788,2729.98013245033
ATGGACCCATCAT,1,Type6,2386.59602649007,4089.90728476821
TGCCGTGTGCGTT,1,Type6,2425.31132075472,1182.05660377358
GCCCGTGACGACC,3,Type7,4288.53431372549,3683.3431372549
GGATTGGCATACC,0,Type1,2900.14772727273,4810.39393939394
TCTGCAGGTAACA,1,Type6,4403.54761904762,1961.96428571429
TGGTCAGCATTGT,0,Type1,4012.24444444444,4817.35555555556
AGTCCAGTGCCAG,5,Type1,2780.42253521127,1377.97183098592
TCTAACGCATACT,0,Type1,1868.1059602649,4941.07947019868
TATTCAGGTAACG,1,Type1,3721.53623188406,1705.77536231884
CGCGCAGGTAGTA,3,Type1,2751.1847133758,754.477707006369
TCTCACGACGGTA,0,Type1,1913.56918238994,4619.7893081761
TTCCACGCATGTA,0,Type1,4178.35460992908,1422.21276595745
CCGGGTGCATCAT,4,Type2,2015.04761904762,4877.63945578231
GTCTGTTCATGTT,0,Type1,2577.17924528302,2648.21698113208
TTATGTTCATGTT,0,Type1,4771.98324022346,3639.23463687151
GGTAACTTGCTGT,0,Type1,5259.27272727273,3984.36868686869
TAGCCATTGCTGT,2,Type1,3910.19393939394,2940.89090909091
TTCGCATGTAACA,4,Type2,5026.15272727273,2487.77454545455
GGTGGTTCATACA,4,Type2,5256.09448818898,2863.33858267717
CGCCCATCATTGT,1,Type6,3539.66831683168,1776.84653465347
TCTGGTTACGGTG,2,Type3,1865.44927536232,3103.16666666667
TATAGTTACGACA,3,Type7,2809.11920529801,3756.04635761589
TGTCTGTTGCTGA,0,Type1,3810.94666666667,3266.08
CGACACTTGCACG,1,Type9,2426.65354330709,1586.62204724409
TAGCACTCATGTA,0,Type1,4093.375,1288.125
TCCTACTACGTGC,4,Type2,2009.97169811321,4935.87735849057
TCCTACAACGAGT,0,Type1,4965.8125,2954.61607142857
GACTTGAACGAGT,2,Type6,3965.55782312925,4168.8537414966
CTCTTGAACGTCT,1,Type8,3192.36,2509.128
ACGTGTAACGTCG,4,Type1,2886.76213592233,4750.85922330097
GAATGTCCATCTT,0,Type1,3855.69642857143,1134.84523809524
TATAACCTGCAGG,1,Type10,1936.40952380952,950.952380952381
AGTATGCCATTCA,4,Type7,1895.56170212766,3659.64255319149
CGAGACCTGCTCA,0,Type1,2674.5,5469.78048780488
AATTACCTGCCTG,0,Type1,4968.77419354839,3440.53225806452
AGGGTGCGTAAGT,0,Type1,4044.44247787611,2090.75221238938
TGGTGTCAGCGAG,0,Type1,3472.28735632184,809.689655172414
GCTCGTCCATAGC,4,Type2,1910.38938053097,5032.80530973451
AGGATGCACGTCG,2,Type1,5238.61963190184,2927.74233128834
TAGAACCACGCTA,2,Type2,2320.86666666667,5338.67777777778
GTAAGTCAGCAGC,3,Type7,3002.40935672515,4901.0701754386
CACGTGGGTACTG,0,Type1,1144.92307692308,3765.74358974359
GCGTACGGTACTG,0,Type1,1322.79775280899,3647.3595505618
CGGAGTGCATAGT,0,Type1,2872.33720930233,613.441860465116
GTGCACGCATTCA,2,Type1,1601.4472361809,3052.53266331658
AATTACGGTACTC,0,Type1,3379.54098360656,1291.07650273224
GATGACGGTACTC,0,Type1,4783.73658536585,3532.08292682927
AGCCGTGCATCTC,4,Type1,4598.42105263158,3731.55023923445
GGTCCAGGTATCG,3,Type1,2705.69421487603,4613.55371900826
TCTTGTGACGTCG,0,Type1,1331.69285714286,4213.75
GTGCCAGCATCTA,0,Type1,1904.30151843818,4854.98264642082
AGCTACTTGCCTG,2,Type7,5022.96132596685,4589.53038674033
TAACACTAGCCTG,0,Type1,3783.5,3960.89534883721
TACCGTTTGCTCT,5,Type1,4481.39204545455,3116.5
GGTCACTTGCTCT,2,Type1,1769.22085889571,2499.55828220859
TCTAGTTTGCTCT,0,Type1,1745.28571428571,2352.68027210884
TGGATGTACGCTC,1,Type8,2812.45454545455,5094.39204545455
GCCGGTTACGCTC,0,Type1,4305.73255813954,2550.35271317829
TACCCATTGCTCG,1,Type1,1827.1914893617,1467.73758865248
TTAACATTGCCTA,1,Type4,3852.71014492754,1215.08695652174
GCGACATTGCTCG,5,Type4,2996.4269005848,1889.83040935673
CCTATGTACGCTA,0,Type1,3782.58333333333,1605.9
AATCACTACGAGC,0,Type1,3173.82738095238,5444.93452380952
AGGCTGAACGGCA,3,Type2,4003.20858895706,3359.44171779141
GAATACACATCGT,1,Type1,2699.52287581699,3839.29411764706
AATGTGACATATG,0,Type1,2683.09375,2895.68303571429
AAGATGATGCTAC,0,Type1,1753.34946236559,2415.66129032258
TGATGTATGCTAC,1,Type7,3043.88709677419,1869.31451612903
TCTCTGACATTAG,0,Type1,4250.74829931973,3002.12925170068
CGGGCAATGCGCT,0,Type1,3654.26315789474,615.622807017544
CCAAACAACGATA,4,Type2,2561.28571428571,5519.11822660099
AACAGTACATTTA,0,Type1,5188.82266009852,3230.30049261084
ACATTGAGTAATA,0,Type1,3916.04608294931,4830.25806451613
CGAGTGCCATCGG,1,Type1,5248.396,3713.6
AGTACACACGCGG,1,Type9,2587.06818181818,1022.30113636364
CTCGACCAGCTAA,1,Type6,3830.18666666667,2308.65333333333
CATAGTCAGCTAA,0,Type1,3487.13793103448,3874.54022988506
CTACGTCGTAATT,2,Type1,3759.74336283186,3561.82300884956
TGATTGCCATTAC,0,Type1,4531.40131578947,1776.67763157895
GGGCACCACGGCA,0,Type1,2682.57407407407,1341.51388888889
TCTTCACACGATG,2,Type2,4070.17748917749,4207.1341991342
TTCTCACACGCGT,4,Type2,2125.78021978022,3790.72527472527
ATAAACCTGCATG,3,Type1,4482.53571428571,3101.59285714286
GTAGACCGTAGCA,0,Type1,1571.24038461538,3575.39423076923
CTTCCACACGCGA,3,Type1,4344.67195767196,3455.12698412698
GAGAACCACGGTC,4,Type2,1441.51219512195,3261.39024390244
GAAGTGCTGCTAG,4,Type2,4921.61983471074,3977.13223140496
ACTGACCGTAATC,0,Type1,3882.07954545455,4242.22727272727
GCATCAGTGCGCA,1,Type1,4066.56060606061,3223.34090909091
GCAAGTGACGGCA,1,Type6,1761.89436619718,4150.14788732394
ATCATGGACGCGT,0,Type1,4234.22388059701,3246.63432835821
GCGGTGGACGGCA,0,Type1,5319.51832460733,3538.73298429319
TCAAGTGTGCATC,1,Type6,5119.7,3225.68
CCAGACGGTACGC,0,Type1,2882.54482758621,1594.26206896552
TCTCACGTGCGCG,1,Type1,4450.97183098592,2543.32394366197
GATGACGTGCTAT,4,Type2,1712.76288659794,4796.22680412371
CACATGGACGCGC,3,Type7,4138.37313432836,3306.28358208955
ATCACAGCATCGC,0,Type1,3991.83333333333,4611.1858974359
ACCTGTTTGCATT,4,Type2,5126.76702508961,4360.04659498208
GAGGCATTGCGCC,3,Type3,2637.15079365079,3107.43650793651
AGCGGTTGTAGCC,5,Type1,2859.57239057239,800.444444444444
CCCTACTGTACGT,0,Type1,2642.43010752688,4425.08602150538
TTTCTGTAGCCGT,0,Type1,3871.45454545455,618.714285714286
ATCACATACGGCA,0,Type1,1331.15238095238,3663.53333333333
CATCCATACGTAC,0,Type1,5360.91176470588,3292.63529411765
ACGCCATACGGCA,4,Type2,1215.425,3321.325
AGTCACTTGCCGA,2,Type4,2475.32352941176,2229.30392156863
GCCTTGTGTAGCT,5,Type4,2743.104,1914.736
AGTCGTTCATATC,0,Type1,5275.58490566038,3257.66037735849
AAGCCATACGATC,0,Type1,2996.97435897436,5441.82417582418
TCTACATACGCGA,0,Type1,2782.87264150943,5380.86320754717
GAGAGTTGGCTAT,0,Type1,3986.1625,1751.95
GTCTCATCATCGN,1,Type6,3127.97282608696,1618.48913043478
CCGGCATCATATA,1,Type1,2598.19186046512,1103.01162790698
TCATCATACGTAT,4,Type2,5067.89215686274,4313.8137254902
TTAATCATGCAAA,0,Type1,1563.36842105263,4621.42105263158
GTTCCTACATAAC,0,Type1,3140.66666666667,5130.36257309942
AGGCAGACATCCA,0,Type1,1546.89795918367,4290.32653061224
ATGATCATGCGGT,1,Type6,3879.34545454545,4403.24848484848
TGCCTCAACGAAG,3,Type7,3071.30769230769,1004.46153846154
CTTAGAATGCAAG,4,Type2,3261.28342245989,3659.52406417112
GACCAGATGCTTC,0,Type1,3545.86614173228,3964.46456692913
AATCAGATGCGGA,0,Type1,2909.37068965517,4844.34482758621
CGCGCTATGCCCT,4,Type2,2333.7619047619,2647.84126984127
CACCGAAACGCCG,4,Type2,2139.73913043478,1407.0615942029
CTGGCTAGTAAAT,3,Type3,2500.33333333333,2266.14141414141
CGACAGCACGCCC,0,Type1,4419.05806451613,2997.0
TCCAGACTGCAAA,4,Type2,2010.6875,3747.59375
AGGCTCCACGGGT,0,Type1,4106.29677419355,2916.70967741935
GGCTCTCAGCCCA,0,Type1,1312.74371859296,3821.69346733668
AACTGACTGCGGT,5,Type4,2780.9674796748,1949.30894308943
AGGATCCCATCCT,0,Type1,2966.23655913978,906.123655913979
TGTCAGCAGCAAG,2,Type2,4411.54347826087,3809.66666666667
ATCATCCCATAAT,2,Type1,4351.67322834646,2838.42519685039
CCGCTCCTGCCCG,0,Type1,3873.8356545961,3239.82729805014
AAGCTCGACGTTT,0,Type1,1393.76271186441,4443.10169491525
GTTCAGGACGAAC,0,Type1,2101.65833333333,4531.2625
AGAGAGGCATGGT,1,Type7,2640.25,814.786764705882
ATTTAGGCATCCT,4,Type7,1414.37168141593,3245.24778761062
CGATAGGGTATTA,1,Type6,1940.11904761905,2079.29365079365
CGTCCTGTGCCCG,2,Type2,2538.91366906475,3379.26618705036
ATCGCTGTGCAAT,1,Type1,3857.61538461538,5085.63736263736
GCGTAGGTGCCTA,0,Type1,4786.58333333333,2442.25925925926
TGACCTGCATCCG,1,Type6,3778.06091370558,4331.28934010152
GTCACTGCATGGC,0,Type1,1589.59090909091,2285.32727272727
GAAGGATTGCCCC,3,Type7,4110.41726618705,3177.11510791367
GTTTGATCATGGG,3,Type1,4354.97826086957,2946.46195652174
ACGGAGTACGCCC,1,Type6,4776.39647577093,2625.87224669604
GGGCAGTTGCGGT,3,Type1,2529.38414634146,2754.59756097561
GTAGAGTTGCCCA,1,Type1,3166.1095890411,3504.99315068493
CTGAAGTGTAGGT,0,Type1,3540.06211180124,4087.31677018634
GCGCCTTGTAAAC,0,Type1,5180.05357142857,2980.99107142857
GCCGCTTCATGGT,2,Type1,4672.0873015873,3193.84126984127
ATTATCTCATGTG,1,Type6,4797.91150442478,2765.04424778761
GCACGATCATAAC,1,Type1,4101.32258064516,2997.40322580645
CGTCTCTCATAAC,1,Type6,1727.20512820513,1387.25641025641
CCGGCTTCATTTG,0,Type1,2666.40217391304,1362.9347826087
TGTACTTTGCCCT,0,Type1,4722.19892473118,3665.48924731183
ATCGAGTCATTTC,4,Type2,5135.13333333333,2634.25
GATATCTACGGGA,5,Type1,4252.09053497942,5016.00411522634
AAGGTCTCATAAT,0,Type1,1548.35344827586,4557.22413793103
TAGCCTTCATGGC,0,Type1,1926.28915662651,4405.09638554217
CATGAGTCATAAT,1,Type6,3531.75247524752,3105.29702970297
CGATGATACGGGC,4,Type1,3823.96350364964,4992.15328467153
GTGATCACATGTT,0,Type1,1156.63636363636,3955.91818181818
ACGACTACATCAA,4,Type2,1482.82887700535,3283.6256684492
TCCTCTACATACA,0,Type1,1520.3950617284,4603.8950617284
TCAACTAGTACAC,1,Type1,3565.76363636364,1827.50909090909
ATTGGAAACGCAT,0,Type1,2588.32894736842,5387.13157894737
GGCGCTACATCAT,4,Type2,1232.96062992126,4393.82677165354
GCGGTCAGTAGTA,3,Type7,3797.18644067797,716.779661016949
AACGCTATGCGTA,0,Type1,4815.29508196721,3529.14207650273
TTGAAGATGCCAT,4,Type2,4204.61956521739,3348.09782608696
GACCTCCCATCAA,5,Type4,2472.73684210526,5277.22368421053
CGCCCTCCATGTT,3,Type1,3404.02222222222,4077.22592592593
AGGATCCAGCCAA,0,Type1,3844.36923076923,2930.94615384615
CGAGAGCAGCCAA,0,Type1,2672.72950819672,1664.55737704918
CTAAGACACGTGG,0,Type1,3882.21052631579,3056.76315789474
GTGCCTCTGATGG,0,Type1,4069.32876712329,2750.86301369863
GAGAGACTGCGTT,4,Type7,3324.21854304636,3902.5298013245
TAATGACAGCCAC,1,Type1,3626.94936708861,602.139240506329
TATGGACACGGTG,0,Type1,3725.05789473684,3350.07894736842
GGGACTCCATCAG,4,Type2,3678.71323529412,4694.41911764706
CACTAGCACGGTC,1,Type6,1938.3,887.857142857143
GCTAGACACGGTC,0,Type1,3735.0,4659.53548387097
AATGAGCACGCAG,0,Type1,4165.29310344828,5172.13362068965
CTAGCTCACGGTC,1,Type6,4469.84324324324,2343.41621621622
CCTCAGCGTAACT,0,Type1,3531.99421965318,3830.21387283237
CGGCTCCACGACG,1,Type6,3434.9806763285,2772.5845410628
ATTGAGCTGCGTA,3,Type7,2305.4875,1367.65
GGCTAGGTGCTGG,1,Type6,2490.75773195876,3633.19072164948
GAGTGAGCATGTT,2,Type1,4554.92063492064,3537.45238095238
ATTACTGTGCACA,4,Type2,3373.74380165289,4049.23966942149
TTACCTGCATGTG,4,Type2,3034.87162162162,4958.07432432432
TTTCAGGTGCGTC,1,Type1,1895.80291970803,4589.87591240876
GCTCCTGTGCACT,0,Type1,5420.99625468165,3515.85767790262
TGGGAGGCATACT,0,Type1,4496.15463917526,3363.4793814433
CCAAGAGCATACT,0,Type1,3434.19672131148,3813.79781420765
GCTATCGCATTGA,1,Type6,3273.1059602649,2269.21854304636
AAGTAGGGTAGTA,3,Type7,3091.92941176471,989.376470588235
TCCTAGTTGCCAC,1,Type6,2451.95384615385,1161.19230769231
TTACTCTTGCGTG,0,Type1,4855.61212121212,2719.41212121212
TCCCCTTCATACA,0,Type1,2826.12328767123,4655.48630136986
TCTATCTCATGTG,0,Type1,2430.38983050847,3608.01694915254
TGATCTTCATCAC,0,Type1,2694.78139534884,1098.43720930233
ATTCCTTTGCGTC,4,Type2,2921.02448979592,4696.39183673469
AAGGCTTTGCGTC,0,Type1,5174.56779661017,4051.65254237288
ACCGCTTGTAACT,0,Type1,1895.30136986301,2497.02739726027
GGTGAGTCATGTC,0,Type1,3742.71929824561,1116.43859649123
ATCATCTACGGTC,1,Type6,3215.50331125828,2080.4701986755
GAACCTTTGCGTA,4,Type2,5112.78273809524,4375.94642857143
TCTAAGTTGCGTA,6,Type4,3389.38647342995,961.719806763285
GCATAGTACGCAT,4,Type7,1991.55944055944,2476.63636363636
TGTCGAACATTCC,0,Type1,3235.71812080537,5264.1610738255
GATAAGAGTACTG,0,Type1,5124.29824561404,2985.34210526316
TGACTCATGCCTG,0,Type1,4948.6052631579,2710.28947368421
CTGAAGACATTCT,3,Type7,2413.02941176471,5438.08823529412
AGCCTCATGCTCT,2,Type1,1794.11724137931,4097.57931034483
TCGTTCACATGAT,5,Type4,2991.32954545455,2192.43181818182
ACCGCTATGCAGC,0,Type1,5199.73134328358,2992.9776119403
ACCAGACCATTCC,0,Type1,5173.79850746269,2911.28358208955
GATCAGCCATTCC,0,Type1,2916.73376623377,580.422077922078
AAACGACACGTCC,5,Type4,1913.15492957746,4082.54929577465
GGCAGACACGCTT,0,Type1,3907.66990291262,1555.96116504854
CCGAAGCAGCTCC,0,Type1,5162.61,3243.63
GATCTCCACGCTT,3,Type7,1608.67592592593,3268.2962962963
TTTTCTCTGCAGG,3,Type1,5498.50574712644,3708.22413793103
GACGCTCACGAGT,1,Type1,4130.55217391304,3208.79130434783
ATCCCTCTGCTCA,0,Type1,2845.47727272727,2986.36363636364
ACACGAGACGCTC,0,Type1,3080.71559633028,5104.53211009174
GTCCTCGCATAGA,4,Type2,4445.78431372549,3660.21568627451
CCGTCTGTGCAGC,0,Type1,4725.0621761658,3198.55440414508
CTGTAGGCATAGC,1,Type6,3579.86046511628,3721.11627906977
TGCTAGTTGCTCC,1,Type6,1111.49206349206,3499.07936507937
AACCGATACGTCC,0,Type1,3374.46120689655,3980.46551724138
GGTAAGTCATAGT,6,Type1,4962.17826086956,3600.19130434783
CTAGTCTACGTCT,0,Type1,3812.90972222222,3938.03472222222
TAATTCTTGCAGC,0,Type1,3877.70967741935,1402.13978494624
CTTTCTTCATTCG,0,Type1,3384.56756756757,3589.24324324324
AGGGAGAACGATT,0,Type1,2430.6694214876,4370.11570247934
CCTATCAACGGCA,1,Type6,2903.68032786885,5495.27868852459
GTGGTCACATCGT,3,Type4,2293.19014084507,987.697183098591
CGGTGAACATTAG,1,Type6,2371.25906735751,3977.30051813471
GGCTAGACATATC,0,Type1,2571.81935483871,4678.32903225806
ATTCCTAGTAATC,4,Type2,2344.06363636364,2626.31818181818
AGGGCTATGCTAG,3,Type7,2772.29078014184,4369.35815602837
CGTGAGAACGTAT,2,Type4,4817.2905982906,3970.94871794872
ATGTCTACATATA,1,Type6,5232.81443298969,3622.30412371134
TTTCAGATGCCGC,2,Type7,2247.68992248062,1423.67441860465
ATGGTCCTGCATT,0,Type1,4649.33050847458,3544.09322033898
GTCGAGCTGCTAA,1,Type1,3508.26086956522,1766.34782608696
GTAAAGCAGCTAC,4,Type4,4246.69822485207,3512.12426035503
CCCCTCCAGCCGA,0,Type1,4666.09677419355,2146.22580645161
TACGGACACGATC,1,Type1,2109.65269461078,1199.65868263473
CTGCAGCACGGCT,3,Type9,2533.13004484305,1469.35874439462
AGAACTCACGATC,4,Type2,2127.73988439306,4674.79768786127
TGACTCCAGCATC,0,Type1,5324.94244604317,3718.35971223022
GGAGGACTGCTAG,2,Type1,4028.64634146341,1535.08536585366
ATCGCTCGTAGCT,4,Type2,4619.59405940594,3789.48514851485
TGAGAGCTGCGCG,0,Type1,4506.24102564103,2963.7641025641
CGAGGACTGCTAT,0,Type1,2052.60294117647,4282.44117647059
CGCTAGCGTACGC,0,Type1,2981.96129032258,5006.2
TAACCTGTGCCGG,3,Type7,1470.32786885246,4685.36885245902
CTTACTGCATATT,1,Type1,2868.50310559006,579.819875776398
TACGTCGTGCTAC,0,Type1,4021.203125,2675.4375
GTACCTGTGATAC,6,Type4,2851.83950617284,2530.62962962963
GCATCTGTGCTAG,2,Type1,4440.44019138756,4617.6028708134
GTGCAGGACGCGA,4,Type7,2058.0641025641,4822.69871794872
CAGGAGGACGCGC,0,Type1,4283.16363636364,3121.40606060606
TAAGGATTGCATT,0,Type1,2488.59047619048,2508.2380952381
TTCTGATCATATT,0,Type1,4239.86746987952,3157.5
AATGGATACGCGG,1,Type4,2682.87058823529,977.735294117647
TCACGATCATGCT,1,Type1,3741.03592814371,4266.91616766467
GGCCCTTACGGCT,0,Type1,2629.97986577181,4123.08724832215
CTTACTTCATTAT,3,Type1,1925.76056338028,1504.61267605634
TCAACTTACGCGC,0,Type1,4700.47422680412,2651.03092783505
GAAAGCAACGCCC,0,Type1,4586.35211267606,2950.49295774648
CGCTGCACTACCC,0,Type1,2613.75503355705,3443.60402684564
CTCTTAATGATTT,6,Type1,3097.13223140496,2516.23966942149
GGTGGCAACGTTG,3,Type7,5530.32972972973,3459.59459459459
TGATCGACATGGT,1,Type1,2796.91145833333,5050.703125
AATCATAGTATTG,1,Type6,2689.69444444444,4926.67592592593
AGCGGCAGTACCA,0,Type1,1425.44664031621,4442.31225296443
TCCAATATGCCCA,1,Type6,2934.80991735537,2516.97520661157
AACCATATGCGGA,0,Type1,2723.08270676692,5304.58646616541
AGTAAGATGGCCT,1,Type6,3193.168,3339.512
ACTCGAACATGGC,3,Type3,1997.73214285714,1505.55357142857
TAGCGCACATGGC,4,Type7,1960.92121212121,5016.88484848485
TGCTCGACTACCG,1,Type6,2824.68656716418,5166.68656716418
GAAACGAGTAGGC,0,Type1,1606.64210526316,4305.30526315789
GATTGCCAGCAAA,1,Type1,3828.60447761194,1414.44029850746
CCAGCGCTGCAAA,1,Type1,2425.8407079646,1313.53097345133
TTCCTACTGCCCC,0,Type1,2706.0989010989,1480.54945054945
ACTCCGCTGCGGG,0,Type1,4719.0332103321,3227.39483394834
CGGACGCTGCCCA,0,Type1,3115.50967741935,3529.7935483871
GAGCGCCTGCGTG,0,Type1,1745.89333333333,4677.88
CGTGGCCGTACCA,1,Type7,2537.49006622517,923.0
GTCCCGCGTAAAC,3,Type1,2226.61818181818,4988.90303030303
GATGATCACGGGA,4,Type2,4023.14559386973,3290.67432950192
CTCGTACTGCAAG,5,Type4,2898.37430167598,2340.53072625698
TATGTACTGCCCT,0,Type1,4519.73604060914,2748.03553299492
CCTAGCCACGGGC,1,Type1,4818.27906976744,2562.32558139535
GAGTGCGACATTT,3,Type1,5570.45341614907,3252.57142857143
CTCGCGGTGATCC,1,Type11,2478.86403508772,688.416666666667
CGCCTAGTGCTTT,5,Type1,1171.50961538462,3776.72115384615
TGAAATGTGCGGT,1,Type1,3484.61797752809,729.14606741573
TCAGGCGACGCCA,2,Type7,2944.44711538462,1212.95192307692
TGCAGCGCATAAC,0,Type1,4915.95054945055,3478.06593406593
TCGGATGTGCCCT,1,Type1,2169.34090909091,2271.93181818182
TGTGGCGACGGGA,0,Type1,4506.58064516129,1678.36290322581
GCTAGCGGTAAAT,0,Type1,1791.35643564356,4328.78217821782
CTATTAGCATCCG,1,Type1,4323.5914893617,3040.62978723404
AGACCGTTGCGGG,1,Type1,2587.3875,735.4875
CGCGCGTTGCCCC,3,Type8,4802.92307692308,2176.95512820513
TAAATATGTAGGG,0,Type1,1142.61643835616,3723.67123287671
ATTGCGTGTATTG,1,Type6,3178.84677419355,3306.87096774194
CATAGCTGTAGGT,0,Type1,4114.99248120301,5318.83458646617
CTTGATTCATCCA,2,Type1,3375.87005649718,1103.90395480226
GGTCATTCATGGT,2,Type1,1409.55752212389,3384.78761061947
AGTCTATTGCGGA,0,Type1,3061.94230769231,4201.69711538462
GAGGATTTGCGGA,1,Type1,4692.0,2451.42528735632
GACCGCTCATCCT,0,Type1,1261.52325581395,3921.28488372093
GATCCGTCATTTC,0,Type1,4616.73988439306,2813.97687861272
CCCAATTCATGGC,0,Type1,2813.89427312775,5527.92511013216
TGTGATTCATCCG,4,Type2,2185.09523809524,2273.25396825397
TCAATATCATGGC,0,Type1,2974.49166666667,3543.01666666667
AAGTCGAGTAACA,0,Type1,4230.70059880239,5301.55688622755
TCTACGAGTACAC,0,Type1,1450.34065934066,4555.17582417582
TCTTGCAACGGTC,5,Type4,3002.49618320611,2022.09160305344
AGAGGCAACGGTC,0,Type1,2551.35593220339,4210.08474576271
ATACATACTACAG,1,Type1,3826.76923076923,4073.76068376068
CCACATATGCACT,1,Type1,1503.42105263158,3706.22807017544
AACTGCATGCCAG,0,Type1,1758.50714285714,4573.91428571429
TAGAATAACGGTA,5,Type4,3243.62931034483,2430.88362068966
AGATATAACGGTA,3,Type2,3142.87951807229,3580.24096385542
CGTTATACATGTA,1,Type6,4462.40853658537,3034.21341463415
CGCGTAACTACAT,1,Type8,4852.10169491525,3029.25423728814
AACTTAAGTACAT,2,Type1,1395.88148148148,3507.47407407407
TACACGCCATGTT,0,Type1,1439.0,3561.61805555556
CCCCGACACGGTT,0,Type1,2650.24324324324,1519.2972972973
AACGCGCTGCACC,2,Type1,5264.18604651163,3615.41085271318
GGAGATCTGCTGG,5,Type4,1859.49714285714,3029.42857142857
CGCATACCATTGT,3,Type7,3008.07874015748,4960.24409448819
CCAGGCCACGCAC,4,Type7,1779.8031496063,3402.1811023622
AGTCGCCTGCCAC,0,Type1,1351.22222222222,4193.94017094017
TCGCATCTGCTGT,1,Type4,2071.79646017699,1073.55752212389
TCGCTACCATGTC,0,Type1,1702.75090252708,4514.60288808664
TGCTGCCACGGTC,1,Type8,3297.72872340426,628.38829787234
TTCGATCTGCTGA,0,Type1,1587.17816091954,4306.26436781609
TGGTCGCACGTGC,1,Type1,5147.484375,3247.29166666667
CAATATCACGTGC,2,Type1,4502.52123552124,4280.75675675676
GTACATCAGCGTA,4,Type2,4238.12359550562,3430.65168539326
TCATCGGGTAACC,0,Type1,5033.97692307692,2799.88461538462
TCTCCGGGTAGTT,0,Type1,4672.88268156425,3571.33519553073
CACACGGTGCCAC,1,Type6,4747.09963099631,2763.12546125461
GTCCGAGTGCCAC,0,Type1,1164.29533678756,3969.64766839378
TGACCGGTGCACA,0,Type1,2371.425,3619.15
GGGTGCGACGGTG,0,Type1,4546.09580838323,3552.29341317365
TAACGCGACGACA,1,Type1,2438.896,3562.88
AGCTTAGACGGTG,0,Type1,2026.11827956989,4601.1935483871
CGAAGCGTGCGTC,0,Type1,4320.41007194245,5081.74100719425
CTCCTAGACGCAG,0,Type1,2074.05833333333,4565.11666666667
CGCCATGCATACT,3,Type4,3368.3125,935.53125
CACGGCGGTATGC,4,Type2,2910.04,4735.38666666667
AGCCCGGTGCCAT,0,Type1,3599.96052631579,681.223684210526
GGGCTAGCATTGC,2,Type2,3490.44094488189,878.968503937008
GTGTGCGCATCAT,0,Type1,3370.35593220339,3869.65536723164
CGTCTAGCATGTA,2,Type7,4614.54285714286,3874.92571428571
TATGCGGCATACG,3,Type7,2089.71518987342,3789.26582278481
GGACTATCATGTT,3,Type2,1964.29166666667,3695.16666666667
CAGAATTCAGCAA,4,Type2,3322.47435897436,3934.02564102564
CGTAGCTGTAACA,1,Type9,2342.49438202247,939.741573033708
GACTATTACGCAC,1,Type6,3747.17894736842,2766.71052631579
TACCTATCATTGA,3,Type7,1028.63076923077,3973.72307692308
GCAGGCTCATCAG,0,Type1,1431.16666666667,3750.7
TACAATTACGTGA,0,Type1,1329.72289156627,3865.0
GAGACGACTATCC,0,Type1,2280.85714285714,3766.78571428571
GAATTAATGCAGG,0,Type1,2963.90853658537,3530.96951219512
GCTGATAACGCTG,5,Type1,1852.37410071942,1651.17985611511
TATCTAAACGAGT,0,Type1,1928.08490566038,4015.78301886792
ATCGATACATAGT,1,Type6,3068.70238095238,2078.96428571429
TTCCCGATGCCTG,5,Type1,2009.30120481928,1268.72289156627
TTGTGCATGCTCT,1,Type1,2389.94117647059,1208.86928104575
CTGGATAACGTCG,0,Type1,2514.66972477064,5315.33027522936
AGACATACATTCG,0,Type1,1159.05357142857,3696.24107142857
CCGAGCACATTCG,3,Type7,4824.83333333333,2143.88235294118
CCCAATATGCTCG,0,Type1,5106.16494845361,2724.30927835052
TAAAGCCTGCAGG,4,Type2,2754.01136363636,3866.20454545455
TATCGCCTGATCC,3,Type4,2748.77669902913,2027.1067961165
TCGATACCATGAC,0,Type1,3534.5785440613,4389.6091954023
GAGTGCCAGCTCA,0,Type1,4776.68341708543,2417.41206030151
ATAAGCCACGCTG,1,Type6,4643.11842105263,2499.40789473684
ACATTACTGCAGT,3,Type7,1231.71844660194,3313.21359223301
ACGCGCCCATTCT,0,Type1,2895.71291866029,575.282296650718
ACTGCGCACGCTC,1,Type1,4957.19841269841,2509.27777777778
CGATTACTGCGAG,3,Type1,2932.18518518519,1610.17777777778
GTCCCGCGTACTC,0,Type1,5171.49180327869,3683.93989071038
GCTAGCCGTACTC,1,Type10,3210.95238095238,2367.63265306122
GATATACCATTCG,0,Type1,3495.04237288136,3807.93220338983
AAAGCGCACGGAT,0,Type1,3103.3006993007,5157.93706293706
GCCTGCCTGCGAN,0,Type1,1280.40566037736,3564.62264150943
GATTCGCGTAAGC,0,Type1,1432.88059701493,4051.35074626866
ACAGCGGTGCTCA,0,Type1,4004.6618705036,2565.80575539568
GTCCTAGTGCAGT,6,Type3,1557.144,5044.528
TTCTCGGCATCTC,4,Type2,3668.39,4750.66
GACGATGCATGAT,4,Type2,2398.90157480315,5196.14566929134
ACTAATTTGATCC,1,Type1,2273.14666666667,1442.10666666667
ATCTTATTGCCTT,4,Type2,5008.92741935484,4203.43548387097
TGATCGTCATGAA,1,Type6,2600.504,2687.984
GACCATTACGCTT,0,Type1,4099.74825174825,1695.26573426573
TGTAGCTACGCTT,0,Type1,3781.14163090129,3419.21030042918
CTTAATTCATTCA,4,Type2,4908.03448275862,2274.13793103448
ATATTATACGAGT,5,Type4,1594.344,1167.032
GATGCGTTGCAGA,4,Type2,1564.51515151515,2395.48484848485
ATAGGCTCATGAG,0,Type1,2657.42957746479,4985.60563380282
CCATTATACGCTC,2,Type7,1732.46551724138,1087.00862068966
GTTTTATTGCAGC,1,Type4,3212.66666666667,1977.3768115942
AGAGGCTACGCTA,0,Type1,4779.80769230769,2265.48076923077
CGGTTAACATGCC,3,Type3,4073.17045454545,4650.28977272727
CTCGCGAGTATAA,3,Type1,2133.40952380952,4490.60952380952
TGCATAAGTAGCC,3,Type7,4987.88311688312,3163.9025974026
AAACATATGCTAA,0,Type1,3808.57352941176,3056.51470588235
CCGGTAATGCGCC,0,Type1,3370.2966507177,3824.66507177034
CCTGCGAAGCCGT,1,Type9,2473.45138888889,1212.81944444444
AATAATACATTAC,4,Type3,1984.8813559322,1496.09322033898
CGCCCGACATATC,1,Type6,1950.42523364486,4294.54205607477
AAGTTAAACGCGN,4,Type2,1800.1796875,3472.2578125
TGTTATACATGCG,4,Type7,4387.34196891192,3538.81347150259
CATCTAACATATA,1,Type6,2429.19801980198,3736.21782178218
ATTGTAAGTATAT,4,Type2,3737.925,4868.74166666667
GAAAGCCCATGCC,0,Type1,5370.90789473684,3344.34868421053
AACGGCCACGTAA,4,Type2,3314.67816091954,878.195402298851
CACGGCCGTAGCC,1,Type1,3195.87654320988,5381.71604938272
TAATATCAGCTAC,2,Type1,4588.22093023256,2025.95348837209
ACTCCGCACGTAC,0,Type1,4938.21243523316,3912.12435233161
ATTCGCCTGCCGT,1,Type6,3672.22641509434,1761.81132075472
GGCGGCCCATATC,0,Type1,3604.55789473684,4002.16315789474
GTGATACACGTAG,4,Type1,3721.61417322835,5606.14173228347
TTTGTACTGCGCT,0,Type1,3605.61267605634,3904.79577464789
GTTCTACTGCGCT,0,Type1,2600.35714285714,1035.29910714286
CCGTGCCTGCATC,1,Type6,2392.97916666667,1594.07291666667
TTGGCGCCATCGC,1,Type6,2064.25352112676,1234.63732394366
ATTAATCACGCGC,1,Type6,4599.81967213115,2815.6393442623
AATATACACGATA,0,Type1,2733.43975903614,4613.56626506024
CCCAATGCATCGG,1,Type3,3092.56565656566,5704.24242424242
GCAATAGCATATT,0,Type1,2441.7786259542,5131.20610687023
TTACTAGCATGCC,1,Type4,2567.12030075188,2038.9022556391
CTCACGGGTAATG,3,Type7,5025.70588235294,2412.67647058824
TCGCGCGTGCTAC,0,Type1,5065.24336283186,2794.19026548673
GTTGCGGCATTAC,5,Type1,2096.97260273973,1296.34246575342
CGAGCGGCATATG,4,Type2,4389.41104294479,3555.60736196319
CCGTATGCATGCA,0,Type1,5139.26960784314,3294.14705882353
CGAGATGTGCGCG,4,Type2,4514.8640776699,3667.43689320388
GAAAATGACGATA,1,Type9,1121.86813186813,3446.69230769231
TACTGCGACGATN,2,Type2,1123.09836065574,3551.2131147541
CAGGTAGCATCGC,1,Type1,3514.19230769231,3965.79326923077
CTTAATTTGCTAA,3,Type1,2083.71962616822,4671.39252336449
TGGAATTGTATAC,0,Type1,4843.86893203883,2401.45631067961
CTTATATACGTAC,4,Type2,2722.74774774775,4343.77027027027
CTCCGATACGATG,4,Type2,5211.92537313433,2740.91044776119
TCTGTATACGGCA,0,Type1,1686.97590361446,3716.22891566265
CAGGGCTTGCATN,1,Type4,2800.61538461538,2036.47435897436
TTAGGGAAGAGGA,4,Type7,3275.6625,5247.6
CTAAAAAAGAGTT,0,Type1,4219.45662100457,1486.11872146119
TGTTGGTAGTACT,0,Type1,2095.22619047619,4429.28571428571
GTAGTCAAGGAAT,1,Type6,3440.16935483871,1667.62903225806
CATCAGAAGATCC,0,Type4,4758.68539325843,2341.14606741573
GTCGCGTAGAAAT,0,Type1,1714.71428571429,4527.05494505495
TGGGTTAGAATGA,3,Type1,5134.85,4291.6875
TTAGTTAAGGGGT,0,Type1,3901.90909090909,1045.0
GATTTTAGAACCA,1,Type1,4580.68292682927,2213.58536585366
GCGCAAGAGAAAC,4,Type2,5029.63157894737,2471.68421052632
TGGAGGACTTAAG,1,Type1,2438.66371681416,840.955752212389
CCAACCACTTCCT,5,Type1,2392.23076923077,4601.86713286713
CTTCTTACTTGGC,4,Type2,3125.37931034483,977.534482758621
CGCAAACTCCCCT,0,Type1,3535.41463414634,570.060975609756
CCTTAACTCCCCG,3,Type7,1345.91860465116,4510.55813953488
TACTAAGCTTGGG,1,Type1,4582.21739130435,3395.13664596273
GTCCCCGTCCGGT,0,Type1,4980.38461538462,2944.61538461538
GTGATTGAGGGGT,5,Type4,4727.42857142857,3377.63186813187
CTCTGGGAGGAAC,1,Type1,3809.19411764706,3998.58235294118
TTCTGGGCTTCCA,0,Type1,1212.96363636364,3403.73636363636
GAAAGGGCTTAAG,0,Type1,4135.43023255814,1737.33720930233
GGCCAAGCTTAAG,1,Type4,2293.58823529412,948.838235294118
CCTCTTGCTTTTA,3,Type8,1817.33333333333,1180.47058823529
GCACGGTGAATTT,0,Type1,3124.6358974359,5456.00512820513
CCCGTTTCTTAAA,1,Type4,2674.71014492754,1948.71014492754
AAGTTTTCTTCCC,2,Type3,4656.74025974026,4350.55844155844
AATCGGTTCCGGT,6,Type1,3162.09917355372,5279.82644628099
ATATCCTTCCTTG,2,Type1,5253.1718061674,2777.28193832599
GAGCCCTGAAAAC,5,Type1,5211.77272727273,4127.02272727273
ATAATTTAGGAAC,1,Type6,3876.54587155963,2317.66055045872
GATGAATTCCTTC,0,Type1,2521.97660818713,4914.43274853801
GTTAGGTCTTCCT,1,Type1,2839.61016949153,792.926553672316
GTGTTTTCTTTTC,0,Type1,3536.38461538462,3631.52631578947
CCACCCTAGGGGC,0,Type1,4612.93717277487,3586.29319371728
AATAGGTAGGTTA,0,Type1,3592.14285714286,4113.23376623377
GAGAAAACTTTGG,1,Type6,3814.0103626943,4239.25388601036
TAAGTTAAGGGTG,0,Type1,5212.40677966102,3455.31355932203
GTGGCCATCCACT,0,Type1,4558.05263157895,3094.3567251462
AACGTTACTTTGC,0,Type1,4829.44217687075,3489.57142857143
TGCTGGACTTTGC,0,Type1,5306.04411764706,3242.35294117647
TCTTAACTCCGTT,0,Type1,3785.83636363636,1139.52727272727
TGGGCCCGAATGG,0,Type1,2788.13548387097,4676.50967741936
TCATCCCGAAGTT,0,Type1,4581.19696969697,3142.07575757576
ATCATTCTCCACT,4,Type2,4382.18181818182,3675.32535885167
GTAAGGCTCCGTC,1,Type6,4807.59116022099,2819.65193370166
TCTCAACTCCTGC,0,Type1,4555.0141509434,2674.29716981132
TGATCCCGAAGTA,4,Type2,1228.10526315789,3262.40789473684
GCCTCCGCTTACC,3,Type1,1850.98319327731,3460.21848739496
GTTAGGGCTTTAC,0,Type1,5319.66393442623,4048.6393442623
ACCAAAGCTTTGA,0,Type1,2636.55128205128,1246.9358974359
CGTAGGGCTTCAT,0,Type1,4971.43181818182,3473.73863636364
CCATAAGCTTCAT,0,Type1,1966.18139534884,1349.74418604651
TGATGGGCTTCAT,0,Type1,1215.5,3739.9358974359
AATTTTGCTTTGC,4,Type2,1109.65346534653,4064.9900990099
ATAGCCGCTTCAT,0,Type1,4356.14285714286,3411.71428571429
CGTTCCTTCCACC,1,Type6,2600.4156626506,1285.85542168675
TCGGTTTAGGGTT,0,Type1,4860.45859872611,2288.99363057325
CCCATTTGAAACA,3,Type5,2001.86290322581,957.983870967742
AGATGGTCTTGTG,1,Type4,2166.55284552846,2076.32520325203
GAGTTTTAGGGTG,0,Type4,5427.13709677419,3840.59677419355
CTATCCTAGGACA,4,Type7,3949.50980392157,4278.30718954248
CTGGCCTGAACAG,4,Type2,4618.4537037037,3768.19444444444
CCGGGGTGAAACT,3,Type4,1840.09166666667,1306.35833333333
CGTAAATCTTGTC,1,Type6,3693.62559241706,3709.44075829384
AATGGGTTCCCAT,1,Type1,1585.10465116279,3539.89534883721
CTCCGGTGAATGC,2,Type1,2688.60317460317,2780.8253968254
TCTACCTCTTCAT,2,Type7,4994.4609929078,4269.3829787234
GGTCAATAGGCAT,0,Type1,1580.13496932515,4286.9263803681
TGGGCCACTTTCT,1,Type1,3385.22727272727,1765.75757575758
CGCTAACAGGAGG,2,Type1,4394.72571428571,4169.23428571429
AGCGGGCGAAAGG,1,Type6,2448.50746268657,4247.89552238806
TTCACCCAGGTCA,1,Type6,2614.90099009901,5024.38613861386
AACTAACAAAAGA,1,Type1,3479.93939393939,744.166666666667
GTCAAACAGGTCT,0,Type1,3957.8031496063,4438.07086614173
GTAATTCTCCTCT,2,Type2,2058.47872340426,1510.78723404255
TGCGGGCTCCCTC,3,Type7,1668.60839160839,4909.37062937063
AGGCTTCTCCCTA,3,Type7,1089.57575757576,4002.21212121212
GGTCGGCTCCTCG,4,Type2,3898.25570776256,3268.28310502283
TGTCTTGGAAAGT,4,Type2,4385.88976377953,3520.53543307087
CGAAAAGCTTCTG,1,Type1,3479.31067961165,1721.93203883495
TATACCGCTTGAC,3,Type1,3109.60273972603,898.917808219178
AAAACCGTCCTCT,1,Type8,1792.68902439024,1101.30487804878
GGTCAAGCTTTCT,5,Type4,2666.96296296296,2014.94444444444
TACTGGGTCCTCG,0,Type1,2021.50961538462,4528.10576923077
TTATTTGCTTCTA,1,Type1,3445.61764705882,1747.44117647059
TGCGTTTCTTGAA,4,Type7,3999.3125,4529.21527777778
AACCGGTAGAAGG,4,Type7,5664.47311827957,3753.88172043011
CGAAAATTCCTCA,3,Type8,1808.9801980198,1013.84158415842
AGTCTTTCTTAGT,3,Type7,3615.1935483871,4638.0376344086
TATGTTTTCCTCG,4,Type2,2410.12297734628,2707.79935275081
TTGATTTGAAAGC,0,Type1,1762.4224137931,2190.31896551724
CTAGTTTCTTCTA,0,Type1,4690.35460992908,3318.74468085106
CCTTGGACTTCGG,4,Type1,4596.69291338583,1770.61417322835
CCAACCACTTTAA,1,Type1,5217.38829787234,2950.12765957447
CTTCGGATCCCGG,5,Type4,3145.7225433526,2343.01156069364
CTACCCAAGGATG,4,Type2,3928.34848484849,4168.4696969697
GCTCCCACTTATC,4,Type2,5407.82700421941,3233.29113924051
AGTTGGACTTATA,3,Type7,4443.70050761421,4996.63959390863
GTGTTTACTTTAT,3,Type3,1960.53409090909,2000.89772727273
CGGTCCCAAAATT,0,Type1,1920.36363636364,4714.98863636364
CGCCCTCGAAATT,3,Type1,1849.18181818182,1542.33333333333
CGTGGGCTCCTAC,3,Type7,3548.4347826087,1122.98550724638
GTCTTTCGAACGT,0,Type1,3406.6875,4053.3828125
GATCTTCGAAATG,1,Type6,1918.31746031746,4483.53968253968
CGATTTCCTTATC,0,Type3,3133.89795918367,5572.0
CTCCTTCTCCTAG,1,Type1,1857.17985611511,2330.10791366906
GGCGTTCGAAATC,0,Type1,3236.97206703911,5409.89944134078
ACCGCCCTCCGCG,5,Type4,3059.89655172414,2369.97931034483
CAAGTTCGAAATA,1,Type1,2515.815,3553.01
TGTCGGGTCCTAA,3,Type2,5481.51063829787,3315.64539007092
CATAAAGTCCTAA,1,Type6,2750.32857142857,2160.85714285714
TATCCCGTCCTAT,0,Type1,3893.68666666667,4706.18
TGCGCCGTCCATA,1,Type1,2258.11801242236,2239.34161490683
CCTAGGGAGGGCG,5,Type4,1820.23529411765,971.161764705882
TGCGGGTAGGGCC,3,Type1,2444.45454545455,2662.90303030303
CTGTAATTCCATG,0,Type1,4325.31496062992,2910.62992125984
TTCCCCTTCCTAC,0,Type1,4693.99568965517,3162.48275862069
ATTAAATCTTCGT,4,Type1,4100.87709497207,3274.83798882682
GTGACCTCTTTAC,4,Type2,1125.75714285714,4035.8
ATTACCTAAAATG,1,Type1,1976.97520661157,3871.22314049587
CCAGTTTAGGTAC,0,Type1,1817.75274725275,4752.10989010989
CCACTTTCTTGCT,5,Type1,3357.83431952663,3805.87573964497
GGTCAATCTTATC,0,Type1,5189.35968379447,3311.1581027668
CACGTTTCTTCGA,0,Type1,1697.67142857143,3565.93571428571
ACGAAATAGGCGA,0,Type1,2313.27748691099,2484.48691099476
GTATGTAGAAGTT,2,Type11,2825.16363636364,1178.05454545455
GGCACAAAGGTTT,0,Type1,2785.73076923077,4945.0625
CCCAGTAAGGGGT,0,Type1,2889.16049382716,4719.12345679012
ATTATGCTCCCCC,0,Type1,2778.93693693694,3771.69369369369
GGTATGCTCCAAA,4,Type2,3300.05825242718,3693.04854368932
GGGCACCTCCTTG,1,Type1,4329.94011976048,3068.22754491018
TTAGACCTCCTTG,4,Type2,4628.70967741936,1766.07258064516
GCTAGTCTCCGGC,3,Type1,4318.62275449102,4749.89221556886
TACGCAGGAATTT,1,Type4,2806.48979591837,4742.40816326531
CACAACGTCCTTT,3,Type7,3283.92,5519.23
AATAACGTCCTTG,3,Type7,2807.67647058824,4458.3431372549
TGTTCAGAGGCCA,3,Type4,3034.86394557823,1042.85714285714
CCGGTGGTCCCCT,5,Type4,4150.49295774648,2659.78873239437
ACGCGTGAGGCCT,0,Type1,2890.94736842105,1165.3984962406
GGTGCAGGAAGGC,5,Type1,3817.825,1681.29166666667
CCATCAGGAAGGC,0,Type1,5193.43624161074,4360.88590604027
GTCAACGAGGGGC,0,Type1,4990.64772727273,2931.27272727273
GCGTACTCTTCCC,1,Type6,3816.02777777778,1227.02777777778
AGCGCATTCCTTG,0,Type1,5149.65734265734,2845.23076923077
TCCAGTTCTTCCA,0,Type1,2521.24460431655,5023.82014388489
GAAACATCTTGGA,0,Type1,2542.98076923077,5286.5
CTTCGTACTTCAA,0,Type1,1953.14925373134,4885.11194029851
AATTGTACTTGTT,0,Type1,3285.68152866242,3477.83439490446
CTGTCAAAGGCAC,0,Type1,3774.38059701493,4747.05970149254
AACGACAAGGGTG,0,Type1,3630.69072164948,732.360824742268
TCGGTGACTTGTG,0,Type1,3158.17821782178,5437.28712871287
CATCACACTTCAC,0,Type1,2534.57534246575,2576.41095890411
CGTGGTACTTGTA,0,Type1,5282.11194029851,3795.73134328358
CTCCTGACTTACG,0,Type1,4914.11111111111,3506.13333333333
AGTCTGCTCCTGG,3,Type1,2683.66049382716,829.438271604938
ACTGCACTCCCAA,1,Type3,3156.57943925234,2061.19626168224
AGCGCACTCCCAA,1,Type6,2414.125,3827.35227272727
GTGCACCGAAGTT,0,Type1,2732.1098265896,2986.94797687861
TGTACACTCCGTG,2,Type1,4050.48587570621,4532.31073446328
TCACACCAGGGTC,4,Type2,3294.43442622951,5307.40983606557
GAAGCACTCCCAG,1,Type6,4178.74324324324,2104.02702702703
AAAGTGCTCCTGA,0,Type1,3810.44943820225,1482.47191011236
CCGACACTCCACT,4,Type2,5366.62871287129,3130.77722772277
GGGGCACGAAGTC,0,Type1,5261.75,3002.9375
TGCAGTGGAACAA,0,Type1,4935.42424242424,2760.01515151515
GATATGGGAACAA,0,Type1,4013.84046692607,4677.98832684825
CGTAACGAGGGTT,2,Type1,4338.23529411765,3079.99159663866
GTATACGAGGGTT,0,Type1,4377.53684210526,1737.96842105263
GGTTCAGCTTGTG,0,Type1,3512.52808988764,693.056179775281
GATGGTGCTTCAC,0,Type1,1401.24113475177,3409.10638297872
TGCTACGCTTTAC,4,Type2,2565.70930232558,3395.32558139535
TCGCTGGCTTGTG,0,Type1,4539.5306122449,2627.29931972789
TGAATGGCTTCAG,0,Type1,1519.936,3620.208
TGCACAGCTTGTC,0,Type1,2009.76973684211,3885.35526315789
CAGATGGGAAGTA,4,Type2,3224.58163265306,3612.0612244898
GCATGTGAGGTGC,0,Type1,4938.58426966292,2594.61797752809
CACCCAGCTTGTA,0,Type1,4950.61728395062,2608.44444444444
CGTAACGCTTCAT,0,Type1,4449.27309236948,1842.69879518072
GGAAACGCTTTGC,0,Type1,3186.11594202899,5423.67391304348
TGGAGTTGAAACC,3,Type2,3614.91891891892,841.952702702703
ATACGTTCTTCAA,0,Type1,2464.04583333333,3657.725
GATCTGTCTTGTT,1,Type11,1647.60583941606,2885.21167883212
GCGCTGTGAAGTG,5,Type4,3196.41739130435,3500.84347826087
GTTGCATCTTCAC,0,Type1,1779.86813186813,1024.05494505495
AAATTGTCTTGTG,0,Type1,3628.80120481928,4053.5843373494
TCTGACTCTTCAC,4,Type7,3829.5974025974,3478.7012987013
GCGAGTTAGGTGT,3,Type7,4087.51388888889,4762.56944444444
GTACACTCTTGTC,0,Type1,4707.40223463687,3257.61452513966
GATCGTTCTTACT,4,Type1,3343.9,3778.72222222222
TGCTGTTAGGGTC,0,Type1,3359.08641975309,3492.01234567901
CCTTGTTTCCACG,0,Type1,4802.49407114625,3455.60079051383
CTGGGTTCTTGTA,4,Type1,2250.584,2611.416
ATCAGTTAGGACG,4,Type4,2115.57746478873,2270.12676056338
TGGTGTAAGGTCA,0,Type1,4254.09523809524,5045.55555555556
AGACTGATCCAGT,4,Type2,4987.16666666667,2386.24074074074
GAGGTGCAGGCTT,1,Type6,2598.71,1257.6
AACAACCTCCTCC,0,Type1,4095.49142857143,1412.46285714286
AAGAGTCAGGCTG,0,Type1,4771.43859649123,2339.17543859649
AACGTGCTCCAGT,5,Type4,2605.73387096774,4818.96774193548
AAGCCACTCCTCA,0,Type1,1664.06956521739,4660.8
AGACCACGAAAGA,0,Type1,2747.04651162791,1430.29069767442
GAGGTGGAGGCTC,2,Type1,3815.57009345794,3116.14018691589
GGACCAGCTTAGC,0,Type1,1569.39534883721,4472.93023255814
GCCACATCTTCTT,0,Type1,3763.22448979592,4464.0612244898
GGTAACTCTTGAA,1,Type1,2790.74050632911,1480.82911392405
TCTACATCTTTCA,1,Type1,2689.78764478764,3355.76833976834
GCGTGATCTTCTG,2,Type2,4765.08620689655,1837.62068965517
CTGGACTTCCTCT,3,Type2,2138.53435114504,1303.76335877863
ATGTCATGAAAGA,1,Type1,4871.64197530864,2892.45679012346
TTTCTGTAGGGAG,3,Type7,1499.0462962963,3223.02777777778
AATAGTTAGGAGC,4,Type1,1808.33898305085,2529.23728813559
CGGGACAAGGATT,4,Type2,5494.44055944056,3437.51048951049
TCAGGTACTTTAA,0,Type1,5356.92307692308,3519.67307692308
CATAGTATCCATT,3,Type1,2897.16949152542,1184.04237288136
TAAACAACTTTAC,3,Type7,1205.63709677419,4372.01612903226
GAGAGTACTTCGT,0,Type1,2630.57142857143,5364.05882352941
GAATGTATCCCGT,0,Type1,2932.00485436893,5156.92233009709
GTCTTGATCCTAC,0,Type1,3315.66315789474,3659.02105263158
GCGAACACTTCGA,1,Type1,2664.84745762712,905.406779661017
CTGCGTCAGGCGG,0,Type1,4233.90384615385,3263.88461538462
GCGAGACTCCATG,1,Type6,4494.12385321101,2100.8623853211
TATGACGAGGCGG,2,Type1,3885.04651162791,3193.88953488372
AGGCACGCTTATT,1,Type6,2765.46202531646,3260.99367088608
GAGACAGCTTCGG,0,Type1,3073.89230769231,5150.15384615385
GAAAACGGAAGCA,4,Type2,3592.37313432836,819.507462686567
GTGGACGTCCTAC,2,Type4,2751.0,2041.14705882353
AGGGCAGAGGCGT,0,Type1,4399.89156626506,1753.34939759036
AGAAGTGCTTTAC,5,Type1,1840.76785714286,1414.45833333333
CTGGCAGGAATAG,1,Type1,4412.328,1907.784
ATCGACGAGGCGA,0,Type1,3667.61594202899,4119.69565217391
AAAAGTGCTTATC,0,Type1,5312.824,3638.688
AAACCAGCTTGCT,1,Type9,2544.22658610272,1378.87009063444
CCGAACTTCCCGG,1,Type1,3513.15458937198,1986.67149758454
GACCACTGAAATT,0,Type1,2572.48672566372,4990.59292035398
GCGTACTGAACGG,2,Type2,4993.57142857143,4548.19047619048
CGTCCATCTTCGG,0,Type1,1490.36206896552,4451.91379310345
TCTTTGTCTTATT,0,Type4,2014.95530726257,1448.49162011173
GTGTGTTAGGCGG,0,Type1,4522.47692307692,2391.27692307692
GATCCATCTTCGT,0,Type1,1650.05,4593.5125
ATACACTTCCCGA,0,Type1,4335.29113924051,5254.81012658228
ACCCGTTGAACGA,3,Type9,2383.30857142857,1630.74285714286
CAGAACTCTTCGA,0,Type1,3809.26495726496,1664.5811965812
TCTCTGTCTTATC,1,Type6,3816.33333333333,1287.31481481481
CCCCGTTAGTATC,5,Type4,2942.56557377049,1873.45081967213
ACGACATTCCCGC,3,Type7,5078.40372670807,4483.93788819876
TAATTGTCTTTGC,4,Type2,4421.37795275591,3617.14960629921
CGTCACTAGGTAT,1,Type1,1664.03048780488,1175.50609756098
AGCCAGACTTAAC,5,Type3,2204.61,1381.66
GCATGAAGAACCA,0,Type1,5259.48344370861,3658.90728476821
CGACCTATCCGGA,0,Type1,4053.72251308901,4833.31937172775
GTAGAGAGAAGGC,4,Type2,4826.0206185567,3827.36082474227
CTACGAATCCGGC,0,Type1,3371.89423076923,3852.69230769231
TTTCGACTCCCCA,0,Type1,4165.94776119403,1727.40298507463
TTACAGCAGGGGA,0,Type1,5193.87878787879,3708.71212121212
TGCGGAGTCCTTC,1,Type1,2858.30612244898,5410.73469387755
GTGTCTGCTTTTG,5,Type3,3034.06106870229,2245.67175572519
GGTAAGGCTTCCA,1,Type1,3491.9593495935,1847.72357723577
GAGATCGAGGCCT,3,Type4,2230.59036144578,1575.10843373494
TGTACTGCTTTTC,4,Type3,3982.11612903226,4239.52903225806
ATCGAGGCTTCCT,0,Type1,5012.37455830389,2736.49823321555
AACCCTGCTTGGC,4,Type3,2622.4,2372.16470588235
GGAGCTGCTTCCG,4,Type2,1343.72619047619,3213.55952380952
TGTCCTTGAATTT,2,Type1,2628.04761904762,1649.80952380952
TACCAGTCTTCCC,1,Type7,2531.48366013072,2230.97385620915
CGCTGATCTTCCC,0,Type1,3465.60869565217,3849.30434782609
CCAGGATCTTCCA,5,Type4,2696.93220338983,1909.80790960452
TTCAAGTTCCTTC,1,Type8,1700.83928571429,1141.39285714286
ACCTTCTCTTGGA,0,Type1,2540.54444444444,5477.51111111111
GCCCCTTAGGGGA,0,Type1,3788.51282051282,3555.32307692308
TAATAGTAGGGGA,0,Type1,4459.73076923077,3305.01282051282
TGTTAGTAGGAAG,4,Type2,3192.06711409396,932.255033557047
GCTGAGTTCCGGC,0,Type1,4808.43181818182,2127.59090909091
AGCTCTACTTACC,3,Type3,3623.29914529915,4710.0
TTTATCACTTTGT,0,Type1,3627.12413793103,4522.19310344828
TGTGCTACTTGTG,0,Type1,3614.69444444444,1813.64814814815
GATGGAACTTACA,3,Type8,3386.10909090909,3834.70909090909
TGAAAGATCCGTG,0,Type1,3875.69902912621,3161.20873786408
CTCGGAAAGGTGA,4,Type2,1855.24427480916,2545.8320610687
TTCGAGACTTACT,2,Type1,2170.43801652893,1358.50413223141
CGAACTCTCCTGT,3,Type1,4899.3875,4597.1375
ACCAAGATCCGTC,1,Type6,1744.13186813187,4150.79120879121
TAGCCTAAGGGTA,0,Type1,4184.34259259259,5232.65740740741
CAAATCAGAACAT,0,Type1,5474.74626865672,3673.71641791045
AGGCGACTCCACC,2,Type4,1558.13100436681,3115.58515283843
AGCAAGCTCCACC,0,Type1,4807.48876404494,2574.94382022472
TAACGACGAAGTT,0,Type1,1781.83529411765,1008.56470588235
TGCGGACTCCGTG,0,Type1,2598.04845814978,5225.11894273128
CTATTCCTCCCAC,4,Type2,4025.40666666667,3272.42666666667
ACAAGACGAATGT,0,Type1,1168.20238095238,3922.54761904762
AAGTTCCGAATGT,0,Type1,3797.08974358974,1536.91025641026
CCGCAGCTCCTGA,0,Type1,1809.05309734513,1661.44247787611
GTTGAGCAGGGTA,3,Type1,2636.0,5183.35064935065
CGGAGACAGGTGC,4,Type2,4071.75,3337.06818181818
TCCAGACGAAGTA,0,Type1,4299.40789473684,5011.82894736842
CCAGAGGCTTTGG,2,Type11,1969.24822695035,5442.63120567376
CATAGAGCTTGTT,3,Type1,3300.50819672131,768.139344262295
GTATTCGGAAACT,1,Type9,1965.89583333333,2062.61666666667
CCAGAGGAGGCAT,1,Type1,2455.8203125,1214.921875
GCAATCGCTTGTA,4,Type1,5482.0245398773,3484.67484662577
CAGGTCGCTTCAT,2,Type7,4885.98076923077,4179.30769230769
CTAGTCGCTTCAT,1,Type6,2973.01315789474,2340.51644736842
GCCAGATCTTCAA,2,Type7,2334.1214953271,1182.69158878505
ACCACTTCTTTGA,0,Type1,5173.8,3726.98823529412
ACACGATCTTCAG,1,Type1,4829.31985294118,3450.05882352941
ACCATCTAGGGTC,0,Type1,5014.13402061856,3182.13402061856
CCCGTCTGAAGTA,3,Type1,4742.8813559322,1938.11016949153
CACGAGTGAAACG,0,Type1,3223.81102362205,5532.29921259843
AACCAGTCTTGTA,0,Type1,4013.00628930818,4784.93081761006
TGCGAGTCTTGTA,4,Type7,4145.23902439024,3396.92682926829
AGCGCTTCTTGTA,1,Type6,5009.70161290323,3363.88709677419
GTTCAGTAGGGTA,4,Type3,4778.5737704918,1907.01639344262
CTGTCTATCCGAA,4,Type7,3083.32258064516,1455.60215053763
TGCTCTACTTTCA,2,Type1,1590.546875,4602.125
CCTCTCAAGGAGC,1,Type1,2842.08053691275,869.375838926175
CAGCTCCAGGCTG,5,Type1,2579.86764705882,4862.97058823529
GCGGTCCAGGAGT,1,Type9,2523.37931034483,1509.28448275862
CAAAAGCTCCTCA,4,Type2,2269.54347826087,3668.44927536232
GATAAGCTCCAGT,5,Type4,2793.79274611399,2015.86010362694
TACGAGCGAAAGT,0,Type1,2882.38961038961,5029.51948051948
TTGACTCGAACTC,0,Type1,5511.7380952381,3684.28571428571
TCCGGACGAAAGC,2,Type2,2396.82954545455,691.113636363636
TATTTCGGAACTT,3,Type1,3945.88306451613,3139.5564516129
CTTGTCGTCCTCA,1,Type6,3132.12592592593,737.718518518519
AACCCTGCTTTCA,0,Type1,3801.03225806452,1469.43548387097
CTCTTCGCTTTCT,1,Type6,3186.05607476636,2969.8691588785
AGCATCGCTTTCT,2,Type3,4258.39622641509,4386.92452830189
ATGCAGGTCCAGC,3,Type7,1979.26666666667,1856.71666666667
GCGGCTGTCCTCG,5,Type4,2229.98684210526,1977.17105263158
GCTCGAGAGGAGC,4,Type2,2662.76470588235,4041.05147058824
CGGACTTTCCTCC,1,Type4,2401.16981132075,1028.27672955975
TTACCTTAGGCTT,3,Type1,1857.25225225225,3397.82882882883
GCGGTCTTCCAGT,1,Type9,2146.5935828877,1900.76470588235
GTCTTCTTCCCTC,4,Type2,4556.4693877551,3831.54081632653
GCCTCTTGAACTC,0,Type1,1996.31460674157,2386.42696629213
AAAGGATCTTCTC,4,Type2,4931.35714285714,2282.97321428571
ATGCGATAGCAGA,0,Type1,2268.04237288136,1583.28813559322
ATAATCTAGGTCG,3,Type7,4395.77914110429,4913.56441717791
GGCACTACTTTAA,1,Type1,1399.56976744186,3296.88372093023
CGTATCAAGGCGT,0,Type8,3286.07216494845,2387.48453608247
TTTCAGAGAACGT,0,Type1,3611.86274509804,4049.09803921569
AAAGGAATCCCGT,0,Type1,4926.01714285714,3463.09142857143
TCCCTCACTTGCG,1,Type6,3608.42477876106,3799.19469026549
CTTGCTCTCCTAA,1,Type1,4799.4854368932,2725.7572815534
CGGTCTCAAAATG,1,Type8,2841.1726618705,2584.79136690647
GGATTCCTCCGCA,4,Type2,3300.25465838509,3788.52795031056
CGATTCCTCCTAC,0,Type1,4025.89502762431,1611.34254143646
ATTACTCGAACGT,6,Type6,4292.41666666667,2602.47222222222
TGCAAGCGAAATG,0,Type1,1893.16756756757,4923.66486486487
CAATCTCTCCGCT,3,Type1,1909.12048192771,1239.43373493976
TAGTTCTCTTCGN,0,Type1,3754.42857142857,4379.07142857143
CTAGTCCTCCGCG,0,Type1,3388.55633802817,3767.95774647887
AGGTAGCGAAGCG,0,Type1,1378.11971830986,3512.21830985915
CGAATCGCTTCGG,0,Type1,2858.61805555556,4839.94444444444
CCTAAGGCTTTAA,1,Type8,3750.10377358491,1461.59905660377
GATCAGGTCCTAC,3,Type7,2915.46456692913,4642.51181102362
CTCCCTGCTTTAC,3,Type1,2241.56,4867.55333333333
TTCAAGGTCCCGA,4,Type2,3977.95488721805,3006.74436090226
ACAATCGAGGCGA,0,Type1,1966.09271523179,4895.94701986755
CTGGTCGCTTTAG,3,Type1,3352.61818181818,848.472727272727
ACCACTGCTTATA,3,Type7,3310.64215686275,5510.75
AAGTAGTTCCATT,1,Type5,2594.86610878661,2380.66945606695
CTTGGATCTTTAA,4,Type7,3385.40939597315,4207.28859060403
TCCGAGTCTTGCC,1,Type6,3536.71365638767,2296.44052863436
AGGATCTAGGATT,0,Type1,4153.87431693989,3056.71584699454
AGATGATTCCATG,0,Type1,3806.81914893617,1093.72340425532
CATCAGTTCCTAC,0,Type1,3781.54106280193,2982.69082125604
CAAGGATCTTATG,3,Type1,4858.56,4356.58666666667
TGGTTCTAGGATG,0,Type1,4148.21226415094,5128.39150943396
TCACCTTGAAGCT,0,Type1,2403.93896713615,4378.65727699531
TCTGTCTGAACGA,0,Type1,4775.01333333333,3443.13333333333
GTTCCTTCTTCGA,1,Type1,3043.47023809524,2581.13095238095
ATAGTCTCTTATC,5,Type4,3013.88073394495,2142.66972477064
TCGTGATAGGATC,0,Type1,2676.56459330144,1242.68899521531
CTATAGTGAACGC,3,Type7,1865.01063829787,3499.46808510638
CGGATCTAAATAT,2,Type1,3900.10714285714,3130.71428571429
TAACGCAGAAGTT,1,Type1,1723.37179487179,3428.23076923077
TGGGTAACTTTTT,4,Type2,3185.93167701863,948.068322981366
TCATCGACTTCCC,1,Type6,3525.43859649123,2221.26315789474
CTCTATATCCGGG,1,Type10,2822.78231292517,5195.99319727891
GTCAGCAAGGGGT,2,Type1,2943.07142857143,5109.78571428571
CCACATATCCGGT,1,Type1,4662.25641025641,2895.29487179487
CACGCGACTTCCT,3,Type7,1444.23076923077,3213.17582417582
GCAATAATCCGGC,1,Type6,1857.97333333333,1478.93333333333
ACCACGCAGGGGG,0,Type1,2678.32558139535,5316.68604651163
CGCGCGCAGGAAA,1,Type7,4572.15625,3859.734375
ACCGGCCTCCTTC,3,Type7,4395.98936170213,1529.97872340426
CGATTACTCCTTC,0,Type1,1213.61627906977,3706.10465116279
CGTCCGCGAAGGA,2,Type1,2895.05154639175,1070.47422680412
TCCTTACAGGTTA,3,Type7,2370.41807909605,5426.86440677966
AACGTACAGGGGC,4,Type2,3870.92647058824,3297.05882352941
GTTCCGGAGGAAA,1,Type1,4948.21576763486,3346.51867219917
GCTCCGGAGGGGG,4,Type2,3995.95833333333,3191.09375
TGGTGCGCTTAAA,2,Type7,2289.81875,1379.2375
CAGGTAGTCCAAC,2,Type1,3794.39106145251,3863.02234636872
AAGGCGGAGGGGT,1,Type1,3448.10588235294,1878.63529411765
GCGGATGAGGAAC,1,Type1,3694.23333333333,1682.63333333333
TGGCATGAGGTTC,3,Type2,5596.51315789474,3219.13815789474
ATACTAGCTTGGA,1,Type9,2514.32666666667,1320.36
CCCTCGGTCCAAT,0,Type1,3415.12254901961,708.906862745098
GACACGGCTTGGC,0,Type4,2527.83950617284,2023.91358024691
GCGTTATCTTCCC,1,Type1,4441.65243902439,1935.07926829268
GACCGATAGGTTT,0,Type1,4182.46666666667,5093.85454545455
AGTTTATCTTCCA,3,Type1,3181.11678832117,1026.02189781022
CATCATTCTTTTG,0,Type1,1410.4,3339.46666666667
GAGTATTTCCCCT,4,Type2,3004.00854700855,3612.23076923077
AATAGCTCTTCCT,0,Type1,3852.56962025316,3001.20886075949
CGTAGCTTCCAAT,5,Type4,2921.24736842105,1776.67894736842
TATGTATTCCTTA,0,Type1,1511.63392857143,4631.97321428571
CCCACGTGAAGGC,0,Type1,5364.3631840796,3935.70149253731
AACTATTGAAAAT,0,Type1,4682.5,2366.875
GTTACGTCTTAAT,0,Type1,1580.48571428571,2347.38571428571
TACGCGTCTTGGC,3,Type6,2614.64788732394,1888.62676056338
AGACCGTAGGGGC,0,Type1,5058.36496350365,3995.96350364964
ACGTATACTTTGG,3,Type7,3630.57142857143,1084.41758241758
TCCGATATCCACC,0,Type1,4166.46511627907,3082.80620155039
CTGCTAATCCACC,3,Type3,4069.18181818182,4411.86868686869
CATAGCAAGGCAC,3,Type7,1411.06603773585,4596.40566037736
CGTGGCACTTACA,0,Type1,4395.77777777778,3142.41666666667
CGTCCGACTTGTG,3,Type1,1829.31578947368,3331.29824561404
AAGCTAATCCGTG,0,Type4,5113.34027777778,2635.49305555556
CTGCGCAAGGGTC,0,Type1,1775.33333333333,2230.70531400966
AAGGATACTTTGA,1,Type1,5155.04444444444,3624.25555555556
TATTATATCCGTC,3,Type8,1662.80701754386,1210.9298245614
CGCATAATCCGTC,0,Type1,1959.83870967742,2422.85806451613
TAACATACTTGTA,3,Type3,2164.78531073446,2644.86440677966
AATAGAATCCGTA,5,Type4,2828.15463917526,1946.48453608247
ACCACGCCTTTGG,0,Type1,2487.98165137615,5438.11926605505
AAACTACTCCTGG,1,Type1,3983.15573770492,2504.76229508197
TTATGCCTCCTGG,1,Type6,4179.1724137931,1996.17931034483
CTGTCGCGAATGG,5,Type1,3170.33644859813,1932.3738317757
CCCCATCTCCGTG,0,Type1,5270.32450331126,4025.33774834437
TACTATCTCCGTG,0,Type1,3177.3503649635,5311.84671532847
CTCAGCCTCCCAC,1,Type1,2538.77777777778,5168.90598290598
CTTCTACTCCGTC,0,Type1,2336.15277777778,4299.29166666667
TCATGCCTCCGTC,5,Type1,1653.28148148148,3494.01481481481
TCTGGCCAGGGTA,3,Type4,2285.56,1220.86666666667
CGAAGCCTCCGTA,1,Type6,3704.16585365854,4145.20487804878
TAAGATCTCCACG,4,Type2,4206.46323529412,4864.74264705882
GCGGTACTCCCAT,3,Type8,2101.24242424242,1450.87878787879
GGCGTACTCCTGC,0,Type1,5036.25396825397,3883.36507936508
CACAATCGAAACG,0,Type1,4164.13333333333,4952.0380952381
TCTGCGGAGGTGG,2,Type1,2675.98692810458,5038.32679738562
TAGCCGGAGGGTT,3,Type2,3588.65217391304,1128.8
AGGGTAGCTTACA,0,Type1,2887.91620111732,4972.63687150838
CTGGTAGCTTCAC,1,Type4,3600.60305343511,1818.51908396947
CCACCGGTCCGTC,1,Type1,2735.7805907173,870.434599156118
TCCGGCGCTTGTC,0,Type1,5350.90350877193,3927.18421052632
CCAAATGCTTGTC,0,Type4,1681.30327868852,4720.51639344262
GATCGCGCTTCAG,2,Type3,3435.63636363636,1018.66883116883
TAGTTAGGAACAT,0,Type1,2990.23170731707,974.060975609756
GTACATGGAAGTA,0,Type1,5189.26691729323,2898.91729323308
TCCCGAGCTTGTA,0,Type1,1737.79674796748,3595.17886178862
GCATTATTCCGTT,2,Type1,1807.82857142857,2855.78571428571
CACACGTGAAGTT,0,Type1,4196.44881889764,3009.54330708661
CCAGTATGAATGG,2,Type1,5202.53503184713,3326.91719745223
TCAGATTGAAGTT,0,Type1,4220.09090909091,2627.78409090909
ACCTCGTCTTGTT,0,Type1,1676.08366533865,3400.16733067729
TCGTCGTCTTGTT,4,Type2,4434.93258426966,1599.58426966292
TATTGCTGAACAC,3,Type7,2031.00709219858,4871.43262411348
CTATGCTGAAACA,1,Type6,3696.45323741007,4130.43884892086
TAAGTATAGGGTG,5,Type1,3893.08955223881,1235.80597014925
AATACGTGAAACT,4,Type2,5082.67286245353,4303.843866171
GTTCCGTTCCGTA,0,Type1,4277.71174377224,5038.95729537367
CAAAATTTCCTGC,0,Type1,1830.12631578947,4610.62105263158
GCCAATTCTTGTA,0,Type1,3734.07142857143,5593.27777777778
TGCATATAGGCAT,3,Type7,1535.00877192982,4759.64912280702
TCAAGCACTTAGG,3,Type4,2355.3025210084,1051.23529411765
CGATATACTTCTT,1,Type1,4626.775,2992.04375
TCTGATATCCAGT,2,Type1,1712.19138755981,1026.17703349282
AACACGAAGGAGA,4,Type7,4423.22891566265,3678.21686746988
ATCATAACTTAGA,0,Type1,1235.72631578947,3676.83157894737
CAAGATCAAAAGG,0,Type1,4502.60952380952,1971.89523809524
ACGTGCCTCCAGT,0,Type1,2460.09625668449,5161.2192513369
GCACGCCTCCCTA,0,Type1,4337.08928571429,3306.125
ATTAATGTCCTCT,1,Type1,2905.85793871866,2247.38440111421
GGATCGGTCCAGA,5,Type1,2485.54411764706,3513.56617647059
TCTTGCGCTTTCT,0,Type1,3900.15769230769,4911.06153846154
ACGGCGGCTTAGA,3,Type7,3227.82432432432,5562.83783783784
TGCCGAGTCCCTA,1,Type1,3487.48571428571,590.585714285714
CTAGGCGTCCAGC,3,Type4,2314.11042944785,995.773006134969
CTTCTATCTTTCA,4,Type7,5485.82692307692,3414.99038461538
AACAGCTCTTGAC,1,Type7,3508.72185430464,1145.67549668874
CATCCGTAGGAGT,0,Type1,1651.38095238095,3578.66666666667
AGGAGCTCTTGAG,0,Type1,3133.23188405797,5309.82608695652
TAGTATTGAATCG,1,Type6,3448.90972222222,2066.74305555556
CGCTGCTAGGCTA,3,Type3,3175.72727272727,1376.78409090909
TTTCGCACTTATT,4,Type2,3384.06145251397,4267.98882681564
CAACATACTTCGT,2,Type2,3014.05109489051,4840.10218978102
TAACTAATCCTAC,0,Type1,1665.96629213483,2441.38202247191
GTAACGATCCGCT,0,Type1,3905.39726027397,2770.2602739726
TCGACGATCCATC,0,Type1,4184.06640625,1756.7265625
AGTGATCAGGATT,1,Type1,2814.83898305085,2882.39830508475
CGCCATCTCCATT,0,Type1,3793.40606060606,2995.98181818182
AATGCGCTCCTAA,3,Type1,4277.05142857143,5332.15428571429
GTTATACTCCATG,0,Type1,2520.31343283582,3490.83582089552
CTTGTACAGGATC,4,Type7,1546.57894736842,2527.57894736842
GTAACGCAAATAT,0,Type1,4942.38181818182,2730.50909090909
ATAGATCAGGCGC,0,Type1,2506.11320754717,5075.05660377359
ACGGATCTCCCGC,2,Type1,1960.51376146789,4826.10091743119
AATGGCCTCCTAT,0,Type1,4161.9185520362,2907.29864253394
CCGAGCGCTTATT,2,Type1,2456.45161290323,5267.92741935484
GTTGATGAGGTAC,4,Type2,2841.26174496644,4587.01342281879
GTCTGCGCTTCGA,0,Type1,4463.95384615385,3198.11282051282
CTATTAGCTTCGC,4,Type2,1129.55445544554,3613.46534653465
AACCGCTCTTGCC,0,Type1,4182.49425287356,1790.70574712644
AACAATTAAAATT,2,Type2,2145.61290322581,3713.54838709677
AGTCTATAGGGCC,0,Type1,4910.12878787879,3898.25
GTATCGTTCCGCA,0,Type1,4785.26515151515,3367.07575757576
GACGCGTCTTATG,0,Type1,2522.3642384106,5395.45033112583
ATAATATCTTTAC,3,Type3,1306.52808988764,4695.75280898876
GCATGCTAGGATG,0,Type1,4782.12682926829,3597.50243902439
GATCATTTCCATC,0,Type1,4709.01526717557,3192.89312977099
CAGAGCTGAAATC,0,Type1,3706.79508196721,1670.5737704918
ATTTTATCTTTAG,4,Type2,2785.68553459119,5534.96226415094
GCCCGCTCTTCGA,4,Type7,4351.29285714286,3479.62857142857
GAGTTATAAATAG,0,Type1,5127.87628865979,3846.49484536082
TAACTTAGACGGT,1,Type1,1367.22222222222,3458.2380952381
GTGGAAATCACCT,1,Type6,2692.94736842105,4864.59210526316
CTATTTACTGGGC,0,Type1,3673.43262411348,4481.25531914894
TAGCTTCCTGGGG,1,Type6,1441.27419354839,3523.16129032258
CACATTCTCATTT,0,Type1,4123.26845637584,1304.24161073826
GCCATTCTCAAAG,0,Type1,3797.62777777778,5555.50555555556
TAGCCCCGACGGA,0,Type1,4104.75486381323,1271.5486381323
ACAAAACAGTAAT,0,Type1,3847.59872611465,4144.73248407643
TTTTGGCTCACCG,1,Type11,2510.65317919075,776.942196531792
TAAAGGGAGTGGG,0,Type1,3417.01449275362,4005.7922705314
TAGACCGCTGAAC,3,Type1,2648.25225225225,4168.4954954955
GGGGAAGGACGGA,0,Type1,1188.29411764706,3769.45098039216
TCCTAAGGACGGA,4,Type7,3803.06086956522,702.278260869565
AAGTGGGCTGCCT,3,Type8,2257.45669291339,1342.67716535433
AGATTTGCTGCCT,0,Type1,1450.984,3645.776
GGGGGGGGACTTA,2,Type1,2591.44311377246,5195.30538922156
ATGTTTGGACGGC,0,Type1,1188.24647887324,3498.7323943662
ACGGAAGGACGGC,0,Type1,4734.97540983607,2110.72131147541
GGTCCCTGACAAA,5,Type2,3141.9875,2032.38125
TCGTCCTGACTTT,2,Type1,1251.28965517241,3682.70344827586
CCATGGTTCAAAC,0,Type1,4338.20737327189,4967.40552995392
GGTACCTCTGCCA,0,Type1,4615.14634146341,3255.25203252033
ACCTTTTAGTGGT,0,Type1,1557.6384180791,4412.08474576271
TGCGGGTAGTAAC,0,Type1,3415.97368421053,566.131578947368
AGAACCTAGTCCT,4,Type2,3051.55,1467.01111111111
ACGAGGTGACGGC,0,Type1,2128.91338582677,3889.28346456693
GAGCTTAGACTGG,2,Type4,4960.37142857143,3786.94285714286
CCAAAAATCAGTG,0,Type1,2296.94086021505,1512.29569892473
ATGACCACTGCAG,1,Type1,2205.89795918367,2042.90816326531
ACGACCACTGTGA,1,Type6,2937.078125,2789.203125
AACCTTAGACCAG,0,Type1,4137.79268292683,4870.58536585366
GATGTTAGACCAG,0,Type1,5215.50925925926,3291.59259259259
TCGGCCATCATGA,0,Type1,4159.98648648649,3192.46846846847
ACGGTTAAGTCAT,3,Type4,2441.18487394958,4995.26890756303
GACGTTAGACTGC,0,Type1,3854.81081081081,4888.31081081081
CCATTTATCACAT,2,Type10,1304.07894736842,3141.79824561404
TCACGGCTCAACC,0,Type1,5071.85945945946,4110.52432432432
TGCATTCGACTGG,3,Type7,5225.45871559633,2758.45871559633
GACGTTCAGTGTG,0,Type1,5255.23529411765,3569.51633986928
AGGCTTCTCATGT,2,Type7,1464.76063829787,4803.45744680851
ACAATTCTCAGTG,0,Type1,2497.67826086957,5350.73913043478
GCTCTTCGACGTG,3,Type1,4148.19594594595,4882.06081081081
GATAGGGGACTGT,5,Type1,2492.53237410072,706.68345323741
AGGAAAGTCATGT,3,Type7,2135.32446808511,4574.59042553191
GCAGAAGAGTACT,4,Type2,3731.2,4815.83846153846
CATTAAGAGTACT,3,Type4,1785.0,994.797619047619
GAAGAAGCTGACT,2,Type1,4554.34057971015,2776.55072463768
AGCTCCGTCAGTA,0,Type1,2443.76785714286,4376.73214285714
GTTAAATTCAACC,0,Type1,3373.01986754967,3794.43708609272
GTGGCCTGACACN,4,Type2,2852.06666666667,4573.94285714286
AGCGTTTGACGTT,0,Type1,3885.21195652174,4192.09239130435
ACGGGGTCTGGTT,1,Type4,3713.03488372093,4032.25
TGCTGGTCTGTGG,3,Type3,2555.56172839506,5553.53086419753
AGATCTTCTGGTG,4,Type2,2397.0,5380.56363636364
GTTCAATAGTACA,4,Type2,5129.04761904762,4341.79761904762
GCACTTTGACGTC,3,Type1,3924.88888888889,3082.59829059829
TAAAGATCTGTGA,4,Type2,3945.51851851852,998.592592592593
ATAATTTTCAACG,2,Type1,4448.83408071749,3181.17937219731
AAGGCCTGACCAT,0,Type1,4798.67549668874,3234.09271523179
TTTTGATCTGCAT,0,Type1,3861.26744186047,1275.94186046512
ATTGCCAAGTTCC,0,Type1,1192.17346938776,3559.12244897959
GTACTTACTGCTT,4,Type2,2810.63636363636,5558.93939393939
GAATGGAGACAGT,1,Type1,3756.09615384615,3577.09134615385
AAGATTATCATCA,0,Type1,2025.17032967033,875.076923076923
CCCACCAGACTCG,4,Type2,5483.59154929577,3426.56338028169
ACATGGCGACAGG,0,Type1,5483.4748603352,3661.01675977654
GCACGGCAGTAGT,3,Type7,2371.98591549296,4948.49295774648
GAAAGGCTCAAGT,3,Type7,2057.94520547945,928.205479452055
CTCCCCCGACAGT,5,Type4,1600.7397260274,1195.16438356164
AGAGAACAGTAGA,0,Type1,3325.43298969072,729.128865979381
CGGTCCCTCAAGA,4,Type7,2487.35433070866,4953.65354330709
CGCATTCGACTCT,2,Type7,4884.19512195122,4591.60162601626
TATGTTCAGTAGC,0,Type1,4769.24719101124,2353.05056179775
CGGCGGGCTGAGG,3,Type4,2787.08759124088,1334.14598540146
ATGGTTGCTGTCA,0,Type1,3405.52941176471,578.126050420168
CGCCTTGCTGCTG,0,Type1,4882.47204968944,3550.31055900621
TGTACCGCTGTCG,0,Type1,4010.28762541806,2904.00334448161
GGATTTTAGTAGG,1,Type11,1654.6511627907,1143.11627906977
AGCCGGTCTGCTG,4,Type2,2383.17857142857,4407.32142857143
GACGTTTGACTCT,0,Type1,3966.02259887006,2056.80790960452
TATCCCTGACTCT,1,Type4,3795.76470588235,3539.80147058824
CATACCTACAAGA,0,Type1,1659.71428571429,3683.38961038961
TACGCCTCTGCTA,0,Type1,1394.45454545455,4501.20979020979
AACCCCAGACGCC,0,Type1,2802.48818897638,888.803149606299
AGTGCCAGACATT,3,Type1,4806.07643312102,2159.8152866242
ATAAAAAGACCGT,3,Type1,4680.92631578947,1876.98947368421
GATGAAAGACCGT,1,Type6,2549.072,1346.8
CGTCAAACTGATC,0,Type1,4779.1768707483,2081.85034013605
ACGTGGAGACCGA,3,Type4,2919.32748538012,1001.27485380117
TGGGAAAGACATA,1,Type6,1727.14655172414,2354.44827586207
TCCGTTCTCAGCC,3,Type4,1614.07189542484,1161.2091503268
ATGGCCCTCATAA,0,Type1,3702.51162790698,4474.66279069767
ATCTTTCGACATG,3,Type1,3798.78333333333,3687.54166666667
GGGGGGCAGTATC,0,Type1,2313.24083769633,3786.03141361257
GCGCTTCGTGTAG,3,Type1,3737.17592592593,4518.03703703704
GGTGCCGGACTAA,0,Type1,1617.33840304183,4410.60076045627
CGTTAAGCTGATT,4,Type2,2824.95172413793,4552.44137931034
CCCACCGCTGTAC,1,Type1,2409.52991452991,966.316239316239
CTGCTTGCTGCGT,2,Type4,2859.55652173913,1113.18260869565
TGCGAAGCTGTAC,3,Type7,2019.66666666667,918.722222222222
GCGACCGTCAATC,0,Type1,4220.152,5248.024
TTTATTGCTGATC,1,Type1,4954.62992125984,3032.36220472441
TCATAAGCTGATC,3,Type1,2955.23222748815,4269.13744075829
TTTGTTGGACATA,0,Type1,3797.99295774648,1801.7676056338
ACCATTGGACCGC,3,Type7,1504.92307692308,2404.26923076923
CACAAAGCTGATA,1,Type1,1917.22164948454,947.644329896907
CAATGGTGACTAA,0,Type1,1650.25,4646.61585365854
GCCGCCTCTGTAA,2,Type1,4146.61607142857,1725.25
AAGCGGTCTGCGG,3,Type11,3916.40163934426,731.983606557377
CCTGAATGACCGT,0,Type1,4940.79230769231,2977.73076923077
GTGTAATCTGATG,0,Type1,2761.69672131148,4528.33606557377
CCTGTTTCTGGCA,1,Type1,3272.624,558.136
AACATTTTCACGA,0,Type1,5091.49418604651,3888.76162790698
TACTAATCTGTAG,4,Type2,4329.39890710383,3483.24590163934
CTGCAATCTGGCT,0,Type1,3820.25675675676,3691.7972972973
TTCTGGTCTGTAG,3,Type8,2249.75,1406.14830508475
CCCCCCTAGTATC,0,Type1,2993.40540540541,1531.51351351351
CAGATTTTCAATA,1,Type1,3838.18699186992,1349.08943089431
CTATTTTCTGCGC,2,Type7,3652.03821656051,1043.20382165605
GGCTTTTAGTGCG,0,Type1,2603.0752688172,4907.60215053763
CTCCGTAGACGGG,3,Type1,1857.22608695652,1785.0
GCCGCAACTGTTG,1,Type6,2826.42105263158,3041.50877192982
CCTAGTAAGTTTC,0,Type4,3404.18691588785,4037.92523364486
ATGAACAGACCCT,4,Type2,2952.72388059702,4738.03731343284
TCCGCAATCACCT,3,Type1,2517.83928571429,1307.60714285714
GCTCGTATCAGGC,3,Type3,2003.21100917431,3117.99082568807
TTGTACCAGTAAA,3,Type4,2985.7619047619,1058.25396825397
TACAGTCTCAAAA,0,Type1,3575.30348258706,4082.54726368159
CTAGCACTCAAAA,0,Type1,4223.97122302158,5099.68345323741
TTCTCACGACAAC,0,Type1,2693.19209039548,5074.40677966102
TCAATGCAGTTTC,1,Type6,3825.84586466165,2459.84586466165
GCCGTGCTCATTC,1,Type1,3720.94527363184,1812.71144278607
TTGATGCGACTTC,4,Type2,3990.04968944099,4366.65217391304
AAGCTGCGACCCT,1,Type1,4831.37804878049,2570.62195121951
TATTTGCGACTTA,0,Type1,4432.25531914894,1681.84397163121
TGATCAGCTGGGG,0,Type1,2705.28217821782,4715.27722772277
CTCCGTGTCAGGT,3,Type7,1909.66242038217,3590.94267515924
GAGAGTGGACAAG,1,Type1,2574.21621621622,742.621621621622
TATTACGGACGGA,0,Type1,3101.66225165563,5262.69536423841
TACCACGCTGGGA,1,Type6,3163.91907514451,3338.16184971098
CCTCACGTCAAAT,0,Type1,3527.76328502415,4076.11111111111
TGGGGTGCTGCCG,3,Type7,1128.46428571429,4094.88392857143
TAAACAGCTGTTA,0,Type1,4765.83259911894,3547.8281938326
GAATCATTCAGGG,1,Type1,4468.40804597701,2540.37931034483
CGTGGTTGACCCC,0,Type1,3793.58904109589,4001.53424657534
CCCTGTTAGTCCC,5,Type4,1786.859375,4606.53125
TAACACTTCAGGT,2,Type7,2332.80519480519,4784.21212121212
GCCATGTTCAAAC,1,Type7,2027.28431372549,1058.3431372549
CGACACTGACTTG,1,Type6,2763.34640522876,5150.9477124183
AACGACTGACTTG,3,Type2,2510.05369127517,5522.48322147651
CGTGACTCTGGGT,0,Type1,3544.56692913386,1165.57480314961
ATGTACTAGTTTG,2,Type7,2985.37172774869,1368.12041884817
AAGTGTTAGTGGT,0,Type1,4032.14193548387,2971.30967741936
CCGTCATAGTAAG,0,Type1,1423.1125,3437.1
GTACACTGACAAN,0,Type1,4254.83333333333,3163.62037037037
TCCTACTCTGGGC,1,Type1,3843.38709677419,1147.35483870968
TTCATGAGACGTT,1,Type1,4952.52380952381,2768.08333333333
AGGACAACTGTGT,2,Type1,5267.47282608696,4290.24456521739
AGGAACAGACACA,3,Type7,2375.43243243243,5146.56756756757
ACAGTGATCAACA,5,Type4,4482.09523809524,1702.69841269841
TGAGACACTGGTC,3,Type7,2797.89655172414,1360.56896551724
TGGTCAATCAGTC,0,Type1,4720.41807909605,3399.01129943503
ATGTCAAAGTTGC,2,Type2,5328.64492753623,2942.48188405797
CCGGACATCAACG,0,Type1,1571.59154929577,2269.69014084507
CCAATGCTCAGTT,0,Type1,2873.68292682927,4959.23344947735
TACAGTCTCAGTT,0,Type1,4320.5,3097.03012048193
ACCGCACAGTGTG,5,Type1,1554.30882352941,3431.44117647059
CGCACACAGTGTG,4,Type1,2750.37714285714,5522.08
TCTGCACTCAGTG,0,Type1,2058.02525252525,3973.67676767677
AAATACCGACTGT,6,Type1,3929.12096774194,2755.25806451613
AGAATGCGACTGT,0,Type1,4251.54545454546,2913.06818181818
CCGGACCCTGGTC,0,Type1,3946.02857142857,1428.97142857143
CTGTTGCTCAACT,3,Type2,2846.98958333333,3783.5
ACTTTGCAGTTGC,0,Type1,2620.49006622517,4849.8940397351
GCTCGTGAGTGTT,0,Type1,4176.3355704698,5340.0
CCAAGTGGACTAC,0,Type1,4670.95652173913,2390.52173913044
GCCGTGGAGTTGT,4,Type2,1318.36697247706,3250.77981651376
ACACTGGAGTCAC,0,Type1,5298.43076923077,3481.93076923077
GATCACGAGTCAC,1,Type1,2795.1214953271,1081.70093457944
ATATCAGCTGACA,3,Type7,5051.92488262911,4371.0
ATAAACGCTGGTC,0,Type1,1290.81343283582,3331.94776119403
ATTGACGAGTACG,1,Type4,3177.18421052632,2077.74342105263
CTGGCAGAGTACG,0,Type1,3096.18604651163,3529.22325581395
AGTCGTGAGTCAT,0,Type1,5162.91071428571,4022.44642857143
TGCGACGCTGGTA,0,Type1,1679.77586206897,3539.05172413793
AGCCGTTTCAACA,0,Type1,2958.3671875,5268.9921875
CCCATGTGACGTG,0,Type1,3889.65079365079,2728.66666666667
AGACGTTCTGACA,0,Type1,1581.88709677419,2417.25806451613
ATAAACTCTGACA,0,Type1,5226.63333333333,4149.30833333333
CCGCACTCTGCAC,0,Type1,3101.64552238806,3497.60820895522
GATTACTAGTGTG,1,Type6,2633.68944099379,2474.37267080745
GGCATGTAGTCAC,0,Type1,1877.78947368421,4952.43859649123
GGGGTGTTCAGTC,0,Type1,4503.16299559471,3079.76651982379
CACGGTTCTGACT,0,Type1,2251.04098360656,3906.96721311475
TGATTGTCTGCAG,1,Type1,2400.86324786325,1337.4358974359
CGCATGTAGTGTC,2,Type1,1702.58235294118,4733.48823529412
GGTGACTAGTACG,0,Type1,4714.65789473684,2124.39473684211
TCAGTGTAGTGTA,1,Type6,2508.92592592593,1920.64197530864
CACCACAGACCTT,0,Type1,3502.51685393258,1804.83146067416
GGGGTGAGACAGT,0,Type1,2568.67469879518,4185.37951807229
GAGTGTAAGTAGC,1,Type6,2169.1875,2147.5125
TGCAACAGACTCG,1,Type1,4512.02994011976,2913.8622754491
TTACGTAGACTCG,3,Type7,2351.26984126984,5114.14285714286
CACCCACAGTAGG,4,Type2,2466.88957055215,4981.23312883436
TGAAACCTCACTT,2,Type1,2632.39252336449,1297.28971962617
CCTAACCAGTCTG,0,Type1,3933.65942028986,4366.08695652174
TTTGACCGACTCT,0,Type1,4654.79245283019,3691.11320754717
GAGTGTCTCAAGC,1,Type6,2806.76729559748,800.723270440252
TGCAGTCTCAAGC,1,Type1,2498.76447876448,1453.02702702703
AATTTGCGACCTA,0,Type1,3928.51219512195,1114.73170731707
AAGACAGCTGTCA,2,Type1,3330.09375,576.39375
GAGTCAGTCAAGA,3,Type1,1227.81176470588,3400.48235294118
TCCTGTGAGTCTC,0,Type1,4995.7109375,2844.3046875
ATCGCATGACAGG,2,Type11,3044.96575342466,4310.28767123288
CACACATGACAGT,0,Type1,2473.6568627451,5334.5
CTATGTTGACGAC,2,Type2,3558.42446043165,4572.46762589928
CCCAGTTGACTCT,0,Type1,3096.60526315789,5111.69298245614
ATCCACTGCATCT,0,Type1,3588.25,4298.98275862069
TACCTGTCTGGAG,1,Type6,4317.38222222222,2074.94222222222
GCCGACTAGACTC,4,Type1,4247.7652173913,3377.2
GGGAGTTAGTTCG,0,Type1,2471.57777777778,5233.47777777778
ATCTCAAAGTTAA,2,Type7,2864.84905660377,1460.43396226415
CCTCGTAGACTAA,4,Type2,4502.45205479452,3759.69863013699
ACGGACACTGATG,1,Type1,2787.94696969697,980.80303030303
GAGTACAGACGCA,4,Type2,1931.28181818182,3651.39090909091
GTGTACATCATAC,0,Type1,5177.84713375796,4215.41401273885
GGCGTGAAGTATC,0,Type1,5079.55681818182,3688.28409090909
CTTCACAGACGCT,4,Type7,1278.4375,3234.8375
GTCGCAAGACGCT,0,Type1,2744.92741935484,4567.74193548387
ATTCGTATCAATC,0,Type1,2595.78947368421,4739.67543859649
TGTTGTAAGTATA,3,Type7,3025.62376237624,4926.64356435644
GTTGACACTGTAT,4,Type2,2135.28205128205,4547.62820512821
GCATGTAGACTAT,2,Type2,3238.14649681529,1055.26751592357
TCGAGTATCAGCG,0,Type1,4935.74025974026,3529.66233766234
AAAAGTCAGTCGG,0,Type1,1347.3515625,3587.890625
GCGCCACAGTATT,4,Type2,3848.73846153846,3406.78974358974
AGCACACTCATAA,3,Type1,3522.74301675978,4353.98882681564
AGTGACCTCAGCA,0,Type1,2041.24886877828,2372.87330316742
GCCCACCTCAATC,1,Type6,4020.80124223602,2335.50310559006
TCACTGCGACGCT,0,Type1,3719.93939393939,4257.0303030303
TCGTCACTCAGCG,1,Type1,1860.34482758621,4433.67816091954
TCGGGTGTCATAA,0,Type1,3812.8198757764,3158.73913043478
GCGAGAGTCAGCC,0,Type1,4597.1171875,1909.6328125
AGAGCAGCTGATT,5,Type3,2036.9649122807,1304.98245614035
ACTCCAGAGTTAC,1,Type6,2945.98507462687,2449.10447761194
GAAGGTGCTGCGT,0,Type1,4534.20418848168,2956.98429319372
TCTCACGCTGCGC,0,Type1,2539.0625,5058.01875
GAGCACGCTGTAT,2,Type4,4728.53367875648,1843.46632124352
GAGAACTCTGTAA,0,Type1,4694.98765432099,3220.60493827161
GGCCACTCTGCGG,0,Type1,2835.80263157895,5004.26973684211
GCCCACTTCATAC,3,Type11,4230.74796747968,4197.17073170732
ATGGACTTCATAC,2,Type2,3553.42753623188,1074.39855072464
CCTATGTTCAGCT,0,Type1,2808.67256637168,5374.19469026549
CTTGACTAGTATC,2,Type7,5012.25984251968,4185.52755905512
CGTAACTAGTATC,5,Type4,2670.46666666667,2435.77333333333
GCGGCATGACCGC,0,Type1,1983.10526315789,4588.63157894737
CGATGAAGACCCA,0,Type1,3126.27927927928,5228.6036036036
CTGCAGATCAGGT,2,Type1,1829.2,1450.57647058824
GAGCTCATCAGGT,2,Type7,4717.30687830688,4031.55555555556
CAAATCAGACTTC,0,Type1,4932.99152542373,3665.84745762712
TGTGCTAGACGGA,5,Type4,3122.14754098361,1954.80327868852
TACTAGACTGAAT,0,Type1,3099.87254901961,5076.49019607843
TGGCTCCAGTAAA,0,Type1,3909.32,2727.38666666667
TCGAAGCTCACCC,0,Type1,4360.62275449102,3427.62874251497
GGATCTCAGTGGT,4,Type2,1956.03424657534,3727.06849315068
GTCAAGCGACAAC,0,Type1,3782.96153846154,3833.71153846154
TGATAGCTCACCT,0,Type1,3464.44680851064,4019.09219858156
GGTCGACGACAAG,2,Type1,1852.91791044776,4852.84328358209
GTCCTCCGACGGA,4,Type1,3265.35915492958,5275.81690140845
GTGGCTGTCAGGG,0,Type1,4855.72872340426,3459.87234042553
TTGCGAGAGTGGG,5,Type4,3000.10714285714,2132.85714285714
ATTGCTGCTGGGG,4,Type1,1192.8064516129,3411.27419354839
CCTGGAGCTGGGG,0,Type1,5362.4358974359,3434.46153846154
GGCGTCGCTGTTT,0,Type1,2553.81944444444,5219.08333333333
GTTCTCGAGACCA,0,Type1,4559.61904761905,2022.77380952381
GGACCTGGACCCT,0,Type1,3251.09285714286,5507.95714285714
GTTCAGGGACAAT,0,Type1,4079.23493975904,5186.89759036145
GGCCAGGCTGTTA,4,Type7,3433.97777777778,4287.97037037037
ACTGTCGCTGCCG,1,Type8,2324.90909090909,2159.34545454545
ATGCAGTTCAAAA,3,Type4,2169.55405405405,1338.25
GCTATCTGACCCC,0,Type1,1833.63793103448,4747.96551724138
GGCCCTTCTGTCC,4,Type2,2801.85714285714,1490.60714285714
CTCCCTTTCAAAN,4,Type1,3447.49090909091,1173.56363636364
CCAATCTGACGGT,0,Type1,1835.22608695652,4661.4347826087
AGCACTTCTGAAC,0,Type1,1229.69696969697,3382.93939393939
TAGCAGTTCACCT,3,Type1,3901.52631578947,726.652631578947
GGCTAGTTCAAAG,0,Type1,2362.71428571429,4269.43697478992
CACGAGTGACAAG,5,Type3,3552.19266055046,3826.02752293578
GCTGAGTCTGCCT,4,Type2,4477.74634146341,3733.98536585366
AGATCTTAGTAAG,0,Type1,5282.38461538462,4166.30769230769
GTATGATTCACCG,0,Type1,5200.61739130435,3746.26956521739
TGGGAGTCTGCCG,3,Type1,3868.8389261745,3274.04697986577
GCAATCAAGTCAA,1,Type4,2264.48255813953,1807.23255813953
GGCAGAAAGTGTT,6,Type4,4239.30909090909,2778.87272727273
TATGTCACTGTGG,1,Type1,1813.91818181818,2435.79090909091
CGGCGAATCAGTT,0,Type1,5303.24742268041,3965.05154639175
GAACTCATCAACA,0,Type1,4290.9880952381,5104.9880952381
GCTCGAAGACCAG,3,Type1,3049.95294117647,4993.70588235294
ATTAGAACTGTGC,0,Type1,2465.13580246914,2504.08641975309
ACCATCCTCAACC,0,Type1,5142.90510948905,3047.69343065693
TTGATCCTCAGTT,2,Type4,1887.60355029586,3482.31952662722
TATGTCCAGTCAC,0,Type1,2587.17021276596,4757.58510638298
TCTGCTCGACACT,1,Type6,3690.50769230769,3659.75384615385
GGGTGACTCAGTA,1,Type6,2023.60504201681,1556.02521008403
AGGTGAGCTGACC,0,Type1,4299.8938547486,3227.44134078212
AATCAGGCTGCAA,0,Type1,3537.14285714286,639.071428571429
ACGCTCGCTGGTG,0,Type1,1768.3125,3529.9375
ATATCTGCTGTGT,0,Type1,4549.05109489051,1834.1897810219
CCCAGAGCTGACT,5,Type4,2643.8,2311.86486486487
AGAGAGGCTGACT,3,Type1,5071.70918367347,4054.57653061224
TCGGAGGCTGACT,1,Type9,2413.784,1762.48
AGGGTCGCTGCAT,3,Type9,1755.92715231788,2121.17880794702
GTTCTCGCTGACG,0,Type1,4803.69158878505,2208.4953271028
CCTTCTGCTGGTA,2,Type1,3831.24427480916,1377.80152671756
GCGAAGGCTGTGC,3,Type1,3905.11363636364,4108.01704545455
TAATTCTTCACAA,0,Type1,1596.23308270677,4627.87969924812
CTGAGATGACGTT,0,Type1,4159.81443298969,4994.47422680412
GACTAGTCTGGTT,0,Type1,3636.92307692308,616.25641025641
GTCTAGTCTGCAA,2,Type1,4813.57894736842,2720.09356725146
GTGTTCTTCAGTG,0,Type1,3870.63636363636,2776.44242424242
AAATAGTGACTGT,0,Type1,2917.62921348315,3633.2808988764
CGCATCTGACCAC,0,Type1,2463.14457831325,5384.97590361446
AGGTAGTTCAGTC,0,Type1,5121.88518518519,3190.61111111111
CGGCTCTTCAGTC,0,Type1,3538.08558558559,1840.4954954955
GCGGAGTTCATGC,4,Type7,3315.41481481481,3706.19259259259
GGGGTCTAGTCAT,0,Type1,4911.68811881188,2363.76732673267
TCACCTTAGTGTA,0,Type1,3489.63095238095,1192.21428571429
ATGTAGTAGTCAT,0,Type1,1458.47058823529,3522.81512605042
GTCCTCTAGTACG,4,Type1,3809.50314465409,3491.89308176101
GCGTCTAGACCTT,3,Type4,4003.25352112676,3632.83802816901
AGAGCTATCACTT,0,Type1,5446.42962962963,4196.05925925926
AATATCAAGTTCT,0,Type1,4350.5046728972,1598.43925233645
CTTCTCACTGTCG,4,Type2,3819.06976744186,5085.24418604651
CTCCCTGCTGTCA,0,Type1,3812.25161290323,4623.98064516129
CCGGTCGGACCTC,3,Type4,3486.14035087719,1126.05263157895
TGTCGAGGACCTA,0,Type1,4169.9880952381,5375.64285714286
TGGACTTCTGTCN,0,Type1,3496.7397260274,3991.62328767123
GGCATCTCTGCTC,1,Type1,2806.91240875912,5323.46715328467
TCCGGATAGTTCT,3,Type2,3365.10759493671,887.145569620253
ATGACTTTCATCG,0,Type1,2757.62420382166,662.229299363057
GACGGATGACAGC,2,Type7,1741.75384615385,1984.55384615385
AGATCTTGACCTA,0,Type1,3375.45535714286,3623.09821428571
AATGAGTCTGAGC,3,Type2,2292.82857142857,4892.16190476191
GGAGAGACTGGCC,4,Type2,3874.8,3819.44615384615
TCACTCATCATAA,0,Type4,2789.07518796992,1662.25563909774
GTTTAGAAGTTAC,0,Type1,3526.408,4236.04
CCGGCTAAGTTAC,0,Type1,2639.39325842697,4463.09550561798
GCCACTAGACCGT,3,Type1,2737.55747126437,4414.20689655172
GTCATCAGACTAC,0,Type1,4327.89285714286,5012.65178571429
AACATCAGACATC,0,Type1,1707.41666666667,3667.65
TGCATCAGACCGA,1,Type1,2537.94117647059,622.191176470588
GGCTCTAGACGCT,0,Type1,2570.11805555556,5153.5625
GAGGTCAGACTAT,1,Type1,3869.14141414141,1334.17171717172
GTAGCTAGACTAT,5,Type4,2899.71957671958,1899.1746031746
TCAACTATCAATA,4,Type7,1428.27272727273,4599.74331550802
CGACTCCAGTATT,1,Type6,4027.46428571429,2492.29081632653
CTAGAGCAGTGCC,0,Type1,3277.35483870968,5444.62903225806
CGACAGCTCATAA,4,Type7,1653.54368932039,3280.67961165049
ACACCTCGACATC,2,Type1,4189.16831683168,2680.93069306931
CCAGGACGACCGC,3,Type4,3328.05555555556,5094.53703703704
TAGTTCGGACGCC,0,Type1,5088.48333333333,4111.125
AAGATCGGACTAA,4,Type2,4414.9,3664.64615384615
AGTCCTGCTGGCC,0,Type1,1481.67272727273,3391.01818181818
GAGGGAGGACCGT,0,Type1,3449.01818181818,1802.87272727273
ATCGAGGGACATG,1,Type4,3283.75490196078,1891.66176470588
CTGGAGGCTGGCT,3,Type7,3390.06993006993,4296.08391608392
GCATTCGCTGGCT,0,Type1,4850.34262948207,3575.80876494024
ATGACTGTCACGC,1,Type1,2546.28275862069,706.579310344828
GGCATCGTCACGC,0,Type1,5178.94011976048,3712.49700598802
ACAGCTTGACTAA,1,Type1,3319.19672131148,671.934426229508
TAGCAGTCTGGCC,0,Type1,1475.18055555556,4504.08333333333
GGTTTCTTCAGCT,0,Type1,2572.05555555556,4700.62962962963
GTCAAGTGACTAG,0,Type1,4887.94827586207,2616.84482758621
CTATTCTCTGGCT,0,Type1,5281.63636363636,3482.90909090909
TAGGGATAGTATC,1,Type6,2703.675,2948.975
GTACCTTTCATAT,1,Type6,3498.34975369458,3464.85221674877
TGAAAGTGACTAT,1,Type1,2620.50657894737,1092.08552631579
GAATCTTCTGCGC,0,Type8,2843.88636363636,757.965909090909
GTTGAGTAGTATA,0,Type1,4014.81896551724,1596.18965517241
GCCAATACTGGGT,4,Type2,1737.51351351351,2586.43243243243
AATGATAGACTTG,5,Type1,5157.24107142857,2861.4375
TTGGGCAGACCCT,0,Type1,1536.99337748344,4311.85430463576
GCATCGAGACGGA,0,Type1,1850.15533980583,2318.30097087379
CAATATATCAAAG,1,Type6,2349.59595959596,4255.54545454546
CAGCATAGACTTA,0,Type1,5387.38815789474,3994.54605263158
GCAGGCCAGTGGG,0,Type1,4080.015625,1254.0
AAGCGCCTCACCC,5,Type4,2468.47260273973,2259.6095890411
GAGGCGCAGTGGC,2,Type7,4561.9696969697,5448.47474747475
GGTGATCTCACCG,3,Type7,5053.30630630631,4135.79279279279
TTATCGGGACGGG,3,Type1,5443.2,3978.68695652174
CTTCCGGGACAAC,3,Type7,1302.203125,4448.8125
CGATATGGACTTG,0,Type1,4625.55151515152,3409.0303030303
CTTCGCGAGTGGT,0,Type1,5076.07236842105,3154.69736842105
GTTCGCGGACTTC,0,Type1,5062.97802197802,2812.06593406593
CTGCGCGAGTTTC,0,Type1,1707.11682242991,3579.61682242991
TTATGCGCTGCCT,3,Type8,2643.38829787234,3949.77127659574
CTCGGAGGACGGC,1,Type1,1969.38947368421,877.673684210526
CGGCGCGCTGGGC,1,Type2,4071.32446808511,3007.93617021277
TACCCGTAACAAA,4,Type2,1286.56435643564,3267.34653465347
CGCGATTAGTTTT,0,Type1,4300.21935483871,1658.50967741935
TCACGCTAGTAAC,2,Type1,4594.23232323232,1967.87878787879
CGTGATTTCAAAG,4,Type7,4536.06115107914,3803.24100719424
CTATCGTTCACCT,3,Type4,2915.32258064516,2384.72903225806
CAATATTCTGTTC,4,Type2,2872.86919831224,4609.9029535865
TTGAGCTCTGTTC,0,Type1,3798.49720670391,3439.19553072626
CGCCATTAGTGGA,0,Type1,5186.09558823529,4027.91176470588
TCATGCTAGTGGC,1,Type4,2463.82211538462,760.485576923077
CATAATACTGGTT,0,Type1,4606.93069306931,3700.71287128713
GAGCGCAGAGCAA,5,Type1,2879.77192982456,2121.87719298246
TAAGCGAAGTGTG,5,Type1,2685.50909090909,3157.65454545455
AGCCATAAGTCAC,6,Type1,2584.51741293532,5212.25373134328
AGATATATCATGT,3,Type3,2736.7619047619,2333.85714285714
TGCTTAATCAGTG,0,Type1,4902.39784946237,2716.03225806452
ACTGTAATCATGA,5,Type1,4708.98412698413,3371.38095238095
GCCAGCAAGTTGC,0,Type1,5356.42307692308,3402.60576923077
TAGAGCAGACGTA,1,Type1,3835.47738693467,4239.03015075377
GGCGGCAGACACG,0,Type1,1495.0303030303,4468.26262626263
ATTCATCAGTCAA,0,Type1,1319.61797752809,4360.98876404494
AAGCGCCGACTGT,1,Type1,3410.87162162162,1702.93243243243
TAAACGCTCAACT,0,Type1,4540.75625,3019.00625
CTATGCCGACGTC,3,Type1,2781.43333333333,962.555555555556
TACCGACAGTACG,0,Type1,3477.93959731544,4147.08053691275
CTAGCGCAGTTGC,0,Type1,2712.81538461538,3143.51538461538
TGCGCGCTCACAT,0,Type1,2692.51282051282,1595.87179487179
TAAGGCGTCACAA,0,Type1,4758.03614457831,3697.64457831325
TCCCATGTCAACA,4,Type2,5489.01219512195,3454.40853658537
AACGATGTCAGTG,1,Type1,2766.22222222222,4819.89814814815
CGACATGCTGCAG,0,Type1,1682.02941176471,4194.98529411765
GTAGCGGCTGTGA,5,Type4,2485.23846153846,2319.57692307692
CATCGCGCTGCAG,2,Type4,1680.5390625,1424.7265625
GCACCGGGACGTA,0,Type1,3979.43386243386,4788.47619047619
TACTGCGAGTGTA,0,Type1,1962.76315789474,1371.82456140351
TAAGGCTTCAACC,0,Type1,4623.875,2665.5119047619
CAACGCTGACGTT,4,Type2,3605.5223880597,4586.37313432836
TTTAATTCTGGTT,4,Type7,3331.95027624309,3887.12154696133
ATCTGCTCTGGTT,0,Type1,2752.28323699422,4713.54913294798
CCGCCGTGACACA,1,Type6,4051.37,3216.26
TTAATATCTGACA,2,Type1,4070.80508474576,1698.17796610169
ATGCATTTCAACT,5,Type1,2263.01145038168,2502.70610687023
AGCAATTCTGGTC,3,Type2,4283.13861386139,4852.41584158416
CCGCTATCTGGTC,0,Type1,3134.41592920354,835.646017699115
TGCCGATAGTGTC,1,Type6,3321.01904761905,607.657142857143
TAAAATTCTGGTA,4,Type1,4495.35779816514,3646.38532110092
CTAGTATCTGACG,1,Type6,2544.94152046784,3610.29824561404
ACCGCGTAGTACG,1,Type1,3407.91860465116,1877.87790697674
GCGTGCAAGTTCC,0,Type1,2657.67479674797,4521.47154471545
GACCTAACTGCTT,4,Type2,2233.56349206349,3694.19047619048
GGGGATATCACTT,0,Type1,2045.90990990991,4546.63063063063
GTTGGCAAGTCTG,0,Type1,5388.06315789474,3609.43157894737
GTCGTAATCAAGT,2,Type8,1700.06349206349,1226.26984126984
GTGGATAAGTTCG,0,Type1,2886.40601503759,992.87969924812
TATTTAACTGTCG,0,Type1,2225.32352941176,2507.0
ATGATAAGACCTA,1,Type1,1985.74264705882,2440.88970588235
CTAACGCAGTAGT,4,Type2,4508.77142857143,3685.31428571429
AACCATCAGTCTC,3,Type11,2201.74712643678,5031.20689655172
AAGGATGGACAGG,4,Type2,4941.07936507936,2371.77777777778
CGCCGCGTCAAGG,0,Type1,1193.21212121212,3828.10606060606
TGTCTAGTCACTG,0,Type1,1492.41726618705,4279.10071942446
CAGACGGTCACTC,3,Type9,1670.97777777778,2114.4
GCAAGCGCTGCTC,0,Type1,2749.87878787879,4754.81818181818
TAGAGCGAGTAGC,0,Type1,2991.875,4959.98076923077
GTCGGCGAGTCTA,2,Type1,3815.45112781955,891.609022556391
TTTACGTGACCTT,3,Type7,3896.63366336634,3687.90099009901
CCATTATAGTCTT,0,Type6,4128.1067961165,1627.74757281553
CGAAGCTTCATCA,4,Type7,2484.31404958678,4905.96694214876
TATGTATGACGAN,1,Type6,1862.29126213592,1465.27184466019
TATCCGACTGCGG,0,Type1,2003.30081300813,3815.66666666667
AACGCGAGACGCC,0,Type1,1515.60465116279,2142.48837209302
TCGTGCATCACGG,3,Type1,2621.96610169492,4777.8813559322
CTCGTAAAGTATG,1,Type9,2375.76363636364,1166.03636363636
CTTGCGAGACTAT,0,Type1,2567.84666666667,2555.68666666667
TCTACGATCAGCG,1,Type6,3720.72619047619,1402.6369047619
ACGATACGACATT,1,Type1,1564.825,2133.525
TTATCGCGACTAA,0,Type1,3552.14130434783,4060.9347826087
CCCCTACTCACGT,1,Type1,2753.20437956204,840.416058394161
TTCACGCTCAATG,3,Type2,3634.71428571429,4604.50612244898
ATAAGACTCAATG,2,Type6,2809.72881355932,1406.1186440678
AGGTTACGACATC,0,Type1,1639.75151515152,4305.48484848485
GAGAGCCGACATC,1,Type6,1963.11688311688,4281.88311688312
TTTAATGTCATAA,5,Type1,2061.8527607362,1708.0981595092
TTTGATGTCACGG,1,Type8,3758.39473684211,1285.71052631579
TGCACGGGACATG,0,Type1,1300.875,3592.28947368421
CACCATGCTGCTG,1,Type1,2576.67763157895,4334.73684210526
AAGGATGGACGCG,4,Type2,1817.67647058824,3473.47794117647
TCACATGTCATAT,0,Type4,2587.11627906977,2577.28488372093
GATCATGAGTTAT,2,Type1,2331.57342657343,3212.13286713287
TCGAGCGAGTATA,0,Type1,5082.24827586207,4070.91034482759
GACCATGCTGTAT,1,Type4,3223.01149425287,2379.76436781609
ACATCGTTCACGG,0,Type1,2582.90769230769,5280.12307692308
AATATATGACATT,3,Type4,2544.39534883721,2362.94573643411
TCTGGCTCTCTAA,0,Type1,3181.66666666667,5177.66666666667
CCGAGCTAGTCGN,4,Type2,5307.01612903226,3028.65322580645
ACTAGCTGACTAC,1,Type11,3889.4328358209,910.059701492537
ATTAGATCTGTAC,3,Type7,5175.86904761905,2647.39285714286
TGCGATTAGTTAC,5,Type1,2782.77987421384,1991.51572327044
TCCTTATCTGTAG,0,Type1,2434.0,5291.97272727273
CTGCTATCTGTAG,0,Type1,5451.17605633803,3432.82394366197
CATCTATCTGTAG,4,Type2,5077.06535947712,4241.58169934641
TCACCGTGACTAT,0,Type1,3555.97297297297,659.162162162162
TGTCTATCTGCGC,4,Type3,1969.74117647059,2020.22352941176
AGAGTATCTGATA,0,Type1,4765.06790123457,3591.93827160494
GAAATTACTCGGG,0,Type1,3140.40594059406,5455.22772277228
GTGTAAACTCTTT,0,Type1,1537.66371681416,2263.90265486726
TCACGGAGAGCCC,2,Type8,3517.18367346939,1209.66326530612
GGTCTTAGAGCCA,0,Type1,2504.95698924731,5373.58064516129
CTAGCCATCTGTG,4,Type2,1539.44347826087,3252.46956521739
TAAATTACTCTTC,0,Type1,4595.84341637011,3167.06761565836
TACGTTACTCCCT,0,Type1,4607.75925925926,2184.85185185185
TATGGGACTCCCT,4,Type2,2684.92553191489,4216.91489361702
TGGAAAAGAGTTA,0,Type1,5334.44666666667,3422.55333333333
AGCGAAATCTGGC,0,Type1,4533.39583333333,3185.63541666667
TGACCCCAGAGGG,0,Type1,5434.24299065421,3567.83177570093
TGGATTCTCTCCA,5,Type4,3016.74524714829,2125.3536121673
CGCACCCTCTAAT,0,Type1,4336.08571428571,2784.4380952381
GATAAACGAGGGC,0,Type1,5351.95402298851,3588.71264367816
GTATCCCGAGAAT,0,Type1,4814.94059405941,2439.58415841584
CTCTGGGCTCGGG,1,Type9,1831.63888888889,2115.9880952381
TCGTGGGCTCGGG,1,Type1,2389.22058823529,1310.02941176471
TGCTCCGCTCAAN,0,Type1,4844.81538461538,2858.38461538462
TACCAATAGACCC,4,Type2,2028.06060606061,3715.4696969697
GTTACCTGAGCCA,0,Type1,2780.6231884058,3754.95652173913
ATCCGGTTCTTTC,3,Type7,4553.56785714286,3945.12142857143
ACGCGGTCTCAAG,4,Type2,2415.65,5453.51666666667
ATTCTTTTCTAAT,0,Type1,4693.50537634409,3294.11827956989
TGAGGGATCTGTT,0,Type1,1554.26470588235,4608.66666666667
AGAAAAACTCACT,4,Type2,3229.78,3581.75333333333
GCTAGGAGAGGTC,4,Type2,4019.74747474747,3219.85858585859
GCCTTTATCTGTC,5,Type4,2705.30952380952,1878.75
GACCGGATCTGTC,0,Type1,4358.35789473684,3117.85263157895
GTGAAAATCTCAT,0,Type1,4849.91891891892,2507.64414414414
TCATTTATCTTGC,0,Type1,3952.97368421053,4417.43157894737
AATCTTCCTCACA,5,Type4,2023.53846153846,1436.98076923077
GGTCGGCAGATGT,0,Type1,4288.62857142857,5288.67142857143
AGCCCCCAGATGT,4,Type2,3810.55952380952,5041.07142857143
CGTATTCAGAGTC,6,Type7,4185.6862745098,1325.10784313725
AAAGGGCTCTTGA,1,Type4,3218.22222222222,687.027777777778
GATAGGCTCTGTC,0,Type1,2220.074204947,4270.16254416961
CTTGGGCGAGACT,5,Type1,3824.28813559322,1478.96610169492
TTGTAACAGAGTA,1,Type6,2153.89682539683,1210.1746031746
CGGGCCCTCTGTA,3,Type1,2194.41040462428,4338.13294797688
AAGGAACTCTGTA,1,Type10,4025.86301369863,3949.67808219178
GGTCTTCGAGACG,0,Type1,2550.79220779221,4661.48051948052
TTAAGGGGAGACC,0,Type1,3128.24390243902,5093.46951219512
ATTTTTGTCTCAA,0,Type1,1961.66013071895,4018.49673202614
TGGAAAGGAGCAC,3,Type7,3632.26775956284,4669.62295081967
CTCATTGGAGCAC,0,Type1,3936.48739495798,3154.74789915966
GTCTGGGGAGCAN,5,Type4,2621.34722222222,4819.77777777778
GAGACCGTCTGTG,1,Type9,2427.73717948718,1251.49358974359
TGAGAAGTCTCAC,3,Type7,3368.5614973262,5467.72192513369
CTGGAAGCTCCAC,0,Type1,4100.33695652174,1651.9347826087
CGCTTTGGAGGTA,3,Type9,1854.51388888889,2068.33333333333
CTTCTTGCTCACG,3,Type1,1602.7619047619,4578.5119047619
CGCGCCTTCTCAA,0,Type1,1166.69230769231,3712.36923076923
CCTACCTGAGGTT,3,Type3,1890.875,3395.11413043478
TGGAGGTCTCTGG,0,Type1,1593.83802816901,4354.52816901408
CCTCAATCTCTGG,4,Type2,3365.94285714286,1262.22857142857
ATGATTTAGAGTT,1,Type6,2149.37931034483,1926.88669950739
TGGTTTTGAGGTG,3,Type7,2726.76923076923,3898.53076923077
TCGCTTTCTCACA,4,Type2,4630.62580645161,3779.54193548387
ATTGTTTCTCACT,1,Type6,3726.0977443609,1250.6992481203
ATGGCCTAGAGTC,1,Type1,3400.87242798354,3755.32510288066
CGCCGGTAGAGTC,5,Type4,1956.25225225225,1501.76576576577
CACCAATTCTCAT,1,Type8,2218.68707482993,1560.68707482993
GACAAATTCTTGC,0,Type1,4470.39416058394,3454.99270072993
AACTGGTTCTGTA,0,Type1,3380.04651162791,580.43023255814
TAGTCCTTCTACG,0,Type1,4602.70833333333,3496.70454545455
TGGGGGTAGACAT,4,Type4,3116.35042735043,5021.71794871795
AACTAAACTCCTT,0,Type1,5135.89519650655,3757.2576419214
TTCGGGACTCTCC,3,Type7,1627.34920634921,4856.60317460317
GATCTTACTCAGG,4,Type2,4817.30379746835,2043.13291139241
GGCATTACTCTCA,0,Type1,2818.5,4800.80952380952
ATTATTACTCAGA,1,Type3,3258.60869565217,1876.15652173913
TCGCGGAAGACTA,1,Type4,3025.42592592593,2095.8024691358
TGTACCGTGAAGC,3,Type1,2219.11111111111,3327.85185185185
AAATCCCTCTAGG,0,Type1,4009.40526315789,4945.03684210526
CCACTTCTCTCTT,4,Type2,1516.81720430108,4721.36559139785
GTGCAACTCTTCG,1,Type1,2778.87121212121,818.454545454546
TAACGAGAGATCC,1,Type1,2280.26548672566,1515.8407079646
CTCGAAGCTCCTT,1,Type9,2010.13675213675,1998.4188034188
GTATTTGTCTAGT,1,Type6,3648.40506329114,3083.97046413502
GTCCCCGGAGTCT,1,Type6,2207.03225806452,985.483870967742
CCTATTGGAGAGA,0,Type1,1870.21142857143,5007.67428571429
CCTTTTGTCTCTA,0,Type1,2987.42553191489,5468.89361702128
GAACCCTTCTTCC,3,Type1,1550.52564102564,3151.39743589744
CTTCGGTCTCCTA,4,Type7,1730.33333333333,4921.43333333333
ACCGGGATCTGCC,2,Type1,4189.7182320442,2986.34254143646
TGGATTAGAGTAC,0,Type1,2578.14285714286,4318.74789915966
CCTACCATCTTAC,1,Type1,1887.95544554455,2513.04455445545
GACGCCAAGACGA,5,Type4,4841.79527559055,2420.88188976378
GAAGGGAGAGTAG,0,Type1,5368.17197452229,3898.32484076433
CTACCCATCTTAG,0,Type1,4661.05960264901,2164.79470198676
GTTAGGAGAGATA,0,Type1,4962.55414012739,3809.07006369427
AACCGGCTCTCGG,0,Type1,1700.15760869565,2167.53804347826
TGAAGGCTCTATT,1,Type8,2952.79274611399,2363.72020725389
TCGATTCTCTCGG,4,Type2,3289.30927835052,3682.03092783505
TATATTCTCTTAA,0,Type1,2548.04733727811,4999.00591715976
GGGTGGCTCTTAT,4,Type2,3424.11538461538,857.653846153846
AGTTAAGGAGCGG,0,Type1,1262.73170731707,3654.51219512195
AGTATTGTCTGCC,0,Type1,2748.10909090909,4524.96363636364
ATAGTTGTCTATT,0,Type1,1437.94350282486,4086.04519774011
AACATTGCTCATT,0,Type1,3113.5206185567,793.082474226804
TCCTAAGCTCTAC,1,Type6,2500.67682926829,2466.18902439024
AACTCCGCTCATG,0,Type1,3014.89677419355,3526.11612903226
GCCTGGGAGAATC,4,Type7,1401.83653846154,4585.17307692308
GTCCAAGAGACGA,1,Type1,2570.72847682119,2466.23178807947
GGTACCGCTCCGA,1,Type1,1952.39393939394,897.131313131313
CGCACCGCTCATC,1,Type6,3557.47963800905,3126.93212669683
CATAGGGTCTGCG,0,Type1,2699.62406015038,5378.44360902256
AGAGTTTTCTGCA,3,Type7,4001.35483870968,4462.12096774194
CGTCTTTAGATAC,4,Type4,2959.3908045977,1020.29885057471
ATAGAATAGAATG,4,Type2,3323.51075268817,5363.56451612903
TGGCTTTCTCATC,0,Type1,4555.25,3379.47435897436
TGCCTTTCTCTAG,3,Type7,2499.31739130435,4591.56086956522
CTGGGGTTCTATA,0,Type1,2746.67479674797,1089.81300813008
GATGAATGAGATA,2,Type2,1704.29461756374,3004.1954674221
GATTCCTCTCATA,1,Type6,5036.88114754098,3431.33606557377
ACTCATTAGAATA,4,Type2,4319.91603053435,1525.60305343511
TTTTCAATCTGGG,0,Type1,3996.58895705521,4774.58895705521
GGTTACACTCCCA,0,Type1,1754.75903614458,4606.06024096386
CAGTCAACTCGGT,0,Type1,1840.08133971292,3683.20574162679
CGGTCAATCTCCA,0,Type1,3961.11742424242,2951.85227272727
GGCACAACTCGGA,4,Type2,2650.93939393939,2962.38636363636
AGGCTGATCTTTC,4,Type2,5157.14285714286,2695.12244897959
CTGACAATCTTTC,3,Type4,4251.4064516129,4417.76774193548
CCTCTGACTCAAT,3,Type1,3393.98947368421,811.063157894737
CCGCGTCTCTGGT,0,Type1,4667.97368421053,3657.15263157895
CCAATGCGAGGGT,2,Type1,3856.43414634146,801.078048780488
TATCCACGAGGGT,0,Type1,3268.62337662338,3521.0974025974
TAGACACTCTGGC,0,Type1,2026.36296296296,3917.04444444444
CGTCACCGAGGGC,3,Type1,2487.95918367347,848.459183673469
CTCCTGGTCTGGG,0,Type1,2824.27118644068,1991.77118644068
GAGTTGGGAGTTG,0,Type1,5095.39072847682,3981.15894039735
TGGGGTGTCTTTC,0,Type1,3408.72352941176,3498.54117647059
TTTTCAGCTCAAG,3,Type4,4794.11347517731,2653.39716312057
TTGAACTTCTTTT,0,Type1,1817.11224489796,1198.69387755102
GCTTTGTTCTAAA,0,Type1,2869.34482758621,4778.08275862069
TGCCGTTTCTTTG,2,Type2,1532.54961832061,3222.50381679389
CAATACTCTCCCA,4,Type2,4216.59782608696,3450.53804347826
GTTGTGTTCTAAG,2,Type9,1960.81102362205,5147.78346456693
TCCGACTTCTCCT,2,Type1,1856.54310344828,1511.40517241379
AGCTACTTCTAAG,3,Type1,3477.48148148148,3707.14197530864
AGCCGTTCTCGGA,2,Type1,4616.75242718447,4049.78640776699
CCCCGTTTCTTTA,0,Type1,3212.47852760736,3419.01226993865
CGTCGTTTCTCCG,2,Type3,2002.90384615385,3684.27564102564
GAGGAGTGAGGGC,4,Type2,1896.10050251256,5044.11055276382
TGCGACTCTCTTA,5,Type1,5118.51034482759,3732.48275862069
GAACCATAGACCG,3,Type7,1313.28057553957,4461.27338129496
GTCCCAATCTTGG,0,Type1,5321.30115830116,3967.18146718147
AGTCACACTCCAC,4,Type7,1428.63076923077,4659.01538461538
CGGTGTAGAGGTG,2,Type7,5544.43352601156,3468.08670520231
GTAGTGAGAGGTG,2,Type1,4523.53921568627,2063.45098039216
GTTCTGACTCGTC,2,Type3,3680.32846715328,922.386861313869
AGCGCAAGAGGTC,0,Type1,4119.12941176471,3000.37647058824
CGTAGTATCTGTC,2,Type2,1441.73504273504,3127.80341880342
CCTTTGATCTGTC,0,Type1,1706.47580645161,3423.20967741935
CCAAACACTCGTA,0,Type1,2953.75,4872.22727272727
AAAGTGCTCTCAA,0,Type1,2450.57407407407,2463.53703703704
CACGGTCGAGGTT,0,Type1,1276.56028368794,3860.52482269504
GATTTGCGAGGTT,0,Type1,4047.62162162162,2050.46846846847
CGTGACCTCTCAC,0,Type1,1484.0989010989,3462.37362637363
TGCGCACTCTACA,0,Type1,2323.52631578947,1663.21052631579
TAAATGCGAGTGT,3,Type1,2777.69672131148,4551.51639344262
CCACACCTCTTGA,3,Type1,3017.55223880597,4128.74626865672
TGGGCAGCTCGTT,0,Type1,4037.84693877551,1481.0306122449
ATGTACGCTCCAA,0,Type1,1541.8064516129,2199.03225806452
TGGTCAGGAGGTG,1,Type6,3457.69026548673,1350.6017699115
CTGCGTGGAGGTG,0,Type1,5138.43046357616,2809.56953642384
AAGTCAGGAGTGT,5,Type4,2737.31,1800.43
CTAAGTGTCTACA,0,Type1,1999.09523809524,3913.02380952381
ATTTACGAGACAC,4,Type2,3789.99090909091,4947.35454545455
CAAATGGCTCGTG,3,Type7,4928.89108910891,2328.63366336634
CAGGGTGCTCGTG,0,Type1,5244.18918918919,3085.20945945946
CTCCGTGCTCCAG,4,Type2,5291.96323529412,2998.28676470588
GTTGCATTCTGTT,1,Type1,4183.60194174757,2618.35922330097
GGCCACTCTCACC,1,Type1,5164.40331491713,3443.64640883978
TACTACTAGACAA,2,Type2,1777.62264150943,3353.51886792453
ATCTTGTAGACAA,1,Type1,4288.10447761194,2657.4776119403
CTATCATAGAACC,2,Type2,1936.50442477876,3509.15044247788
TCTGCATTCTGTG,3,Type2,3541.92207792208,850.987012987013
GCGGTGTTCTGTG,1,Type1,3769.04150943396,3814.77358490566
GCGAAATTCTGTG,1,Type1,2687.02631578947,932.640350877193
TAGGACTCTCTGT,0,Type1,3826.98518518519,3873.58518518519
CGACTGTTCTGTC,6,Type10,2811.5923566879,5111.11464968153
TCTTGTTTCTACG,4,Type7,4239.09259259259,4837.02469135802
AGCTACTCTCGTA,0,Type1,2918.08219178082,4938.97945205479
CTCTCATAGAACG,3,Type1,2100.73282442748,1643.50381679389
CTACACTAGAGTA,0,Type1,3894.45333333333,5080.36666666667
CTCCGTACTCGAA,1,Type8,2725.98136645963,4784.47204968944
ATCGCAAGAGTCC,0,Type1,4620.6976744186,2646.39147286822
CCGGGCAGAGTCC,0,Type1,2115.60563380282,2766.23943661972
TAAAACATCTCTT,0,Type1,3589.52631578947,4135.71052631579
CATGTGAAGACTG,0,Type1,1938.49514563107,3950.22330097087
AGACACAGAGTCA,0,Type1,4847.05555555556,2632.56349206349
CTGTGTAGAGTCT,1,Type1,3398.0,1844.8
TTGTCAAGAGGAG,3,Type4,2947.94915254237,1058.40677966102
CCTAGTACTCCTA,0,Type1,3774.28448275862,3254.59482758621
CCAGCACTCTCTG,3,Type7,1399.69886363636,4677.82954545455
TTTCCACGAGCTC,1,Type1,1660.31730769231,4331.27884615385
TAACCAGAGAAGG,3,Type1,1588.11320754717,4616.47169811321
TAATTGGGAGGAC,3,Type1,1490.58695652174,2193.6884057971
ATCTACGTCTAGT,0,Type1,1236.2131147541,3888.50819672131
TGTGCAGCTCATG,1,Type4,2737.97765363128,769.536312849162
GAGCCAGTCTTCT,0,Type1,1918.38961038961,3766.5974025974
AGCACAGTCTCTC,0,Type1,4376.93452380952,3438.64285714286
CTGAACGAGATCT,4,Type4,1586.16393442623,2500.14754098361
CTAAGTGCTCCTC,4,Type7,1449.61445783133,4640.03012048193
TTCGGTGTCTAGC,3,Type1,3070.06106870229,1032.64122137405
CTATGTGTCTGAT,1,Type4,2173.94488188976,4382.74803149606
GCGAGAGAGAAGC,0,Type1,1604.72727272727,4595.30303030303
TTTTTGGCTCAGC,4,Type7,2312.37962962963,3641.47222222222
CCACACTTCTAGT,1,Type1,4130.97802197802,2023.58241758242
CCGTTGTCTCTCC,1,Type6,3861.48936170213,1319.09929078014
CAGTACTTCTCTG,1,Type5,2598.47368421053,4441.24210526316
ACGGACTAGACTG,0,Type1,2370.3,1672.07777777778
ACATGTTTCTTCT,1,Type6,3914.02068965517,2430.63448275862
AGGCGTTAGAGAG,1,Type6,1745.42211055276,1060.13065326633
TGGAACTCTCCTA,0,Type1,3708.16923076923,4412.90769230769
CGCTCATCTCTCG,2,Type1,1887.65413533835,4534.5037593985
GCTTACTAGATCG,0,Type1,4086.97321428571,2943.70535714286
ATAAACTAGAAGC,0,Type1,3782.03225806452,3676.45161290323
GGGTTGAGAGTAA,0,Type1,4240.79375,1660.95625
GACGCAACTCCGT,1,Type1,2676.14935064935,1411.72727272727
AACCTGATCTTAC,3,Type7,5140.82467532467,2668.24025974026
ATATACATCTGCA,3,Type7,2344.72903225806,5341.46451612903
TTCCTGACTCCGA,1,Type1,2492.78846153846,782.144230769231
GTCAACACTCTAG,0,Type1,1796.72857142857,3505.41428571429
GTCTCAAGAGGCG,1,Type4,2478.7987012987,1356.84415584416
ACATGTATCTTAT,3,Type7,5232.42331288344,2824.37423312883
CGTACACAGACGG,1,Type1,3512.63698630137,1720.00684931507
CGAAACCTCTATG,4,Type1,1777.11290322581,1454.56451612903
CGCACACTCTTAG,4,Type2,4374.04651162791,4950.82558139535
TGTGTGCAGACGC,2,Type4,1291.25,4698.125
CAATCACGAGTAT,0,Type1,1657.27272727273,4697.46590909091
TCACACCGAGATA,0,Type1,4688.81188118812,2074.46534653465
AGCTGTCGAGATA,0,Type1,4420.20930232558,1625.3023255814
ACTGACGTCTATT,0,Type1,2434.50393700787,2446.96062992126
TTGTACGAGAATG,1,Type6,1960.89285714286,1450.875
GATCTGGTCTATC,1,Type9,2374.94262295082,1312.16393442623
TGTACAGTCTTAT,4,Type2,4493.85034013605,1634.32653061224
CGGGACGCTCCGC,1,Type6,3541.03645833333,2432.390625
ATTAGTGCTCATA,0,Type1,3798.92783505155,3239.19072164948
GATCCAGCTCATA,1,Type6,1746.67132867133,1078.34265734266
CGTCCATTCTCGG,0,Type4,2772.92513368984,3710.11764705882
CGCTGTTGAGATT,0,Type1,4841.5306122449,2226.73469387755
CGGTCATGAGATG,0,Type1,4934.80165289256,2881.13223140496
CTCAACTAGACGT,0,Type1,5025.49264705882,2506.66911764706
CGACCATCTCTAG,0,Type1,4306.99,1557.36
ATCGGTTAGAATC,0,Type1,4555.734375,3123.31640625
TATGTGTCTCATA,5,Type1,1746.15228426396,1235.0
GCGCCTATCTAAA,6,Type1,2746.0652173913,2686.08695652174
TCCTGAATCTCCA,0,Type1,1383.59090909091,3412.39090909091
CTGCTCATCTAGT,4,Type2,5183.98290598291,2716.23076923077
ATATCTATCTAAC,0,Type1,3881.67713004484,4922.73094170404
GATAAGAGAGCCT,0,Type1,2464.14285714286,5139.45714285714
CCGGAGCTCTTTT,2,Type1,4971.24107142857,3650.16964285714
AGTTGACTCTTTC,3,Type4,2216.34234234234,1476.26126126126
CTGGGACGAGGGC,1,Type6,4432.08965517241,1988.29655172414
CTACTCCGAGGGC,2,Type3,3238.57692307692,4884.96153846154
GTTCTCGGAGTTT,3,Type6,2730.65151515152,2424.10606060606
CTGATCGTCTCCC,0,Type1,5110.21830985915,3761.5
CAGTAGGGAGAAC,0,Type1,3438.4625,3677.9875
TCTCTCGAGAAAG,4,Type7,3305.41134751773,3902.18085106383
CCATTCGCTCCCT,5,Type1,5133.05982905983,2924.28205128205
TGGACTTCTCTTT,4,Type2,3441.2967032967,4247.92307692308
CTGAGATCTCGGG,3,Type1,1605.89855072464,2523.92753623188
TGCGTCTCTCAAA,0,Type1,3709.66896551724,3449.76551724138
TCAACTTTCTAAC,0,Type1,1547.08571428571,4338.64761904762
CCATAGTGAGGGT,1,Type6,2584.94059405941,4136.07920792079
AGCATCTCTCAAC,0,Type1,5300.89333333333,3328.81333333333
AGGGCTTTCTGGA,1,Type1,1955.40441176471,3903.44117647059
ATACCTTGAGTTC,2,Type1,1876.67164179104,3718.9776119403
GACCAGTCTCTTC,4,Type2,2346.57575757576,2610.80303030303
GTGGGATAGATTC,0,Type1,4643.04494382022,3225.79775280899
CCGCGATAGACCT,3,Type7,2141.47530864198,3797.45061728395
ACAATCTTCTGGC,4,Type2,1209.37837837838,4348.64864864865
TGTCAGTAGAAAT,0,Type1,1850.25925925926,3299.82716049383
CTCGGAATCTCAA,0,Type1,4261.74137931035,5028.10344827586
CCTGAGACTCACA,2,Type1,3277.71186440678,716.779661016949
ACGCCTAGAGACA,0,Type1,3740.51836734694,4409.35918367347
CCTCTCATCTACA,2,Type1,2961.67857142857,562.452380952381
TACTAGAAGACAT,0,Type1,1704.73913043478,3522.06956521739
CTTGGAACTCGTA,2,Type9,2126.5811965812,1902.62393162393
GAGTAGACTCGTA,1,Type6,3283.12727272727,3363.07272727273
CTCGAGACTCCAT,2,Type2,1598.85148514851,5056.73267326733
CACATCCTCTCAA,0,Type1,4141.64880952381,1998.08333333333
CGTCAGCTCTGTT,1,Type6,3608.58720930233,4890.98255813954
ATACGACGAGCAA,0,Type1,3895.16363636364,4759.54545454546
CTATTCCAGAGTC,0,Type1,4362.66863905325,2892.2426035503
TAGGAGCTCTACT,0,Type1,2060.97260273973,2398.3698630137
CTGCAGCGAGCAG,1,Type6,3844.26582278481,2666.4746835443
TAATAGCAGAGTA,0,Type1,2172.31168831169,2287.63636363636
TTGTAGCTCTGTA,1,Type1,3371.04453441296,1748.5020242915
CACTTCCTCTGTA,3,Type1,1232.11764705882,3345.29411764706
TATGAGCTCTCAN,5,Type4,2612.28729281768,4018.91712707182
GGTGAGCGAGGTA,2,Type1,3463.86708860759,4078.95569620253
CATTGAGGAGCAC,5,Type3,2846.59285714286,2142.10714285714
TCGAAGGTCTGTG,0,Type1,5197.74137931035,2929.31034482759
ATGATCGGAGTGA,0,Type1,2516.89932885906,5461.59060402685
TACAGAGTCTGTC,4,Type2,3893.79310344828,3332.43103448276
TACCAGGAGAACG,0,Type1,4869.42483660131,2701.45751633987
TGGTCTGCTCCAT,3,Type7,1339.02816901408,4709.07042253521
GAGAAGGCTCTGC,5,Type3,2843.12280701754,1959.22807017544
ATTAGATTCTGTT,3,Type4,2239.06741573034,1196.39325842697
GAGCCTTTCTACC,0,Type4,2593.48314606742,5372.37078651685
CGAATCTCTCTGG,0,Type1,2027.67375886525,4019.49645390071
GCCATCTTCTGTG,4,Type1,2395.38805970149,3596.82089552239
ATGATCTTCTCAC,0,Type1,2925.73643410853,1594.8992248062
CCTACTTCTCTGT,4,Type2,3903.77570093458,4076.99065420561
TGCACTTCTCTGT,3,Type7,1727.24719101124,3270.93258426966
ACTCTCTAGAGTG,3,Type4,2223.77118644068,1930.10169491525
GCATAGTGAGGTC,1,Type1,2894.87421383648,1605.50314465409
ACGGAGTCTCCAG,0,Type1,5337.58778625954,3978.49618320611
TTATGATCTCACT,1,Type6,3485.19915254237,3145.14406779661
TGACCTTAGAACT,4,Type7,3174.63758389262,3585.34899328859
GTAGTCTAGATGA,0,Type1,1314.93388429752,3600.55371900826
TGGCCTTTCTCAT,0,Type1,4424.37209302326,2783.62015503876
GCGTAGTGAGGTA,1,Type7,2114.67251461988,4978.27485380117
ACGCCTTAGAGTA,3,Type1,1503.23333333333,3134.50833333333
GTTGCTACTCTCC,3,Type7,1505.65714285714,2385.45714285714
TGTTAGATCTTCC,1,Type8,4791.28494623656,2697.91935483871
CCGCGAACTCTCA,3,Type7,1874.0,3586.66990291262
GCCTCTATCTCTG,3,Type7,1387.56643356643,4577.40559440559
CGTGTCATCTCTG,0,Type1,5020.97872340426,3693.35460992908
ATTAAGAGCTTCT,0,Type1,4485.8,3243.99333333333
TGAACTACTCAGC,4,Type1,2888.75735294118,3687.08088235294
ATTACTATCTTCG,5,Type4,1908.67164179104,1312.23880597015
GTAGAGCCTCAGG,3,Type3,1314.1568627451,4686.01960784314
CTCACTCTCTAGT,1,Type4,2885.48292682927,2304.29756097561
CCGACTCGTCTCA,3,Type1,2895.98947368421,2355.96842105263
ACATCTCTCTCTA,0,Type1,3422.25517241379,4085.47586206897
CGACGACTCTTCG,4,Type2,5110.12820512821,4423.29487179487
CCAGCTGTCTCTT,3,Type1,1866.49397590361,3680.30120481928
AAGATCGCTCGAA,4,Type7,5307.67521367521,2992.23076923077
TTGGCTGAGATCA,0,Type1,2893.16666666667,719.133333333333
GTGATCGAGATCA,1,Type5,5361.47524752475,3576.61386138614
GGCGAGTTCTTCA,0,Type1,4223.53846153846,5013.0989010989
CGACCTTCTCGAC,0,Type1,1141.84033613445,3693.43697478992
TATACTTAGACTG,0,Type1,3812.57971014493,1545.86956521739
TGTGGATCTCTCT,3,Type7,3758.51764705882,815.270588235294
AAGCAGTAGACTC,3,Type4,1779.71641791045,1517.44776119403
GCGTAGACTCGCC,0,Type1,2081.47540983607,4011.73770491803
GGGGAGATCTTAC,0,Type1,3747.96825396825,4458.49206349206
GACCCTACTCGCT,4,Type7,4881.79220779221,2203.27272727273
AACACTCTCTATT,0,Type1,3574.19078947368,4144.84210526316
ACGATCCTCTATT,0,Type1,4411.34210526316,2877.15789473684
TACGTCCGAGATC,1,Type1,2751.70676691729,2748.67669172932
TGCAGAGAGATAA,4,Type2,2651.4609375,3214.171875
AGGGGAGCTCTAA,0,Type1,1312.68047337278,4329.83431952663
CCCTGAGCTCATT,4,Type2,3888.26229508197,3300.59016393443
CGTCTCGCTCGCC,3,Type8,1826.32692307692,1264.09615384615
TAGGTCGCTCTAA,0,Type1,4521.68269230769,3075.125
CAGCCTGAGAATG,1,Type6,3621.41509433962,1400.96226415094
GACTTCGGAGCGA,1,Type1,3878.25806451613,3087.45161290323
ACATGAGTCTGCT,3,Type2,3995.03493449782,4342.99563318777
GTACCTGTCTGCT,2,Type3,2207.75,4786.47159090909
ATGTAGGCTCTAG,0,Type1,2416.16564417178,4345.06748466258
TCAAGAGAGAGCG,0,Type4,3015.16494845361,2107.74226804124
AGCCCTGCTCGCG,2,Type1,1871.22666666667,4830.64
GTTGTCTTCTCGG,1,Type6,3768.05681818182,1456.91477272727
TATCCTTGAGTAA,0,Type1,4895.5987654321,2901.75925925926
AAACTCTCTCTAA,0,Type1,3722.79577464789,4343.50704225352
ATCATCTCTCTAA,4,Type2,5195.91304347826,2686.59130434783
CCGCAGTCTCTAA,5,Type1,3043.91111111111,2399.17777777778
TACAAGTCTCATG,3,Type7,2199.4128440367,3642.98165137615
CTACCTTAGATAC,1,Type1,3685.58695652174,1564.64130434783
CTTTCTTCTCATC,1,Type6,4176.27597402597,2149.11688311688
CACTCTTAGACGA,0,Type1,2046.57142857143,2390.11764705882
GCTAGATTCTTAT,1,Type1,4348.4043715847,2511.8087431694
ACTTGATAGACGC,4,Type2,3983.94594594595,4517.25675675676
GAGTGCACTCGGG,0,Type1,4607.27702702703,2705.47972972973
CCCAATATCTCCA,1,Type1,5037.07098765432,3556.45987654321
TATGGAACTCGGT,4,Type2,3461.25263157895,3778.6
TGTGGCATCTCCT,1,Type6,3603.54666666667,1582.72
GAGGCGCTCTGGG,0,Type1,2416.30827067669,2508.45112781955
GAACATCTCTAAC,0,Type1,1421.72,4040.4
ACCATACTCTAAT,0,Type1,2462.3,856.314285714286
TAAGGCGCTCAAA,0,Type1,3575.27659574468,3938.60283687943
CCAGGCGCTCTAA,0,Type1,5278.57798165138,3194.85321100917
ATGACGGCTCCCC,0,Type1,3957.43119266055,2658.53669724771
CTACATGCTCTTT,0,Type1,4997.85542168675,2620.72690763052
CCAATAGGAGCCA,0,Type1,3109.33333333333,1488.18518518519
CCGGTAGTCTCCA,0,Type1,4687.46666666667,2035.68888888889
GAGGATGCTCGGT,3,Type7,2860.64383561644,3739.32876712329
AATAATGGAGAAG,0,Type1,3631.62585034014,4095.20408163265
CGCAGCGCTCGGA,0,Type1,3867.17592592593,1303.62962962963
ATACATGCTCGGC,1,Type6,5083.71584699454,3528.74863387978
TTATCGTGAGGGG,4,Type2,4416.22285714286,3574.26857142857
ATTAGCTCTCAAA,4,Type7,4990.88484848485,2435.50909090909
GAGACGTCTCAAA,2,Type2,3045.67346938776,1084.76530612245
AAGTATTTCTTTG,3,Type4,2573.63636363636,1974.47727272727
GTCGATTTCTAAC,0,Type1,4114.36082474227,2712.07216494845
ATTACGTCTCTTG,3,Type3,3199.55855855856,1951.87387387387
CAGTGCTAGACCA,2,Type2,1651.16494845361,1069.18556701031
CGGTATTAGACCT,0,Type1,4079.35947712418,3086.75816993464
GAGTATTTCTAAT,3,Type7,2764.41847826087,4387.23369565217
GCATTATGAGTTA,0,Type1,5185.14197530864,3458.06172839506
AAGAGCACTCGTT,5,Type1,3082.32824427481,2109.32061068702
CCAAATAGTCGTT,5,Type4,4230.112,2817.76
AGTCCGAGAGCAA,0,Type1,4173.97727272727,5027.60227272727
TTGATAAGAGGTT,4,Type2,5005.32727272727,2445.27272727273
TCAGATACTCGTG,3,Type8,2341.82835820896,1230.4776119403
AGAGGCACTCGTG,1,Type4,3363.54700854701,1317.86324786325
TGTAATATCTCAG,3,Type1,5603.06626506024,3234.09036144578
AGACCGATCTCAG,5,Type4,2824.72727272727,2073.0
GACGGCACTCGTA,1,Type6,1683.6625,4178.2875
TAAGCGCTCTGTT,0,Type1,3854.15740740741,4859.11111111111
GGAGTACTCTGTT,5,Type1,2571.63005780347,2256.13294797688
TCGGCGCTCTGTT,0,Type1,3891.94782608696,3211.08260869565
GGACTACGTCGTT,4,Type6,4047.33076923077,3011.21538461538
AAGAATCTCTTGT,5,Type4,2051.30693069307,1128.20792079208
AAATCGCGAGCAC,0,Type1,4698.85074626866,3462.58208955224
GCACATCTCTGTC,0,Type1,2521.79375,5042.0875
CCCCCGCAGAACG,3,Type7,2191.18333333333,4561.25
CGCACGGGAGCAA,1,Type6,3276.12977099237,2187.50381679389
CCGACGGGAGCAA,1,Type6,3515.69402985075,4186.78358208955
TAGATAGAGACAA,0,Type1,4456.60162601626,3459.76422764228
CCGATAGCTCCAA,3,Type7,1605.1037037037,2574.73333333333
AGATGCGCTCCAA,0,Type1,3775.82876712329,4641.34246575342
GAGTCGGTCTGTG,0,Type1,5479.45977011494,3633.13793103448
ATGACGGAGAACA,0,Type1,3234.30459770115,3547.95402298851
CGGGATGCTCGTG,0,Type1,4787.14583333333,3549.32291666667
AAGCGCGTCTGTC,0,Type1,1996.86394557823,4463.13605442177
GCTCCGGAGAGTC,3,Type1,3389.35526315789,857.710526315789
ACTTTAGAGACAG,0,Type1,1494.80769230769,4358.61538461538
ATTAATGCTCGTC,1,Type11,2068.11518324607,5316.8167539267
ACTTTAGCTCACT,4,Type7,2449.62244897959,3516.09183673469
CATAATGGAGGTA,4,Type1,2776.79545454545,1447.85606060606
TCAGATGTCTCTA,1,Type6,2907.23188405797,5295.44927536232
ACTCATGCTCGTA,0,Type1,1943.0,3825.35294117647
GGGTGCTTCTGTT,0,Type1,5107.48739495798,3677.15966386555
GCAGTATGAGACC,0,Type1,2792.99,4632.95
ACCTATTAGAACC,1,Type1,2643.15178571429,1375.78571428571
GGTCTATAGAGTT,4,Type4,2267.92647058824,2649.32352941176
TGCAGCTTCTTGT,4,Type2,3408.84126984127,852.634920634921
ACCCTATGAGACA,0,Type1,2898.47906976744,5541.4976744186
ATAAGCTCTCCAC,1,Type1,4410.84112149533,1638.01869158879
TGCGGCTCTCCAG,1,Type1,4610.5401459854,2884.03649635036
CATACGTCTCTGA,0,Type1,4058.65258215962,1375.08450704225
GTCCCGTTCTTGC,1,Type6,2603.36320754717,3576.84433962264
TCACCGTCTCTGC,5,Type4,3744.60406091371,3666.42639593909
TAGGATTCTCGTA,0,Type1,3504.0625,4114.0078125
TCGACGATCTTCA,0,Type1,3889.31818181818,4280.72727272727
CCGCATAAGATCT,1,Type1,3005.42352941176,980.452941176471
CTGACGATCTGAG,2,Type4,3255.09090909091,554.272727272727
CCTCGCATCTCTC,3,Type7,3757.89024390244,751.80487804878
CTTTGCATCTTCG,1,Type1,1961.54929577465,4505.76056338028
TTATCGCTCTTCC,0,Type1,5468.45748987854,3598.79352226721
TTCTTACTCTAGT,4,Type2,4324.70247933884,4952.13223140496
GTTCATCGAGAGT,4,Type2,3068.30113636364,4992.69318181818
CTGAGCCGAGCTG,2,Type1,4485.6,3508.6375
TGTAATCGAGAGT,5,Type1,1339.37931034483,4289.54022988506
GTCACGGAGATCC,0,Type1,4047.54330708661,2024.40157480315
TAGTGCGGAGTCA,0,Type1,3865.99672131148,2739.29508196721
CTGTGCGTCTAGT,3,Type1,3125.7264957265,804.700854700855
TGCACGGCTCTCA,0,Type1,5351.59668508287,3418.72375690608
GGCTGCGGAGGAG,3,Type1,2871.93069306931,1635.29702970297
CCCAGCGAGACTC,0,Type7,3610.61,1101.08
TCCCTAGCTCTCT,0,Type1,4724.71774193548,3464.25806451613
GGTGGCGCTCCTC,4,Type2,4523.42125984252,3718.27559055118
CTCCGCGCTCTCT,1,Type1,4633.52845528455,2332.82113821138
CGTACGGGAGAGC,4,Type7,3281.04444444444,1323.24444444444
AGCAATGAGATCG,0,Type1,5174.21568627451,2952.66666666667
ATGAGATCTCTCC,4,Type1,3553.81651376147,1740.01834862385
TAGCATTCTCGAA,0,Type1,5172.24064171123,3647.47058823529
GCTGTATGAGGAC,0,Type1,2716.51145038168,2825.47328244275
CATCGCTGAGAGT,4,Type7,5099.87610619469,4389.59292035398
GGGGATTCTCTCA,5,Type4,1916.82424242424,1158.38181818182
GCACGCTAGAAGT,4,Type2,2098.55681818182,4678.21590909091
GTCCGCTAGACTG,4,Type2,2458.76397515528,4516.1801242236
GCCTGCTCTCTCG,2,Type2,3239.91089108911,1153.34653465347
GCTGTAAGAGATT,5,Type1,4065.44696969697,5197.86363636364
CTTCATATCTATT,2,Type2,4083.44102564103,3575.26666666667
GTTAATAAGACGT,0,Type1,3351.86290322581,692.209677419355
TCCCTAACTCATC,3,Type7,5344.97368421053,2994.57894736842
CTTGATATCTATA,1,Type1,4313.83529411765,3158.97647058824
ACAGAGCTCTGCC,1,Type8,3219.99248120301,2584.91729323308
GCGGGCCGAGTAA,0,Type1,1734.0,2449.47142857143
GGCATACAGAATA,3,Type7,5208.52976190476,2758.55952380952
CTGCATCTCTTAT,0,Type1,4002.99408284024,1534.44970414201
CTGAATGGAGTAG,4,Type2,3763.82089552239,674.208955223881
CAGTATGTCTTAG,3,Type7,4517.11235955056,3801.10112359551
TACAGCGGAGTAT,4,Type2,3288.76136363636,5237.42045454546
AACTATGTCTCGC,0,Type1,5324.95620437956,4156.11678832117
TTCGGCTTCTATT,4,Type7,3273.62553191489,3673.51489361702
CCACTATAGAATT,4,Type2,4244.27678571429,3460.42857142857
GCACGCTCTCTAC,1,Type1,3477.41040462428,1868.35838150289
CTCGATTCTCCGT,0,Type1,4558.96460176991,3059.75221238938
GAAGTATAGAATG,2,Type1,2857.69135802469,4767.93827160494
ACTCTATTCTTAG,1,Type6,2885.256,1989.744
CCTAGCTAGAATC,1,Type1,4658.55865921788,3104.5251396648
GCACTATTCTCGC,0,Type1,5332.9437751004,3665.26104417671
CCGTTATCTCTAT,0,Type1,5190.74545454545,3248.65454545455
GAGTTTACTATTT,2,Type3,3213.48148148148,4920.36419753086
TCAAAAACTAAAC,4,Type2,3945.83846153846,4169.15384615385
ATATAAACTAAAC,0,Type1,1275.87735849057,3645.04716981132
TGTATTATCGAAC,0,Type1,4902.51492537313,2485.35074626866
TTAATTAAGCTTC,0,Type1,4391.67283950617,2984.54938271605
TCATAAAAGCTTC,4,Type2,1390.67567567568,3241.15315315315
TTCACCAGATAAG,4,Type7,1136.10465116279,4082.38953488372
CCGTCCCAGCAAC,0,Type1,4022.89830508475,2611.67796610169
AGTCAACTCGCCA,3,Type4,4388.03780068729,4636.94158075601
CGAGGGCTCGGGA,4,Type2,3945.83950617284,3300.30864197531
CCTCTTCAATAAT,0,Type1,4239.12621359223,3037.88349514563
GAAGGGCTCGAAT,4,Type2,4865.16292134831,3946.78651685393
GTTCAAGCTAGGG,1,Type1,2405.38554216867,1201.50602409639
CCCAAAGCTACCA,0,Type1,3144.61842105263,5084.67105263158
GGGTCCGCTACCA,0,Type1,4786.75229357798,2352.34862385321
CTCGGGGGATGGC,0,Type1,2501.59649122807,5445.65789473684
AAAACCGAGCCCG,0,Type1,5128.27149321267,4083.90497737557
CCGCGGTAGCTTT,1,Type1,5294.34453781513,4134.35294117647
AACACCTAGCAAA,1,Type10,2368.896,1352.6
CTCAGGTAGCCCN,5,Type4,1762.57142857143,4481.37662337662
GAATAATCTAGGT,1,Type1,2289.70866141732,1090.51181102362
GAGAAATCTAAAC,4,Type2,3838.29487179487,5070.28205128205
CCCGAATTCGAAG,0,Type1,1925.72881355932,4866.79661016949
TATATTTCTAAAG,0,Type1,1827.82191780822,4506.71917808219
GATGTTTGATTTA,1,Type1,4583.07766990291,2376.15533980583
CGGGGGTCTACCG,0,Type1,4111.55,5103.4875
TTGATTTAGCGGC,4,Type1,2558.10416666667,3413.88194444444
ATACTTTAGCAAT,2,Type1,2314.91020408163,1260.7306122449
CGCGGGACTAGTG,0,Type1,2567.69512195122,4090.62195121951
GTTAGGAGATTGT,0,Type1,4798.20422535211,3520.58450704225
GAGAGGAGATGTG,0,Type1,5146.54054054054,4026.61261261261
AGTGCCATCGTGT,1,Type1,2657.43,4829.51
TCCAAAACTAACT,4,Type7,4226.01333333333,4894.82666666667
CGAGTTACTAACT,0,Type1,5019.42372881356,3581.20903954802
TTCCCCAGATCAG,4,Type2,4124.05494505495,3033.80769230769
TATCCCAAGCTGC,0,Type1,4934.62142857143,3651.12142857143
ATGCGGAGATTGC,0,Type1,3801.80916030534,3705.67175572519
AGACGGATCGCAT,5,Type1,3013.36206896552,2084.3275862069
ACGAAACTCGGTG,1,Type4,2598.84693877551,2234.21428571429
GGTAAACTCGCAC,0,Type1,4631.73888888889,3516.46666666667
CCGGAACTCGGTG,0,Type1,2031.97005988024,4516.77844311377
GTCACCCTCGGTC,1,Type6,3704.49397590361,4019.92771084337
GCCATTGGATGTT,0,Type1,1335.703125,3290.921875
GAGGCCGAGCACC,3,Type4,2850.88659793814,2378.69072164948
AGTCAAGTCGACT,0,Type1,5219.14035087719,3185.21052631579
TGTCCCGCTAGTC,4,Type2,2892.57142857143,5583.23129251701
AAGCGGGGATCAT,6,Type6,4935.48095238095,3122.52380952381
GCTTTTGTCGGTA,0,Type1,5005.15702479339,3014.93388429752
CCGTAAGTCGGTA,4,Type2,3280.36486486487,5281.0945945946
CTGTAAGCTACAT,4,Type2,3867.37168141593,1030.6814159292
CTGAGGGCTAACG,4,Type1,3282.5487804878,5430.87804878049
CGGAAAGAGCGTT,6,Type1,2985.0,857.230769230769
TACCTTTCTACAA,3,Type3,5354.32367149758,2925.55555555556
AACGAATCTAACC,5,Type1,2882.95906432749,1821.14035087719
CGGTTTTGATGTG,0,Type1,2656.48863636364,4584.03977272727
GCCCCCTGATCAG,2,Type8,1950.63970588235,1077.08088235294
GCAAGGTCTAACT,5,Type1,1669.50988142293,4519.24110671937
TCGGGGTGATGTA,6,Type1,5072.28571428571,2836.10989010989
TATTTTTCTACAT,3,Type7,2263.90384615385,934.057692307692
GCATGGTAGCCAT,1,Type1,4517.6974789916,2243.0462184874
GTTGTTAAGCGAA,4,Type7,4098.52100840336,3301.64705882353
TAGCCCACTACTT,1,Type1,4975.40833333333,2483.35833333333
CCAGAAAAGCAGT,1,Type1,4183.11284046693,3220.73540856031
GCGGCCAGATCTA,0,Type1,4690.42452830189,3415.63679245283
TAGCGGAGATTCG,1,Type6,3679.56976744186,1372.40697674419
ACATCCGAGCTCA,4,Type2,2523.78881987578,5478.11180124224
CCTGTTGCTAAGT,0,Type4,1906.528,4100.28
TCTCTTGCTAAGT,5,Type4,4492.86301369863,1685.39726027397
CCAACCTCTAAGT,0,Type1,4619.96385542169,3330.9156626506
GACGTTTAGCCTA,5,Type4,2879.85714285714,2106.07482993197
CTGCGGTAGCAGC,1,Type6,3537.81212121212,1499.25454545455
CTTCTTAGATTAA,3,Type1,4637.95419847328,3450.35114503817
CCGTGGATCGATT,4,Type2,4191.39759036145,3392.12048192771
GCATTTAAGCTAG,0,Type1,2580.90579710145,5086.05797101449
TGCTTTAAGCCGA,3,Type7,1687.20967741935,3249.97580645161
CGTGCCAAGCCGC,0,Type1,2834.92352941176,5350.53529411765
TGGCTTACTACGC,1,Type1,2562.14285714286,851.928571428571
GCAGGGACTACGC,5,Type1,1160.79365079365,4090.20634920635
CAGGAAAGATCGC,2,Type1,3585.59113300493,4397.49753694581
CGCGCCCTCGTAA,5,Type4,3750.61176470588,3022.92941176471
CCCCCCCTCGGCA,4,Type2,2562.53953488372,5483.9023255814
ATCTAACTCGCGA,0,Type1,2665.70680628272,1444.78534031414
CCGCGGCTCGGCT,0,Type1,4933.5625,3481.61538461538
GTGGGGCGATCGA,0,Type1,4121.79738562091,1810.96732026144
TTCACCCTCGGCG,3,Type7,5531.64900662252,3523.05298013245
CGGTAACGATTAT,1,Type6,1917.73913043478,2117.33333333333
TCTAAAGGATTAA,0,Type1,5164.69369369369,3992.79279279279
CATCCCGGATCGG,2,Type1,3104.84042553192,5213.8085106383
CGCCGGGCTACGT,0,Type1,3757.23952095808,4745.47904191617
GTGATTGGATATC,0,Type1,1251.06666666667,3883.81111111111
TAGAAAGCTAGCG,3,Type7,1443.25,4595.203125
AAGCCCTTCGCGG,1,Type5,3524.96354166667,1528.47916666667
TGTGGGTGATATT,4,Type2,1197.66860465116,3379.63372093023
TTGGAATCTACGG,3,Type1,3703.35,596.025
GATGTTTTCGCGT,3,Type7,1383.25714285714,3179.25714285714
GGTGAATGATTAC,1,Type6,3638.33858267717,1739.62992125984
CTAACCTCTAGCA,0,Type1,5460.3971291866,3778.48803827751
CTTCAATCTAATC,1,Type8,3245.1935483871,2456.85483870968
GGACAATCTACGA,0,Type1,3377.75294117647,3515.58823529412
ATCCTTTAGCGCT,1,Type6,1726.34337349398,4154.93975903615
TCGTCCTCTACGC,4,Type7,3236.51948051948,928.961038961039
GCCGCCTAGCTAT,0,Type1,4856.0,2349.98245614035
CTGCGTAGATCCC,0,Type1,2766.6,2130.04375
ACGATGAGATTTT,0,Type1,2118.43835616438,3900.84246575342
TGTTTGACTACCA,0,Type1,3533.50505050505,4031.89898989899
AACAACATCGGGA,0,Type1,4101.99107142857,5013.0
GATGACACTACCG,1,Type6,4893.11428571429,2967.22857142857
TAGGACAGATTTA,2,Type1,3438.35263157895,3715.28947368421
CCTCTGAGATTTA,0,Type3,2302.9224137931,2180.46551724138
GTATACATCGGGC,5,Type4,5149.11675126904,2928.29949238579
AGCGCACTCGTTT,1,Type11,1644.10416666667,1152.63541666667
TCGAACCAGCGGT,1,Type6,3280.58695652174,1908.1847826087
AAACACGCTAGGG,0,Type1,3075.925,5508.05
CCGTGTGGATCCA,3,Type1,2039.60317460317,4778.34920634921
ATGACAGAGCGGT,2,Type3,1362.55102040816,4977.83673469388
ACGTCAGAGCAAC,2,Type1,2839.02542372881,5319.66949152542
AAGGCAGCTAAAC,4,Type7,4845.97826086957,2179.48913043478
GTGCACGCTAAAG,3,Type8,1718.64,2124.59
TGCGACGCTACCT,0,Type1,4705.68902439024,3709.73780487805
ATTATGGCTAAAT,0,Type1,2416.27826086957,5369.53913043478
AGTCGTTTCGCCC,4,Type2,5241.11428571429,2854.75238095238
AGCGACTTCGGGG,0,Type1,4327.55454545455,3361.89090909091
ATCGTGTCTACCN,0,Type1,2783.4,3698.42857142857
AGGAACTTCGGTG,0,Type1,3932.47058823529,4443.20814479638
GCACCATCTAAAC,0,Type1,5233.1912568306,3254.45355191257
AGTGTGTAGCAAC,0,Type1,2649.64406779661,5087.98305084746
TGACCATAGCAAC,1,Type6,2333.67105263158,3697.01315789474
GTATCATAGCTTG,0,Type1,2769.31168831169,2792.11688311688
GAGGGTTCTAAAT,3,Type4,4381.4,3822.09696969697
GAATGAAGATCAA,0,Type1,5261.03333333333,3177.38333333333
GTGATGAGATACC,0,Type1,2611.59745762712,5457.20762711864
AGATCAAGATCAA,0,Type1,2839.94791666667,1027.84375
TGGTCAAAGCCAC,3,Type7,2497.43181818182,4575.30303030303
GAGTCAAGATCAC,0,Type1,5037.45378151261,3597.13445378151
GTAAGTATCGTGA,0,Type1,3430.38129496403,3436.95683453237
CGATTGAAGCGTA,3,Type7,3268.36363636364,5510.19786096257
TAATACACTAGTA,0,Type1,4517.55421686747,1833.6265060241
TGGCACATCGTGC,4,Type1,3385.35537190083,4075.78512396694
ATGAACCGATTGT,0,Type1,4608.98979591837,2690.82653061224
TCTTACCAGCTGA,0,Type1,1194.0,3988.59420289855
AGTAGTCGATGTC,3,Type7,3145.67716535433,1082.00787401575
CTTCGTCTCGGTA,1,Type1,2648.84848484849,988.136363636364
TATGACGGATCAA,0,Type1,2541.35593220339,2499.01694915254
GAACGTGTCGGTG,1,Type6,2580.53191489362,2499.11347517731
GCCTGTGTCGGTG,1,Type6,2549.03825136612,4415.89071038251
GCTAGTGAGCCAC,0,Type1,5080.27272727273,2666.48051948052
ACGCGTGCTAGTG,4,Type2,1519.1724137931,3313.13793103448
TTAACAGCTACAC,3,Type3,1684.82857142857,1257.94285714286
ACACACGGATGTC,1,Type6,3719.72297297297,2595.63513513514
ACCCACGCTAACT,1,Type4,3721.004784689,2927.57894736842
ATACACGCTACAG,3,Type7,1384.6091954023,3143.23563218391
AGGTTGGGATACG,2,Type1,1313.78504672897,3436.32710280374
TGGACAGGATGTA,1,Type6,3932.05,2408.05
ATCTGTGTCGGTA,0,Type1,5357.4140625,3196.5
GCGTGTTCTAGTT,1,Type6,4339.57627118644,2747.05084745763
CGCGGTTCTAGTT,0,Type1,3038.27272727273,5348.96103896104
TAGAGTTGATGTG,0,Type1,2378.32450331126,2543.76158940397
TCCACATCTAACA,1,Type6,1856.24309392265,4519.86740331492
CAGACATCTAGTG,1,Type8,3431.51063829787,3073.90070921986
GTGGACTTCGACT,1,Type6,3559.84967320261,1619.38562091503
AGTAGTTTCGACT,0,Type1,4560.34814814815,3515.87407407407
GGCTACTCTAACT,1,Type6,1775.88990825688,1096.04587155963
TCCTTGTTCGTGC,1,Type6,2374.10126582278,3862.17299578059
GACCTGTTCGACG,1,Type1,2978.06569343066,570.313868613139
CTGCTGTTCGACG,0,Type1,4700.77837837838,3694.65945945946
GGTCTGTGATACG,4,Type7,3842.4125,3374.4125
TAAGGTTCTAGTA,1,Type2,2652.10975609756,2866.5243902439
AACCCAAAGCGAA,0,Type1,2762.93162393162,4861.89743589744
TCTTTGAAGCTCC,0,Type1,1249.3984962406,3523.76691729323
GAATCAACTACTT,1,Type1,3603.5045045045,3749.05405405405
ATAATGAGATTCN,0,Type1,3525.67692307692,3953.28461538462
TAACGTATCGTCT,0,Type1,2741.83552631579,4728.7302631579
GATGCAAGATCTA,3,Type1,5386.72580645161,2898.52419354839
TGCGCACTCGCTG,0,Type1,2588.6357615894,4643.73509933775
TTCGTGCGAGTCA,0,Type1,5057.61333333333,3916.87333333333
GCAGCACAGCAGA,5,Type4,2767.90243902439,2184.17073170732
CTGAACCAGCAGC,3,Type8,1761.0347826087,1151.14782608696
CGTGACCTCGCTA,4,Type2,2952.70754716981,4824.44339622641
ACTCTGCTCGCTA,5,Type4,2873.03571428571,1808.48214285714
GAATGTGCTACTG,0,Type1,4720.7302631579,2093.65789473684
CCGAACGGATTCT,0,Type1,4935.69230769231,3692.65384615385
AATGCAGAGCGAG,0,Type1,1472.74792243767,3557.63711911357
CACAACGCTAAGA,2,Type1,1302.95918367347,4065.61224489796
AGCTCAGGATTCG,5,Type4,2852.92792792793,1854.58558558559
CCGAACGTCGCTA,0,Type1,2756.42105263158,643.380116959064
ATGTCAGCTAAGC,3,Type1,2264.71717171717,2673.0101010101
TGATACGCTATCG,0,Type1,3727.18333333333,634.383333333333
GGCCCAGCTAAGC,0,Type1,1803.50531914894,4635.54787234043
CCACTGTGATTCC,0,Type1,4544.01801801802,3435.77927927928
GGGCTGTCTAAGA,0,Type4,2599.53246753247,1053.87662337662
CATCTGTCTAAGA,0,Type1,3846.05780346821,4747.8901734104
TATTACTAGCAGA,1,Type1,2710.92727272727,1021.21818181818
GTGGACTCTATCG,2,Type1,2375.71428571429,4248.31292517007
TTTCGTTAGCCTA,4,Type3,2151.31944444444,1760.83333333333
GCATACTAGCAGC,0,Type1,2587.34502923977,3977.30409356725
CGCAGTAAGCCGG,3,Type7,4076.95679012346,3395.01851851852
GGGCTGAGATTAC,0,Type1,4894.59685863874,2849.02094240838
TCCGCAAGATATG,0,Type1,2798.4802259887,4795.0790960452
GCCGCAAGATTAC,2,Type1,2042.26865671642,4595.5447761194
AAGGGTAGATTAC,0,Type1,4668.22641509434,3334.74528301887
TGCTGTATCGATG,3,Type1,2800.71291866029,1046.81339712919
GCGGGTAAGCATA,0,Type1,4950.86776859504,2522.04958677686
ATCACAAGATTAT,1,Type6,3881.8273381295,2273.48920863309
CCAAACATCGGCG,3,Type4,2551.04054054054,1299.51351351351
CCAGGTATCGTAT,0,Type1,3827.77777777778,4735.01587301587
GTCTCACAGCTAA,1,Type1,2573.69662921348,2219.30337078652
CTTGACCTCGATT,4,Type2,2841.65986394558,3767.47619047619
AGTAACCTCGGCT,2,Type4,1708.61403508772,2838.49122807018
CTCCACCTCGGCT,4,Type2,2765.96511627907,3853.43604651163
TATCCACGATATC,0,Type1,5408.91428571429,3658.66857142857
CCCTACGAGCATT,4,Type2,1846.40559440559,5084.74825174825
CTGAGTGGATTAC,0,Type1,1323.488,3986.392
ATGCTGGGATGCA,1,Type6,3343.22222222222,3124.23015873016
CGACACGAGCATG,4,Type2,2004.27884615385,3762.32692307692
CTATACGAGCCGT,3,Type4,1914.54705882353,1284.32941176471
CTGAACGCTAATG,2,Type7,1516.67368421053,3053.30526315789
CGGTCAGGATATC,0,Type1,5351.55214723926,3449.0981595092
GACGCAGTCGGCT,0,Type1,5222.48148148148,4170.58024691358
CGCACAGCTATAG,4,Type3,2960.67708333333,1067.1875
CTCAGTGTCGTAT,5,Type4,2996.71140939597,1819.0067114094
ATACGTTTCGTAC,4,Type2,3534.61184210526,835.407894736842
AATATGTCTACGT,0,Type1,3574.25742574257,4277.07920792079
AAGGCATAGCCGT,0,Type1,1639.80086580087,4435.28138528139
CTAGACTAGCATG,0,Type1,4555.07741935484,1850.46451612903
TGGCGTTCTAGCT,0,Type1,2526.90265486726,5328.07079646018
GGTCGTTCTACGA,3,Type1,5056.16393442623,4043.36612021858
GCTTGTTCTAGCT,1,Type1,4006.53435114504,3055.87786259542
TAGAACTCTACGA,0,Type1,2584.73913043478,5453.66847826087
ACGTGTTAGCATC,4,Type2,2666.46629213483,4076.68539325843
AGCGCATGATTAT,2,Type4,2210.57692307692,1106.92307692308
TACGACTCTAATA,0,Type1,1645.93495934959,4353.69918699187
GTCGCATCTAGCG,0,Type1,3415.7037037037,3911.75
ACATAGACTACCC,0,Type1,3482.59677419355,4228.56451612903
AGCGCTAAGCCCG,0,Type1,2506.53543307087,5390.87401574803
TGCCCTACTAGGC,4,Type7,3220.11627906977,925.162790697674
TAACGACAGCTTT,1,Type1,4019.72972972973,5193.87837837838
GTGGGACTCGGGG,0,Type1,1644.53174603175,2166.24603174603
CGGATCCAGCAAT,4,Type2,2591.83561643836,5526.69863013699
TTACGAGGATGGG,0,Type1,4642.140625,3478.828125
GAATAGGTCGAAA,4,Type7,2974.16129032258,4867.80107526882
ATCGCTGAATAAA,1,Type1,4552.94642857143,2377.88392857143
GCTTTCGAGCAAC,0,Type1,1728.22556390977,4514.36842105263
AGCCTCGCTAGGT,0,Type1,1177.63924050633,4007.81012658228
AGGTAGGCTACCG,4,Type2,4434.48275862069,3647.87586206897
TAATGAGCTAGGC,0,Type1,1777.24285714286,4748.98571428571
GAATTCTGATCCC,4,Type2,4200.35251798561,3405.53956834532
AGCCCTTGATCCC,4,Type7,4768.36,1949.03333333333
GATGTCTCTAAAA,0,Type1,5234.55,3270.9375
ACTTCTTAGCTTT,0,Type1,2363.27464788732,3710.78873239437
TAAACTTTCGCCT,0,Type1,5251.39901477833,3916.18719211823
TGGCGATGATTTC,1,Type1,4167.18674698795,1647.53614457831
CGTTCTTAGCAAG,0,Type1,1812.4126984127,3618.33333333333
TTTCAGTTCGTTA,0,Type1,5452.33928571429,3607.01785714286
CCGCTCTCTAATA,3,Type7,4260.21428571429,1450.33673469388
CGTAAGACTAGTT,0,Type1,3959.67543859649,2614.4649122807
AACGTCAGATCAA,4,Type7,2724.0625,1337.42857142857
TCCGAGATCGGTN,3,Type1,4370.78787878788,3458.58585858586
GGGATCACTAGTG,2,Type1,3833.26,5019.63333333333
AGGCCTAAGCCAT,3,Type1,2381.19565217391,3612.25
CCTTAGACTAACG,2,Type1,2618.7,4762.98888888889
GGGATCAGATGTA,0,Type1,5154.52112676056,3265.57042253521
CGTCTCATCGACG,3,Type8,3043.91549295775,2289.16197183099
TTAACTATCGCAT,1,Type1,3902.22279792746,3191.80310880829
ACACGACTCGGTG,4,Type7,4019.96774193548,4597.02419354839
AGTCGACAGCGTC,1,Type1,1863.24299065421,1338.61682242991
TTCGTCCAGCACT,0,Type1,1963.93650793651,4705.09523809524
CGCGTCCTCGGTC,0,Type1,4277.90506329114,3335.77848101266
GTGCCTCGATGTA,1,Type6,4756.87096774194,2643.62903225806
CGGGCTGTCGGTT,0,Type1,2549.83555555556,5445.81333333333
AGCCTCGTCGCAA,0,Type1,4499.38461538462,3098.27810650888
AGCACTGCTAGTT,1,Type6,3893.07476635514,2257.38317757009
TTTAGAGCTACAC,0,Type1,5263.28735632184,3283.85057471264
TCCACTGCTAGTC,3,Type2,2033.64285714286,1787.48979591837
ACTTGAGTCGACG,3,Type1,2565.22834645669,1006.33070866142
GACCTCGCTACAT,0,Type1,2689.36809815951,4404.19018404908
CTGCTCGCTAGTA,0,Type1,2009.68965517241,2395.89655172414
TGCGGAGCTACAT,3,Type7,5534.25850340136,3537.46258503401
TAAGTCTGATTGG,1,Type11,1996.25,2903.26923076923
ATACAGTGATTGG,4,Type3,1926.67857142857,3302.57142857143
TAGAGATCTAACC,0,Type1,1607.91666666667,4383.19791666667
CGCATCTCTAGTT,1,Type6,2677.35326086957,4791.92391304348
AGGCTCTCTAGTG,1,Type1,3920.06912442396,2499.29953917051
CTATTCTAGCTGT,4,Type2,4426.47058823529,1577.80392156863
CTAACTTTCGGTC,3,Type2,4236.83809523809,1353.57142857143
CACAGATCTAGTC,2,Type7,4378.87421383648,3744.38993710692
GACTTCTCTATGA,3,Type1,2708.77852348993,1329.94630872483
CCGACTTCTACAG,4,Type7,2975.67441860465,1477.78294573643
CGCGGATCTATGA,3,Type4,2004.30088495575,928.681415929204
AGGATCTTCGGTA,0,Type1,2744.55248618785,3748.30939226519
ACCGCTTTCGGTA,1,Type1,2603.56097560976,1129.06504065041
TGGCCTTGATGTA,0,Type1,1274.37583892617,3983.34228187919
AGAGCTTCTAGTA,3,Type7,1214.05263157895,3186.93421052632
GACAGATAGCCAT,3,Type1,3788.18309859155,4883.10563380282
GACGAGAAGCTCA,0,Type1,2230.57943925234,4343.88785046729
AACGTCATCGTCA,0,Type1,3214.47457627119,3506.05649717514
GTGCTCAAGCCTC,2,Type1,2698.33823529412,3300.09558823529
GGCACTAAGCTCT,5,Type4,2996.94409937888,1837.55279503106
TACGCTCTCGTCA,4,Type2,4649.59375,1786.67708333333
GGTACTCTCGCTA,1,Type1,2705.00460829493,4658.0
AGCCGACTCGTCG,3,Type7,3096.66666666667,1020.4375
GTACAGCTCGTCG,3,Type7,2012.27941176471,2493.63235294118
CCTGTCGGATGAA,0,Type1,4906.87341772152,2535.63924050633
GCTTAGGCTAGAA,5,Type1,3049.39647577093,2678.96035242291
TCGTTCGGATTCA,0,Type1,1779.26829268293,2277.40243902439
GGCTAGGAGCTCA,1,Type6,3576.69266055046,2740.93577981651
GAGAAGGCTATCA,3,Type7,4449.72,3577.82666666667
AACAGAGGATTCG,0,Type1,5197.16883116883,4314.8961038961
AGTGCTGAGCTCG,3,Type7,4109.72664359862,4740.01384083045
CTGACTGCTACTA,0,Type1,2763.125,2876.05357142857
GTGCTCTTCGTCC,0,Type1,4011.525,4769.675
TGCTGATTCGGAG,1,Type6,3724.08823529412,2364.88823529412
GTGTAGTGATTCT,1,Type1,3763.65989847716,4310.93908629442
TGCACTTGATTCT,0,Type1,2985.8992248062,5355.11627906977
CCGTAGTAGCCTC,5,Type1,4575.47567567568,3221.08648648649
CGAGCTTTCGGAT,0,Type1,3138.6992481203,5217.00751879699
GTGGCTTCTAAGC,4,Type2,2576.12592592593,5508.8
CGCGAGTAGCAGC,3,Type7,2367.25,5277.51785714286
GCTTTCAAGCCGG,3,Type1,2649.61538461538,2293.67307692308
TTGATCAAGCTAC,1,Type9,2537.86549707602,1358.64912280702
AGCCTCAGATTAC,0,Type1,5061.20338983051,2664.50847457627
AGTGCTATCGCGT,1,Type4,2115.48538011696,1504.61988304094
GCTCAGATCGTAC,0,Type1,1499.96062992126,4566.93700787402
TGGCTCAAGCCGA,1,Type1,2690.89285714286,4753.15476190476
ATGGTCAGATTAG,5,Type4,2930.88571428571,2039.28571428571
CATGGACAGCTAG,0,Type1,1951.2641509434,4818.94339622641
GAAATCCTCGTAT,0,Type1,1894.73369565217,2336.5597826087
AGGTCTGTCGGCA,3,Type7,2969.05142857143,4730.98857142857
TTATTCGAGCTAC,1,Type6,1722.01714285714,4184.16
AGCGCTGAGCTAC,2,Type7,1876.48333333333,1850.53333333333
TGAATCGTCGATA,0,Type1,3854.4875,2833.275
GAACCTGAGCCGC,0,Type1,3051.54285714286,5503.71428571429
GATCAGTTCGTAA,0,Type1,1944.73728813559,4584.9406779661
GACAAGTGATGCC,4,Type1,3205.98913043478,1400.21739130435
TAGAAGTGATTAA,1,Type1,3523.62420382166,3794.96178343949
AAGGTCTAGCATT,1,Type1,2823.83846153846,704.584615384615
CAGCTCTTCGCGT,0,Type1,5020.07975460123,3563.8282208589
ATAGAGTCTACGT,4,Type2,3314.05405405405,3918.93243243243
CGATGATTCGATC,0,Type1,2770.30172413793,5459.15517241379
GAATTCTCTAATC,0,Type1,1207.72571428571,3420.50285714286
TGTGGATCTACGA,0,Type1,4920.5,2906.77118644068
GCCTCGACTAGGT,0,Type1,3256.82634730539,5492.31137724551
GACATAACTACCA,0,Type1,1786.73170731707,4935.73170731707
GGCACGAAGCGGA,0,Type1,4518.03007518797,1706.81954887218
CTCCGAACTAAAG,3,Type1,4139.5462962963,1528.47222222222
TCAGCGAAGCTTA,4,Type2,1975.61395348837,4954.61860465116
TGGACGACTACCG,0,Type1,2280.07407407407,3787.31481481481
CGCTTAATCGGGC,5,Type1,5510.1935483871,3200.33870967742
TCTCCGCATAAAA,3,Type1,2765.97058823529,5282.92647058824
TCATGCCTCGTTG,3,Type4,1722.29577464789,1010.23943661972
CGATATCTCGAAC,1,Type1,2454.73737373737,742.929292929293
CATGATCTCGGGA,0,Type1,4538.13242009132,2823.05479452055
CTTATACTCGGGA,0,Type1,4985.26923076923,3435.67948717949
TTGCTACAGCGGC,1,Type1,2503.45454545455,906.25974025974
GTTGTACTCGTTA,0,Type1,1830.76666666667,3713.94444444444
CTTTTAGGATAAA,2,Type7,1491.7967032967,3156.91758241758
GATGGCGTCGGGT,3,Type7,3699.01910828025,5628.64331210191
CTGGTAGATAAAC,3,Type1,2741.54032258065,4946.87903225806
TACCGAGGATTTC,1,Type1,2173.25510204082,3812.64285714286
CCTGTAGAGCCCT,4,Type2,3126.53240740741,3605.12962962963
CCGTTAGGATCCG,0,Type1,4856.18571428571,2584.54285714286
CTGTGCGCTAGGC,4,Type2,3915.64210526316,3350.17894736842
ATAGCGGCTAGGC,6,Type1,4236.2,2914.96666666667
ACGTTATCTAAAA,0,Type1,1528.40659340659,4460.13186813187
GCCATATAGCCCC,1,Type6,4422.9797979798,2241.5505050505
ATACGCTTCGAAC,4,Type2,1410.34210526316,4568.89473684211
GTTACGTGATAAC,0,Type1,1987.59848484848,4810.76515151515
ATACATTCTACCA,3,Type7,3283.51612903226,3822.4623655914
ACGAGCTCTATTG,0,Type1,4124.39473684211,4859.03947368421
CTTCTATTCGGGA,0,Type1,2785.72670807453,5256.95652173913
TCTCCGTTCGCCT,0,Type1,5333.65151515152,4171.9696969697
ATTGTATCTAAAG,0,Type1,1829.09411764706,2510.85882352941
GAGGCGTCTATTC,0,Type1,5179.13173652695,3916.62275449102
CTGGGCTAGCTTC,0,Type1,4915.08673469388,2520.73469387755
CGTCATTAGCGGA,0,Type1,3021.00840336134,1561.19327731092
GATATATGATAAT,1,Type6,3612.22674418605,1171.56395348837
TGTAGCTCTAGGC,0,Type1,4928.33898305085,2373.81355932203
AATAGCTCTACCG,0,Type1,1398.13071895425,4241.07843137255
GATAGCTAGCTTA,1,Type8,3982.94861660079,4888.17391304348
CGCCGCACTACAA,3,Type2,4439.0,1586.44117647059
ATGCCGAGATGTT,0,Type1,4748.78873239437,2003.4014084507
AAAGTAGAGCGTT,4,Type2,3799.46987951807,3629.95180722892
CGGAATATCGGTT,1,Type8,2189.12631578947,1069.55789473684
AAGTTAAAGCGTN,0,Type1,4954.80740740741,3678.23703703704
CCGCTAAGATCAC,0,Type1,4408.55102040816,2446.39455782313
GTTGGCATCGACA,0,Type1,1637.90697674419,2225.16279069767
AGGCGCACTAACT,1,Type6,2813.44366197183,3006.52112676056
CTGGGCAGATGTC,0,Type1,4739.22857142857,3272.4380952381
AGTATAATCGTGA,4,Type2,5092.75925925926,4263.4537037037
AACTTAAAGCACG,1,Type6,2657.70629370629,4849.34265734266
AGCGGCACTAGTA,0,Type1,4592.6050955414,1984.09554140127
GGCGCGACTACAT,2,Type7,3566.65269461078,4634.32934131737
CAATGCCAGCGTN,0,Type1,3854.14851485149,3265.70297029703
GGAAATCAGCGTT,1,Type9,2519.40789473684,1457.65789473684
ATCTATCAGCGTT,0,Type1,5366.40789473684,3239.57894736842
CTCACGCTCGCAA,2,Type7,1897.07317073171,3534.89430894309
GTTAATCAGCGTG,2,Type1,2903.13924050633,1029.29113924051
ATAAGCCTCGGTG,1,Type6,1923.27777777778,2132.55555555556
CAGTCGCGATTGT,0,Type1,4809.10280373832,3314.67289719626
ATGCCGCAGCGTC,0,Type1,3380.27,1876.4
TGATTACGATGTC,1,Type6,3286.16666666667,652.362745098039
TAGAGCGGATCAA,5,Type4,3187.03174603175,2421.31746031746
CTGGGCGCTAACC,3,Type2,4045.91949152542,4696.38983050847
CTAGGCGCTAGTT,3,Type1,2168.83941605839,2254.68613138686
GGGTGCGGATTGT,3,Type2,3837.07246376812,3602.59420289855
TCGACGGAGCACA,0,Type1,2123.82222222222,3954.99259259259
TGGTATGCTACAC,0,Type1,5132.00492610837,3238.53694581281
TAATGCGCTATGT,4,Type7,2663.73469387755,4200.31292517007
CTCCTAGCTATGT,3,Type4,2552.9465648855,2815.73282442748
GTTGCGGCTACAT,1,Type6,2450.31666666667,3799.10833333333
CGCCCGGCTAACG,1,Type6,2504.00735294118,2193.66176470588
GGCAATGCTACAT,0,Type1,1816.14925373134,4607.51492537313
CTATTATGATGTT,2,Type7,5010.8389261745,4275.75167785235
TAAGCGTAGCTGG,1,Type6,1784.30769230769,4404.72307692308
GCTGCGTCTATGT,1,Type6,3546.56218905473,3424.63184079602
CCGTATTCTATGT,1,Type2,4416.46111111111,3521.02222222222
GACCGCTGATCAG,4,Type2,1297.07954545455,3277.54545454545
ATGCTATCTAGTC,0,Type1,4184.82089552239,3276.32835820896
GCCACGTAGCGTC,2,Type1,3852.9367816092,4184.20689655172
GCGGGCTGATACG,1,Type7,2125.51587301587,1143.06349206349
AACCATTCTATGC,0,Type1,1817.93333333333,2324.08148148148
CTGAGCTCTAGTA,0,Type1,2588.1724137931,5239.90517241379
GCGCCGTCTACAT,0,Type1,3869.87684729064,4183.57142857143
TGAAATTAGCCAT,1,Type1,3965.53333333333,5012.97142857143
ATCTTATAGCGTA,3,Type7,2734.11320754717,5546.54716981132
CCTAATTAGCGTA,0,Type1,3035.25438596491,967.90350877193
CACAATAAGCAGT,1,Type6,5393.71653543307,3404.04724409449
CTCAATAGATTCA,0,Type1,1759.95833333333,4546.41666666667
GGCCATATCGCTG,0,Type1,3791.76510067114,3493.69127516779
AACGCGATCGCTC,1,Type6,4660.8488372093,2479.26744186047
TTTGTACAGCCTT,0,Type1,4399.4406779661,1838.1186440678
AGAATACTCGTCC,0,Type1,3621.75925925926,3910.53240740741
CTCGCGCGATCTT,5,Type4,2672.34736842105,2006.8
GATCCGCAGCTCT,0,Type1,1677.27848101266,2434.03797468354
GCAGATCTCGAGA,1,Type6,3121.48461538462,2667.90769230769
CGGAGCGGATGAA,1,Type1,1164.85046728972,3740.66355140187
ATGTATGGATCTT,0,Type1,5511.67647058824,3591.75490196078
CCTAGCGAGCCTT,0,Type1,4938.30833333333,3429.8
CTACCGGCTACTT,1,Type6,2515.09230769231,2367.96923076923
CATCCGGAGATCT,1,Type1,4500.70138888889,2251.52083333333
AGAAGAGCTACTC,4,Type7,3785.17156862745,702.191176470588
GTATTAGCTATCG,4,Type1,3882.26704545455,5268.39204545455
GGAACGTGATCTT,0,Type1,3722.01041666667,1599.86979166667
GTCTCGTGATAGT,0,Type1,2651.11602209945,1571.46408839779
CTACGCTGATAGT,0,Type1,2531.26271186441,5450.24576271186
CCCCGCTCTAAGT,0,Type1,1246.86567164179,3376.5223880597
CATTCGTCTACTG,0,Type1,1501.34246575342,4598.2397260274
ATACTATCTACTG,0,Type1,1707.37037037037,4600.5462962963
ACCTTATTCGCTC,3,Type7,1885.329218107,1171.78600823045
TGCGGCTTCGGAG,2,Type2,3625.38666666667,4746.83333333333
CGGAGCTGATAGA,0,Type1,2735.35828877005,5243.12834224599
CGAAGCTCTATCT,5,Type3,2072.74324324324,3699.55405405405
ACTAGCTCTACTC,4,Type2,1442.54716981132,3242.82075471698
CTGCGCTTCGCTA,0,Type1,5155.22764227642,2812.08943089431
TGCGATTTCGGTA,0,Type1,2749.75796178344,1531.3821656051
TCTCCGAAGCTAG,1,Type1,2749.75,884.080882352941
AGCGCGAGATTAG,1,Type6,5109.96129032258,3430.2
AAAGATAAGCTAT,0,Type1,2466.40718562874,2469.34131736527
GGGACGACTAATA,0,Type1,2805.64227642276,3714.78048780488
GTTAGCAGATCGC,5,Type4,2690.51824817518,1879.47445255474
AACTATATCGCGC,0,Type1,5304.78212290503,3455.16201117318
CGTGCGCTCGTAA,1,Type6,2046.28220858896,2167.88957055215
CTTAGCCGATATT,2,Type1,2314.82706766917,3736.88721804511
ATGGATCTCGTAC,3,Type8,1627.63565891473,1128.19379844961
GAGGTACAGCATC,3,Type2,2192.55,2662.18
TCGTTACTCGCGC,1,Type6,1842.98550724638,4302.5652173913
CTCATAGGATATT,4,Type1,2904.60227272727,4753.21590909091
ACCTTAGTCGATT,0,Type1,5156.74117647059,4220.69411764706
AAAACGGAGCTAA,0,Type1,5198.80487804878,2865.89430894309
CGACTAGAGCTAA,0,Type1,4753.70718232044,2047.1270718232
ACTGCGGGATCGT,4,Type2,2657.55913978495,3009.20430107527
AACATAGTCGGCA,3,Type7,3051.61486486487,1039.89864864865
TAATATGCTAGCA,1,Type1,3744.46610169492,3083.3813559322
ACACGCGCTATAC,5,Type4,2675.7225433526,2381.8612716763
ATTTGCGGATTAG,1,Type7,3857.54901960784,3370.30065359477
AATAATGGATATA,2,Type4,3342.20879120879,825.494505494505
ATTCATGTCGCGC,3,Type7,1718.78991596639,4997.41176470588
AGGAATTAGCGCC,0,Type1,1386.06944444444,3371.47222222222
CACTATTTCGTAC,3,Type1,3237.88709677419,1169.65053763441
TTCCGCTTCGTAC,2,Type1,5495.42723004695,3586.17840375587
CCATATTCTAATG,0,Type1,5287.00518134715,3705.66839378238
AGAAGATCTAATG,0,Type1,4667.575,3638.575
TAATCGTCTAGCT,3,Type7,4101.42276422764,3344.62601626016
TCGTGCTAGCCGA,1,Type6,4363.34234234234,2213.38738738739
TACATATTCGTAT,0,Type1,1986.67567567568,3809.66216216216
GCAAGCTGATGCG,1,Type6,2331.47058823529,4255.38655462185
ACAGTATGATCGC,0,Type1,3390.54838709677,3706.87634408602
GCCTCGTCTAATA,0,Type1,5023.96531791908,2587.52023121387
ACTGCGTAGCTAT,4,Type7,5043.77727272727,4158.02727272727
CAGCATTAGCCGC,0,Type1,2753.40236686391,2980.12426035503
GCGGATTAGCATA,0,Type1,4253.45774647887,3222.08450704225
ACCGTTAATCTAT,0,Type1,1727.42574257426,4685.0396039604
ATCGTATACATCA,5,Type4,1704.09090909091,2904.26262626263
CGTCAAATAATAG,4,Type7,3308.0297029703,3857.28712871287
TTTGAAAATTGGG,4,Type2,3921.14880952381,3232.68452380952
CAAAGGACGGGGG,2,Type6,4975.0,3179.4765625
TGAAGGAGCCGGG,1,Type4,2931.01369863014,2176.6095890411
GAAAGGAGCCTTG,1,Type1,3165.32258064516,511.258064516129
TACTCCATAACCA,0,Type1,4283.38805970149,5271.97512437811
ATCTGGAATTGGA,0,Type1,4776.21126760563,2464.15492957746
ATTGGGAGCCTTC,3,Type7,1668.12556053812,4090.39910313901
GAAGCCAGCCAAG,0,Type1,4274.43772241993,2888.08540925267
CACGGGAGCCCCT,6,Type1,4563.37179487179,1903.70512820513
AGTCCCACGGGGC,4,Type2,1550.47826086957,2386.17391304348
CGAGGGAGCCCCG,5,Type4,2917.34426229508,1871.50819672131
GTCGGGAGCCCCG,0,Type7,1120.72661870504,3936.05755395683
GAGGCCCCGGGGG,0,Type1,4729.80681818182,2306.98863636364
TACCTTCATTTTT,0,Type1,2641.40101522843,3292.71065989848
CTCAGGCGCCCCC,1,Type6,3196.03225806452,2051.36559139785
GAATGGCCGGTTN,1,Type6,2573.40697674419,1448.61627906977
AAGATTCTAAAAC,4,Type2,3159.90756302521,5568.52100840336
TTCCAACCGGCCT,0,Type1,2844.84,3731.74
CTCGCCCTAAGGA,3,Type7,4397.71818181818,3654.78181818182
ATTGCCGGCCCCC,0,Type1,4136.89430894309,4971.0325203252
ATAACCGGCCCTT,0,Type1,1585.77894736842,3325.37894736842
ATCCTTGATTAAA,4,Type1,2264.37967914439,4376.66844919786
CGTTCCGCGGGGG,3,Type2,1694.52222222222,1463.71111111111
CTCGTTGCGGGGG,3,Type1,3006.59459459459,1097.18243243243
TGGGTTGGCCGGT,1,Type6,4092.09042553192,2272.92553191489
CCCTTTGGCCCCT,2,Type1,4601.11111111111,3552.61728395062
GTCGCCGTAATTA,4,Type2,2672.6130952381,3054.04761904762
CTCGAATTAACCA,5,Type4,2073.81208053691,1281.3288590604
GTAACCTTAACCA,1,Type1,5130.096,3636.24
AAAGCCTCGGAAC,4,Type2,4578.80821917808,3826.82191780822
GAGTTTTCGGTTG,0,Type1,5072.56097560976,3819.0406504065
AGCGTTTCGGGGT,0,Type1,2212.03225806452,3816.14193548387
GCAACCTATTGGA,0,Type1,5205.45089285714,4348.50892857143
TCCCCCTTAAGGC,1,Type1,5239.18269230769,3803.97115384615
TGTTGGTGCCTTA,3,Type7,2385.14666666667,5239.32666666667
ATACTTTGCCTTA,3,Type11,3112.50597609562,4389.26693227092
TTCTCCTATTGGC,1,Type1,3495.7696969697,1900.98787878788
GAGATTTATTTTA,3,Type8,2037.04705882353,1111.02352941176
GTTGCCAATTCAA,0,Type1,5182.62433862434,4305.01058201058
GAGAGGAATTTGG,0,Type1,5283.94186046512,4195.27906976744
GAGAAAAGCCGTT,0,Type1,1717.92207792208,4255.97402597403
TTCCCCATAAACC,2,Type1,1679.30172413793,3659.04310344828
CATAAAATAACAA,4,Type1,5340.17142857143,3176.77142857143
TGGACCAATTACA,0,Type1,3666.56551724138,4573.5724137931
GTCAGGAATTTGT,1,Type6,3440.84259259259,624.685185185185
TCGCTTAATTGTG,0,Type1,3460.42477876106,701.504424778761
CGTTAAACGGCAC,6,Type2,1540.68421052632,5033.35087719298
GTAAGGATAACAN,0,Type1,4594.39024390244,2747.30894308943
AAGCCCACGGACT,4,Type1,1699.69784172662,3374.60431654676
GAGATTAGCCACT,0,Type1,1536.63043478261,4605.6847826087
GCCCTTATAATGA,0,Type1,1165.2,4130.77333333333
GGTTAAAATTCAT,0,Type1,5045.64705882353,3691.76018099547
GTTTCCACGGTGC,0,Type1,2454.36111111111,3563.47916666667
GCATAAACGGTGC,0,Type1,5174.38636363636,3347.47727272727
TACTGGAGCCTGC,0,Type1,1231.40277777778,3739.5
TAATAACGCCTGG,0,Type1,2402.88775510204,4298.32653061224
CGAGCCCCGGCAN,0,Type1,5006.72093023256,3724.05426356589
TCGATTCCGGGTG,4,Type2,3719.60326086957,5635.52717391304
AAATTTCTAACAC,4,Type2,3081.57297297297,3617.86486486487
CTCATTCGAACAC,5,Type4,4969.93908629442,3081.71573604061
GCGCTTCGAACAC,5,Type4,2564.3,4212.44
CAGATTCTAACAG,2,Type1,4216.225,4773.86875
GACACCCGCCACT,0,Type1,4850.13008130081,2367.19512195122
GATAGGCGCCTGA,0,Type1,1671.29078014184,3519.63120567376
ATCAAACCGGGTA,0,Type1,2559.71751412429,5339.18644067797
TGTGTTGGCCGTT,0,Type3,2194.08974358974,5061.94230769231
GTGAAAGGCCCAC,0,Type1,1623.00806451613,4504.95967741936
GTCCCCGGCCCAC,1,Type4,4223.99319727891,1635.23129251701
CGGTCCGCGGGTG,0,Type1,1727.80198019802,3659.59405940594
CACTCCGCGGCAN,0,Type1,1878.02919708029,4967.78832116788
AGAATTGGCCTGA,2,Type1,2788.96062992126,2983.05511811024
AACGTTGATTGTC,5,Type4,3989.54098360656,1640.69398907104
ACGTGGTGCCTGG,1,Type6,3189.1959798995,2189.71859296482
CGGCGGTCGGCAA,3,Type3,4608.80790960452,4032.98870056497
CGTCTTTATTCAA,0,Type1,3724.72083333333,4605.06666666667
GCGATTTTAAACA,4,Type2,2633.80172413793,2940.15517241379
CCATTTTCGGTGT,0,Type1,3677.31896551724,637.525862068965
AACGGGTCGGGTG,4,Type7,4888.28395061728,2219.31481481481
AGGCCCTTAACAG,0,Type1,1245.84137931034,3638.13103448276
AAAATTTGCCGTC,2,Type1,2634.41111111111,4909.87777777778
TACCTTTGCCGTC,0,Type1,2635.16666666667,3990.84
GGAGAATGCCGTC,1,Type4,2411.36697247706,926.899082568807
ACGCTTTATTGTC,0,Type4,3846.71755725191,4926.09160305344
GAGTGGTGCCACG,0,Type1,3820.43046357616,2691.34437086093
AATTCCTGCCCTA,4,Type7,5070.75652173913,4198.38260869565
CCGGAATCGGACG,0,Type1,2005.47222222222,4491.38194444444
GTTATTTATTGTA,0,Type1,4333.75119617225,2667.64593301435
GACCGGTATTACG,2,Type7,1428.87640449438,4782.79213483146
CTACAAACGGGAA,0,Type1,5181.28,2821.99333333333
TAATAAAGCCCTC,1,Type1,2695.77528089888,1134.87640449438
AACATTAGCCCTA,0,Type1,4717.93037974684,2169.82911392405
AAACTTCGCCAGT,3,Type1,2546.30344827586,4737.19310344828
AACAGGCGCCAGT,3,Type7,2797.19607843137,5568.11111111111
CAGGGGCATTAGA,4,Type7,3046.67346938776,1484.9387755102
GTGTGGCGCCTCT,3,Type7,1424.19298245614,4679.14035087719
GGCACCCATTCTA,0,Type1,2928.63,4804.635
ATGACCCTAACTA,3,Type7,1901.55837563452,3642.82233502538
AACCCCCGCCAGC,4,Type2,3426.11475409836,4271.52459016393
AAAACCGATTCTT,4,Type7,4881.89763779528,2233.85826771654
AAGGAAGATTCTG,4,Type7,1259.609375,4437.3046875
GACGCCGGCCCTC,3,Type1,1470.47826086957,4651.80869565217
CAGACCGTAAAGA,0,Type1,3144.90780141844,1478.56028368794
CGGATTGGCCAGC,0,Type1,2012.11363636364,3831.4696969697
CCAGAAGCGGCTA,0,Type1,4970.31111111111,3719.51111111111
GCACTTTATTCTT,1,Type6,5341.22321428571,3619.91071428571
AGATCCTATTCTT,1,Type6,2400.03669724771,1284.37614678899
GAACGGTGCCCTC,0,Type1,4595.0,2465.42207792208
ATGTTTTATTCTA,4,Type2,4505.22891566265,3735.48192771084
CATCTTTATCTCG,0,Type1,4167.01176470588,3269.09411764706
CTACCCAGCCCGG,4,Type2,1748.22784810127,2572.6582278481
CCTATTACGGGCA,0,Type1,3772.81853281853,3909.14671814672
GATGAAAATTGCG,1,Type1,2676.368,5185.76
ATGGCCACGGTAN,0,Type1,1598.0,4291.93269230769
CGAATTACGGGCG,0,Type1,5122.64379084967,3328.60130718954
GCTCAAACGGTAT,3,Type3,2411.08620689655,4489.87356321839
TGTCCGAGCCCGC,0,Type1,2521.2972972973,668.531531531532
TCTCGGATAAGCG,0,Type1,2898.91139240506,3661.15189873418
ACCAAACGCCATT,3,Type4,2741.01960784314,1339.00653594771
AACTGGCCGGATC,0,Type1,1741.9296875,2514.328125
GAATTTCATTATC,0,Type1,3315.12195121951,3546.06707317073
TCTGTTCGCCATC,4,Type1,2302.01694915254,1130.63559322034
GGGGGGCATTATA,0,Type1,4133.65789473684,3083.42105263158
GAGCTTCTAACGC,0,Type1,4196.61142857143,1619.81142857143
ATCTTTGGCCCGG,2,Type11,5606.54022988506,4837.12643678161
GACCAAGGCCCGA,1,Type1,2319.896,1419.688
ATGCGGGGCCATC,2,Type1,3844.96,4115.624
GACATTGCGGATA,4,Type1,3727.51555555556,4795.57333333333
CTAACCGCGGTAT,3,Type3,2169.78,4731.85333333333
TGGGCCTGCCGCA,3,Type1,1597.46464646465,2383.88888888889
ACAAGGTGCCTAC,0,Type1,2695.21787709497,4315.53072625698
CGATTTTCGGTAC,1,Type6,3263.0472972973,2855.55405405405
TCGCAATATTCGT,3,Type1,5144.38659793814,2328.91237113402
GATCTTTTAAATC,1,Type6,3615.38759689922,4138.24031007752
TGAAGGTATTATC,0,Type1,2864.97222222222,631.986111111111
GTATGGTTAAATA,0,Type1,3456.25,3680.215
AGGGGGTATTATA,2,Type1,3811.65909090909,4876.45454545455
CACCACAATTCCC,4,Type7,1990.96812749004,4982.70517928287
ACTTACAATTGGG,3,Type3,3215.71153846154,4477.24519230769
TTCAACAGCCGGT,3,Type7,3797.63392857143,729.339285714286
AAGTACAGCCCCA,0,Type1,4974.67973856209,2632.32026143791
TCTTTGATAAGGT,0,Type1,5372.95364238411,3495.92715231788
CTCATGATAACCA,0,Type1,1456.955,4588.17
CTCCTGACGGTTC,1,Type6,3051.1677852349,1700.28187919463
TATTTGACGGTTC,1,Type6,1993.85294117647,1542.17647058824
CTAAGTAGCCTTC,0,Type1,4151.89473684211,1497.28947368421
AGCGGTATAACCT,0,Type1,2752.92385786802,2702.28934010152
GTGAACCGCCGGG,2,Type1,4464.40425531915,3216.21276595745
GAAGTGCCGGCCA,1,Type6,2686.85987261147,4881.75796178344
TCATTGCATTAAC,0,Type1,5075.55113636364,3848.65909090909
GCAGTGCGCCCCT,0,Type1,2886.54929577465,1563.08450704225
GTGCGTCGCCCCT,0,Type1,2466.74299065421,2534.07943925234
TGCGCACGCCGGA,0,Type1,1759.96132596685,4840.29834254144
GGCTACCTAAGGC,5,Type4,3923.16666666667,2632.47368421053
TCACCACGCCAAT,3,Type1,1763.93055555556,4883.72916666667
GTCCCAGATTTTT,0,Type1,3898.04210526316,1414.5
ATTTCAGCGGGGG,4,Type2,3334.6847826087,1255.13043478261
TCAGACGGCCCAC,0,Type1,3243.06578947368,1586.36842105263
TTATACGCGGGGT,0,Type1,3060.62229102167,5106.31269349845
CTCTGTGGCCCTC,5,Type3,2776.73571428571,2157.32142857143
TGTTACGTAATTC,3,Type7,1747.10659898477,3353.45177664975
ATCGCAGCGGGGA,2,Type7,1909.21875,3477.72916666667
AATCACGCGGGGC,0,Type1,5156.57837837838,2781.04324324324
CATAACGCGGGGC,2,Type7,2259.49382716049,959.049382716049
AGCAACTCGGGGG,0,Type1,5127.20618556701,4173.0824742268
CAGTGTTCGGAAC,3,Type3,1620.40366972477,5035.82568807339
CCTGACTGCCAAG,4,Type2,2116.27044025157,4701.62893081761
ACCCTGTCGGCCT,0,Type1,1448.56488549618,4483.88549618321
ATTTACTCGGCCT,0,Type1,4307.60070671378,4981.49116607774
ATGTGTTCGGGGA,1,Type6,3770.55865921788,1181.32402234637
TGACTGTCGGGGA,3,Type2,3794.05109489051,623.014598540146
GAGGTGTTAAGGN,1,Type4,2430.55,1418.44
GACCCAACGGTGG,4,Type1,4308.66492146597,3434.4554973822
CCGACAAGCCACC,0,Type1,3617.21951219512,4463.35975609756
ATTCCAACGGGTG,0,Type1,3894.95744680851,4864.66666666667
TGGTACACGGGTC,3,Type7,2991.8243902439,4806.05365853659
CTCTCAACGGACT,2,Type2,1156.22784810127,3378.08860759494
TCATACAGCCTGA,0,Type1,3549.4358974359,570.444444444444
GCTGGTAGCCACT,1,Type1,2341.08474576271,3814.43220338983
ATAGTGAGCCTGA,0,Type1,5334.824,3929.568
TACCTGAATTGTA,3,Type4,2975.75384615385,2199.10769230769
TGCCCAATAACAT,0,Type1,3313.54320987654,3505.83333333333
CGTGGTCATTGTT,1,Type1,1922.32317073171,1268.65243902439
AATTGTCTAAGTT,1,Type6,3134.27272727273,605.860962566845
GATGGTCGCCACC,0,Type1,4230.96818181818,4924.59545454545
CCAACACTAATGT,0,Type1,4576.91715976331,1924.05917159763
TCAAACCGCCACA,0,Type1,2743.37062937063,1416.36363636364
TGTGACCGAACAC,5,Type4,2745.1484375,1828.5234375
ATCCCACGAAACA,1,Type6,4019.84615384615,2425.28205128205
CGCTTGCGCCTGT,0,Type1,1339.61290322581,3308.11827956989
GATAACCGCCTCA,1,Type6,3122.73015873016,1973.43650793651
GCACTGCCGGCAG,1,Type1,2999.46440677966,1648.96949152542
ACGGTGCATTGTC,0,Type1,5267.96951219512,4041.67682926829
CACATGCTAATGA,3,Type7,1908.31313131313,3576.46464646465
TTATACCGCCCAG,1,Type6,3307.86330935252,3380.07913669065
AAGTCAGGCCGTT,1,Type8,2046.80291970803,4626.92700729927
ACTTCAGTAAGTT,1,Type6,3865.15228426396,4646.26395939086
GAAGTGGATTGTT,1,Type6,4479.47142857143,1939.07857142857
CTAGGTGATTGTT,4,Type2,3927.26490066225,3340.72847682119
CATCTGGTAAGTG,2,Type4,4343.42857142857,4678.92063492064
CCACTGGCGGTGT,2,Type1,4569.66666666667,2783.24528301887
AGCGGTGCGGCAC,0,Type1,1635.38194444444,3448.64583333333
AGATCAGGCCCAG,0,Type1,3772.71428571429,2928.62637362637
CCTAGTGATTACT,5,Type4,1782.488,4342.616
CCATCAGCGGGTC,0,Type1,4663.59829059829,2224.79487179487
TCTCACGCGTTGA,4,Type1,4735.97520661157,3801.87603305785
CTGCACGGCCGTA,1,Type6,2676.31617647059,5216.875
CTCCGTGGCCCAT,1,Type6,4367.47651006711,2061.80536912752
TCGTTGGGCCCAT,0,Type1,1623.26946107784,4478.29940119761
ATGCCAGTAAGTA,0,Type1,3796.77456647399,4797.87861271676
ACTACAGTAAGTA,5,Type4,3313.6320754717,2391.72641509434
GCCCTGGCGGGTA,2,Type1,1668.07486631016,3207.97860962567
ATTATGTGCCTGG,0,Type1,4756.27272727273,3755.98545454545
TGGTCATCGGCAA,1,Type1,2427.56462585034,1080.71428571429
TCACACTCGGGTT,1,Type1,4243.91338582677,3336.13385826772
GGTGGTTATTTGG,5,Type4,2774.21538461538,1772.63846153846
CATACATATTGTT,0,Type1,4410.37556561086,1810.14027149321
TCCACATGCCCAC,4,Type2,5540.65420560748,3568.09345794393
CGTCCATGCCCAC,0,Type1,4813.05283018868,2327.88301886792
TGATACTGCCTGT,3,Type1,1829.84285714286,1403.87142857143
CGTGACTCGGCAC,3,Type1,2384.63057324841,1563.74522292994
TACACATATTCAC,1,Type1,4094.47682119205,5229.39735099338
GCATGTTATTACA,0,Type1,3387.32283464567,798.511811023622
GCACGTTTAAGTC,0,Type1,4464.525,3420.975
CCTCCATTAAGTC,0,Type1,1608.88349514563,4672.10194174757
TAGAACTGCCCAG,0,Type1,1760.63709677419,2342.52419354839
ACAGACTATTGTC,1,Type6,2561.85217391304,1190.44347826087
CATCGTTGCCGTA,4,Type1,5146.08372093023,4369.00465116279
GTTCAGTATTTGC,0,Type1,3213.10169491525,864.593220338983
TGACTGTATTCAT,0,Type1,1886.34183673469,4649.05612244898
GGGGACAGCCTCC,1,Type1,2631.43119266055,5017.88990825688
CAGTTGAATTCTG,1,Type6,1881.83333333333,4263.975
ACCAACAGCCTCA,1,Type8,4861.22680412371,2918.77835051546
TGATACCTAAAGG,4,Type2,4720.02836879433,1859.7304964539
GGGTGTCGCCTCC,3,Type7,2505.152,4906.372
TCCCTGCGCCTCA,4,Type7,3469.68,863.816
GTAATGCATTCTA,4,Type2,3358.85625,4192.39375
CTCCTGCTAAAGC,4,Type7,3320.11560693642,5493.80924855491
ACAGACGATTCTT,3,Type7,1861.29139072848,2033.81456953642
ATACGTGCGGCTT,4,Type2,5002.38912133891,4140.30962343096
ACGAGTGCGGGAA,1,Type1,5047.96703296703,3296.95604395604
AAACTGGTAATCA,0,Type1,3903.84049079755,5270.55828220859
GCAAACGTAATCA,0,Type1,2780.52755905512,4661.96850393701
CCGTCATCGGTAC,0,Type1,4926.25,4567.21052631579
CTGGACGGCCAGA,1,Type1,4662.64189189189,2377.64189189189
TCCAGTGATTTCG,3,Type6,1807.69421487603,1572.22314049587
ATCCCATGCCGAA,3,Type4,2730.91869918699,2361.57723577236
GTTAGTTTAAAGT,0,Type1,4783.75155279503,3809.14596273292
AGCAACTGCCTCT,0,Type1,2776.09604519774,4535.28813559322
AGACACTCGGCTC,6,Type3,2116.58015267176,5376.03816793893
ACGGCATCGGGAG,4,Type2,4124.22602739726,3366.26712328767
TCAGTGTCGGTCG,5,Type4,3127.88405797101,2343.35507246377
ATCGACTCGGTCG,6,Type7,2039.5035971223,3789.89928057554
CGCTCAAGCCTAA,4,Type7,2015.18548387097,1184.54032258065
GCTCCAATAACGA,1,Type1,2240.82051282051,1929.48076923077
CTGGCAACGGCGC,5,Type4,2334.73282442748,924.603053435114
ACCAGTCCGGCGG,2,Type7,4659.42307692308,3915.84615384615
AGTCTGCCGGGCC,4,Type2,1523.73722627737,3257.87591240876
AGTATGCATTCGG,0,Type1,3723.01104972376,4508.00552486188
CTCATGCATTCGG,0,Type1,2139.63636363636,4364.99090909091
ATTGCACGAATAA,0,Type1,4003.60606060606,4622.76767676768
GTTCCACTAAATG,1,Type6,4104.76300578035,2286.05780346821
TCCCACCGCCCGT,3,Type1,4084.125,4439.25520833333
CGCCTGCATTATC,3,Type2,3260.23350253807,4031.82233502538
GGATTGCGCCATA,0,Type1,4118.59641255605,3142.52914798206
GAAACAGCGGTAT,0,Type1,2845.91452991453,4699.47008547009
GCACCAGCGGTAA,1,Type6,3576.59210526316,1203.81578947368
CGTTGTGCGGTAC,3,Type4,2264.55555555556,3738.63247863248
AAATACGCGTTAG,1,Type1,5391.57142857143,3876.64705882353
TCGTGTGCGGCGA,0,Type1,3513.24545454545,4374.09090909091
CAGGCAGCGGATA,4,Type2,4740.00628930818,3835.64150943396
AATCCAGCGGATA,4,Type2,3000.29770992366,1479.79389312977
GTCTCATCGGCGT,0,Type1,1206.18867924528,3752.29245283019
GGCGGTTATTGCA,4,Type3,1863.58139534884,1591.27325581395
GCAAGTTGCCTAT,0,Type1,4942.83529411765,2479.18235294118
GGCAACTATTTAT,0,Type1,3080.01503759398,5234.08270676692
GCTTAGATAAAGG,0,Type1,1724.25,4699.53472222222
CCAATCACGGGGG,4,Type1,4940.87272727273,3935.4303030303
GACAAGAGCCTTG,2,Type7,1879.4962962963,2038.57777777778
CTCATCACGGCCT,1,Type9,2392.744,968.12
CCATAGAGCCTTC,3,Type1,4412.66666666667,5143.48366013072
GAGGCTAGCCTTC,1,Type1,3804.36912751678,2849.5033557047
CTCAAGAATTGGC,4,Type1,3320.85294117647,3746.75735294118
TCCTTCAGCCCCG,1,Type6,4070.19090909091,1980.44545454545
TGGAGACCGGCCC,3,Type7,5063.21985815603,4509.48936170213
GCATGACCGGGGG,0,Type1,1844.66459627329,4675.9751552795
AGCCGACATTTTT,5,Type1,2788.0447761194,864.059701492537
CTGGGACGCCTTT,1,Type1,5299.04891304348,3629.9402173913
TGTCAGCCGGGGT,0,Type1,3963.10638297872,4538.03191489362
TCCTAGCGAACCA,0,Type1,3860.27979274611,4199.72538860104
CAGTTCCCGGCCT,0,Type1,4758.92953020134,3189.08389261745
AAAACTCATTTTC,0,Type1,1627.74885844749,4718.94063926941
TTCTTCCATTGGA,1,Type1,4874.94974874372,3421.09547738693
GTATAGCATTAAG,0,Type1,4361.09523809524,2546.75510204082
CGGCGACTAACCT,2,Type1,2182.92,1594.87428571429
CTGCAGCGCCGGA,4,Type7,3301.74418604651,5479.46511627907
AAACCTCGCCAAT,4,Type2,1925.0,5056.7027027027
AGGTAGGGCCTTT,0,Type1,5340.57894736842,3203.70526315789
GCGTAGGGCCAAA,3,Type7,1079.45714285714,3810.33333333333
GCGTCTGCGGTTT,1,Type1,1800.42528735632,2198.38697318008
AAGGCTGGCCTTG,6,Type1,5009.68047337278,3617.5325443787
TCACAGGCGGCCA,0,Type1,5046.41958041958,2631.72027972028
CTGTGAGGCCGGA,3,Type1,5397.76923076923,2908.37606837607
TCGGTCGGCCAAG,0,Type1,1231.15037593985,3632.05263157895
TATAGAGGCCAAT,4,Type2,2159.69014084507,2615.40845070423
GTGGGAGCGGGGC,3,Type1,3375.9801980198,565.673267326733
GTTGCTTGCCCCC,1,Type6,2690.90404040404,5307.19191919192
GAAGCTTGCCTTT,3,Type4,2283.03973509934,4458.41059602649
CCTCGATGCCTAA,0,Type1,3812.31707317073,5566.29268292683
GAATCTTTAAGGT,3,Type2,3917.75,4231.78571428571
AGCGAGTTAATTG,3,Type7,2513.38805970149,4739.48507462687
TGCAAGTCGGAAC,0,Type1,5063.07236842105,3139.80921052632
CATAAGTCGGCCA,3,Type7,4510.58870967742,3830.99596774194
GGACCTTATTTTA,0,Type1,5295.09589041096,3539.7397260274
CCGTGATGCCGGA,4,Type2,5093.30769230769,4417.55128205128
CGTGGATGCCTTA,1,Type1,5376.12605042017,3877.71428571429
AACGTCTATTAAT,0,Type1,1937.00609756098,2472.9512195122
TTTTAGACGGCAA,1,Type6,1938.12244897959,1158.31292517007
CCAGGAACGGGTT,2,Type1,5195.86153846154,3261.29230769231
CGAGCTACGGGTT,0,Type1,3487.10294117647,779.345588235294
TGGTAGAGCCCAA,4,Type2,3917.58252427184,3294.46601941748
CTGTCTAGCCGTT,1,Type4,2086.79470198676,1137.6357615894
CCTAAGATAAACC,0,Type1,2765.62921348315,4651.94943820225
CGTCTCAATTGTG,4,Type7,2607.83333333333,5506.72807017544
CCTTCTAATTACA,2,Type3,4023.53097345133,4663.47787610619
CGATTCAATTGTG,0,Type1,4567.43181818182,3614.70454545455
GTCTAGAGCCGTG,5,Type1,1719.64516129032,4438.60483870968
CCGTCTAGCCTGT,2,Type1,3153.70289855072,524.536231884058
CTAGTCACGGCAG,0,Type1,3767.35359116022,2971.8729281768
TTATGAAGCCGTC,0,Type1,1786.08379888268,3520.45810055866
ATAGGAAAAAGTA,0,Type4,2415.14432989691,4686.28350515464
ACCGGAACGGAGC,4,Type2,2113.32857142857,3801.52142857143
GGCCAGAGCCACG,4,Type4,2728.94915254237,582.415254237288
CGGACTCCGGCAC,0,Type1,4352.37551020408,5087.95510204082
AACCTCCATTCAC,4,Type7,1164.83064516129,3465.64516129032
TGAGAGCTAACAC,0,Type1,5428.95726495726,3653.78062678063
CTTAAGCTAACAG,0,Type1,4060.64179104478,5011.52985074627
GTGGGACTAACAG,1,Type1,3527.45588235294,594.867647058824
GTCCCTCTAAGTC,4,Type2,4110.27179487179,4799.82051282051
CCCGCTCGCCTGA,0,Type1,2796.0,4614.51351351351
TGGGTCCATTCAT,0,Type1,3092.08152173913,5546.82065217391
AAAACTCATTACG,0,Type1,1580.17931034483,4264.89655172414
CTACGACTAACAT,1,Type6,2424.54237288136,1856.71186440678
GTCGAGGGCCGTT,0,Type1,1557.13194444444,4498.59027777778
CGCGAGGGCCTGT,0,Type1,4894.3313253012,3393.16265060241
GAAGCTGTAAACA,1,Type11,1642.93442622951,1172.01639344262
TTCGGAGTAAGTG,0,Type1,1637.0875,4550.7375
ACACCTGATTGTG,1,Type9,1852.91954022989,2114.59770114943
GAGCGAGATTACA,0,Type1,3784.41610738255,4857.27516778523
GGCAGAGATTACA,0,Type1,3822.97222222222,4956.27777777778
ACGTAGGATTGTG,1,Type6,4944.3645320197,3198.05418719212
CGGGAGGGCCCAT,4,Type1,2803.67021276596,1507.07446808511
TATGCTGTAATGC,0,Type1,3349.53333333333,3827.1649122807
TTAGAGGATTCAT,4,Type2,1563.00471698113,3280.90094339623
TCAAGAGCGGCAT,2,Type1,4897.93043478261,3591.08695652174
TGTGCTGCGGGTA,0,Type1,1759.19879518072,4649.49397590361
TCTATCTTAACAA,3,Type3,5478.01675977654,3232.73184357542
GATCTCTGCCGTT,5,Type4,2760.42,2086.80666666667
AACCCTTATTTGG,1,Type1,3573.66972477064,621.165137614679
GTACCTGTAAGTG,0,Type1,1922.78048780488,5005.21951219512
ATTGAGTGCCCAG,0,Type1,3738.63157894737,3579.93859649123
TCTCTCTATTCAG,4,Type2,3291.6962962963,3754.60740740741
CTCGAGTGCCGTA,0,Type1,1300.66459627329,3454.31677018634
TTTGCTTATTGTA,2,Type1,2072.12169312169,1520.83068783069
TCCTAGTATTGTA,0,Type1,2114.75776397516,4425.16149068323
CTGAGATATTTGC,1,Type8,2005.5421686747,911.048192771084
GACTAGTATTGTA,2,Type7,4039.48953974895,4300.5230125523
TGAGGAACGGCTT,0,Type1,1273.79914529915,3764.05128205128
ATCATCAGCCGAC,2,Type1,4082.64429530201,3104.15436241611
CGAGCTAATTTCT,3,Type9,2506.84375,1031.33333333333
CGTGTCAGCCCTA,0,Type1,4905.46875,3369.16875
GAATAGCGCCTCC,4,Type2,2251.37234042553,3687.53191489362
ATACCTCGCCTCC,0,Type1,3030.14583333333,1574.26388888889
TGCTAGCGCCAGG,0,Type1,5160.94416243655,3028.83248730964
TAGATCCCGGTCA,3,Type9,2525.48344370861,1252.16556291391
GGGCTCCGCCTCT,1,Type1,2977.50812064965,3216.52204176334
TCACTCCTAAAGC,0,Type1,1712.53125,3985.84375
GAGCGACGCCAGC,1,Type6,2728.9792746114,4934.72020725389
GCTGTCGCGGCTN,0,Type1,4512.98795180723,3419.69879518072
GTGGGAGGCCAGT,0,Type1,1882.04511278195,4375.84210526316
TCATCTGCGGTCA,1,Type1,5066.35326086957,3293.89673913044
TGGGCTGATTAGT,0,Type1,4016.63440860215,1730.76344086022
CATTTCGATTCTC,5,Type4,4192.08527131783,5003.65891472868
CTCGTCGCGGTCT,0,Type1,4112.16981132075,3221.23113207547
AGTGCTGGCCGTA,0,Type1,5380.52136752137,3937.91452991453
TCGAGAGTAACTA,0,Type3,2161.1625,1782.68125
TTTCGAGATTAGC,1,Type1,3363.06896551724,610.48275862069
CCTAAGTTAATCC,0,Type1,4592.26886792453,2848.45754716981
CCCAGATCGGCTT,3,Type7,2815.34677419355,3771.46774193548
CTACGATCGGAGG,3,Type1,2989.71844660194,5289.45631067961
GAATGATCGGGAC,0,Type1,1330.49541284404,4329.23853211009
AGTACTTGCCAGA,0,Type1,3998.65671641791,4813.08955223881
TAGTTCTGCCCTA,0,Type1,1171.76829268293,3491.39024390244
TCGAAGTGCCCTA,4,Type2,3498.28181818182,860.045454545455
CCTGAGTATTAGC,0,Type1,3909.19858156028,4926.48226950355
TATCCTAATGTAA,0,Type1,3834.4269005848,1687.72514619883
AGCGCTAATTGCC,4,Type2,5313.14598540146,3059.30656934307
ATTCAGAATTATG,3,Type1,2473.67796610169,1197.6186440678
GATGTCAATTGCN,0,Type4,3543.50704225352,4374.98591549296
CTTCCTAGCCTAC,0,Type1,4168.3850931677,1498.95652173913
ACGCTCAGCCATG,1,Type6,2874.95918367347,2074.75510204082
CGCAAGATAATAC,0,Type1,4360.66990291262,3315.60194174757
GAATGAAGCCATC,0,Type1,5031.25,3124.05263157895
GGATAGAGCCTAG,0,Type1,1503.98139534884,4497.81860465116
CGCCTCATAAGCT,0,Type1,1479.91244239631,4568.60829493088
GTGTTCCATTCGG,2,Type4,1716.85795454545,1094.03977272727
GTCGCTCATTTAA,0,Type1,1914.70634920635,3171.14285714286
AAACCTCATTTAC,4,Type7,1240.96648044693,3297.00558659218
TACGAGCATTTAC,2,Type1,5089.82417582418,2875.72527472527
TGAACTCGCCTAG,2,Type7,4210.64356435644,1382.9900990099
CGGCTCCATTGCG,1,Type1,4704.23938223938,2495.27413127413
GCACTCCATTGCG,0,Type1,1513.59420289855,4429.33333333333
AGCCTCGCGGATT,3,Type7,2743.4854368932,4370.29126213592
CATATCGCGGCGG,0,Type1,3056.10447761194,5264.29850746269
CGACCTGGCCATG,2,Type1,2736.20283018868,5344.79716981132
CGAAGAGCGGTAN,2,Type1,2690.68125,5460.73125
CGGGCTGGCCATC,0,Type1,1643.69590643275,2454.61403508772
GCTGCTGGCCTAG,0,Type1,1685.13777777778,3366.14666666667
TCTTAGGTAATAG,0,Type1,3282.09302325581,528.459302325581
GGGGAGGATTGCT,0,Type1,1411.20338983051,3523.59745762712
CGTGCTGCGGGCT,2,Type1,3810.45180722892,3868.4578313253
CCATGAGCGGTAG,0,Type1,1818.85849056604,2457.20283018868
GGGGGAGGCCCCG,4,Type2,4682.19138755981,3844.07655502392
GCGGCTGGCCATA,3,Type1,4804.15894039735,2686.56291390728
CTCGGATATTTAA,4,Type2,3841.02272727273,3626.43181818182
TTCTAGTATTGCA,1,Type8,2739.6875,5044.25367647059
GCGGGATTAATAG,4,Type2,2849.81707317073,4601.65853658537
AATGTCTTAATAG,0,Type1,4539.08441558442,3657.78571428571
TTTTTCTGCCATA,0,Type1,5424.6149068323,3591.77639751553
ATACGATGCCATA,0,Type1,3381.21465968586,3900.1780104712
ATCCCTTATTATA,0,Type1,4703.56497175141,3607.36723163842
CCTCCTTATTTAT,0,Type1,3437.11518324607,4000.86387434555
TATCCGAATTATA,1,Type1,4811.43617021277,2296.06382978723
AGTCGCACGGGGG,1,Type1,2444.76923076923,1359.6858974359
TTGAATACGGGGT,5,Type4,2735.35483870968,1866.3064516129
CAGCTAAGCCAAC,1,Type1,3744.41904761905,4366.74285714286
AAGGTAAATTGGA,0,Type1,2117.73333333333,4332.15151515152
TCAAGCAATTCCG,0,Type1,4878.82323232323,2631.79797979798
TCCCATAGCCCCG,0,Type1,3573.61739130435,3766.53913043478
GTTGATAGCCTTA,0,Type1,2285.63783783784,3873.34054054054
AGTTGCATAACCG,0,Type1,3621.71084337349,589.506024096386
GTTCTACGCCCCC,3,Type1,1913.3696969697,2308.07272727273
ATGTATCTAACCA,3,Type7,3312.04417670683,4059.16465863454
CGGGTACGAACCA,1,Type8,3004.12105263158,2278.57894736842
TGGGATCGCCCCA,1,Type11,3990.31360946746,4923.2899408284
TCCCGCCGCCGGA,3,Type1,4244.5303030303,2841.55303030303
GGTAGCCCGGCCG,0,Type1,3797.01694915254,3342.04237288136
CTCCGCCATTCCG,0,Type1,2924.00793650794,5051.97619047619
ATAATACATTCCG,0,Type1,3010.52,5007.38
GTCATACGAACCG,0,Type1,1766.04166666667,3543.98333333333
CAGACGGGCCCTC,3,Type7,2101.17647058824,1955.28431372549
AAGATAGGCCAAG,0,Type1,3779.78640776699,1683.42718446602
TGAACGGATTAAT,3,Type7,4210.54761904762,3520.38095238095
CCGCGCGCGGCCG,2,Type1,3859.5593220339,4970.44632768362
GCGGATTCGGCCC,1,Type6,3509.515625,1504.1171875
TTAGCGTTAACCA,4,Type2,2786.36274509804,3823.05882352941
GAGCCGTCGGCCA,1,Type8,2258.8125,820.3
GGCTATTCGGTTG,3,Type7,2345.13186813187,1251.87912087912
GTTCATTATTGGT,0,Type1,5152.28514056225,3429.06827309237
GTAACGTTAATTC,0,Type1,5165.81164383562,3929.59246575342
TCAGCGTATTCCG,1,Type6,3975.47959183673,4850.31632653061
CACGGCACGGGTT,0,Type1,4535.63665594855,3581.59163987138
CCACCGAGCCGTT,4,Type2,1227.67088607595,4348.42405063291
TACGATAGCCCAA,0,Type1,3949.77894736842,4549.75789473684
TTAGTAAGCCCAA,0,Type1,3721.23170731707,4723.09146341463
AGCCGCACGGTGT,4,Type2,3293.93333333333,1333.51111111111
GGGCGAAGCCCAC,1,Type6,2141.8,2352.84571428571
CGGGATAGCCACT,0,Type1,2809.05777777778,1641.33777777778
GGCTCGAGCCGTC,2,Type2,4083.21226415094,4688.92452830189
TCCTTAATAACAT,0,Type1,1807.90163934426,3789.26229508197
ATAAAGATAATGC,5,Type4,1853.4,4264.2347826087
TAACATCATTACN,5,Type4,5415.18367346939,3831.10204081633
CCCAGCCATTACC,1,Type11,5105.43010752688,2263.5017921147
GAACGACATTGTT,1,Type6,3506.01886792453,2254.50943396226
GCCGCGCATTCAA,0,Type1,4250.47706422018,2985.39908256881
TCTTCGCATTGTT,4,Type2,3939.17760617761,4264.3861003861
ACCGCGCTAAACC,3,Type1,4212.13223140496,3318.29338842975
TCTCTACTAAGTT,1,Type6,3938.62251655629,2502.5761589404
TACCATCGCCCAA,5,Type4,2511.58024691358,2273.12345679012
GATCGCCGCCTGG,1,Type6,2532.47540983607,1160.17213114754
GGAACGCCGGACA,3,Type4,3739.625,1070.31818181818
ACCACGCGCCGTG,3,Type1,3839.17361111111,995.201388888889
ATATTACGCCCAC,4,Type2,1727.13913043478,4938.27826086957
AATTCGCCGGGTC,0,Type1,1648.14871794872,4725.13846153846
AAAACGCATTACT,5,Type1,1655.4375,3653.28472222222
AGCTTACATTGTC,1,Type7,2247.35051546392,1278.47422680412
CCACCGCATTGTA,0,Type1,4746.59259259259,3404.92592592593
GTGTATCATTCAT,1,Type1,3974.7,2739.41071428571
AGTCATCATTCAT,1,Type1,2015.81818181818,979.165775401069
CCTTCGCTAAACG,0,Type1,5148.97435897436,3705.01923076923
CTCCGCCTAACAG,0,Type1,2152.04285714286,4335.44285714286
TAGCCGCTAACAT,4,Type7,1712.96774193548,3345.14516129032
AGCCTACGCCGTA,0,Type1,1572.21167883212,4490.8102189781
CTATGCCGCCACG,1,Type5,3254.17721518987,2352.94092827004
GTGCTAGGCCGTT,0,Type1,4637.32335329341,3085.4371257485
TCTATAGGCCCAA,0,Type1,5356.06993006993,3828.77622377622
TCCCCGGATTGTT,3,Type7,4015.97972972973,4522.97972972973
CTAATAGATTTGG,2,Type1,4034.53459119497,4735.81761006289
CGAACGGCGAACC,3,Type7,4298.29655172414,3587.4275862069
TCTGCGGCGGGTT,1,Type6,5233.43373493976,3371.03012048193
TATGATGCGGGTT,4,Type7,2286.00581395349,4396.8023255814
GCGCCGGGCCTGT,0,Type1,1281.21951219512,3532.01463414634
GTTCCGGATTACA,1,Type1,3854.34920634921,1291.43650793651
TTGACGGATTACA,1,Type1,2041.0064516129,1439.21290322581
ATCTCGGCGGCAC,0,Type1,3399.1935483871,4122.87096774194
AGAGCGGGCCCAG,0,Type4,3874.375,2811.32954545455
TTCGCGGGCCCAG,1,Type4,2582.63636363636,2426.15019762846
TATCCGGGCCGTC,2,Type1,4574.72164948454,3085.25773195876
CATAGCGGCCTGA,6,Type4,3126.9011627907,2283.47093023256
AGGACGGCGGTGA,1,Type6,5147.77272727273,3463.09504132231
GATAGCGCGGGTC,1,Type1,5041.64835164835,3485.0989010989
CTTGTAGGCCGTA,3,Type7,1823.13157894737,5048.21929824561
GAATGCGGCCGTA,1,Type7,4831.38157894737,3006.13157894737
ATGGATGGCCGTA,1,Type1,4843.71074380165,2592.93388429752
GACTCGGTAACAT,4,Type2,2629.92372881356,2926.5593220339
CCATCGGATTCAT,4,Type2,3473.4644549763,4384.01421800948
AGTGTATTAAGTT,4,Type2,4512.54929577465,1663.24647887324
TCTTGCTGCCTGG,1,Type8,1915.92105263158,2279.27368421053
TCTGTATGCCGTT,0,Type1,3902.82278481013,4891.10759493671
AATTGCTGCCTGG,0,Type1,2571.67894736842,5245.20526315789
GTTACGTCGGACC,0,Type1,1378.07142857143,4494.95535714286
ACTCCGTTAAGTG,4,Type2,4320.52401746725,1544.20087336245
GTCAATTGCCTGT,0,Type1,4094.95669291339,4975.29921259843
ATTCGCTATTACA,0,Type1,2837.65533980583,5281.41262135922
ATTAGATTAACAG,3,Type1,4006.71428571429,4605.50649350649
CTGACGTGCCGTC,0,Type1,4654.27210884354,1986.1768707483
CACACGTCGGGTC,1,Type6,1975.5935483871,2162.47741935484
AGAACGTCGGACT,0,Type1,2385.83211678832,2483.87591240876
GACACGTATTCAG,0,Type1,4397.37190082645,1663.51239669421
GTCATATATTCAG,0,Type1,5079.95884773663,2711.0658436214
CCGAGCTATTACG,1,Type1,2738.44736842105,981.201754385965
ATTGATAATTTCC,0,Type1,3189.32121212121,5218.53939393939
GATAGCAATTTCC,3,Type7,2121.51111111111,4654.37037037037
ACAGATAATTGAC,2,Type1,4726.82926829268,3147.59349593496
GGCAATAATTTCA,0,Type1,2691.35526315789,5191.28289473684
CCATGCACGGCTG,0,Type1,4246.46975088968,1680.73309608541
CCCGTAATAACTG,4,Type1,5297.36086956522,3080.02173913044
TGGTATACGGTCG,4,Type3,1900.07142857143,1330.41964285714
AGGAGCAGCCTCG,1,Type6,3351.10526315789,3005.12030075188
GACCGACATTGAA,4,Type2,3030.7,1486.35714285714
CGACCGCGCCTCC,0,Type1,3877.70149253731,4673.16417910448
ATTGCGCATTAGT,0,Type1,4520.2380952381,1975.14285714286
CACAATCATTAGA,0,Type1,3137.13333333333,1911.53333333333
GGCATACATTTCT,4,Type7,5006.63970588235,4064.21323529412
CTACGCCATTTCT,0,Type1,5156.56617647059,3820.44852941176
CATTTAGGCCAGC,3,Type7,2255.55555555556,4414.60740740741
ACCATATGCCTCC,0,Type1,3263.90094339623,3421.12264150943
ATCAATTCGGCTT,0,Type4,3335.54437869823,3661.25443786982
CTATATTATTAGG,5,Type4,2813.02857142857,2045.72857142857
GCAAATTGCCTCA,1,Type6,1716.62130177515,4169.57396449704
CATGCGTGCCCTC,1,Type8,4633.85,2360.15625
ATAGCGTGCCTCT,4,Type2,5321.48369565217,3037.05434782609
TTGCCGTATTTCT,3,Type1,1393.17532467532,3354.54545454545
AAGACGTATTCTC,4,Type1,3514.57142857143,1793.82142857143
CCTTGCTTAAAGC,4,Type7,5112.53594771242,4237.29411764706
GCTCGCAGCCATT,0,Type1,1521.44876325088,2095.91519434629
GAGCATACGGGCA,0,Type1,1594.80864197531,2079.26543209877
ATAAATATAAGCA,0,Type1,4776.48550724638,2156.31884057971
ACGTCGAATTTAG,4,Type7,3790.54861111111,5003.125
CATCGCAATTGCT,5,Type4,3100.58992805755,2719.92086330935
TCCTATAGCCGCT,1,Type1,1985.82383419689,4529.53886010363
TGCAGCAGCCTAG,4,Type2,2732.0752688172,1322.71505376344
AGGCTAAGCCTAT,0,Type1,4563.69406392694,3174.09132420091
CGGCGCAGCCGCG,2,Type1,1245.89230769231,3655.55384615385
CGTTGCAGCCTAT,4,Type4,2655.06329113924,2040.15189873418
AGTTATAGCCCGC,0,Type1,5239.3,4141.92857142857
TTCGTAAGCCATA,0,Type1,1592.50609756098,2515.42682926829
GTATTAAGCCTAT,1,Type6,2481.95977011494,1939.70114942529
ATGGGCCCGGGCC,3,Type7,2483.69369369369,4864.04504504505
CGTACGCCGGGCC,0,Type1,2460.47755102041,4371.18367346939
CCACTACTAATAA,1,Type1,1367.05333333333,3870.49333333333
GAAACGCGCCATT,0,Type1,3877.79411764706,1158.10294117647
TACTATCGCCTAA,3,Type1,1487.00355871886,4025.66192170819
CGTGATCGCCTAC,5,Type3,1614.70802919708,1083.10218978102
GTGCCGCGCCTAC,0,Type1,1441.0504587156,3617.03211009174
TATCATCGCCATG,0,Type1,4829.57894736842,3518.87368421053
TGGGGCCGCCGCT,4,Type2,5085.55333333333,2527.88666666667
CGCGGCCATTATA,0,Type1,4613.19811320755,2545.7358490566
GTCGCGCGCCATA,0,Type1,4310.58041958042,2968.91608391608
TGGATAGGCCTAA,1,Type1,2883.92274678112,802.8669527897
ACAGGCGGCCATT,1,Type1,3151.56967213115,1934.14344262295
TTTATAGATTGCN,0,Type1,1475.31547619048,3348.05357142857
ACAGTAGGCCGCA,0,Type1,4682.13934426229,3646.04098360656
TGTGTAGTAAATG,1,Type1,2534.91515151515,1434.79393939394
TAATTAGGCCGCT,4,Type1,2792.36781609195,1408.43103448276
ACGCCGGGCCTAG,1,Type6,4456.60273972603,2908.00684931507
AAATATGCGGCGA,0,Type1,4009.80198019802,1478.57425742574
ATCACGGCGGTAG,0,Type1,1391.21639344262,3981.46229508197
GACCTATTAACGG,1,Type7,2937.73059360731,2211.74885844749
TCCTTATCGGTAC,4,Type2,2474.94230769231,4966.08333333333
GTGGATTTAAGCT,3,Type2,4577.67918088737,4092.71672354949
GACGATTTAATAG,0,Type1,3085.70408163265,813.127551020408
GATCTATTAATAG,0,Type1,4676.98083067093,3214.66773162939
GGTCCGTCGGATA,0,Type1,2611.14110429448,4337.89570552147
AGAGATTATTTAT,0,Type1,4465.43523316062,2666.68393782383
CTATTATATTATA,3,Type8,1781.10280373832,1496.2523364486
GAAAGCTTACTGA,1,Type1,4121.11627906977,2623.39534883721
CTTCAAAGCACCC,1,Type4,2495.44594594595,964.337837837838
TCCCGGATACTTT,0,Type1,4355.2,1670.764
GCCGTTATACTTT,1,Type8,3716.85507246377,4158.1884057971
CTTTAAATACAAC,0,Type1,5203.65068493151,3507.09589041096
CACCGGAATGCCT,0,Type1,3539.46666666667,3762.44102564103
TCACCCACGTTTC,3,Type7,1433.42338709677,4765.21774193548
TCTGCCATACTTC,0,Type1,3584.86448598131,4417.36915887851
TTGGTTATACTTA,0,Type1,5393.01030927835,3708.05154639175
CATATTCCGTGGG,0,Type1,1823.57142857143,4569.68452380952
CGAGTTCTACAAA,0,Type1,1828.85802469136,4886.95061728395
GCTAGGCATGTTG,0,Type1,3620.59836065574,783.147540983607
GCGGGGCATGCCA,3,Type3,1542.48407643312,2572.85350318471
GATTGGCTACTTG,0,Type1,4766.07352941176,3299.10294117647
CCCCCTCGACCCA,3,Type7,3755.15384615385,787.753846153846
CTGTAACGCAAAC,0,Type1,3831.04587155963,2605.76146788991
GAGTCCCGCAAAC,1,Type1,3430.15697674419,1699.43023255814
GCGGGGCCGTCCT,0,Type1,3723.66009852217,1681.69950738916
GTCACCCTACCCT,0,Type1,4039.32330827068,2891.18421052632
TCGGGGCGCAGGA,5,Type4,4586.44134078212,2077.94413407821
TGACGGCGACCCT,0,Type1,3262.40789473684,5259.18421052632
ACCAAACGCAGGC,0,Type1,4807.02508960574,3373.66308243728
ACTCCCCGACCCG,0,Type1,2705.31746031746,5448.69047619048
TAGCGGCGACCCG,0,Type1,4475.72049689441,1861.01863354037
AGGAGGGGCAAAA,4,Type7,3651.20833333333,817.223958333333
TGATAAGGCATTT,4,Type2,3440.63694267516,4340.51592356688
AGGGAAGCGTAAA,1,Type1,2656.28358208955,1055.62686567164
CGCACCGCGTGGG,1,Type1,4973.4965034965,2905.71328671329
TGATAAGGCACCA,0,Type1,3845.88965517241,3296.68275862069
GCGCCTGTACCCA,1,Type6,4931.13114754098,3161.39344262295
GGCGTTGATGGGT,5,Type3,2452.69117647059,3977.77205882353
CCCGTTGCGTGGT,4,Type2,4304.64622641509,1514.34433962264
ATAGAAGCGTGGT,0,Type1,4569.50340136054,2748.70068027211
AGTATTGATGCCT,1,Type6,2734.46428571429,5111.39285714286
ATGAGGGCGTTTC,2,Type1,3456.53947368421,3936.24342105263
TGATGGGCGTGGA,1,Type6,3980.68131868132,4598.18131868132
ACTGGGTGCAAAA,4,Type2,1679.51401869159,3331.85981308411
CACGAATCGTCCC,5,Type4,1945.04310344828,1276.48275862069
AATGTTTCGTGGG,4,Type7,2740.81884057971,1149.17391304348
CTGTGGTTACTTG,4,Type7,3294.76551724138,5271.31034482759
TGGAGATGCAGGT,4,Type7,4423.5,3632.63636363636
GGCGTTTGCAGGT,0,Type1,1506.80263157895,3483.57894736842
AGATAATCGTGGT,0,Type1,4156.73043478261,2977.32608695652
AGGACCTTACGGA,4,Type1,2124.38888888889,1263.74444444444
ACATTTTGCAGGA,3,Type7,1354.13157894737,4583.98684210526
TCTAAATCGTAAG,3,Type7,4249.96132596685,3358.97790055249
GTAATTTATGCCT,0,Type1,4134.38953488372,5182.24418604651
GTATAATATGTTC,0,Type1,4762.52205882353,2228.58088235294
ATTGGGTATGCCG,3,Type1,2715.03271028037,2474.03738317757
TACAAATATGGGC,1,Type1,2904.27672955975,1114.08176100629
GTTACCAGCACAA,3,Type7,2876.24074074074,5609.51851851852
ATATGGAGCACAA,2,Type7,1398.84536082474,4785.41237113402
TAATTTATACACC,4,Type2,2721.24840764331,5555.29936305732
CCGTAAATACACC,1,Type6,2615.3152173913,4536.29891304348
AGTATTAGCAGTG,0,Type1,2516.56725146199,2717.90643274854
TGCCTTAATGACT,0,Type1,1593.31690140845,4660.54929577465
GATTAAACGTGTC,4,Type2,4503.06382978723,1648.97163120567
CACTGGAGCAGTC,3,Type4,1939.42201834862,3150.25688073394
GATCGGAGCAACT,1,Type6,1929.14285714286,4495.83516483516
AATAGGAGCATGA,2,Type1,4220.58156028369,4721.24113475177
TACTAAATACACT,0,Type1,5095.28037383178,2633.43925233645
ACGAAAACGTGTA,4,Type2,3642.07079646018,4620.64601769912
CGGACCAGCAACG,1,Type6,3705.14210526316,1450.08947368421
ACTCAAAGCAGTA,0,Type1,4017.90625,2822.54910714286
CGCCAAAGCACAT,0,Type1,4191.76984126984,2634.98412698413
TTCTCCCCGTGTT,0,Type1,5161.83802816901,4409.50704225352
CTGGCCCATGGTG,0,Type1,3878.83233532934,4034.88622754491
AGCAAACATGACA,4,Type2,3301.08673469388,5285.05612244898
CGAGTTCTACGTG,3,Type7,1437.18115942029,4672.95652173913
GGCCGGCTACCAN,5,Type1,1242.78448275862,3918.16379310345
GGCTAACTACACA,1,Type1,2259.20886075949,2724.98101265823
ATTGGGCGCAACA,4,Type2,4696.6976744186,1833.20930232558
AGGACCCGACACA,1,Type6,3526.50555555556,2420.28888888889
CTCCGGCGCAGTG,0,Type1,1442.46198830409,4573.20467836257
ATCATTCGCACAC,1,Type6,3812.55384615385,1303.26153846154
GGCCGGCGACACA,0,Type1,2163.24489795918,4305.42346938776
AACCTTCCGTTGA,4,Type2,3212.61428571429,3581.38571428571
ACAGGGCATGGTC,1,Type1,3581.78787878788,3847.43939393939
ATCATTCATGGTC,0,Type1,3211.55555555556,5387.69934640523
CAGACCCATGCAG,0,Type1,1681.46808510638,3483.99468085106
GGCCGGCATGACT,0,Type1,2580.0972972973,4265.52972972973
CACTTTCGACCAG,1,Type1,2626.0325203252,644.780487804878
TCCTGGGGCATGG,5,Type4,2633.1935483871,1998.31182795699
ACACTTGGCAGTT,0,Type1,4895.95141700405,3502.94736842105
TACATTGGCACAA,5,Type1,1975.65789473684,1481.18421052632
AGTTAAGATGCAA,2,Type8,2013.21387283237,1600.32947976879
TAAGGGGCGTTGG,0,Type1,1771.06547619048,4947.60714285714
CGATCCGCGTACC,0,Type7,2314.28187919463,3657.75167785235
CAACCCGGCACAC,0,Type1,3886.37209302326,1530.77519379845
AAATGGGGCATGA,0,Type1,3860.64150943396,1467.01886792453
TGCTAAGTACGTC,0,Type1,5000.81578947368,3531.01315789474
TTGTGGGCGTGTC,4,Type7,3833.69822485207,3462.2899408284
CCATAAGGCAGTA,0,Type1,3739.35087719298,688.991228070175
TTTTAAGCGTTGC,3,Type7,2137.50427350427,1155.00854700855
ACTCCCTGCATGT,1,Type6,3682.33333333333,3602.19565217391
TCCGTTTCGTGTG,3,Type7,2068.33928571429,3777.97619047619
TACAGGTGCACAG,0,Type1,3470.68421052632,787.929824561404
TCTATTTGCAACT,0,Type1,2981.67682926829,916.762195121951
TCATAATCGTGTC,5,Type4,2508.94512195122,2612.76219512195
GTGTCCTATGGTC,0,Type3,1051.96992481203,4230.97744360902
GCTACCTATGGTC,0,Type1,2068.58333333333,3896.14912280702
TTATTTTTACTGC,4,Type2,4450.79255319149,3720.14361702128
GCACAATGCAACG,4,Type2,2483.7734375,4978.3515625
CCAAAAAGCACTT,1,Type2,2066.0303030303,852.444444444444
ACATAAACGTCTG,5,Type3,2393.54545454545,1506.68181818182
AGGAGGAGCACTG,0,Type1,1674.37837837838,2320.31081081081
GCTGAAAATGAGA,4,Type2,3923.59836065574,4273.95901639344
CATCGGAATGCTC,0,Type1,3702.45890410959,3484.22260273973
ACCTAAACGTGAG,0,Type1,3792.90277777778,3776.16666666667
TTCAGGACGTTCT,4,Type2,4186.6511627907,3432.12790697674
GACGGGATACCTC,0,Type1,5032.44680851064,3079.56382978723
TGGAGGCATGAGG,0,Type1,4653.66141732283,3338.44094488189
GGACCCCATGAGG,0,Type1,1637.02602230483,3532.27137546468
CGGCCTCGCAAGT,1,Type1,2647.34459459459,1445.75675675676
TGCGAACTACTCT,0,Type1,4313.07352941176,5145.50735294118
TGTTAACCGTAGC,3,Type7,3034.87946428571,4941.45982142857
TGATCCCCGTTCG,0,Type1,4600.03636363636,2676.41818181818
AGGTGGCATGCTA,0,Type1,5152.71014492754,2963.50724637681
ATCAGGCGCACTA,0,Type1,2490.41463414634,5106.15853658537
CCGCTTCGCATCG,4,Type7,2834.30215827338,1492.90647482014
TTCTAAGTACAGG,2,Type1,3176.01401869159,759.88785046729
CTAGCCGTACCTT,0,Type1,2486.69230769231,2674.41025641026
AGGTGGGATGTCC,3,Type2,3522.97278911565,4566.0612244898
ATTCTTGCGTCTT,1,Type1,3797.77697841727,4461.06474820144
TGTCCCGCGTAGT,6,Type1,1702.94594594595,2480.62162162162
CATTTTGGCACTC,0,Type1,4340.31782945736,1792.27131782946
TAAGAAGCGTTCT,3,Type1,1734.84285714286,4748.57142857143
CTGCAAGCGACTC,0,Type1,3810.43870967742,3013.4064516129
TTCGTTTATGAGT,5,Type3,4312.80612244898,2669.7806122449
TAAATTTGCACTC,1,Type1,3945.625,2711.0625
CACAGGTTACCTA,3,Type8,2097.18404907975,1591.76687116564
TGTCAATGCACTA,3,Type1,4092.31506849315,3066.52054794521
AACATTAATGTAA,3,Type7,2316.82795698925,1210.86021505376
ATGATTAATGTAA,0,Type1,1869.01149425287,4421.58045977012
AATACCACGTGCN,0,Type1,2760.55223880597,1644.36567164179
TCGCTTAGCAGCA,0,Type1,4270.68702290076,5195.6106870229
CTCCCCACGTATC,0,Type1,1801.7743902439,4849.87195121951
CCGGGGAGCATAG,0,Type1,1605.58918918919,4483.34054054054
GACGTTAGCACGC,1,Type6,4726.55357142857,2915.43452380952
TGAAGGCGCATAA,3,Type1,4408.62162162162,3445.94594594595
GGACCCCCGTCGT,0,Type1,4676.49029126214,3428.42233009709
GATAAACCGTATG,2,Type7,2795.46341463415,1209.52032520325
ATTCCCCGACGCA,0,Type1,3140.70769230769,917.938461538462
TGAATTCGCATAC,3,Type4,2849.29090909091,2059.58181818182
AATCGGCGCAGCA,4,Type2,2462.12093023256,5036.11627906977
GACCCCCATGGCT,0,Type1,2520.54285714286,4464.4
TCGTTTCATGATC,4,Type2,4281.01183431953,3498.5798816568
GGGACCCGCAATC,0,Type1,1724.61137440758,4320.30805687204
CTCATTCATGGCG,0,Type1,1625.86577181208,2198.4966442953
AATGTTCATGGCG,0,Type1,3908.48591549296,1608.34507042254
ATATTTCATGCGC,0,Type1,1898.27941176471,3893.45588235294
TCCTAACTACATA,0,Type1,3351.14814814815,3737.66049382716
TCGTGGCTACCGC,4,Type2,2449.34934497817,2737.55895196507
CTGCCCCGACTAT,0,Type1,1150.63005780347,3924.09248554913
AGAGAACGCAGCG,2,Type1,5099.91891891892,3349.91891891892
TGTTAAGATGCGG,4,Type7,4414.09489051095,1596.49635036496
TTAACCGCGTGCC,0,Type1,2787.94358974359,1517.2
AGGATTGCGTTAC,0,Type1,4363.01257861635,3293.72327044025
CCGCTTGTACTAT,1,Type6,2187.90256410256,4408.15384615385
TTGACCTGCACGA,0,Type1,5086.5,4009.73404255319
GCGTGGTGCACGA,0,Type1,3004.53333333333,1313.31428571429
CAATGGTCGTTAG,4,Type2,3920.01149425287,3308.7816091954
CGAAGGTGCAATA,0,Type1,2555.53142857143,3456.65714285714
ACGCAATCGTCGC,1,Type6,1422.05102040816,3680.73469387755
GTCGCAACGTTTT,1,Type6,2465.29787234043,2452.12765957447
CTGTCAATACAAA,4,Type1,1855.46226415094,3645.34905660377
TGTCTGATACAAA,0,Type1,4534.44375,2424.38125
TTCGACAATGTTG,0,Type1,3870.74528301887,1576.06603773585
CGAGGTACGTGGA,3,Type7,1913.60465116279,3656.5988372093
GTCGGTACGTGGA,1,Type1,2885.47474747475,660.19696969697
GAAGGTATACTTC,0,Type7,1798.18181818182,3592.07575757576
GTGGTGATACGGA,4,Type2,3763.15425531915,4906.27659574468
TGCTTGATACGGC,1,Type6,3750.75210084034,3987.31512605042
CAAACACATGAAA,0,Type1,2871.6884057971,4829.11594202899
TCTCACCGCAAAA,0,Type1,3771.41904761905,1644.28571428571
CTTGTGCTACTTG,0,Type1,4703.64197530864,2097.66049382716
TACAACCTACTTG,1,Type6,3116.95431472081,2869.60406091371
GAATTGCTACTTC,0,Type1,4683.75428571429,3232.64571428571
GCTGGTCCGTTTA,0,Type1,1461.8275862069,3379.66666666667
CTGCCAGGCACCC,0,Type1,2704.55405405405,4693.87837837838
CGTCTGGTACAAA,4,Type2,4402.54594594595,3511.64864864865
TGAGACGTACAAA,1,Type1,4965.09929078014,3062.43971631206
TTACCAGGCACCT,0,Type1,2507.58227848101,4443.71518987342
GATCCAGTACCTC,0,Type1,5217.29,3866.38
ATCTGTGCGACCT,3,Type7,4365.77405857741,3684.97907949791
GGCCCAGATGGGC,0,Type1,3047.8622754491,5047.64071856287
TAGCACTGCATTT,3,Type7,1176.98130841122,3435.7476635514
GGCTGTTGCACCC,0,Type1,1731.7972972973,2176.76351351351
TTTGACTATGGGG,0,Type1,5028.91005291005,3985.68253968254
GCCAACTATGCCA,0,Type1,2942.54128440367,4907.45871559633
GTGATGTATGCCA,4,Type2,3175.82608695652,5573.0652173913
TCCCACTTACGGA,4,Type7,1751.50381679389,2596.46564885496
GCCAACTCGTCCT,0,Type1,1795.67716535433,4882.38582677165
CGGTGTTCGTCCT,2,Type8,2511.52554744526,2011.7299270073
TAGTACTCGTGGT,0,Type1,4965.34821428571,3391.60267857143
TCCAGTTATGAAG,3,Type7,5570.3112244898,3499.41836734694
CACGTGTGCACCG,0,Type1,4273.34905660377,5285.7358490566
ATCTACTGCACCG,3,Type4,2363.84285714286,1177.58571428571
GTCATGTCGTCCG,1,Type6,2966.93548387097,1506.25806451613
AACCTGTATGGGC,0,Type1,2541.4375,2528.5375
TGCGCATATGAAT,1,Type6,3212.83050847458,1683.76271186441
CTCGCAAATGGTT,5,Type1,4266.9,3351.02
GGCCACAATGTGG,2,Type1,2792.26404494382,4985.88764044944
TTGGTGAGCAACC,4,Type7,3473.57851239669,4365.65289256198
CATGGTAGCACAA,5,Type4,2870.29090909091,1888.52727272727
AGCTCAAGCATGG,0,Type1,4585.57222222222,2142.48888888889
TCCTGTATACACC,4,Type2,2633.4702970297,2893.0396039604
CCGTTGAGCACAC,0,Type1,4697.85279187817,2057.97461928934
GAGTCAATACACA,2,Type4,3516.43965517241,4809.29310344828
ATAGTGAATGTGA,2,Type4,1993.3619047619,3994.1619047619
GAGGGTAGCAACT,0,Type1,1678.96954314721,3625.54822335025
TTCACAAGCACAG,0,Type1,3696.40350877193,4421.83040935672
TGAGGTAGCACAG,4,Type1,1818.87820512821,3378.94230769231
TGATTGAGCAGTC,2,Type1,5053.54545454546,3279.10526315789
TGCAACATACCAG,1,Type6,2886.70186335404,3567.68944099379
TGGTGTAGCACAT,4,Type1,1135.21111111111,3673.60555555556
AGCCACAGCAGTA,3,Type1,3538.13157894737,1137.38596491228
GTCCACCATGACC,5,Type4,2871.07432432432,2165.0
TTTTTGCGCACAA,0,Type1,5255.80666666667,4030.14
GCGGCACGCATGG,0,Type1,2359.82608695652,2386.70434782609
GAGGGTCCTGCAC,4,Type7,5092.51515151515,4491.72727272727
ATAACACCGTCAC,3,Type3,4508.61635220126,3937.80503144654
TCGTTGCCGTGTG,3,Type7,2504.86448598131,4679.93457943925
TTTAGTCATGGTG,1,Type1,2629.65566037736,1048.91981132075
GAGTGTCATGGTG,3,Type4,2867.1976744186,1921.51744186047
TCTCTGCATGTGT,4,Type2,2645.24864864865,3275.97837837838
CGGGACCTACACA,2,Type1,5440.28235294118,3788.90588235294
CAATACCTACCAC,1,Type1,4902.57037037037,3607.02222222222
CCAGCACGCACAC,4,Type2,2739.81531531532,4320.31531531532
GGTGGTCATGGTC,0,Type1,3946.33898305085,1987.8813559322
TACACACGCAGTC,4,Type2,2364.36206896552,5343.54597701149
CCTCACCCGTACG,0,Type1,2551.75151515152,5466.0
TCCGTGCATGCAT,0,Type1,1662.73134328358,3590.55223880597
GACCGTCATGTGC,0,Type1,1931.9375,3863.609375
TTTCCACGCACAT,2,Type1,2481.17880794702,5386.28476821192
GAATGTCGACACG,0,Type1,4123.40909090909,1929.71818181818
CTGGCACGACCAT,1,Type6,3618.93548387097,3633.67096774194
CTGAGTCGCAGTA,0,Type1,4131.82317073171,5199.57317073171
TAGTACCGACCAT,3,Type1,1594.12162162162,4699.79054054054
AAACACGGCATGG,2,Type1,2330.70232088799,5008.31786074672
ACTGCAGGCAACC,0,Type1,1437.03947368421,4391.21052631579
ACGCCAGTACGTG,3,Type1,2434.37692307692,3577.93846153846
GGATGTGCGTCAC,4,Type2,1181.44089456869,4503.11182108626
GTTTGTGGCACAG,3,Type2,3901.32034632035,3863.48484848485
GAATACGGCAGTC,3,Type7,2776.12962962963,1086.47530864198
TCGCCAGGCAGTC,0,Type1,4194.01704545455,2840.85795454545
CTATCAGCGTGTC,1,Type1,2897.72941176471,3583.81176470588
CACTCAGTACTGC,1,Type6,3688.25945945946,1938.91891891892
CTTATGTTACACC,3,Type7,1883.10731707317,3451.38048780488
TTCTCATTACGTT,0,Type1,2730.4554973822,3119.72251308901
GGGGTGTGCATGT,0,Type1,1802.8345323741,4737.28776978417
GAAGCATGCAGTG,2,Type1,1947.51412429379,3033.96610169492
AAGTCATGCACAC,4,Type2,3932.85232067511,4240.91983122363
CGGTACTATGTGT,1,Type4,2065.41489361702,914.436170212766
GTCAACTGCATGA,0,Type1,3776.80729166667,3057.72395833333
TCGGCATGCAGTC,0,Type1,3131.68163265306,5112.48571428571
TTGTGTTATGGTC,3,Type2,1138.21367521368,4161.55982905983
CCTCCATATGGTC,4,Type2,4272.07189542484,4879.56862745098
GGTTACTTACGTA,3,Type4,2292.16091954023,5117.5
TGTCGTTTACGTA,0,Type1,1338.34387351779,4009.02766798419
ATAAACTTACCAT,4,Type7,2394.50295857988,5222.5325443787
CTACCATTACACG,0,Type1,4813.17948717949,3298.5641025641
CCGCGTTTACGTA,1,Type1,3602.7619047619,770.857142857143
CGCGCATTACTGC,1,Type6,3636.51123595506,3902.97752808989
GGGGACTCGTTGC,1,Type1,3787.90551181102,3310.18897637795
TACGCATCGTCAT,5,Type4,1857.13274336283,970.309734513274
GTGCGTTCGTGTA,0,Type1,1700.7610619469,3541.86725663717
TAGCCATCGTACG,4,Type1,1583.49019607843,2437.83333333333
ATCCGTAATGCTG,1,Type1,2354.824,1362.032
GCGCGAAGCATCA,0,Type1,1418.41333333333,3415.02666666667
GTTATGATACTCA,1,Type6,3513.05202312139,3533.01734104046
CGGAGTAATGCTA,0,Type1,3792.75438596491,1949.93859649123
TCAGGTAGCACTA,0,Type1,2990.13131313131,5325.08080808081
CCACGTATACGAT,0,Type1,5069.96195652174,3928.90760869565
TACGACATACCTA,0,Type1,3586.45212765957,4096.89893617021
ACAGACCATGCTG,0,Type1,1858.32075471698,3805.30188679245
TAGCTGCGCACTG,0,Type1,5111.68421052632,4008.34736842105
CCACACCTACTCT,4,Type2,4109.985,3357.38
AAATCACGCATCT,4,Type2,2962.74285714286,4838.14857142857
GCCAGTCGCAAGC,3,Type7,2075.43231441048,2549.65938864629
ATTTCAGATGTCC,4,Type1,4218.31297709924,1466.4427480916
TCGTTGGGCACTG,3,Type7,3111.20676691729,4990.46992481203
GTATCAGTACTCA,0,Type1,4729.41197183099,2466.7323943662
CGGCTGGATGTCA,0,Type1,1971.44871794872,3783.01923076923
GCGACAGATGTCA,3,Type1,4199.90476190476,4188.57619047619
TAATGTGGCACTC,2,Type1,1925.89417989418,3395.41798941799
CTTCCAGCGTTCT,0,Type1,2634.28947368421,2791.7030075188
AAGTCAGATGAGC,5,Type4,2970.48571428571,2169.27142857143
GGCGTGTGCAAGG,0,Type1,5344.43548387097,3990.40322580645
CAACGTTCGTTCC,0,Type1,3471.68316831683,618.118811881188
TGCGCATCGTTCN,3,Type7,1836.0,5060.21052631579
CGAAACTATGCTT,2,Type2,2710.58510638298,5586.65425531915
TGTCTGTTACCTG,2,Type2,3277.50279329609,1282.54189944134
GTGGTGTGCACTG,3,Type9,1947.31284916201,2048.37988826816
CGCACATGCAAGT,1,Type6,2637.62871287129,4645.52475247525
GGGTCATTACTCT,0,Type1,4994.19565217391,3545.67934782609
ACGTTGTTACAGA,0,Type1,4538.85945945946,2517.45945945946
ACAATGTTACAGC,0,Type1,3871.04245283019,4074.89622641509
TCCTACACGTGCC,0,Type1,4041.82989690722,2958.45360824742
TCTACAACGTGCC,2,Type1,2588.01293103448,2745.49568965517
TCCCTGATACATT,1,Type1,4507.02209944751,3554.91712707182
TAACGTAATGCGT,0,Type4,1973.23188405797,3825.28985507246
CATCACACGTATG,1,Type1,2350.2064516129,1135.02580645161
AGAAGTAGCATAC,0,Type1,5277.03846153846,3241.53846153846
AGGCTGATCATAC,0,Type1,4242.32894736842,5001.21052631579
ATACTGAATGATC,1,Type1,3784.09756097561,3198.68292682927
GTTCCAATACATC,0,Type4,2851.71573604061,744.142131979695
CCTAGTAATGGCG,0,Type1,4884.29444444444,2749.35
TACCCAACGTTAT,4,Type7,1726.40217391304,3316.39130434783
TGCGCAAGCAATA,0,Type1,2856.69642857143,4824.17857142857
AACAACCGCACGG,5,Type4,2806.96825396825,1927.62698412698
TCACGTCTACCGT,2,Type1,1503.16666666667,3779.11111111111
ATCGCACTACATC,4,Type7,3176.06103286385,5045.38497652582
GATGTGCTACGCT,4,Type7,3695.07142857143,798.27380952381
CATGACCTACTAG,0,Type1,4906.99371069182,3636.10691823899
GCGTCACGCAATC,0,Type1,1778.75342465753,4679.54452054795
CCGTACCCGTTAT,0,Type1,3817.24358974359,2817.99358974359
GCCACACATGGCG,4,Type2,1574.9,2537.96666666667
CGGGTGCTACGCG,0,Type1,5210.39301310044,3225.79475982533
CCTAACCTACCGC,1,Type7,4919.12025316456,3053.08227848101
CTCAACCGCAATA,0,Type1,4218.83582089552,5028.24875621891
GAAAACGCGTGCC,0,Type1,5232.24242424242,3872.65656565657
TAATGTGCGTGCA,1,Type1,3552.9156626506,1722.39759036145
GCAGACGCGACGT,1,Type1,2738.73513513514,1130.0972972973
CCGAGTGGCAATC,3,Type7,3599.0206185567,1087.64948453608
CTAGCAGTACCGA,0,Type1,4646.79816513761,3202.90825688073
TGCCCAGGCAGCG,0,Type1,3867.10067114094,1603.72483221477
CGAAACGCGACGC,5,Type4,2049.37662337662,1297.14285714286
GGAACAGCGTCGC,4,Type2,4426.67415730337,4999.3595505618
GCGGCATGCATAA,3,Type1,4774.39156626506,2025.46987951807
GCAACATATGCGG,0,Type1,1582.04368932039,4460.7572815534
TGCCCATATGTAA,4,Type7,1373.9380952381,3234.9380952381
CGGAACTGCAATG,0,Type1,3156.57761732852,5546.14440433213
CCGCTGTCGTGCA,0,Type1,2623.42222222222,5225.26666666667
TGGATGTGCAGCT,1,Type6,4219.67961165049,2562.35922330097
ATGTTGTATGGCT,3,Type3,3426.15463917526,4389.63402061856
AATATGTTGTATA,0,Type1,4851.24161073826,4806.48322147651
GTGCCATGCATAN,0,Type1,2763.32413793103,4745.75862068965
ATAATGTGCAGCG,0,Type1,2820.04864864865,1515.98918918919
GGCGTGTCGTATA,3,Type7,1083.27777777778,3771.88194444444
ACACCTAATGCCC,3,Type7,2793.83225806452,1131.18709677419
TCACTCATACGGG,5,Type1,2917.41111111111,2146.41666666667
GCCTCTACGACCA,0,Type1,3002.21374045802,919.786259541985
GGAAAGACGTCCA,3,Type7,2795.15625,4489.828125
TTTGAGATACCCA,0,Type8,4285.12903225806,3288.52258064516
GGCTCTATACGGT,0,Type1,4646.03100775194,1908.51162790698
ATTAGAACGTTTC,0,Type1,4618.04054054054,2612.63513513514
AGAGGAAGCATTC,1,Type4,1933.152,1287.616
GGCAAGAGCATTC,4,Type4,3850.48407643312,3982.77707006369
GCATGAAATGGGC,0,Type1,3092.78612716763,5512.38728323699
AACAGAACGTAAT,4,Type2,2421.88636363636,5069.05681818182
ATCGTCATACCCG,3,Type1,3091.66019417476,4180.17475728155
CCACTCCTACGGG,3,Type1,2986.68599033816,4909.07246376812
AGACGACTACAAA,0,Type1,2705.5243902439,2681.24390243902
CGTAGACGACCCC,3,Type7,4743.86904761905,3869.20238095238
CGTCTCCGCAGGT,2,Type1,3087.35294117647,873.705882352941
ATACCTCGCATTG,3,Type8,1986.51234567901,1978.57407407407
ACCGTCCATGTTC,4,Type7,5595.33333333333,3250.20707070707
GACATCCATGCCG,1,Type1,2776.75,5474.55714285714
CACAAGCTACCCG,4,Type2,3881.13253012048,4018.74698795181
CACTAGCTACGGC,1,Type2,2186.38009049774,3371.68778280543
CACCTCCGCAGGC,0,Type1,1404.76923076923,4074.27472527473
TCCAGAGGCATTT,0,Type1,4175.18367346939,3183.66666666667
ATCGTCGATGTTG,1,Type6,2502.77173913044,3575.61956521739
GGGTGAGCGACCA,0,Type1,5139.85221674877,4210.12807881773
TTTGAGGCGTAAC,6,Type1,5081.31724137931,2823.91034482759
CAGGGAGATGAAG,0,Type1,1925.83146067416,3961.32584269663
GCGGAGGCGTTTC,0,Type1,4104.72307692308,3151.63846153846
CGCTCTGGCATTA,2,Type1,4142.49230769231,1893.68461538462
CGGTAGTGCATTT,1,Type4,4682.62352941177,2617.98823529412
TCATCTTATGGGG,0,Type1,4707.60839160839,2421.91608391608
GATGTCTATGCCC,0,Type1,4097.59302325581,5453.35465116279
GGTACTTATGGGT,3,Type7,4814.07317073171,1972.67317073171
TCGCGATATGCCA,0,Type1,3753.16759776536,3066.30726256983
TGAGCTAGCAAAG,2,Type9,2850.47058823529,2241.73529411765
GACAGATATGTTC,4,Type7,1426.14953271028,3235.6261682243
TCCAAGTCGTCCG,0,Type1,5132.67410714286,4396.98214285714
ACCAGATATGAAT,3,Type7,3295.95348837209,1290.88372093023
GATGGAACGTGTT,1,Type1,2567.53658536585,1037.9837398374
ATCGAGACGTACA,0,Type1,2083.99038461538,3829.41346153846
GCTTAGATACACT,1,Type6,2683.77040816327,4651.97959183673
GGCTAGAGCAACG,1,Type1,3559.66497461929,3947.25888324873
GGGGCTCTACTGG,0,Type1,4839.82165605096,2384.32484076433
CTGAAGCTACGTT,0,Type1,3458.37226277372,1940.50364963504
TGCACTCATGCAC,3,Type1,2240.32911392405,1068.65400843882
GGGACTCTACACA,3,Type1,3888.27044025157,4966.79874213837
CTCTCTCCGTCAG,1,Type8,4247.98214285714,1738.125
GGGCTCCATGACT,2,Type2,3033.52464788732,4123.05985915493
CTGCTCCGACCAG,3,Type7,1542.72972972973,2557.86486486487
TGCGTCCGACCAG,1,Type6,4474.6043956044,2287.9010989011
TTTGAGCATGACG,0,Type4,5413.21768707483,3849.06802721088
GCAATCCATGGTA,0,Type1,1390.69863013699,3672.39726027397
GCTCCTCATGTGC,0,Type1,4542.27848101266,2803.88607594937
GTTCCTCTACTGC,1,Type1,2484.40659340659,1006.07692307692
AATTAGCTACACG,2,Type1,1790.36170212766,1969.48936170213
GCTCTCGATGGTT,0,Type1,1671.4513618677,3381.77431906615
ACCTGAGCGTTGG,3,Type7,5068.63571428571,4136.13571428571
CTGTTCGGCAGTG,0,Type1,4233.44761904762,3174.70952380952
CCTGCTGCGTCAC,5,Type1,4849.94897959184,2524.5612244898
TCACTCGTACACT,2,Type1,4451.08256880734,3337.10091743119
TGGTAGGCGTTGA,0,Type1,2914.85526315789,4968.375
ACATAGGCGACAG,1,Type6,2925.68020304569,3185.30456852792
ATTTAGGGCAGTA,0,Type1,4288.63779527559,2643.14960629921
TTGTTCGATGCAT,2,Type1,3824.01229508197,4522.96721311475
TTCCCTGCGTGTA,0,Type1,5001.475,2773.24166666667
ATGGTCTTACTGG,0,Type1,5402.89285714286,3723.75
GTCCAGTTACGTT,3,Type7,3810.436,1013.044
GCTCCTTTACCAA,0,Type1,1706.42201834862,2391.64678899083
CAAGAGTGCAGTT,4,Type2,4373.76158940397,1589.26490066225
GTTAAGTCGTCAA,1,Type6,3382.86160714286,1857.71428571429
ACACTCTTACGTG,0,Type1,4164.63636363636,5098.51948051948
CTGAAGTCGTTGT,4,Type2,2359.05194805195,5309.31168831169
TCCCCTTATGACA,0,Type1,4657.59210526316,3473.84210526316
ATTTCTTTACACT,4,Type1,1402.31666666667,3271.9
TACAGATGCAACT,5,Type1,5206.77450980392,3313.56862745098
CGTGGATATGACT,0,Type1,3491.5,3681.90277777778
ATGCAGTATGCAG,1,Type6,4802.94117647059,3162.27941176471
CCGTCTGTACGTA,0,Type1,2863.10309278351,721.144329896907
ACTCGATATGACG,1,Type1,3089.45378151261,1050.76470588235
TGCATCTATGGTA,4,Type7,2993.36956521739,1455.13913043478
GGTCCTAATGCTG,4,Type2,4001.70285714286,4494.74857142857
TGAAGAAGCATCA,4,Type2,3953.66308243728,3028.15770609319
TAACCTACGTAGA,1,Type1,2565.29411764706,1324.81818181818
ACTGAGAGCAAGA,2,Type1,4810.30263157895,2487.34210526316
TCAAGAAGCAGAG,0,Type1,1608.89361702128,3586.98936170213
AGTACTCTACCTT,3,Type7,2857.70512820513,1474.59615384615
TTTGAGCATGAGT,0,Type1,2646.10650887574,5017.12426035503
TCCCAGCTACTCA,3,Type1,3471.77868852459,771.819672131148
TCACGACGCAAGT,0,Type1,5203.27472527472,3906.97252747253
GTCTCTCGCAAGT,4,Type7,1364.6036036036,3249.03603603604
AGTTAGCCGTAGA,4,Type2,2357.12173913043,1472.33913043478
CTGAAGCTACCTC,0,Type1,2926.36956521739,706.29347826087
AGCGTCCTACAGA,0,Type1,2567.296,2516.216
ATAGCTCGCACTC,5,Type4,2407.74534161491,2253.66459627329
CTCCAGCCGTTCG,0,Type1,3547.30991735537,4122.94628099174
GCGTCTCTACCTA,1,Type6,4846.81879194631,3044.3355704698
CCCTCTGGCACTT,5,Type3,3443.61711711712,1722.78828828829
GTAACTGGCACTT,1,Type8,2233.38150289017,3838.39884393064
CGCCGAGATGAGG,4,Type2,2363.89808917197,2661.87898089172
CCAGAGGCGTCTT,0,Type1,5172.42657342657,3379.31468531469
TAGGCTGCGTCTT,2,Type1,4292.10218978102,3373.74452554745
TCTCGAGGCATCA,0,Type1,3096.39285714286,5175.35204081633
TTCTCTGGCACTA,3,Type7,2393.08275862069,5154.33793103448
GTCCTCTCGTTCC,3,Type2,3552.2268907563,4552.6974789916
GCGATCTTACCTG,0,Type1,1372.50234741784,3310.11737089202
CTCAAGTGCAAGT,0,Type1,3565.83663366337,4161.67326732673
CCGTGATGCATCA,3,Type1,4715.91379310345,4125.36206896552
ACTGCTTGCAAGA,0,Type1,3484.25333333333,4201.22
TGGTTCTCGTGAG,3,Type4,2012.89949748744,1251.59296482412
GCGCTCTATGGAG,2,Type1,2882.25,3701.83035714286
TCAAAGTATGAGC,1,Type1,2793.39240506329,1978.56329113924
TGCGAGAATGGCC,5,Type4,2828.05084745763,2143.07344632768
GGGAAGACGTGCC,0,Type1,1628.97391304348,4289.8
ACCCAGACGTATT,0,Type1,5297.46987951807,3666.06425702811
GACATCACGTCGG,1,Type6,3092.45077720207,1588.86528497409
GATCTCAGCACGG,0,Type1,3173.31690140845,3488.60563380282
ACGCAGAGCACGG,2,Type11,1654.1610738255,2870.45637583893
AGTCGAACGTGCA,0,Type1,2593.75496688742,4333.95364238411
AACGTCACGTATG,3,Type1,2309.8982300885,4362.01769911504
ACTGTCACGTCGT,0,Type1,4710.04046242775,3758.19653179191
TACGAGAGCACGT,3,Type1,1931.74404761905,1359.28571428571
TACACTATACGCA,1,Type6,2508.83108108108,1256.62162162162
AGCCGAATACGCA,3,Type1,3888.02617801047,4058.68586387435
CGCAGAATACCGT,0,Type1,2512.7578125,5154.0078125
GGCTAGACGTTAG,0,Type1,5341.825,3556.27
TGTCTCAGCAGCT,0,Type1,5376.90066225166,3676.07947019868
TAAATCAATGGCG,1,Type1,2841.86192468619,4834.0920502092
CCACGAAGCACGC,0,Type1,5094.125,2769.72983870968
GCGGCTATACCGC,5,Type4,2437.075,2170.7625
CTGGTCCGACTAA,0,Type1,5142.64457831325,3831.53012048193
TCATCTCGACTAA,0,Type1,5317.86147186147,3748.5670995671
GAATAGCCGTCGT,2,Type7,3047.5,4879.86184210526
AGGGAGCATGCGT,0,Type1,4776.453125,2098.6796875
TTGTCTCATGTAC,0,Type1,5128.56744186046,3359.9023255814
GCCGAGCTACATG,0,Type4,2528.14754098361,2128.39344262295
TAAGTCCGCAGCT,6,Type1,2270.30769230769,865.173076923077
GGTAAGCTACCGC,1,Type1,2813.73643410853,4946.07751937985
GCATGACTACATA,5,Type4,3245.59550561798,2405.19662921348
ACGCCTGGCAATT,0,Type1,4367.41798941799,5053.83068783069
CGGTTCGCGTCGG,4,Type2,4296.90350877193,4918.71052631579
CCGTCTGCGTGCN,4,Type2,4039.33695652174,3303.09782608696
CACCAGGGCAGCA,0,Type1,3883.95983935743,5046.04819277108
ACAGTCGGCAATG,2,Type1,2331.35,3743.87857142857
CTATCTGGCACGT,4,Type1,3378.43292682927,4034.5487804878
GGCAGAGCGTTAC,6,Type1,3177.04166666667,2298.41071428571
GAGCCTGGCAGCG,4,Type3,4245.27826086957,1433.17391304348
GAGCGAGGCATAT,0,Type1,3820.72580645161,1939.77419354839
CACCAGGCGTATA,0,Type1,2712.52142857143,942.971428571429
CAGAGAGCGTTAT,0,Type1,3651.65277777778,4600.59027777778
AAGAAGTGCACGG,3,Type1,2599.45454545455,2004.58441558442
ATACTCTCGTTAA,0,Type1,3771.14193548387,1509.53548387097
TTCGCTTCGTTAA,4,Type2,3083.05696202532,4980.95569620253
ATTGTCTTACATG,3,Type1,4893.35416666667,3626.69444444444
AGTGTCTCGTATG,0,Type1,4608.0350877193,1804.04678362573
CGAGCTTATGTAC,3,Type1,3009.36283185841,1078.86725663717
GCCATCTGCAATC,3,Type7,3987.57647058824,4413.44705882353
GTATCTTCGTTAG,0,Type1,3509.62921348315,1928.29213483146
ATGTGATATGGCT,0,Type1,4923.96590909091,2506.34659090909
GCTTAGTATGGCT,4,Type2,2379.75572519084,3578.4427480916
GGGACTTGCAATA,0,Type1,5174.95219123506,3788.54581673307
CCTATCTATGCGC,2,Type11,4611.17427385892,4582.52282157676
TATAGCAATGCCC,0,Type1,1952.84,2380.04666666667
CCATATACGTGAA,3,Type1,4757.62666666667,2072.34666666667
CATTCGAGCACCC,0,Type1,3315.08522727273,3576.40340909091
CTCCCGATACGGG,5,Type4,2711.25,1838.75625
CGGCTAAGCATTG,3,Type8,1329.609375,3271.4921875
AACCGCAGCAAAC,0,Type1,2895.81366459627,4899.46583850932
GGACCGAATGCCT,4,Type2,3157.35570469799,3603.28187919463
CTTTATAGCATTC,5,Type4,2040.60544217687,811.013605442177
AACCTACGCAGGG,0,Type1,4347.48251748252,5133.45454545455
CCACGCCGCACCA,0,Type1,4458.10849056604,2777.3679245283
CTCCTACGACCCA,4,Type1,2682.59375,3978.5625
GGAATACGCAGGT,2,Type4,2632.56153846154,1634.49230769231
CGCTATCGCACCA,0,Type1,4840.56626506024,2259.01606425703
CCTCCGCCGTCCT,3,Type7,3361.52595155709,1235.20069204152
ATATTACCGTGGA,2,Type3,4749.71226415094,4792.89150943396
ACGTGCCATGTTC,4,Type2,3946.78318584071,3245.01327433628
TAGGCGCTACGGA,1,Type6,2564.27027027027,1378.93918918919
GCGTCGCTACCCT,1,Type1,1583.50510204082,4672.86224489796
GACAGCCGCAAAG,1,Type6,3704.47368421053,3636.56578947368
AAGGGCCGACCCT,1,Type1,3301.09900990099,583.059405940594
CCTAGCCGACCCT,4,Type2,2424.92682926829,3533.0243902439
CGCATACGCAGGA,4,Type2,1399.06341463415,4555.41463414634
GGCTCGCATGCCG,4,Type2,4606.62264150943,3780.16981132075
CCTATAGATGTTG,4,Type7,4013.26490066225,4474.75496688742
ATTCATGCGTTTG,0,Type11,3096.71153846154,4340.16826923077
TGTTATGCGTTTG,0,Type1,5264.80686695279,3217.41630901288
AGGGCGGGCAAAG,3,Type1,1891.43,1446.0
GTCGGCGTACCCT,0,Type1,3736.36526946108,1788.74251497006
CCTCTAGATGCCT,0,Type1,4422.44628099174,3251.50413223141
GTTTATGCGTAAG,4,Type2,1407.0985915493,3230.80281690141
CTTGCGGCGTTTC,4,Type2,3786.18248175183,4986.74452554744
TGTCGCGCGTCCT,1,Type6,4457.05185185185,2527.20740740741
GTCGCGGCGTGGA,0,Type1,3710.63114754098,4676.94262295082
AGCCTAGCGTAAG,0,Type1,1729.0,2284.072
CGGCGCGGCACCG,0,Type1,3767.06666666667,3535.89803921569
TATGATGCGTAAT,0,Type1,4756.44680851064,2422.36170212766
CGCGGCTTACTTT,3,Type1,4987.0618556701,4579.29896907217
TACCGCTATGGGG,0,Type1,3482.97872340426,3797.5585106383
CCTGATTGCAGGT,0,Type1,1115.79661016949,3832.51694915254
CATGATTGCATTG,5,Type4,2620.0,2235.6
AATAAGTATGGGT,1,Type1,2410.06172839506,1432.71604938272
GCAAATTATGGGC,0,Type1,2565.85217391304,5302.89565217391
GACTCGTATGAAT,3,Type7,3190.5017921147,3656.60573476703
GATTCGTATGCCG,1,Type1,3389.45652173913,1746.20289855072
AAATATAATGGTG,1,Type6,4384.30103806228,2844.57439446367
TCCTTAATACGTG,0,Type1,4300.32773109244,1639.86554621849
CGTCTAACGTTGA,0,Type1,3760.86826347305,4714.77245508982
TATAGCACGTCAG,1,Type1,1665.61797752809,3570.21348314607
CTGTCGAGCATGA,2,Type1,1572.66666666667,4610.5503875969
TAAGTAATACCAG,4,Type2,3302.944,855.712
TCACATACGTGTA,3,Type4,2734.11818181818,695.681818181818
ACGTATACGTCAT,1,Type6,2834.08928571429,1855.51339285714
TAAATAAGCAACG,5,Type1,3186.93006993007,2118.04195804196
CCATGCAGCACAT,3,Type7,1387.31843575419,4692.1061452514
ACCTTAATACGTA,0,Type1,1772.20512820513,2481.94871794872
CAGCATATACACG,1,Type9,1693.0,1126.74166666667
GGGTTACATGGTT,4,Type2,4300.53246753247,3523.15064935065
CTGATACTACCAA,1,Type6,3790.64912280702,2063.88596491228
GAAAATCGACCAA,3,Type1,4575.31460674157,2539.14606741573
GCATATCGACACC,0,Type1,2733.66346153846,2730.75
GCTCGCCGACACC,3,Type7,1676.0972972973,3225.33513513514
CCGACGCGCACAA,0,Type1,5069.87362637363,2724.43406593407
CACTGCCATGTGT,0,Type1,1869.30921052632,4354.34210526316
CTCGCGCATGCAC,0,Type1,2544.97512437811,4508.70646766169
CGCCCGCGCAGTG,0,Type1,3451.86013986014,1863.18881118881
TCTCGCCCGTGTC,0,Type1,4518.59195402299,3385.56896551724
AAAGCGCATGGTC,0,Type1,5135.13636363636,2957.71022727273
TCTCCGCATGGTC,1,Type7,2888.83832335329,2056.58682634731
CGCTATCATGCAG,1,Type6,3316.84864864865,2135.72432432432
GCTCCGCCGTACG,3,Type7,3893.11229946524,3229.61497326203
CTGAATGGCAACC,4,Type2,4803.90825688073,2011.29816513761
TTAATAGGCATGG,0,Type1,1848.78181818182,4756.37575757576
AATCATGGCACAA,0,Type1,1891.50515463918,5022.09278350515
TGTCATGATGTGG,0,Type1,4261.27480916031,3409.74809160305
CCCCATGCGTCAA,0,Type1,2828.8203125,556.0234375
CTAATAGGCAGTG,0,Type1,1398.31914893617,3658.8085106383
CGGGATGCGTGTG,5,Type1,3103.14159292035,2139.50884955752
GAACTAGCGTTGT,1,Type1,3845.98947368421,1671.03684210526
ATCCTAGGCACAG,4,Type7,1268.67701863354,4421.46583850932
GCGTCGGGCATGA,3,Type1,4678.65196078431,2674.39215686275
CCACTAGTACACT,1,Type1,4852.80319148936,2744.11170212766
TCCCCGGATGTGA,0,Type1,5429.22463768116,3405.34782608696
CTTAGCGATGACT,0,Type1,4433.95424836601,2798.39215686275
GCAAATGATGGTC,0,Type1,1584.66153846154,3653.98461538462
ATTATAGCGTGTC,5,Type1,3046.89142857143,2091.64571428571
TCGGATGCGTGTC,0,Type1,4847.41090909091,2782.61454545455
GAACCGGGCAGTA,3,Type7,3016.74869109948,1429.39267015707
ATTAGCGGCAGTA,1,Type6,3963.46009389671,2321.15023474178
CGGCGCGGCAGTA,4,Type7,3855.13450292398,3920.14035087719
GACCATGGCAACG,0,Type1,3568.96341463415,650.829268292683
ACGCCGGGCAACG,1,Type4,2596.84768211921,2260.13907284768
TTTCATGTACCAT,0,Type1,4409.48636363636,3369.40909090909
TGCCCGGATGTGC,3,Type7,2999.26553672316,4730.58192090395
CATATAGATGTGC,0,Type1,5172.18348623853,3191.05504587156
TCTTATTGCACAA,5,Type4,2669.23,1961.19
CCCTCGTCGTCAA,3,Type2,1733.22857142857,2553.27142857143
AACAATTATGTGG,2,Type1,2505.81860465116,1276.58139534884
GAGCATTGCAACA,3,Type3,5043.67875647668,4297.05699481865
TCCGTATGCACAG,1,Type1,5019.65497076023,2690.37426900585
CGTGATTGCAGTC,0,Type1,2474.136,5295.584
CGGACGTATGGTC,1,Type1,2669.65909090909,932.022727272727
CGTTTATGCATGC,1,Type6,4066.84353741497,2400.30612244898
CCGAATACGTTCC,3,Type1,2470.63276836158,2642.35593220339
CCCAATAGCACTT,0,Type1,2212.82587064677,1855.53731343284
TACTTAAGCAAGG,3,Type7,3923.80384615385,3415.55
TGTCATAATGCTG,0,Type1,1562.9406779661,4639.6779661017
CGATGCAGCATCA,3,Type4,2459.82236842105,2579.54605263158
CGGAATATACAGT,0,Type1,4673.59898477157,3482.68020304569
CCCAATACGTCTC,0,Type1,1696.41314553991,3502.16431924883
GCCCCGCTACAGG,0,Type1,2620.91935483871,4210.08870967742
GAGGATCGCATCN,1,Type9,2432.07547169811,1544.72955974843
ACTGCGCGACCTT,4,Type2,1709.61052631579,3325.87368421053
TAGCCGCATGCTG,0,Type1,2178.40322580645,2488.67741935484
GTCTCGCTACCTG,2,Type1,2548.340625,3061.39375
CAAAGCCGCAAGT,4,Type7,4608.95714285714,3823.08571428571
TTGAGCCGCATCA,1,Type1,5307.92,3259.40571428571
CCAACGCATGGAG,1,Type1,4559.92857142857,2437.92857142857
ATCGTACTACAGA,0,Type1,3819.7,1102.90833333333
GAGACGCCGTTCG,1,Type1,3727.81460674157,3178.53370786517
ATATTACCGTTCG,1,Type6,4297.1935483871,2813.98387096774
AGGGGCCATGCTA,3,Type4,1942.09523809524,1408.19841269841
GATGGCCATGGTA,0,Type1,1208.53846153846,3983.81065088757
TTATGCCATGTCG,0,Type1,5139.96703296703,4148.43956043956
GCAATACGCACTA,1,Type1,2534.91056910569,4660.0487804878
CGTAGCCGCACTA,4,Type7,4175.00578034682,3332.09248554913
TAAAGCGATGCTT,0,Type1,1623.36134453782,2107.89075630252
GACCTAGTACCTG,4,Type2,3057.80555555556,993.490740740741
ATGGTAGCGTGAN,0,Type1,4158.715,3251.67
AACTGCGGCAGAG,5,Type4,3708.56603773585,1128.79245283019
TCAAGCGATGTCT,0,Type1,5112.80526315789,3992.21052631579
CTTTTAGCGTTCT,3,Type1,1780.672,3553.032
GTGAATGTACAGC,5,Type4,2924.8870292887,3238.48117154812
GTTTATGCGTTCG,2,Type2,4650.00434782609,3987.0652173913
CCTTTAGCGTTCG,0,Type1,3837.23529411765,1094.91176470588
TTATGCTTACCTT,0,Type1,4996.1049382716,2724.66666666667
TGAGCGTGCACTN,6,Type6,4196.62420382166,2764.37579617834
ATGATATGCAAGG,0,Type1,4944.49246231156,2574.42211055276
TTGTCGTGCATCA,5,Type4,1971.72549019608,1401.70588235294
TACACGTCGTCTG,0,Type1,4007.8358974359,1634.41538461538
ATCCGCTCGTCTG,0,Type1,2282.04306220096,3841.995215311
ACAATATCGACTC,3,Type1,3141.34722222222,3445.98611111111
TACGGCTGCACTA,4,Type2,1823.27777777778,3460.78888888889
GTGGTATCGTCTA,0,Type1,4082.06451612903,1460.43225806452
ATGTCGAATGTAA,3,Type4,2055.83695652174,1404.07608695652
AATGCGAATGGCC,0,Type1,2669.49537037037,5357.66203703704
CGCCTAACGTTAA,0,Type1,2904.82352941176,5558.67058823529
CATCTAACGTGCC,0,Type1,5124.29523809524,3003.55238095238
ACTCGCAGCACGG,4,Type2,2023.36170212766,4925.35744680851
TATAGCATACTAA,4,Type1,2813.36875,563.35625
CTATATAATGTAC,1,Type1,1820.63529411765,4535.72941176471
CTCGTAAGCATAC,3,Type7,1341.92528735632,4595.89655172414
TCTCTAATACCGT,3,Type1,1552.78139534884,4671.26511627907
AATACGATACGCA,4,Type7,1847.52777777778,3500.40277777778
ATCATAACGTTAG,0,Type1,4126.16326530612,1417.24489795918
GGGAGCAGCAGCT,0,Type1,2471.6993006993,2488.02797202797
ATCAATACGTCGC,0,Type1,4526.76956521739,2558.24782608696
CGGGTAATACCGC,4,Type1,2307.99236641221,2681.54198473282
CCTTCGATACTAT,3,Type8,2061.98319327731,1483.47478991597
GAACGACCGTCGG,3,Type3,1924.11206896552,1228.05172413793
TATATACATGTAA,0,Type1,5073.99122807018,3888.70175438596
AAGGTACGCAATT,4,Type2,3669.9603960396,4710.80198019802
CTTGCGCCGTGCA,1,Type5,2777.50574712644,1348.25287356322
AAAGGCCATGTAC,0,Type1,1588.32183908046,4411.18390804598
TCCTCGCGCAATG,0,Type1,3865.00617283951,1697.04320987654
CCCTCGCGCACGT,0,Type1,3100.00943396226,923.056603773585
TAATATCGACTAC,0,Type1,5287.1007751938,3992.09302325581
GACAATCCGTTAG,0,Type1,4227.67980295566,5262.27093596059
ACCTTACTACTAT,0,Type1,4436.82142857143,2610.98214285714
TGTTCGCTACATA,0,Type1,2559.94482758621,5015.38620689655
TCCCATCGACTAT,1,Type7,1699.31868131868,2044.37362637363
AAACATCGCACGC,1,Type6,2953.76923076923,2892.38461538462
ATGCCGCGCAATA,1,Type3,3911.41899441341,930.793296089385
GATGGCCGACGCG,1,Type1,5229.88679245283,3717.68867924528
GAACTAGCGTTAA,0,Type1,3842.09770114943,4198.91379310345
GCAGCGGCGTTAA,3,Type3,1912.16417910448,5148.33582089552
GTATGCGATGCGT,0,Type1,3937.48148148148,4507.85802469136
CCTAATGGCAGCT,0,Type1,2731.81012658228,1094.26582278481
GACTTAGTACGCT,0,Type1,4245.95035460993,3185.49645390071
TCATCGGCGACGA,1,Type1,1554.671875,3582.4375
CTCAATTGCATAA,4,Type2,2938.31386861314,3710.33576642336
GCCGTATCGTATT,4,Type2,1596.46774193548,4726.53225806452
CTCTGCTCGTTAA,0,Type1,4809.63636363636,3409.13939393939
ATCCCGTATGATT,6,Type5,3407.42168674699,2233.25301204819
CGTATATTACGCA,4,Type1,4126.65289256198,4821.56198347107
TATAGCTGCAATG,4,Type2,5064.95192307692,4258.54807692308
GTCAGCTATGGCA,0,Type1,1534.46428571429,3430.04761904762
ACCTGCTTACATC,1,Type8,1929.7987804878,2094.03048780488
TCTTGCTTACCGA,1,Type6,3336.79166666667,1814.71428571429
GCGCCGTTACATC,3,Type2,1172.10236220472,4465.06299212598
CTTATATATGGCT,0,Type1,2561.96124031008,2737.96899224806
GCAAGCTTACATA,0,Type1,5114.31927710843,4071.59036144578
ATGATATTACGCG,1,Type6,4471.98429319372,2138.30890052356
CGATATTTACTAT,0,Type1,4277.94943820225,2999.62359550562
CGTGGCTGCAATA,0,Type1,3563.28648648649,4420.02162162162
GCTACGTGCATAT,4,Type7,2988.25961538462,4856.90384615385
GACTGCTCGTCGC,0,Type1,5238.29411764706,3924.48529411765
GGATATTCGTGCG,0,Type1,4210.46835443038,1571.58860759494
TACGGCTATGGCG,1,Type1,3539.29523809524,813.142857142857
TTTAAAAATCTTT,0,Type1,5148.33695652174,2828.625
CTGCGGAATCCCA,0,Type1,3434.64150943396,3952.77358490566
CGCGAAAGCTAAC,4,Type7,3361.82478632479,4162.50427350427
CTGATTAATCAAG,3,Type9,1401.65957446809,3256.3085106383
GCGTGGAATCCCT,0,Type1,2560.52121212121,4971.98787878788
TTCCAAACGACCT,2,Type7,3226.72368421053,1340.28070175439
TGCATTATAGCCT,5,Type4,2882.37962962963,2348.18518518519
GCCAAAACGAAAT,1,Type1,5165.85430463576,3773.85430463576
GAGGTTCATCCCC,5,Type4,3011.44262295082,2260.73770491803
ATAACCCTAGTTG,0,Type1,2208.69458128079,3897.93596059113
TTATGGCTAGGGT,4,Type2,3319.57487922705,5460.88888888889
GACATTCGCTCCA,4,Type7,1740.81538461538,4931.86153846154
AATTCCCGCTAAC,0,Type1,1218.53374233129,3514.80981595092
CAGTAACTAGCCG,3,Type4,2094.67256637168,1256.87610619469
GGAGAACTAGCCG,0,Type1,3402.82474226804,557.835051546392
ACCCCGCGCTTTA,1,Type6,3725.37878787879,2944.03787878788
ATTTCCGGCTCCC,4,Type2,1213.98453608247,3340.63402061856
TGTCAAGGCTGGC,0,Type1,4296.97058823529,2886.06470588235
CACGTTGGCTGGC,4,Type2,2251.125,2590.91071428571
TTAGGGGGCTGGC,4,Type7,2937.565,4762.21
GACTTTGATCAAT,0,Type1,4381.55029585799,3219.50887573965
GGGGTTTATCGGG,4,Type7,1247.44,3319.06666666667
ACTCCCTTAGCCA,1,Type6,3748.2268907563,1321.64705882353
AGACTTTGCTCCA,2,Type1,4058.78947368421,4023.36257309942
CCTCGGTCGACCA,0,Type1,1156.58260869565,4014.60434782609
AGCATTTCGATTG,1,Type1,1857.04444444444,1423.86666666667
CGGATTTTAGCCT,1,Type6,1595.35616438356,2157.58904109589
TAGTGGTTAGCCT,1,Type11,2784.1814159292,754.004424778761
CGGATTTGCTCCG,0,Type1,3506.34,4143.9
ATAATTTATCCCG,0,Type1,1630.35416666667,3577.025
TGACTTACGATGG,4,Type2,4036.66666666667,3259.71929824561
GCGGCCAGCTGTT,0,Type1,2783.35483870968,2824.43225806452
ATCCCCAGCTTGT,0,Type1,3967.01675977654,3132.57541899441
ATTTTTATAGGTG,0,Type1,4801.14285714286,2449.51127819549
ATTCGGACGACAG,5,Type1,5137.81560283688,2973.33333333333
TACACCACGAACT,0,Type1,3003.07954545455,1511.19886363636
CTACCCAGCTGTC,0,Type1,1412.04320987654,3356.97530864198
CTTAAAATAGACT,0,Type1,4226.03100775194,5154.58139534884
CTAAAAATAGGTC,0,Type1,2603.43971631206,2577.9219858156
AGCCGGATAGCAG,1,Type1,3542.15979381443,1920.71134020619
TCAGGGCGCTACC,6,Type1,3338.02777777778,3395.62777777778
TGCCCCCGCTGTT,1,Type1,4443.48214285714,3080.86607142857
GTACCCCATCTGT,0,Type1,2863.80882352941,5345.63235294118
CTACAACATCGTG,1,Type1,3547.06486486486,1759.44864864865
CTATTTCATCGTG,0,Type1,1882.1512605042,3564.95798319328
AGTGAACGCTACA,1,Type6,3424.7245508982,2038.59880239521
CGAAAACGAGCAC,3,Type7,3915.20338983051,4040.24576271186
CAGAGGCGAGACA,0,Type1,4537.14184397163,3269.42553191489
CGATTTCGAGCAC,4,Type2,3068.98876404494,1461.52808988764
GTCTTTCATCCAG,1,Type6,3202.145,1696.32
AACGAACGCTACT,0,Type1,1315.52816901408,3355.16197183099
GATCCCCGCTACT,4,Type2,2468.04792332268,4936.07667731629
TCAGTTCATCGTA,0,Type1,1406.25373134328,4493.19402985075
CCGATTCTAGCAT,0,Type1,3188.17551020408,5238.91020408163
CACATTGGCTCAA,1,Type6,2202.42,2139.47
TCTTTTGGCTGTT,4,Type1,3315.26956521739,3691.3652173913
TAGTCCGGCTGTT,4,Type4,4052.0303030303,4632.49242424242
AGCGTTGATCCAA,5,Type1,5079.40243902439,2756.2256097561
TACCCCGGCTCAC,4,Type2,4413.8961038961,3696.20779220779
TACTAAGCGACAC,0,Type1,3236.93023255814,1396.06201550388
TCACAAGGCTGTC,0,Type1,3388.01075268817,3868.95161290323
ACGTGGGTAGGTC,1,Type1,2290.5593220339,1410.98305084746
GATCCCGCGACAG,2,Type1,4201.37704918033,5054.26229508197
GGAGCCGGCTACG,0,Type1,1443.28571428571,3337.16964285714
AATGTTGGCTACG,1,Type6,4376.82638888889,2600.07638888889
ACAATTGTAGGTA,1,Type1,1917.81147540984,878.688524590164
CAGGTTGATCGTA,4,Type2,3697.98064516129,5577.18709677419
TAGCAATTAGGTT,0,Type1,5297.29223744292,3580.98630136986
GCTAGGTTAGCAA,1,Type6,2567.3914893617,2484.34893617021
GTATCCTTAGCAA,4,Type7,2545.03448275862,2765.46206896552
AGGGCCTCGAACC,0,Type1,3589.88079470199,3992.72847682119
AATGAATCGAGTT,0,Type1,5406.02547770701,3990.89171974522
ACTCAATGCTTGT,0,Type1,4847.06707317073,2242.7012195122
AATGAATGCTTGT,2,Type4,1925.86554621849,1374.81512605042
ACATGGTATCTGT,0,Type1,3719.625,1087.78125
TTTTAATTAGGTC,0,Type1,4534.08270676692,1825.43609022556
CTAAGGTGCTGTC,1,Type6,1853.70833333333,4060.94791666667
CGTGGGTCGAGTC,4,Type2,4771.824,1979.936
TGGGGGTTAGGTA,3,Type4,2898.06707317073,2082.21341463415
TATGTTTTAGGTA,0,Type1,2632.53359683794,5495.2371541502
GACGTTAATCTCA,2,Type2,4718.61081081081,3959.80540540541
TGACTTAGCTGAC,1,Type6,3242.05056179775,2385.10112359551
AGATAAAGCTCTG,0,Type1,2916.95762711864,5167.07627118644
TATGTTAGCTAGA,0,Type1,5231.67659574468,3520.49361702128
TCTCGGATAGAGA,0,Type1,4100.0253164557,1634.05063291139
CCAACCAATCAGC,3,Type9,1986.24817518248,2064.82481751825
GGTCAAAATCAGC,1,Type1,2759.64179104478,822.034825870647
TGGGCCCATCCTT,0,Type1,3116.11842105263,1539.85526315789
AGTGTTCGCTCTT,1,Type6,3722.65446224256,3937.77345537757
GACATTCGCTCTT,4,Type1,1385.21649484536,4519.9381443299
CTGCTTCGCTTCC,0,Type1,4785.69938650307,2183.03067484663
GCCATTCGCTTCT,0,Type1,4174.01639344262,4901.56557377049
CTGCCCCGCTAGA,0,Type1,2207.28666666667,4321.11333333333
AACGGGCGCTAGA,0,Type1,1889.26086956522,4677.3152173913
AGGGCCCCGAAGC,4,Type2,2547.81730769231,2780.64423076923
CCGTTTGGCTAGT,3,Type4,2450.07826086957,4931.50434782609
AGACGGGTAGGAC,0,Type1,3739.42207792208,4572.7987012987
GCAAGGGATCAGT,0,Type1,2848.56976744186,4799.47286821705
AGACCCGCGAAGT,1,Type1,3814.35779816514,4751.23853211009
GCATCCGCGACTC,2,Type1,3632.10526315789,1103.01754385965
GAATTTGGCTTCG,0,Type1,3630.49074074074,632.194444444444
AGTAGGGATCTCG,0,Type1,4745.80882352941,3363.86029411765
TCTGGGTCGACTT,4,Type1,3600.7109375,806.3515625
GTATCCTCGACTT,0,Type1,4585.25888324873,1845.43147208122
ATCTGGTGCTGAC,1,Type1,3222.2600896861,717.596412556054
AGCAGGTGCTTCT,0,Type1,1255.89,3578.83
CATCTTTCGAGAG,3,Type7,2121.83076923077,1438.46153846154
TGAAGGTTAGGAT,0,Type1,1175.796875,3626.3125
GCTCTTTGCTCTA,3,Type1,2030.06451612903,989.096774193548
CCGGAATGCTTCG,4,Type1,1806.69938650307,3487.92024539877
GATAGGTGCTCTA,0,Type1,4948.73529411765,3703.22794117647
ATGTGGATAGTAA,3,Type7,3145.94488188976,5101.37795275591
TGAGCCATAGTAA,0,Type4,3312.71751412429,746.954802259887
AGGTGGAATCTAC,4,Type2,2691.38842975207,4262.07438016529
CTCACCAATCTAC,1,Type1,3234.72222222222,686.041666666667
TGACGGAGCTTAC,3,Type8,2743.83,2351.95
TCAACCACGAGCT,0,Type1,3508.97278911565,1190.2925170068
CGTGTTAGCTCGA,2,Type2,3009.0125,1116.925
GCAGAAAATCATA,3,Type1,2649.79255319149,2725.76595744681
TGTACCACGACGC,4,Type2,1121.09523809524,3973.79047619048
GCGGAAAGCTTAT,0,Type1,5593.75129533679,3811.40414507772
TCGAGGAGCTGCG,5,Type1,1861.68926553672,1320.40677966102
TAACGGCGCTATT,4,Type2,3655.20276497696,4698.45622119816
TAAGCCCGCTTAA,0,Type1,2020.976,2408.448
GAGAGGCGCTTAA,1,Type1,3416.34355828221,1819.81595092025
CTTGTTCGCTGCA,4,Type7,2810.66956521739,1449.84347826087
CAGCCTCATCCGA,0,Type1,5454.2037037037,4341.75925925926
TTCCGGCTAGGCT,0,Type1,4811.48170731707,2267.32926829268
GACTGGCGCTTAG,1,Type1,4491.36931818182,2809.18181818182
TAGGAACGCTGCT,3,Type7,1227.94054054054,3282.82702702703
TGCACCCGCTGCT,1,Type6,3644.52684563758,3169.22818791946
TCTTGGCGCTTAT,0,Type1,5055.11510791367,4060.0
GACCCCGGCTCGG,3,Type1,2551.0979020979,4912.06293706294
CGAAGGGGCTGCC,0,Type1,1628.57692307692,4663.08461538462
GCGTTTGTAGATT,3,Type7,3588.64375,852.5875
CTGCGGGATCTAA,1,Type1,4535.18620689655,2611.75862068966
TGAGGGGCGAATT,4,Type2,3126.81454545455,949.28
GATCGGGGCTTAC,1,Type6,1476.45098039216,3932.01960784314
AGACTTGCGAATG,3,Type1,5089.59712230216,3276.69784172662
TTCATTGCGAATC,2,Type8,1768.11504424779,1347.58407079646
ATTAGGGTAGATA,2,Type1,4817.57009345794,2205.05607476636
CCTGGGGCGAGCG,0,Type1,5498.84112149533,3535.76635514019
GCAACCTTAGATT,4,Type2,2645.86473429952,4115.59420289855
TTAGAATTAGATT,0,Type1,3883.03378378378,5093.5472972973
GTCATTTCGAATT,4,Type2,4005.15270935961,3225.06896551724
GTCTTTTTAGATG,3,Type2,1068.96862745098,4001.67450980392
TTCTAATGCTTAC,4,Type7,3106.42236024845,5009.24844720497
AGCAGGTGCTCGT,1,Type8,4634.84920634921,2458.62698412698
TCAGGGTATCGCA,1,Type6,3680.77419354839,1920.26612903226
AAGCCCTATCATC,1,Type6,2114.62411347518,1944.30496453901
GTTGCAACGATTT,0,Type1,3809.91414141414,3954.27777777778
TGCCACACGAGGG,4,Type1,3740.92018779343,4775.64319248826
TAAATGAGCTCCC,2,Type3,1307.13846153846,4669.84615384615
GTTAGTACGAGGT,2,Type1,2968.5671641791,950.111940298507
GCCTACAGCTGGT,0,Type1,2688.33333333333,1531.62626262626
GCCGCAAGCTAAC,0,Type1,2534.85454545455,2692.41818181818
CCTAGTATAGTTC,0,Type1,1676.27692307692,2290.96923076923
GTTCTGAGCTTTA,5,Type3,3943.14024390244,3847.80487804878
ATACCACATCAAA,3,Type7,3336.41721854305,881.708609271523
CGATTGCTAGAAC,0,Type1,5471.37837837838,3512.16216216216
ATCCCACGCTAAC,2,Type2,3097.25714285714,1325.54285714286
GATAACCCGAAAG,2,Type1,3012.93548387097,5364.22580645161
TCAAGTCTAGTTC,0,Type1,5042.10714285714,2748.75
CCCCGTCGCTGGA,1,Type1,1700.29281767956,4702.36464088398
GAATCACGCTCCT,0,Type1,5268.44886363636,4114.02840909091
CTGCTGCGCTCCT,0,Type1,3960.77653631285,1373.31284916201
AGATGTCGCTGGA,4,Type7,1097.23762376238,3594.00495049505
AAGCACCGCTAAG,1,Type6,2839.75912408759,1998.8102189781
CATCTGCGCTCCT,0,Type1,4663.28823529412,3459.64705882353
CACCACCTAGGGC,0,Type1,5204.50847457627,4266.31355932203
GCGCAACTAGCCG,2,Type1,5196.5,3536.27966101695
AGTTCACGAGCCG,1,Type1,3188.64615384615,585.492307692308
CTCTCACGCTCCG,1,Type1,3730.32919254658,3593.49068322981
GCGGACCGCTGGC,0,Type1,4393.33333333333,2898.77083333333
TATATGCGAGCCG,0,Type1,3470.97777777778,827.588888888889
CCCGCAGGCTGGG,0,Type1,3908.01063829787,1163.96808510638
CCATTGGGCTGGG,1,Type1,5248.41152263374,4059.73251028807
AATATGGGCTTTT,0,Type1,2982.08333333333,5412.92948717949
ATGCGTGGCTGGA,3,Type1,4423.67567567568,4885.15315315315
ATATGTGGCTGGA,0,Type1,5050.64141414141,3890.87878787879
GCCGACGCGAAAG,0,Type1,4576.85641025641,2490.48717948718
TCCTCAGGCTAAT,4,Type2,3936.36923076923,3311.24615384615
TGAATGGCGAGGC,3,Type3,4199.99056603774,4595.19811320755
CTCCACTGCTCCC,4,Type7,1573.89655172414,4715.89655172414
GAGGACTCGAGGG,0,Type1,5284.33823529412,4042.91176470588
AGTGACTATCCCC,0,Type1,4908.67391304348,2928.12608695652
TGGACATGCTAAC,1,Type1,3078.65161290323,5120.72258064516
CTCTACTGCTAAC,2,Type1,2394.38461538462,737.538461538462
TCGGACTGCTAAC,1,Type1,1411.25925925926,4127.15555555556
TTGTGTTGCTGGA,3,Type3,1807.70588235294,1522.66013071895
TTGAGTTATCCCT,0,Type1,4112.95287958115,2027.34554973822
TTCCTGTATCAAG,1,Type6,2781.58515283843,5147.04366812227
CCGCCATATCGGA,4,Type2,4889.45714285714,3950.36190476191
GTTCACTGCTAAT,0,Type1,3724.39772727273,4242.35795454546
CACAACTCGACCG,3,Type4,2317.64161849711,1227.39884393064
TCAGCAAGCTTGG,0,Type1,4197.55963302752,1773.47706422018
TATAGTATAGCAA,0,Type1,2926.96,1541.355
CTGGCAACGACAC,0,Type1,2842.25,4738.00595238095
AGGGACAGCTCAC,0,Type1,3890.671875,5251.953125
CTGTGTAGCTCAC,5,Type4,1812.80676328502,2051.25120772947
CCATCAAGCTCAN,0,Type1,2671.36879432624,2666.25531914894
GTCCGTAATCACG,0,Type1,1389.51648351648,3686.59340659341
CCCCTGACGAACG,4,Type2,4297.51948051948,3503.63636363636
ATGTTGAGCTACG,0,Type1,3879.16666666667,4995.47297297297
CAGCGTAGCTGTA,1,Type6,2879.70629370629,3163.0979020979
ATAAACCGCTTGG,2,Type1,3922.51086956522,663.989130434783
AGGATGCGCTCAC,4,Type2,1838.18487394958,2551.65546218487
CGCAACCATCTGA,0,Type1,5219.77702702703,3266.15540540541
GTAAACCTAGCAG,1,Type1,2500.11904761905,2321.31547619048
GCGAGACGCTTGA,0,Type1,3816.04,1531.08
TAAGTGCCGACAT,0,Type1,2697.73333333333,2750.94285714286
CATTCACATCACG,1,Type9,2153.59067357513,1881.02590673575
GAACACCGCTACG,2,Type7,2892.07971014493,1127.22463768116
CCAAACGTAGGTT,0,Type1,1899.12209302326,4635.05813953488
AGCACAGTAGACC,0,Type1,5314.16025641026,4167.73717948718
CGGTCAGATCCAA,5,Type1,4439.28125,2776.828125
TGGGGTGCGAGTT,5,Type4,2329.24193548387,981.188172043011
CCGAACGGCTGTG,0,Type1,5423.50364963504,3697.09489051095
TGCGACGGCTGTG,0,Type1,4392.6218487395,2453.63025210084
TAAGGTGTAGGTG,0,Type1,2951.9170984456,5179.30051813472
CACCCAGTAGGTG,0,Type1,2615.17293233083,2753.93233082707
GCGCCAGTAGACA,2,Type7,1365.37190082645,4809.52892561983
TCTTCAGGCTTGA,4,Type2,3836.62621359223,3835.15048543689
CTAGCAGCGAACT,1,Type9,2536.32116788321,1272.71532846715
AACACAGGCTGTA,0,Type1,2072.3984375,4496.234375
GACTTGGCGAACG,0,Type1,3806.11235955056,4728.94382022472
AGCCCATGCTACC,0,Type1,3005.7125748503,3494.24550898204
TATAGTTCGAACC,4,Type2,3978.57142857143,4331.96153846154
CAGCGTTATCCAA,3,Type7,2638.73410404624,5524.75722543353
CGGTGTTTAGCAC,0,Type1,5166.42995169082,3804.29468599034
GGACCATGCTCAC,5,Type4,2956.05445544554,2225.27227722772
CGATGTTGCTGTG,0,Type1,3567.82051282051,3856.26068376068
GATCGTTCGACAC,2,Type3,1848.61904761905,3210.97278911565
CGCTACTCGACAC,4,Type7,4355.15577889447,4918.59798994975
CGTCTGTTAGGTC,4,Type2,1855.28571428571,5054.96825396825
CTTACATGCTCAG,4,Type2,3392.7421875,1252.125
CCCTCATCGAGTC,0,Type1,4557.09493670886,2794.76582278481
CGCAACTATCCAG,0,Type1,1598.61073825503,3603.26845637584
CCATGTTGCTCAT,5,Type4,2762.30872483221,2055.55704697987
ATCCGTTGCTTGC,0,Type1,3842.39322033898,3279.03050847458
CTTTACAGCTAGG,4,Type7,3800.4224137931,4938.14655172414
GACCTGACGAAGC,4,Type2,2483.88461538462,2713.10576923077
CTAGGTACGATCG,4,Type2,4159.05194805195,4795.65584415584
GCTGGTCATCAGG,2,Type9,1610.04301075269,1129.95698924731
CCGAGTCGCTCTT,0,Type1,4629.02013422819,2265.4966442953
ATAGCACTAGTCA,3,Type7,3507.70481927711,874.0
CCCTGTCATCTCT,4,Type2,3673.86666666667,4774.90303030303
CGTATGCATCTCT,1,Type1,1819.21084337349,4262.3734939759
GTCTTGCATCTCT,1,Type6,4150.98648648649,2560.36486486487
CGGGGTCGCTTCT,1,Type6,2411.86666666667,1171.62222222222
TTCAACCGCTAGA,1,Type1,3128.12682926829,3432.52195121951
TATGTGCGCTTCG,3,Type1,2677.03389830508,4271.1186440678
TCGATGCGCTAGC,0,Type1,2748.87692307692,2865.45384615385
TGGTGTGATCAGG,0,Type1,2635.89215686275,3876.13725490196
GATGGTGGCTAGA,4,Type2,3851.7614213198,3951.23350253807
GTATCAGTAGAGC,0,Type1,4497.3696969697,2548.15757575758
TAACCATTAGAGG,4,Type1,1320.69230769231,3285.21367521368
GAGCAATATCTCC,0,Type1,1393.94117647059,4424.02941176471
TGCTCATTAGCTG,0,Type1,3813.61643835616,2985.5
TTTGTGTTAGCTC,0,Type1,2543.6846473029,2712.64315352697
GCTGACTGCTAGA,1,Type6,4411.13194444444,2274.96527777778
TGCGACTGCTTCT,0,Type1,4306.09604519774,2929.89265536723
GAAAGTTTAGTCG,1,Type1,2372.61264822134,3728.94071146245
TTCACATCGAAGC,5,Type4,5399.546875,3838.3203125
GTACGTTATCAGC,1,Type6,3683.68650793651,2597.30555555556
ACCCGTAGCTTAA,1,Type6,2174.32765957447,1104.34468085106
CGTGGTAGCTGCC,0,Type4,3337.025,763.1625
CTCAGTAGCTTAA,1,Type1,2043.20202020202,867.191919191919
CGCTACAGCTGCC,1,Type7,1710.63793103448,2071.66091954023
GTCAGTATAGTAC,0,Type1,4914.16438356164,3522.28082191781
TTTAGTACGAATA,1,Type9,2433.41732283465,1218.70866141732
GGTGGTACGACGC,4,Type7,3389.44385026738,4192.23529411765
TGGATGAGCTGCG,4,Type2,2541.14285714286,3394.98214285714
CCTTCAATAGTAT,4,Type2,3951.8606557377,4347.77868852459
GTCGACCATCATT,4,Type2,3066.86772486773,979.978835978836
CCAGCACGCTCGT,0,Type1,4496.92608695652,3226.72608695652
TTATACCGCTGCA,4,Type2,4315.66812227074,3471.31877729258
GCCCGTCCGAGCT,0,Type1,3177.58823529412,5467.19607843137
GTTAGTCGCTCGA,0,Type1,5041.43410852713,3613.26356589147
ATGCACCGCTTAG,0,Type1,4578.43147208122,3162.20812182741
AGCGCAGGCTTAA,1,Type1,1948.40310077519,1421.95348837209
TGCATGGTAGCGG,0,Type1,1361.72262773723,3660.62773722628
TATCTGGATCGCC,0,Type1,2760.78494623656,1571.87096774194
CCACTGGGCTGCA,0,Type1,2702.05555555556,2895.09027777778
TCATCAGGCTTAC,0,Type1,3399.84615384615,3943.99145299145
GCTATGGATCGCA,1,Type6,3258.31927710843,3392.75301204819
TCGGTGGATCTAC,1,Type3,2875.40243902439,2564.86585365854
GGGCACGGCTTAG,3,Type7,2126.08620689655,1422.33908045977
CCAAGTGATCCGA,1,Type1,2289.39130434783,917.753623188406
GATCCAGATCGCT,1,Type6,3716.15942028986,2913.02898550725
CGTGGTGCGAATC,2,Type1,5044.0162601626,3539.17073170732
TCGCCATCGAATT,0,Type1,2558.99333333333,4627.02666666667
GCGCATTATCGCC,0,Type1,2925.55882352941,5034.21568627451
CTCACATGCTATG,3,Type7,1926.61421319797,5325.78680203046
CTTGACTCGAGCA,0,Type1,4772.95192307692,2216.16346153846
AAGGGTTGCTATC,1,Type1,3501.05142857143,1651.32
AGCAGTTGCTCGA,2,Type1,2097.14563106796,3924.28640776699
GAGAGTTATCTAG,1,Type6,2284.53947368421,1927.53947368421
AGGTTGTTAGTAT,5,Type4,1764.7323943662,4169.21126760563
CACTACTTAGGCG,1,Type1,5312.1327014218,3602.78199052133
AAACTGTGCTATA,1,Type6,3789.33548387097,4432.33548387097
GGGTGTTCGAGCG,4,Type2,2749.80869565217,3842.9652173913
CTGGACTCGAATA,0,Type1,2355.90151515152,4369.99242424242
TGGACTACGACCC,2,Type1,3431.27950310559,3472.34782608696
CATTCTATAGTTT,2,Type7,2325.75,1364.515625
TCGCAGACGAAAC,2,Type6,4448.56,3830.12941176471
AGGATCAGCTCCA,6,Type8,1656.7619047619,1237.62698412698
CCTACTAGCTCCA,0,Type1,2188.56018518519,3901.9212962963
TTACTCATAGCCA,1,Type6,3086.38974358974,2424.46666666667
GCAGTCACGAGGA,2,Type7,1859.00609756098,1260.23780487805
CTGCTCAGCTCCT,0,Type1,1659.15151515152,2351.30303030303
GTCATCAGCTAAG,1,Type1,1804.72277227723,4112.17821782178
GTCTTCAGCTGGA,2,Type1,2055.68421052632,2918.3014354067
CCTGAGAGCTCCT,0,Type1,3583.14285714286,722.017857142857
TAATTCATAGGGC,1,Type10,4761.59302325581,1907.03488372093
AAGTTCCTAGGGG,1,Type6,3823.568,1315.368
GGTTGACGAGCCA,0,Type1,5046.81325301205,3025.31927710843
GGCTGACCGAAAT,0,Type1,5394.83,3978.57
AGGATCCTAGAAN,3,Type7,2869.49723756906,5582.5635359116
CCCATCCGCTTTA,1,Type1,3728.2380952381,3543.4126984127
ATGTTCCGCTGGC,2,Type7,2136.64197530864,3687.45061728395
TGACCTGTAGAAA,0,Type1,3769.17924528302,1617.81132075472
CTCAAGGATCCCA,0,Type1,3004.43243243243,5334.5945945946
TCTGCTGCGAAAC,0,Type1,2766.43703703704,5326.5037037037
CCCCTCGGCTCCT,0,Type1,5082.62385321101,3791.80733944954
CTAACTGTAGCCT,0,Type1,4639.68333333333,3598.26111111111
CAACTCGCGAGGA,4,Type7,4895.89855072464,3937.54347826087
CGTCAGGGCTCCG,0,Type1,2899.28346456693,5412.44881889764
CTCAGATGCTTTT,5,Type4,2858.546875,2104.4375
TAATAGTATCGGG,0,Type1,3600.78861788618,581.642276422764
TCCAGATTAGGGT,2,Type1,2729.14393939394,5059.64393939394
TCCAAGTGCTTTG,1,Type1,2467.45255474453,1455.04379562044
GTTCTCTGCTTTG,0,Type1,1271.53403141361,3823.0
ACCAGATCGAAAC,0,Type1,2563.02803738318,4263.47663551402
TCTTTCTCGAAAG,0,Type1,2003.78911564626,4525.12925170068
ACGGAGTCGAAAG,4,Type2,3207.36283185841,3611.03539823009
TACATCTATCCCT,0,Type1,4406.63636363636,3416.00699300699
TTCCCTTATCAAT,2,Type1,1835.41826923077,1637.75961538462
GGGTGAAGCTGTN,2,Type1,3753.69565217391,4527.19254658385
CGCAAGAGCTCAA,5,Type4,2350.80373831776,878.448598130841
GGTGCTAGCTGTG,0,Type1,2785.93333333333,1576.14074074074
CACATCAGCTGTG,1,Type1,4652.52631578947,2631.28289473684
ACGAAGAGCTGTG,4,Type2,4074.25850340136,2990.81632653061
GAACGAATAGGTG,0,Type1,3853.80769230769,1784.57692307692
GCCCCTACGAGTC,3,Type4,1908.06849315068,1044.08219178082
CTGAGAAGCTACT,2,Type1,1887.65546218487,4402.21008403361
GGGTGAACGAACG,1,Type4,2999.64556962025,2396.08860759494
CGAACTAGCTCAT,0,Type1,4211.10714285714,3060.125
ATTGCTCGCTCAA,4,Type7,1695.42635658915,4923.48062015504
AGTGAGCGCTGTT,1,Type6,3238.23270440252,3093.14465408805
GGTATCCGAGACC,4,Type2,3224.29838709677,5128.79838709677
CGCGGACGCTGTT,0,Type1,3839.90909090909,4824.18181818182
AAGTCTCATCGTC,4,Type2,3482.11946902655,1166.32743362832
GACATCCTAGGTA,4,Type2,2233.61235955056,3744.44943820225
ACGTAGCTAGGTA,1,Type6,2673.79411764706,4857.04901960784
CTGGTCCGCTACG,1,Type6,4653.62916666667,2423.725
CGATCTCGCTGTA,1,Type1,2415.37,952.7
TCGCGAGGCTTGT,2,Type4,2607.4375,2019.4625
GGCACTGATCCAG,1,Type6,3725.90769230769,4042.76923076923
TCATTCGGCTCAT,0,Type1,3252.48936170213,1391.16312056738
CCCGCTGATCACG,0,Type1,4956.02083333333,3909.875
GTGCTCGATCACG,1,Type6,3707.25153374233,3300.31901840491
AGCGCTTGCTTGG,4,Type2,3729.82089552239,591.664179104478
TGTGCTTCGAGTT,0,Type1,2447.26380368098,2514.1717791411
TCTCTCTTAGTCA,0,Type1,2749.23255813953,5485.8488372093
AGTCAGTCGACAC,1,Type6,2077.30882352941,863.5
TGAACTTCGAACA,1,Type6,3327.17910447761,2208.61194029851
GTGCGATGCTCAG,1,Type1,3850.61458333333,3066.52083333333
CTATCTTGCTCAG,3,Type7,3973.91333333333,4195.80666666667
CTCTCTTGCTGTA,4,Type2,2137.93396226415,3780.00943396226
AGATTCTGCTGTA,4,Type2,4172.05839416058,1317.92700729927
GGATCTAATCAGT,0,Type1,2265.33576642336,3787.50364963504
TGACCTAATCTCG,1,Type6,2959.26086956522,5288.14009661836
TCTTTCCATCAGG,0,Type1,5018.93090909091,3600.81090909091
CTATCTCATCCTT,0,Type1,2566.78985507246,646.050724637681
GACCAGCGCTAGG,0,Type1,4897.11304347826,2471.6
GTTGCTCCGACTG,1,Type8,4392.632,2320.94
CGTCTCCTAGCTC,5,Type4,1954.30487804878,1465.39024390244
GACTTCCGCTTCT,2,Type1,2210.50373134328,3553.5
ATGCAGCGAGTCG,2,Type7,3294.97802197802,3959.71428571429
GTCGCTCGCTTCG,3,Type11,4412.125,4421.7890625
AGCGCTGATCAGG,0,Type1,5332.48648648649,3757.59459459459
AGGCAGGGCTTCT,1,Type1,3798.55,3188.44090909091
CGATTCGATCTCT,5,Type4,3131.04854368932,5553.94174757282
GATCCTGGCTCTA,0,Type1,4821.68644067797,2285.08474576271
GAGACTTCGACTT,0,Type1,4804.53846153846,2606.50295857988
TATATCTTAGTCA,0,Type1,4929.13513513514,3895.82432432432
CCTTTCTGCTTCT,4,Type2,4139.23148148148,3363.60185185185
CTATAGTCGACTC,0,Type1,3627.51813471503,4450.00518134715
CCACTCTATCTCT,0,Type1,3782.07142857143,1630.37912087912
TAGTCTTATCCTC,0,Type1,4313.48299319728,5022.81632653061
TTCCTCACGATAC,0,Type1,3726.65648854962,4643.24427480916
GCCACTAGCTTAC,0,Type1,2553.39007092199,3493.48226950355
GTATCTAGCTCGT,0,Type1,1817.54135338346,4847.75939849624
TCGCTCACGAATC,0,Type1,5123.84736842105,3978.68421052632
ATTGCTAGCTTAG,1,Type6,2273.89449541284,4186.19266055046
CTTAGAACGAATA,1,Type1,2572.23853211009,3482.1376146789
ACGTGAATAGGCG,4,Type2,4315.01047120419,4964.50261780105
GAGGGACATCCGG,0,Type1,3776.57983193277,3751.91596638655
TGGCGACGCTCGG,0,Type1,2237.48927038627,4325.3991416309
TCTTCTCATCTAC,3,Type1,2321.22857142857,934.607142857143
ACCAAGCTAGGCA,0,Type1,3719.94708994709,3643.80952380952
CCAACTCATCTAG,0,Type1,3718.72199170124,4628.70124481328
ATTGGACGCTATC,0,Type1,4887.97350993377,2497.58278145695
GACCGACGCTGCT,0,Type1,4630.69696969697,2015.35151515152
AATATCCGCTTAG,0,Type1,4544.37837837838,2502.14414414414
AACACTCCGAGCG,4,Type2,4519.05,3699.89545454545
CCCAGACTAGTAN,3,Type7,1776.37692307692,3330.20769230769
GTGCTCCTAGCGC,0,Type1,5357.77443609023,3333.71428571429
TACAAGCGCTTAT,1,Type6,2296.09473684211,2133.36842105263
CAGTCTCGCTTAT,1,Type6,3074.99704142012,1740.4201183432
CCTTTCGGCTCGG,5,Type4,2176.25,1176.68452380952
TAGGTCGCGAATT,0,Type1,5009.16417910448,2983.80597014925
GCCAAGGGCTATG,0,Type1,1375.95483870968,3477.61935483871
GCTACTGGCTCGT,3,Type1,1784.64743589744,1272.08333333333
GTTGTCGTAGGCA,5,Type1,2105.86764705882,1216.27205882353
TTCTCTGCGAGCA,3,Type1,1903.27669902913,3692.34951456311
ACGGGAGCGAATG,4,Type2,1309.80582524272,4549.87378640777
AACAAGGGCTTAG,4,Type2,5456.95833333333,3357.37962962963
CCGAAGGCGAATA,0,Type1,2507.34146341463,2589.52195121951
ATTTTCTGCTGCC,0,Type1,1198.05625,3737.0125
TAAGCTTGCTTAC,4,Type2,3412.46113989637,4280.18652849741
CACAGATGCTATC,1,Type1,5406.60273972603,3503.78082191781
TGCTAGTGCTGCT,1,Type3,2854.25,2446.45918367347
ACCCAGTATCTAG,3,Type3,2027.64220183486,1074.79816513761
ATGGAGTGCTTAT,3,Type7,2759.21428571429,1264.03571428571
CTTTCTTATCATA,0,Type1,2527.36312849162,767.335195530726
TCTGATAGCTGGG,0,Type1,3752.35526315789,3484.40789473684
AGTACGAGCTCCA,0,Type1,5278.27126436782,3569.41379310345
CCTGCGAGCTAAC,3,Type8,4290.4,5340.288
CTAGGCATAGGGT,0,Type1,4934.39455782313,2898.79591836735
TGATTAATAGTTG,3,Type7,2833.34042553192,4468.85815602837
GCGCCGAGCTGGA,0,Type1,4774.41085271318,3515.92248062016
ACTAGCCATCGGG,5,Type1,1469.14678899083,4599.75229357798
GTTCTACTAGGGG,0,Type1,4364.92073170732,1813.2987804878
ATGTTACTAGTTG,2,Type7,2869.94285714286,1190.83571428571
GGAATACTAGGGT,0,Type1,4540.30898876405,3642.33146067416
TCGGGCCGCTTTG,3,Type1,1932.67961165049,1969.61165048544
CCGGCGCCGACCG,3,Type4,1994.40384615385,1265.86538461538
AGGAGCCATCTTA,0,Type1,3028.20175438596,5020.12280701754
GTATATCATCGGC,3,Type7,3210.43442622951,942.319672131148
GTTTCGCGCTTTA,4,Type7,1521.39333333333,3279.22666666667
TAGACGCGCTCCG,1,Type1,4574.66,2320.02
GATTGCCGCTGGC,2,Type7,1835.91666666667,3247.06547619048
CGCGATGCGACCA,4,Type2,4341.008,3611.112
AACGCGGGCTGGA,1,Type1,3957.0,2740.10791366906
CTTTTAGGCTAAG,0,Type1,4794.92857142857,2478.12698412698
GAGAGCGGCTCCG,0,Type1,1150.8,3710.6875
ATTCGCTGAGCCT,0,Type1,2738.42857142857,5480.83116883117
GGAGCGTATCCCT,0,Type1,3867.86956521739,2561.3768115942
GTACTATCGAGGC,0,Type1,3912.63218390805,4814.14367816092
TCTACGACGAACC,1,Type6,3822.00900900901,2323.16216216216
AAGGTAATAGGTT,2,Type1,1710.43979057592,4353.20942408377
GCTTCGAGCTGTG,1,Type11,3522.63945578231,5611.19727891156
AGCGGCAATCACT,0,Type1,5333.61951219512,3474.19024390244
CTAACGACGAACT,0,Type1,5406.72680412371,3391.0618556701
GCGGCGAGCTACT,5,Type3,3159.43956043956,2027.8021978022
CCGCTAAGCTACG,4,Type2,3287.73125,3800.7625
TATCATAGCTCAT,1,Type4,1954.1,882.027272727273
CCTCCGATAGACG,1,Type1,3814.72832369942,2937.40462427746
CTTCGCCCGACAA,0,Type1,4660.18947368421,3397.81052631579
TCTACGCATCGTT,0,Type1,3832.12087912088,1457.39010989011
TCGCGCCTAGGTT,0,Type1,2613.85308056872,5175.50236966825
TGATGCCCGACAC,1,Type1,4390.93846153846,3050.96923076923
AAGTATCATCACA,1,Type6,4974.15591397849,3208.50537634409
CTGCCGCTAGGTG,4,Type2,3711.7027027027,4754.38513513514
GATTTACGAGACA,3,Type2,2678.87962962963,4018.62037037037
TGTCCGCATCACT,0,Type1,5104.10497237569,2942.22099447514
CTGGGCCTAGACT,0,Type1,1297.57534246575,4099.54794520548
TTGCTACTAGGTC,0,Type1,4515.75,3098.87142857143
GGTATACTAGGTC,0,Type1,1975.375,4872.625
TCTCGCCTAGGTC,4,Type2,5289.74561403509,3032.61403508772
GACATACGCTGTC,5,Type4,1975.76086956522,1274.4347826087
GCGAATCGCTCAG,1,Type6,2737.28571428571,5127.32653061224
CTAGTACGCTTGA,5,Type4,2813.72262773723,2086.48905109489
GCTCGACTAGCAT,0,Type1,2432.79081632653,2525.15816326531
GGTGTACGCTGTA,2,Type8,2236.16216216216,1445.19594594595
TTGCTAGGCTCAA,0,Type4,1158.43884892086,3784.87050359712
CCATCGGATCTGG,1,Type1,2723.24899598394,1143.87148594378
CTGCGCGCGAGTT,0,Type1,2301.86734693878,1625.02040816327
AAAGCGGGCTGTN,0,Type1,2642.53658536585,608.593495934959
TCGAGCGCGAACT,1,Type1,2446.01923076923,779.5
GCTACGGGCTGTA,1,Type1,1939.8,4662.11538461538
AAATTAGTAGGTA,0,Type1,4500.1038961039,2701.03246753247
AATACGGCGACAT,1,Type1,3580.25,3970.16071428571
CATGCGTGCTCAA,0,Type1,2795.70833333333,4860.61904761905
GTTGATTATCTGG,1,Type6,3521.7610619469,1672.46017699115
GACCGATATCACC,2,Type2,2273.37671232877,2871.28082191781
CGGATATATCTGT,4,Type7,4147.1974522293,3347.04458598726
GATGTATATCTGT,3,Type1,1890.46794871795,3678.67948717949
TAGACGTGCTGTC,1,Type6,3903.15789473684,4562.8
CCGAATTGCTTGC,3,Type1,3149.86821705426,1444.25581395349
ATCGTATCGAGTA,1,Type1,2425.50236966825,1063.7345971564
CGTCCGTATCGTA,0,Type1,3986.94545454545,1528.93636363636
GGTCTATATCGTA,4,Type1,2492.62416107383,2732.25503355705
GTAGCGAGCTCTT,0,Type1,4692.59842519685,3263.62992125984
CCCCTAATAGAGG,3,Type7,2324.45945945946,3631.72972972973
CCGATAATAGTCA,0,Type1,3347.58947368421,3464.26315789474
GAGGATAATCAGA,0,Type1,1712.09944751381,3455.16022099447
TCACATAATCTCG,3,Type1,1904.69369369369,1414.72972972973
AAGAGCAATCTCG,0,Type1,3058.875,5193.73333333333
CGGTCGACGAAGC,0,Type1,1881.18181818182,4495.61983471074
GCTCTAAGCTAGC,0,Type1,4004.29310344828,1569.36206896552
TAGTGCCGCTTCC,0,Type1,4775.1,3758.00833333333
CTCGATCGCTTCC,3,Type2,3957.52413793103,4068.91724137931
CCCGATCGCTCTG,4,Type1,4076.12121212121,4799.56439393939
CGTATACGCTTCA,0,Type1,3740.17647058824,1657.56722689076
AGTGATCTAGTCG,0,Type1,1730.57,4550.48
CCCATATGCTCTT,0,Type1,3387.07228915663,593.44578313253
AGCGCGTATCCTN,0,Type1,2305.15300546448,3864.80327868852
CGGTGCTTAGAGT,1,Type1,2907.15384615385,5310.98901098901
TGCAGCTTAGCTG,0,Type1,3762.98507462687,3452.37313432836
ATGCCGTGCTAGT,3,Type7,3865.43604651163,3782.46511627907
GCCGATTCGAAGT,0,Type1,3724.92156862745,3293.26797385621
CTGATATATCAGT,0,Type1,1363.44585987261,4483.61146496815
CGACTATCGACTC,0,Type1,4844.05031446541,2842.70440251572
TGCTATTCGAGAG,0,Type1,4553.69444444444,1973.79166666667
CTAATATTAGCTA,2,Type1,1610.34146341463,3401.10975609756
AAAACGTGCTGAT,0,Type1,2510.83606557377,5429.86338797814
AGTAGCTGCTGAN,0,Type1,4559.99047619048,2499.18095238095
AGAAGATGCTTCG,2,Type1,3266.67307692308,5360.94230769231
CAATGCTATCTCG,0,Type1,1277.44594594595,4047.13513513514
CCAGCGTATCCTA,0,Type1,4428.56020942408,2623.02094240838
CTGTCGAATCCGG,0,Type1,2395.64417177914,5340.88343558282
ACGTGCACGAATT,1,Type3,2665.53333333333,984.4
ACTCGCATAGGCC,0,Type1,2679.19852941176,3242.88235294118
TCATATAGCTGCA,4,Type7,4467.93150684932,3719.42465753425
AGCCTAAGCTCGT,4,Type2,4812.61589403974,2074.13907284768
TATTTAAGCTATC,3,Type7,2574.20320855615,2780.26203208556
ACCCATATAGCGA,1,Type6,3406.13888888889,1343.40277777778
TTGCATACGATAT,0,Type1,4269.07643312102,5054.92993630573
CCCGTAAGCTGCG,0,Type1,5198.10416666667,4114.5875
GTGGGCAGCTCGC,3,Type4,2825.94444444444,2376.64197530864
CTAAGCCATCATT,3,Type7,4074.70921985816,4727.48936170213
GCGGTACCGAATG,4,Type2,1825.77083333333,3607.04166666667
TGGAATCATCTAC,2,Type1,1809.31413612565,4803.61780104712
AGATGCCATCATG,0,Type1,3590.68789808917,3947.50955414013
GGTAATCTAGCGT,2,Type1,3658.3152173913,4487.67934782609
ATTCTACGCTTAC,0,Type1,3845.65333333333,4689.81333333333
TCAGTACGCTGCA,1,Type6,3476.6875,2057.578125
CAATATCATCGCT,0,Type4,1460.69718309859,4540.24647887324
CCACTACATCTAG,0,Type1,1205.37795275591,3877.93700787402
GCGGTACATCTAT,0,Type1,2513.35632183908,2530.13218390805
AGCAGCCGCTATA,4,Type7,2597.82677165354,3316.34645669291
TATCGCGGCTTAA,3,Type7,3511.88461538462,4388.7
TTCGCGGTAGATT,3,Type1,3821.3085106383,732.223404255319
CCCGCGGATCTAT,0,Type1,5113.58108108108,2768.31081081081
GATATAGCGAGCC,1,Type1,2600.3595505618,884.213483146067
CGGGTAGGCTGCA,4,Type1,3398.92975206612,4161.07024793388
TAGATAGGCTTAC,2,Type1,3432.16444444444,3848.81333333333
ATTTTAGATCGCA,2,Type1,3558.34328358209,556.402985074627
AATCTAGCGAATG,0,Type1,2719.15137614679,4469.62385321101
CCTACGGGCTCGA,0,Type1,1530.58620689655,4295.86896551724
TTAACGGGCTCGA,0,Type1,2081.87709497207,4531.98324022346
CCCCATGATCATC,0,Type1,4139.456,1753.808
GCCCCGGGCTCGC,0,Type1,4918.15197568389,3881.46808510638
GACGCGGGCTGCG,0,Type1,3504.6961130742,3734.79151943463
GGTGCGGATCCGC,0,Type1,5334.58227848101,3453.10126582278
CGGAATTGCTTAA,3,Type1,3152.60714285714,3523.84523809524
ATGTCGTCGAATT,0,Type1,4769.29365079365,2202.78571428571
GTGCGCTTAGGCA,2,Type2,1560.89325842697,5027.16292134831
CACGGCTGCTTAC,0,Type1,4984.05,3672.9125
CCCCCGTCGACGA,4,Type7,4386.01904761905,5034.97142857143
TGACCGTGCTCGC,0,Type1,3179.69172932331,515.135338345865
TGGACGTCGACGC,1,Type1,2835.23788546255,2536.34801762115
TGATGCTCGAATA,0,Type1,1620.98787878788,4703.08484848485
CTATGCTCGATAT,1,Type1,2453.99056603774,884.5
TCGAGGAGCGCCC,0,Type1,4169.03191489362,3155.6170212766
ATTACCAATACCA,0,Type1,3707.03669724771,4492.06422018349
GCGCTTACGCTTG,0,Type1,4030.97478991597,1659.45378151261
GACCTTAGCGGGT,0,Type1,3719.55263157895,5589.96710526316
AGTGAAATATCCA,4,Type1,4320.10909090909,4068.78181818182
AGCCTTATATAAC,0,Type1,2869.34027777778,5399.64583333333
CAGGGGAGCGGGA,6,Type1,4972.51533742331,2529.36809815951
CTTACCAATACCG,1,Type6,3904.15298507463,4531.93656716418
CTACTTACGCTTA,4,Type2,4300.35273972603,3545.53082191781
GCCGTTAGATGGC,4,Type1,3475.5619047619,4313.71428571429
CCTCTTAGCGGGC,0,Type1,3861.68316831683,5017.5396039604
GCCCCCCGCGGGG,4,Type2,4226.79329608939,3465.27374301676
AGGATTCGCGAAA,4,Type2,4032.13223140496,4675.4132231405
TGTGCCCGCGGGG,5,Type4,2847.01829268293,1806.93902439024
GCGGGGCGCGTTT,4,Type2,3193.75977653631,3577.67039106145
CTACCCCGCGCCC,1,Type1,3415.47169811321,608.069182389937
CTGTGGCCGCCCA,0,Type1,3808.42222222222,1564.96296296296
TTACGGCCGACCA,0,Type1,2766.47191011236,1557.42696629213
GTTACCCATACCA,1,Type1,3074.47474747475,2306.98484848485
CCCACCCTATCCA,1,Type1,2796.08695652174,672.547826086957
AGCTAACTATTTG,2,Type1,2888.59756097561,1520.62195121951
ACGGAACGCGCCA,4,Type7,1916.25742574257,5071.05940594059
TAACGGCATATTC,0,Type1,3774.41558441558,3770.97402597403
TGCAAACTATCCT,0,Type1,1850.52287581699,3821.58169934641
TCTCCCCCGCAAT,1,Type6,2148.42105263158,850.684210526316
GCTTCCCGCGGGC,1,Type6,2686.92783505155,4908.42611683849
AGCTAAGGCGGGG,3,Type3,2988.08333333333,3609.59444444444
ATACCCGTATTTT,0,Type1,5313.83431952663,3150.59763313609
GTCTCCGATAGGG,0,Type1,2336.75,1380.59090909091
TACGTTGCGCCTT,1,Type6,5131.74331550802,3471.66310160428
GCGTTTGGCGCCA,1,Type1,3053.69696969697,2074.24242424242
GGCGTTGTATAAG,5,Type1,5142.16049382716,2909.49382716049
GATGCCGATCGGA,0,Type1,1246.7676056338,3901.46478873239
TCGCCCGATATTC,3,Type2,3728.23489932886,808.154362416107
GCAATTGCGCAAG,0,Type1,3760.84117647059,5598.82352941176
TGTAGGGCGCGGA,0,Type1,4597.90625,1814.51041666667
TAGGAAGCGCAAG,4,Type2,3960.11055276382,4224.31658291457
ATGTGGGGCGAAT,5,Type3,2707.85393258427,2172.92134831461
CCGGGGGGCGCCG,4,Type2,1193.15294117647,4342.29411764706
AACGCCGCGCCAT,4,Type2,4552.54716981132,3797.51886792453
ACTCGGGCGCAAT,2,Type2,4416.85063045587,4586.25218234724
CGCCTTGCGCTTA,2,Type4,4731.53909465021,4233.12757201646
GATCTTTGCGAAA,3,Type7,4286.62878787879,3466.25
TCAACCTCGCAAA,0,Type1,1742.22448979592,4397.80272108844
GGCCTTTCGCGGG,0,Type1,3795.84466019417,1619.91262135922
TAGAGGTGCGAAC,1,Type9,1819.05357142857,2134.0
ATCTGGTCGATTG,0,Type1,2856.95569620253,5284.60759493671
CCGCGGTATAGGT,3,Type9,1977.51592356688,2035.7898089172
CACCGGTCGCAAG,2,Type1,4621.47263681592,2849.45273631841
CAGCCCTCGCCCT,1,Type6,2888.64444444444,2070.84444444444
TCAGAATCGCCCG,2,Type5,1321.15104166667,4778.47916666667
CTGGTTTATACCG,4,Type1,1987.67647058824,2458.94852941176
TGCGCCTATATTA,1,Type6,3055.51530612245,3247.76020408163
GGTTTTACGCGTT,4,Type2,1691.78212290503,4908.57541899441
ATCAGGACGCCAA,0,Type1,2812.36021505376,4607.87634408602
ACTATTACGCGTT,3,Type1,3043.87878787879,4136.50757575758
AGGATTAGCGCAA,0,Type1,1771.33,3415.14
ACTGGGATATGTT,3,Type1,2751.93788819876,2782.98757763975
AAAAGGACGCTGT,1,Type6,2013.90909090909,4540.32727272727
TCTTAAATATGTC,3,Type7,3344.81773399015,5334.32019704434
CCTGTTATATGTC,5,Type4,2492.98901098901,2336.10989010989
TGATGGACGCACG,0,Type1,1986.2875,3790.88125
ATCCTTAGCGGTA,1,Type6,3379.21768707483,1325.89795918367
GTATGGATATTGC,3,Type1,1243.35922330097,4348.90291262136
TCCATTCATAGTT,1,Type1,3582.36904761905,678.75
ATGGGGCTATACC,5,Type4,2516.42713567839,2351.88944723618
AAAAGGCGATTGG,4,Type2,4402.15094339623,3565.81132075472
CTTCAACGATCAA,1,Type1,2439.36666666667,2006.325
TGTATTCGCGTGG,0,Type1,3184.40816326531,1440.87755102041
ATCATTCGCGGTT,1,Type1,3904.01587301587,4843.80423280423
TAGGTTCCGCCAC,3,Type7,2749.01226993865,4399.58282208589
GAATAACATACAC,1,Type7,2132.72988505747,1246.4367816092
ATTCTTCTATTGT,1,Type1,2868.93827160494,5194.83950617284
GCCGCCCGCGGTG,0,Type1,2620.52469135802,4261.93209876543
TGTATTCGATGTG,0,Type1,5247.86206896552,2966.83908045977
TAGGGGCGCGGTN,3,Type7,4400.29239766082,4896.98830409357
GTCATTCGATCAC,1,Type6,3804.66233766234,2013.61688311688
TGGGCCCCGCCAG,0,Type1,2810.53043478261,4626.89565217391
CGCTTTCCGCACT,3,Type4,2941.7385620915,2066.20261437908
AATGTTCATAACG,0,Type1,4425.94007490637,2651.83520599251
TGCAGGAGCGGAT,2,Type1,1437.42045454545,2905.70454545455
CCAAAACGCGGTA,1,Type6,2437.9696969697,734.045454545455
GGAATTCGATGTA,5,Type4,1714.5737704918,4456.16393442623
ATATCCCGCGGTA,2,Type2,4521.0,4278.85792349727
CGGATTGGCGGTT,2,Type1,4193.75879396985,4647.72864321608
GATTTTGGCGGTT,0,Type1,5174.70186335404,3130.99378881988
AGTTCCGATCGTG,1,Type4,2942.58163265306,1840.81632653061
CAGGGGGGCGGTC,3,Type1,2528.62666666667,4973.31333333333
CGCAGGGTATGTC,2,Type2,5001.27272727273,4122.13131313131
CGCCAAGATACAG,3,Type7,3066.85964912281,1344.97076023392
GTGAGGTGCGGTT,0,Type1,1654.51366120219,3605.22950819672
CATGTTTGCGGTT,0,Type1,1408.28676470588,3647.71323529412
CTCCGGTCGCACC,2,Type1,3060.21052631579,4113.51578947368
CGAATTTATACAA,0,Type1,5259.09016393443,3133.48360655738
GTGGAATCGCCAC,1,Type1,1749.18686868687,2175.9797979798
GATGAATGCGGTC,5,Type4,4825.60909090909,2427.29090909091
TATGAATATAGTC,3,Type7,1147.93793103448,3491.04137931034
GGCCCTTGATCAT,1,Type6,3703.94764397906,2022.66492146597
GCGTCCTATAACG,0,Type1,2602.33766233766,4798.72727272727
ATAAGGATATAGG,0,Type1,4070.97709923664,4756.87786259542
TAGCTTAATACTG,1,Type6,3531.46391752577,4122.69072164948
GGCCCCACGCTCA,3,Type4,2885.87857142857,1883.92857142857
AATGAAACGATCA,0,Type1,2843.41379310345,4767.97413793103
AAAGGGACGCTCT,1,Type1,2596.95081967213,3370.01639344262
AACCGGAATACTA,0,Type1,4463.18099547511,3568.19004524887
GGTGAAACGATCG,2,Type2,2483.28571428571,4496.86904761905
CTTTCCAGCGCTA,2,Type1,4635.14754098361,3065.73770491803
GCTCCCAGATCTA,0,Type1,2880.48623853211,5267.44036697248
GTGTGGCCGCAGG,4,Type2,1244.39814814815,3281.22222222222
GAAGCCCATAAGG,0,Type1,3063.2213740458,5556.53435114504
CTCGGGCATATCC,1,Type1,5341.24858757062,4158.17514124294
GGTCGGCGCGCTT,4,Type2,1839.68715083799,5044.9217877095
CCATGGCGCGCTT,1,Type6,3618.89959839357,1442.50602409639
TGAGCCCGATTCC,0,Type1,1230.65168539326,3615.87640449438
GCACGGCCGCTCA,1,Type1,3850.40559440559,1188.71328671329
CACTTTCGCGAGT,4,Type2,3465.5462962963,1173.25
ACCCCGCCGCAGA,3,Type1,2315.66666666667,2608.50980392157
TGTTGGCTATCTC,4,Type7,3895.67889908257,4044.46788990826
TGTGGGCGCGTCT,0,Type1,4449.69285714286,3408.76428571429
CAGTCCCGCGTCT,3,Type1,2805.53459119497,1790.33333333333
GGCACCCATAAGC,1,Type6,2915.68421052632,1891.74561403509
GTACAACATATCG,1,Type6,3515.15300546448,2974.96721311475
CCCCCCCGCGAGC,0,Type1,3453.25806451613,754.924731182796
ACTCTTGGCGTCC,0,Type1,4470.14457831325,1656.22891566265
CCACTTGTATCTG,0,Type1,2581.87898089172,4154.04458598726
AAAACCGCGCAGT,4,Type1,3089.0243902439,5041.42682926829
CGGTTTGGCGAGA,0,Type1,4136.76153846154,1815.88461538462
AACTGGGATACTC,0,Type1,5348.92307692308,4067.7972027972
TAAGGGGGCGGAT,3,Type7,4280.72881355932,1478.22033898305
TCGCAAGATAAGC,0,Type1,2997.01047120419,5571.38743455497
GCTGCCGCGCAGC,0,Type1,1568.90361445783,2056.92771084337
GAGCTTTGCGCTT,0,Type1,2768.3431372549,4634.66666666667
CCGTAATATAGAA,0,Type1,4867.99082568807,2473.09174311927
CAAGAATCGCCTG,4,Type2,5498.80898876405,3483.76404494382
CTTGTTTTATTCT,2,Type7,2071.63414634146,4875.4512195122
CTACCCTGCGTCT,0,Type1,4878.40782122905,3522.08379888268
GTGTAATATAAGA,0,Type1,4720.00917431193,3277.95412844037
CCCCAATCGCTCG,3,Type9,2328.01923076923,1733.90384615385
GTATGGACGCTAC,0,Type1,1791.79335793358,2263.44280442804
GTCACCATATATG,0,Type1,1146.45962732919,3811.15527950311
TTTACCAGCGATC,0,Type1,1633.89473684211,4375.89473684211
GTGATTAGCGCGA,0,Type1,4761.78504672897,2322.94392523364
TAACGGAATACGC,0,Type1,1589.67796610169,3573.09604519774
TCTCTTAATAGCG,4,Type2,1151.70982142857,3572.90178571429
TCAGCCACGCTAT,1,Type6,2579.82673267327,1822.21287128713
TGGTCCAGCGGCG,4,Type2,2889.15985130112,4624.22304832714
AGCTTTCTATCGG,0,Type1,2130.78341013825,4318.30414746544
CGTACCCCGCTAC,3,Type3,4361.9793814433,3821.65463917526
CAGGCCCGCGGCA,0,Type1,2691.70967741935,1381.74193548387
TGCATTCGATGCA,0,Type1,3279.8488372093,3558.3488372093
ACAACCCCGCCGA,0,Type3,1254.57407407407,4820.43209876543
CCATGGCATAATC,0,Type1,4124.59241706161,5217.01421800948
CTCGGGCATATAG,3,Type1,4265.46323529412,1719.16911764706
CCCGAACATACGC,5,Type4,4479.6017699115,1689.94690265487
CTCGTTCATATAT,0,Type1,4640.77900552486,3408.91160220994
ACTAGGCTATATA,4,Type4,3542.61038961039,4596.11688311688
CTCCAACGCGATA,5,Type1,2221.05777777778,2396.40888888889
AAGTAACGCGCGC,0,Type1,3543.18260869565,4159.96956521739
TGAGGGCGATTAT,0,Type1,1576.83040935673,3557.65497076023
CTCGCCGCGCCGN,3,Type3,4606.33333333333,3938.45390070922
GACTCCGTATTAC,4,Type1,5258.62857142857,2936.19047619048
ATTCCCGCGCGCA,1,Type8,2563.93571428571,865.385714285714
ACTGTTGATAGCT,1,Type4,1857.74522292994,1000.88535031847
TCGTCCGCGCTAG,3,Type1,3748.92452830189,5616.91194968553
TCCATTGGCGCGC,2,Type7,1913.30935251799,3313.77697841727
ATCCTTGTATTAT,0,Type1,4846.73913043478,3342.3745819398
GAGGTTTTATCGG,0,Type1,4365.11585365854,3146.89024390244
TTGGTTTCGCTAA,1,Type6,1869.51145038168,1651.95419847328
ACCCGGTATAATT,1,Type1,4425.36419753086,2387.08641975309
TGACTTTATAATT,3,Type7,3491.86842105263,3696.89473684211
GACGTTTTATCGT,3,Type7,4376.32608695652,4911.89130434783
AAGATTTCGCTAC,4,Type7,4521.93121693122,3738.28042328042
CCTTGGTTATATC,2,Type7,2958.16071428571,4642.87202380952
CTCCGGTTATCGA,3,Type1,2522.88541666667,4550.55729166667
TATGAATGCGATA,6,Type1,2751.41916167665,5252.55089820359
AACATGAGCGGGG,0,Type1,1258.99224806202,3989.1007751938
AGTCTGACGCTTG,4,Type2,2691.17791411043,3070.30674846626
ATCAACACGCTTG,0,Type1,3876.23076923077,1365.36538461538
CCTCACACGCGGT,0,Type1,5003.19827586207,2685.19827586207
GTTATGACGCGGC,1,Type4,3304.87857142857,3399.67857142857
ATGCTGACGCGGC,2,Type2,4563.36507936508,1595.53439153439
AAGCGTATATTTA,3,Type7,3826.56502242152,3751.29596412556
GGTATGCATAAAA,3,Type1,3417.33333333333,1242.03174603175
TGTTGTCGCGCCC,0,Type1,2758.27727272727,4687.21363636364
CCATGTCGCGAAA,3,Type1,2518.27333333333,1405.96
CCAATGCCGCTTG,4,Type7,1170.77551020408,3450.85034013605
CTCGACCATACCA,4,Type1,3372.171875,3762.7890625
CCGTCACATAGGT,0,Type1,4914.71052631579,2425.78947368421
GGCCGTCGCGTTG,4,Type2,4554.05405405405,3766.77702702703
CAGGACCCGCTTC,1,Type8,2338.09565217391,1281.27826086957
GTCAACCCGCCCT,0,Type1,2738.36312849162,3795.78212290503
GACACAGGCGTTG,4,Type2,3280.390625,3764.34375
AGATGTGATAAAC,3,Type1,3780.85425101215,3694.59109311741
CGTCACGCGCAAC,2,Type2,2602.61744966443,3259.09395973154
ACGCGTGCGCCTG,0,Type1,3998.4537037037,2071.99074074074
TCGCCAGGCGCCT,0,Type1,1566.04430379747,2101.80379746835
CATACAGGATAAG,1,Type6,3551.38181818182,1488.72727272727
CGCTCAGTATTTC,2,Type1,4728.38775510204,3562.79591836735
CGTCGTGCGCAAG,0,Type1,1381.18260869565,3339.72173913043
GCAAACGGCGAAT,1,Type1,5356.50925925926,3812.26851851852
CTCACAGCGCCAT,5,Type4,2369.52985074627,1029.72388059701
ACGGTGGCGCTTA,0,Type1,3434.45806451613,3596.13548387097
TCATCATCGCAAA,0,Type1,4024.47222222222,1471.69444444444
GAGTCATCGCCCC,0,Type1,4314.7,3066.54666666667
TCACACTATATTT,0,Type1,5049.04,2804.785
GTATTGTTATAAC,0,Type1,1924.66891891892,1452.27702702703
GTGGACTGCGTTG,5,Type4,4193.64161849711,3105.38728323699
GTACGTTCGCCCA,4,Type7,3144.72592592593,950.688888888889
GTAACATTATTTC,0,Type1,2858.27513227513,5506.40211640212
GAAGTGTGCGCCT,0,Type1,2936.17261904762,1001.83928571429
GAGACATATACCT,1,Type1,1682.57954545455,4077.55681818182
CCCGCATGCGAAT,4,Type2,2846.96923076923,5585.62564102564
TCATACTGCGCCG,3,Type4,4636.76356589147,4031.17829457364
AGGGACTCGCCCG,3,Type1,3785.32323232323,4736.07070707071
TCCGTGTATAAAT,0,Type1,3072.69590643275,3512.04678362573
GTACGTTATACCG,1,Type6,4351.22929936306,1875.56687898089
TAAGACACGCACC,0,Type1,2605.50537634409,4926.36559139785
GCGCAAAGCGCAA,0,Type1,3914.22352941176,2041.51764705882
AAGTACATCGACC,0,Type1,5309.74193548387,4184.72043010753
ACACTGAGCGCAC,2,Type1,3068.25619834711,937.917355371901
TACGACATATCAC,2,Type1,1803.53947368421,1586.19736842105
GCCAACACGCGTC,0,Type1,4645.56583629893,2772.58362989324
TGTGGTATATTGA,4,Type2,4422.34020618557,3726.85051546392
AGCGGTACGCGTA,0,Type1,1364.81481481481,3887.45679012346
ACTCCACATACAA,0,Type1,3062.20661157025,887.760330578512
TCATTGCGCGGTT,1,Type4,3016.79874213836,2403.12578616352
CAGAGTCGCGCAA,0,Type1,1912.625,4822.76666666667
CCTGACCCGAACA,0,Type1,5242.49572649573,3301.35897435897
GTCGCACCGCCAC,4,Type2,2990.66834170854,1021.24623115578
TGTCACCATAACA,1,Type1,1990.58781362007,4566.51612903226
GGAGGTCTATACA,3,Type7,2510.5401459854,3438.82846715328
CAATCACGATCAC,1,Type6,2402.82006920415,3758.23183391003
CCGAACCGCGGTG,4,Type2,1418.30088495575,4630.52212389381
CCGTACCGATCAC,0,Type1,4889.25766871166,3564.76687116564
AACCTGCCGCGTC,0,Type1,4767.74879227053,3610.47826086957
CATAACCACGCAG,3,Type7,3800.8961038961,1062.02597402597
CCGGACCTATACT,5,Type4,3078.16564417178,2512.88957055215
TCCGGTCGCGACT,0,Type1,1370.7263681592,4003.49253731343
ATGAACCGCGTGA,1,Type6,4022.11570247934,2112.13223140496
CAGTACCGCGGTC,0,Type1,5080.03921568627,3120.8431372549
AATTTGCGCGGTC,1,Type1,4110.40101522843,2602.97969543147
GCGCCACGTAGTC,5,Type1,3937.16891891892,4316.94594594595
CGCGCACGTACAG,1,Type6,2726.16402116402,1689.71957671958
AGCTGTCCGAACG,4,Type7,2258.07142857143,3654.05
AGCGACCCGAGTA,0,Type1,3434.60869565217,757.532608695652
GAACCACTATGTA,3,Type1,3907.33695652174,4792.96376811594
GGCCTGCGCGCAT,1,Type1,3443.2,1690.09523809524
GAAATGCGATACG,0,Type1,5026.20634920635,2715.93650793651
ATATGTGTATCAA,0,Type1,5047.00595238095,3866.8869047619
CGTGACGATAGTT,0,Type1,3360.1,3629.94285714286
ATTTGTGGCGGTG,4,Type2,5116.3051948052,4394.14935064935
GGTAACGGCGCAC,0,Type1,5254.39673913044,3781.51630434783
GCCACAGATAACA,5,Type4,2867.03973509934,1905.01986754967
CCCGGTGCGTACA,6,Type6,3710.62251655629,2416.19867549669
GCACTGGCGCCAC,0,Type1,4820.03867403315,3561.02209944751
GAGATGGGCGGTC,0,Type1,2801.01481481481,5389.06666666667
GTACCAGGCGTGA,2,Type9,3783.80689655172,4268.92413793103
CTACTGGCGCTGA,0,Type1,4273.99333333333,3090.20666666667
ACCGCAGGTACAT,0,Type1,1580.1171875,4630.4765625
AGAAACGGCGTGC,3,Type7,1454.57692307692,3160.78846153846
CTTTTGGTATCAT,0,Type1,3800.82608695652,3361.5256916996
ATTATGGTATACG,0,Type1,4469.68,2491.17090909091
ATCTACGATACAT,0,Type1,2735.98706896552,5362.35775862069
CCTCGTGCGCGTA,1,Type1,2619.98130841121,966.392523364486
GGCCTGTTATTGG,0,Type1,3672.53488372093,4553.16279069767
GCCCCATGCGCAA,4,Type2,1197.02608695652,3350.20869565217
CAACGTTCGATGG,4,Type7,4405.24223602484,3640.87577639752
ATGCCATCGCACC,3,Type2,4834.9606557377,1971.52786885246
TATCGTTATAACC,0,Type1,2804.2131147541,4698.01092896175
CAGTTGTTATACA,0,Type1,2085.04494382022,4385.33707865169
GCCAACTCGCACA,4,Type1,2765.43975903614,3837.09036144578
CCGACATATAGTG,3,Type7,5240.625,2838.23076923077
CTGCCATCGCACT,2,Type3,1517.70625,4895.25
GAGCTGTCGCTGA,3,Type2,1107.14920634921,4249.60634920635
CCGTACTTATTGC,0,Type1,1629.89156626506,2260.86746987952
CCGGGTTCGCGTA,2,Type7,3483.0826446281,4427.54545454546
CTGTACTATAACG,1,Type4,1629.81651376147,1179.43119266055
TGCGTGAATATCC,0,Type1,2379.99242424242,3663.60606060606
TCCTACACGCCTT,1,Type4,2616.50877192982,2000.21929824561
CTGGGTATATTCC,4,Type2,2040.84,4819.296
GCCCGTATATTCA,0,Type1,4773.87346938776,3255.37142857143
GGCCACAATACTA,0,Type1,2822.32402234637,5333.26815642458
TATGGTCCGCAGG,1,Type1,4363.43786982249,2452.40236686391
AGAAACCGCGCTT,3,Type7,1609.69473684211,2590.28421052632
GAACGTCCGATCA,0,Type1,3849.1393442623,1643.60655737705
CCCCGTCTATTCA,3,Type2,3300.68253968254,910.772486772487
TGGTACCGCGTCA,2,Type4,1912.94230769231,1176.1858974359
TCAATGCGATCTG,1,Type10,4817.40314136126,1840.42931937173
ACTGTGCGCGAGT,2,Type1,3024.23039215686,5285.29901960784
GTCGACCGTACTG,2,Type5,2355.42253521127,5094.85915492958
TGTGCACTATCTC,3,Type1,2242.32374100719,1334.40287769784
CCGCACCTATAGC,0,Type1,1967.75757575758,4490.70202020202
CGGTCACGCGTCG,0,Type1,4882.2803030303,2482.24242424242
TTTGGTGGATTCC,4,Type2,3402.57251908397,1238.48091603053
CCCAACGGCGGAA,4,Type1,4559.22818791946,3675.54362416107
GTAAACGGCGAGG,1,Type1,4409.0206185567,2728.50515463918
CATTGTGGCGAGG,0,Type1,3206.73056994819,3458.35751295337
ACTCTGGATAGAA,1,Type1,3877.1170212766,1232.09574468085
ATTCACGCTAAGG,0,Type1,5143.73333333333,4052.4
TGAACAGCGCGAA,0,Type1,1522.83606557377,4489.7868852459
GTCAACGCGATCC,1,Type8,3234.43859649123,2268.98830409357
GAACCAGATATCA,0,Type1,5013.22459893048,2759.72727272727
ACTCCAGGCGGAG,4,Type2,2796.14285714286,3812.20238095238
GTCTCAGGCGTCT,0,Type1,3860.51685393258,2875.60674157303
CAATCAGCGCTCG,0,Type1,1358.32386363636,3442.06818181818
TCCTGTTCGCAGG,4,Type7,1122.35915492958,3659.31690140845
GCCGCATCGCGAA,0,Type1,2273.84761904762,2389.07619047619
GGTACATCGCTCA,4,Type2,3363.22857142857,4235.10285714286
GAATACTTATTCT,1,Type1,4764.2754491018,2373.40119760479
AGCATGTGCGTCT,0,Type1,3487.73228346457,1226.33858267717
AATTCATCGCAGA,3,Type1,4702.05042016807,2287.68067226891
CAGGGTTCGCCTA,3,Type8,4411.90688259109,2830.22267206478
CCTAACACGCTAC,4,Type1,4689.38666666667,3760.56888888889
GAAAGTATATTAC,0,Type1,5038.69938650307,3163.16564417178
GCCTCAACGCCGA,2,Type8,4543.95169082126,3001.93236714976
GAAGGTAGCGATA,0,Type1,2670.89565217391,4976.00869565217
GACGGTAGGCCGC,0,Type1,1429.90804597701,3404.66666666667
CAAGCAATATGCG,0,Type1,3538.55555555556,4105.07729468599
CACGACATATCGC,0,Type1,3670.68965517241,4589.11034482759
ATAACACATATAA,1,Type6,3960.89400921659,4947.6866359447
AATACACATACGG,4,Type7,4765.15923566879,3852.31210191083
GGCCCACGATTAA,0,Type1,3656.97959183673,4409.86734693878
CTGAACCCGATAC,0,Type7,1371.72566371681,3260.91150442478
GTAACACTATGCA,0,Type1,2226.81777777778,3871.02222222222
CTCAACCGCGGCA,0,Type1,2709.90783410138,1228.05069124424
AAGATGCGCGATG,1,Type6,3074.28723404255,1806.84042553191
GAATACCATAATC,1,Type8,3012.35172413793,2653.15172413793
CTCACACTATTAG,4,Type7,1677.1186440678,3316.84745762712
CAGCCACGATTAG,2,Type1,1761.08955223881,4915.60696517413
ACTGCACCGAATA,1,Type1,2771.89371980676,2974.65700483092
GACATGCATAATA,1,Type6,3265.39130434783,2176.17391304348
CTAGGTCATACGC,2,Type3,1410.645,4901.56
ATTTTGCGCGTAT,1,Type6,1707.66666666667,4116.39583333333
AGGGACCGTATAT,0,Type1,2855.53790613718,1017.70758122744
GATCGTGGATTAA,0,Type1,4065.78217821782,4965.57425742574
GACCACGATAATT,1,Type4,4787.88235294118,2733.96078431373
TGCACAGCGCTAA,4,Type2,3699.04861111111,4809.02083333333
CCAATGGGATATG,1,Type6,4486.84868421053,2764.92105263158
TAGAACGGCGCGT,5,Type4,1703.69430051813,4443.65284974093
GTCTTGGGCGCGT,0,Type1,5124.98449612403,3956.96899224806
TGTATGGGATGCT,4,Type7,3899.44444444444,999.037037037037
GTGGGTGCGCCGA,4,Type2,2763.50943396226,1186.40566037736
ACTGCAGCGCCGA,4,Type7,4615.94166666667,3847.18333333333
TAATTGGATACGC,1,Type1,1844.12452830189,4247.30566037736
CACTGTGATATAT,3,Type7,3594.55474452555,1073.40145985401
AGGATGGCGCGCG,1,Type6,3696.47244094488,2990.62204724409
CTACACGCGCTAT,0,Type1,4591.58992805755,3290.23021582734
TCGACAGCGCGTA,1,Type8,2080.25490196078,1053.1568627451
GCTCACTTATTAA,0,Type1,3827.204,4644.052
TATAACTGCGATT,0,Type1,2126.525,2220.28333333333
CGTAACTCGCCGG,3,Type7,3318.85454545455,3971.30909090909
CTTCCATATATAA,0,Type1,2060.2012987013,2317.43506493506
TTGCGTTGCGATG,6,Type1,4221.41666666667,2781.46666666667
GGGTGTTCGCGCA,0,Type1,3517.21254355401,4205.67595818815
ATGTACTCGCATG,4,Type2,4002.89243027888,3206.18725099602
TTGCTGTTATTAT,0,Type1,1408.22935779817,3428.9128440367
GATCCATTATATA,4,Type2,1978.84397163121,4926.18439716312
TCGATGTGCGGCG,0,Type1,2576.11111111111,5266.20202020202
GAATCATCGCCGC,0,Type1,4640.65853658537,3331.84146341463
ACAAGTTCGCTAT,2,Type7,2587.91469194313,2887.15165876777
CTATGTTATATAT,2,Type1,1994.70614035088,3932.76315789474
AACCTCAATAGTG,1,Type11,2387.95041322314,1384.0
GACGCTAATATCG,3,Type3,5467.86607142857,3248.46875
TTATTCAATATGC,0,Type1,3859.38888888889,1631.64444444444
TCCAGAACGCAAA,1,Type1,1769.39333333333,4560.75333333333
AGTTTCAATATTG,3,Type1,2901.5701754386,1622.78070175439
TGATTCAGCGGGT,3,Type7,4751.01886792453,3808.69182389937
TCTGTCATATCCA,1,Type6,3443.78231292517,2285.40816326531
GTTAGAATATGGA,2,Type2,2602.78010471204,3161.59685863874
GTGGCTAGCGAAT,5,Type4,2023.41379310345,814.775862068965
CACTGACCGCCAA,4,Type2,5197.0,2819.14018691589
TCTACTCCGCAAA,0,Type1,2998.60696517413,3577.13930348259
AGCCAGCCGATTT,0,Type1,4653.85964912281,1935.85964912281
GTATGACCGCGGG,1,Type1,2727.64285714286,4853.42857142857
GTTTCTCGCGAAA,2,Type4,2548.5,2100.61971830986
AAAGGACGCGAAA,0,Type1,4042.41758241758,1713.23076923077
GCTTAGCGCGGGG,0,Type1,1519.234375,4393.91015625
ATCGTCCGTATTT,0,Type1,4569.21875,2552.875
GCGCCTCGCGCCC,3,Type1,3077.55670103093,1045.61855670103
GACCTCCGCTAAC,4,Type2,1976.65789473684,3749.55263157895
TGTGAGCGATAAC,1,Type1,3887.24761904762,1195.6
CCAATCCCGCCTC,4,Type2,1611.43421052632,4750.88157894737
CGTGTCCCGACCT,0,Type1,2025.55769230769,4585.05769230769
TGCCCTCCGACCT,0,Type1,2695.78125,969.21875
CTACTCCCGCGGA,2,Type2,4230.91935483871,4689.04838709677
TAACGACGATGGA,0,Type1,2554.97169811321,5268.61320754717
AACAGACGCGCCT,0,Type1,4194.79032258064,1500.59677419355
TCGGAGCATACCG,2,Type1,4178.05128205128,2910.0
CCTGCTCGCGTTA,0,Type1,1647.5628742515,4678.65269461078
CATTCTCGCGCCG,0,Type1,1444.50697674419,4116.53023255814
CTTCGAGCGCAAA,4,Type7,5395.92857142857,3212.60714285714
AGCATCGCGCCCC,0,Type1,2603.59183673469,2716.01020408163
CCTAAGGGCGGGT,4,Type2,2375.45922746781,5320.24034334764
AAGCGAGGCGGGT,2,Type1,2748.40594059406,1372.43564356436
ACGGTCGGCGCCA,5,Type4,2687.26011560694,2447.85549132948
CATCCTGGCGCCN,4,Type2,3321.61428571429,2089.83571428571
CGATCTGAGCCCT,0,Type1,4895.05882352941,2392.82352941176
ACCTGAGCTAGGA,0,Type1,3350.39436619718,3642.98591549296
TCGGTCGCGCCCT,3,Type4,2344.30147058824,1117.91911764706
TACCTCGATAAAT,4,Type2,3024.96,986.065
GATAAGTCGCGGG,4,Type2,1290.99285714286,3294.72857142857
CCAACTTTATAAC,1,Type6,4652.95813953488,2838.7023255814
TGCATCTGCGGGT,1,Type4,1917.70984455959,4125.22797927461
GCCAGATCGCCCA,4,Type2,4390.37272727273,3616.20909090909
GAAGCTTATAGGT,1,Type6,4150.75132275132,2496.0582010582
CTACAGTTATAAG,1,Type1,5015.20967741936,3231.6935483871
CCAGCTTGCGGGA,0,Type1,2634.43975903614,1557.81325301205
TGAAAGTGCGCCT,0,Type1,5087.93835616438,2694.29452054795
CGAGGATCGCAAG,0,Type1,2951.44174757282,3583.45145631068
ATAGGATATAAAG,0,Type1,1474.73282442748,4371.41221374046
CTTCAGTCGATTA,0,Type1,2263.32994923858,2449.1421319797
ATTGGAACGCGTT,1,Type1,1760.48421052632,2289.25263157895
ACCTCTAGCGCAA,0,Type1,4843.21527777778,2730.47222222222
CATCAGAGCGCAA,0,Type1,5014.38095238095,3203.91428571429
GTAGCTAGCGTGG,0,Type1,2265.98598130841,3832.05607476636
ATCGGAACGCCAC,5,Type4,3732.66891891892,3735.95945945946
TCAGTCAGATCAC,1,Type4,2060.90769230769,961.569230769231
GGCGAGAGCGTGT,0,Type1,5375.78823529412,4213.61176470588
TGGGAGATATCAC,0,Type1,4962.54411764706,3530.24509803922
GGATTCAGCGGTC,1,Type6,3025.36434108527,1788.57364341085
TAAAAGATATGTC,3,Type8,2371.92574257426,5447.92574257426
CCGACTACGCCAT,1,Type6,2956.0,709.752941176471
ATGTCTAGCGGTA,3,Type1,2721.92182410423,4219.88273615635
TAGCCTAGCGCAT,2,Type1,4919.98675496689,2589.43708609272
GTCTGAATATTGC,3,Type7,1804.37704918033,1977.96721311475
TATTTCATATGTA,3,Type7,1108.22346368715,4120.01117318436
AACTTCCCGCACC,4,Type7,4749.18009478673,3850.59241706161
TCCTGACATAGTT,0,Type1,2848.56497175141,4681.77966101695
GAAATCCATACAC,3,Type8,2239.6529209622,1098.04810996564
TTGTTCCATACAC,0,Type1,3902.84946236559,1190.65591397849
ATCAAGCATACAC,3,Type7,3638.00869565217,844.834782608696
ATCGAGCATAACA,0,Type1,3413.83597883598,820.941798941799
AGCCGACATACAC,0,Type1,1719.51724137931,4745.39655172414
ATTCTCCTATCAC,2,Type3,2250.59428571429,5516.08571428571
GTGCTCCTATTGT,2,Type2,4684.02380952381,1708.79365079365
TAGCAGCATACAG,1,Type6,2414.98561151079,1301.8273381295
TGAACTCTATGTC,0,Type1,2482.7196969697,3529.72727272727
TAGACTCGCGGTC,0,Type1,3867.75925925926,4219.43518518519
GAGCAGCGCGACT,3,Type4,3527.75961538462,879.173076923077
CCCGCTCCGCCAG,0,Type1,3135.85271317829,5296.38759689923
ATGCTCCGCGGTA,0,Type1,4402.2808988764,2650.58426966292
AGACTCCGCGGTA,3,Type9,2408.39361702128,1607.46808510638
AGCGGACGCGGTA,0,Type1,3215.82905982906,734.820512820513
ATTATCGGCTACC,0,Type1,4150.07291666667,3074.94791666667
GTATAGGGCTACC,1,Type1,2282.63265306122,1780.27891156463
TTAACTGCGCTGG,2,Type1,2363.60869565217,1295.60869565217
TGCGTCGGATCAC,2,Type2,3607.99180327869,857.606557377049
AACGCTGTATACA,0,Type1,1273.90857142857,3906.64571428571
GGGATCGATACAC,0,Type1,2625.81879194631,4887.18791946309
CTGTTCGGCGGTC,2,Type8,2242.92156862745,1264.35294117647
CCTCAGGGCGTGA,3,Type8,2047.5625,988.330357142857
GCGCCTGGCGGTC,0,Type1,5150.93785310734,3990.14689265537
CCAGAGGTATGTC,1,Type6,1729.63076923077,4268.45384615385
GCTAAGGCGCGTC,0,Type1,4886.2,2707.88333333333
ACATTCGGCGTGC,3,Type7,3481.73873873874,4409.85585585586
CAAGAGGTATCAT,1,Type6,2167.18385650224,1124.61883408072
TGCAAGGTATCAT,4,Type2,4472.70886075949,1632.61392405063
CTGTTCTTATCAA,1,Type6,2128.09947643979,1341.35078534031
CGTGTCTATAACC,1,Type6,2263.10852713178,4155.00775193798
TTGTAGTGCGACA,1,Type4,2466.83333333333,657.333333333333
CAAACTTCGCACA,0,Type1,1618.90829694323,4578.6288209607
ACCAGATATATGT,0,Type1,4830.93292682927,3617.46341463415
TGCTGATATACAC,1,Type1,3367.26277372263,680.810218978102
GAGGGATTATTGA,1,Type6,2044.73821989529,3821.79581151832
TACTTCTGCGGTC,0,Type1,1432.12413793103,3424.66896551724
AGCGCTTGCGGTC,0,Type1,2394.0,2543.968
CGGGGATGCGTGC,0,Type1,3501.53513513514,603.264864864865
TTAGGATGCGGTA,2,Type1,5078.88235294118,3977.25735294118
TCGATCTGCGACG,2,Type1,4882.4,2464.4
GAAACTTCGATGC,0,Type1,4760.34355828221,2405.65030674847
CACTCTTCGCTGC,1,Type6,4422.27777777778,2419.07407407407
TTCGTCTCGCGTA,3,Type3,3354.92528735632,5246.95977011494
GATCTCTCGCACG,3,Type1,4321.10185185185,5260.87962962963
TCGTGATATAACG,3,Type7,1372.6953125,4795.6171875
ATATGATATACAT,0,Type1,2218.16822429907,1586.60747663551
ACGTTCACGATCC,0,Type1,5179.76612903226,2967.63709677419
GCGGTCAGATCTT,0,Type1,3694.30769230769,636.769230769231
GTCCAGATATCTT,1,Type8,3219.33846153846,2307.4
ACTGTCATATCTG,3,Type1,4092.84892086331,3051.13669064748
GATGAGAGCGGAG,3,Type7,3819.8152173913,3530.53260869565
CGGTCTACGCTCG,1,Type8,2045.31847133758,4364.56050955414
GCCCCTCATAAGG,0,Type1,2963.71428571429,3553.81318681319
AAGCTCCATAGAA,4,Type2,3158.73369565217,5045.97282608696
AGGTCTCTATAGT,0,Type1,3413.10126582278,3787.60759493671
TACACTCGTAGAC,0,Type1,5125.69109947644,4142.70680628272
GTTTCTCGATAGA,0,Type1,2527.50819672131,4517.03278688525
TCTACTCATATCG,5,Type4,2757.8041958042,3721.57342657343
ATAAAGCATAAGC,4,Type2,1821.66666666667,3495.91111111111
TTGTCTGGCGCTT,1,Type6,4471.1796875,2904.046875
GTATGAGGCGAGG,5,Type1,2075.04918032787,1120.6393442623
TCCCTCGTATCTG,0,Type1,4263.49082568807,5173.83944954128
AGGTAGGTATTCA,0,Type1,2674.68072289157,4998.0421686747
ATCTTCGGCGCTC,1,Type6,4748.90825688073,2697.92201834862
AAGTGAGTATTCT,0,Type1,4208.03804347826,4883.0597826087
CCAATCGCGTAGC,1,Type7,3238.04901960784,5550.54901960784
TGTAAGGCGCAGC,0,Type1,1760.19655172414,4692.47586206897
GCGATCTGCGCTT,1,Type6,2938.01621621622,2229.14054054054
ATGCAGTGCGCTC,3,Type1,4442.8345323741,4652.30935251799
ACCGCTTCGCAGA,1,Type1,2197.90441176471,1917.25735294118
CAAATCTTATTCG,4,Type7,5161.56349206349,2640.01587301587
CACAAGTCGCTCG,0,Type1,3960.18897637795,4562.45669291339
CCTCTCTCGCCTA,0,Type1,3688.3746130031,4584.46439628483
GCCAGAATATATT,0,Type1,5074.18571428571,3913.32142857143
TGCTAGATATATT,3,Type1,1707.93413173653,4868.48502994012
GGTATCACGCCGT,4,Type2,1711.82038834951,3360.78640776699
GCACCTACGCTAG,0,Type1,1806.55263157895,4933.34473684211
CGTCCTACGCTAG,3,Type9,1746.93939393939,2135.09090909091
GACGAGACGCATC,0,Type1,4025.41463414634,4982.0243902439
TATTTCACGCGCG,3,Type7,3084.28787878788,4997.45454545455
AACGCTAGCGGCG,1,Type1,3865.41780821918,2952.58904109589
TTACTCAGCGATA,1,Type8,2033.04938271605,911.864197530864
GGGGAGATATATA,1,Type1,3517.57342657343,761.020979020979
CCCACTCATCGCC,1,Type1,2579.99107142857,4039.59375
CGGAAGCCGCGCA,0,Type1,4515.90070921986,1774.97163120567
CCCGTCCCGCTAG,4,Type1,2993.90598290598,5588.48717948718
GTTAGACATAATA,0,Type1,3751.50746268657,4475.68656716418
CACTGACTATCGN,0,Type1,1476.45528455285,4441.60162601626
AGAAAGCTATTAT,0,Type1,2969.8828125,5026.6015625
CTTAAGGGCGGCC,3,Type1,3736.39449541284,620.981651376147
TCACGAGGCGGCC,0,Type1,4633.75641025641,2032.10897435897
TCATAGGGCGTAA,0,Type1,1327.92715231788,3812.05960264901
GTGGTCGTATATT,1,Type7,2049.10204081633,916.530612244898
CTACCTGTATTAA,1,Type6,2633.10429447853,2456.74846625767
CGCGCTGCGTATA,0,Type1,2632.78823529412,1473.85882352941
TTAAGATTATATT,1,Type6,2278.23404255319,2327.05319148936
TAGGTCTTATGCN,1,Type1,2985.77272727273,1868.04545454545
TCAATCTGCGTAC,2,Type1,4886.73745173745,3327.08494208494
CCTTCTTCGCTAG,1,Type6,4588.65137614679,2289.21100917431
ATCCGATTATATA,0,Type1,1940.60368663594,4899.1198156682
CGATGATGCGCGC,4,Type2,4357.40329218107,4940.71193415638
TCTCCTTATACGC,0,Type1,2693.2457337884,5498.07167235495
TCTCATAATAACT,0,Type1,4194.68181818182,3206.33333333333
AAGCGAAATATTC,4,Type7,3223.26666666667,5547.45
GCGGGCAATAGGG,0,Type1,2807.07142857143,5432.80952380952
GGGACGACGCTTT,4,Type2,1607.34074074074,3284.42962962963
GCAAGCATATCCC,3,Type3,1378.1546961326,3050.40331491713
ATACGCAATACCA,3,Type1,4532.36296296296,1745.37037037037
CAGTCGACGCGGT,2,Type1,3794.45238095238,4404.19047619048
TATGGCAGCGAAC,4,Type2,1704.71978021978,4850.78021978022
CTGACGAATACCT,3,Type7,2704.08866995074,4228.13300492611
ATTGATATATCCT,0,Type1,1638.07738095238,3463.94047619048
GTGGCGACGCCCG,0,Type1,1208.25454545455,3439.56363636364
AACAGCAGCGGGC,2,Type1,1639.50735294118,3407.71323529412
TCGTCGCTATGGN,2,Type1,2273.30373831776,2689.02803738318
TTATGCCTATAAA,1,Type8,2317.97765363128,1380.12849162011
GATCCGCGATTTT,3,Type2,3459.10240963855,4469.42771084337
TGTAATCGATTTG,4,Type2,4876.81818181818,2174.70909090909
CCATTACGCGAAC,0,Type1,5439.70422535211,3617.76056338028
TCTAATCGATCCA,4,Type2,2627.63799283154,2842.39784946237
CCGAATCGCGCCA,3,Type7,1792.23125,5078.30625
CCTGCGCTATAAG,0,Type1,1331.81481481481,3354.9012345679
CCCCGACATAAAT,0,Type1,4587.17721518987,3233.17721518987
TTATGCCATAAAT,0,Type1,1318.28695652174,3756.88695652174
CATCGCCTATCCG,1,Type6,2668.78409090909,1504.42045454545
ACCGCGCGATCCG,3,Type7,2322.00806451613,5220.54838709677
GAGGCGCGCGGGC,1,Type9,4493.4375,2715.984375
GCTCATCGATTTA,0,Type1,4465.52845528455,2958.69105691057
GGGACGGGCGTTT,3,Type7,2428.14545454545,5426.44545454545
CTTGGCGGCGCCA,0,Type1,2549.68617021277,4705.85638297872
GCATCGGGCGGGT,0,Type1,3260.79020979021,5245.00699300699
CCATATGATACCA,1,Type1,5277.81871345029,2974.87134502924
ACGATAGCGCCTG,3,Type7,4065.1170212766,3194.35106382979
GCACGCGGATCCT,0,Type1,2215.65142857143,3771.78285714286
CTGTGCGATAGGA,1,Type6,3190.06037735849,2795.41509433962
ACACGCGCGCCCT,3,Type7,5230.2213740458,2731.31297709924
TGATCGGCGCCCT,6,Type1,4389.21531100478,3189.47368421053
TAATTAGGCGCCG,3,Type2,4083.4606741573,5616.4606741573
TCGTATGATACCG,3,Type7,3985.91133004926,4462.08374384236
CCACATTTATGGG,0,Type1,3897.98924731183,3011.47311827957
TGGGCGTCGCAAC,1,Type1,4973.88461538462,3153.94505494505
CCACGCTCGCTTG,3,Type1,1891.16304347826,1243.42391304348
CGAGATTCGCCCA,0,Type1,3559.3125,615.0625
ATACCGTATAAAC,0,Type1,1392.60846560847,3476.37037037037
TGATTATGCGGGA,0,Type1,3728.25454545455,4707.27272727273
ATCTCGTCGCTTC,6,Type1,3056.5752688172,4770.59139784946
GCCTATTATACCT,4,Type7,3749.91089108911,4839.67326732673
AACTGCTCGCCCG,0,Type1,2640.57182320442,1536.09944751381
ACGGCGTCGCAAT,3,Type7,3639.64171122995,4707.0
GTTGCGACGCGTT,3,Type7,1566.72727272727,4681.45454545455
TCTGCGACGCACC,0,Type1,4599.30769230769,3534.61965811966
TCGTCGACGCACC,3,Type1,1974.9880239521,1319.69461077844
ATTGGCAGCGGTT,4,Type7,1786.48275862069,3341.74712643678
ATACGCAGCGGTT,4,Type2,3922.77536231884,4216.1884057971
GGCGGCATCGCAA,3,Type7,1091.21978021978,3795.71978021978
CCCAATATCGCAC,4,Type7,3763.63565891473,4941.12403100775
TCTTGCATATACA,1,Type6,3653.23913043478,3188.65760869565
GGGACGAGCGCAG,1,Type1,4059.33333333333,2010.48148148148
CGCTCGAGCGGTC,0,Type1,3908.04608294931,2979.8801843318
TCATTAATATGTC,1,Type6,3450.76870748299,4261.68707482993
CGAACGATATACT,0,Type1,4473.6,1767.49655172414
CGGGGCACGCGTA,1,Type6,4380.1935483871,2615.86290322581
ACGACGAGATGTA,0,Type1,5381.33,3433.8
AAAGGCATATGTA,0,Type1,5332.89523809524,3280.54285714286
TGTAGCCCGCGTT,4,Type2,2664.40625,2894.175
TATGATCTATGTG,6,Type1,3385.42553191489,3538.58865248227
TAGCCGCGCGCAA,4,Type2,5199.30136986301,2774.55707762557
GAAACGCCGCCAC,2,Type7,3584.52586206897,4862.96982758621
ATAATACCGACAC,2,Type7,2878.03053435115,4433.53053435115
GAGTCGCATACAC,0,Type1,3793.1677852349,1422.22147651007
TCCTCGCGATGTG,1,Type6,3609.0987654321,1260.56790123457
TTGGTACGCGACA,0,Type1,4138.84360189573,3250.45971563981
TGTCATCGCGGTG,0,Type1,5448.8345323741,3686.22302158273
TGAACGCGCGACA,1,Type6,2661.90441176471,1153.36764705882
TCTACGCGCGACA,4,Type1,5386.97394136808,3236.62540716612
CGCCGCCGATCAC,3,Type1,3277.73305084746,3964.73728813559
CGAGGCCGCGCAC,0,Type1,4245.90322580645,5168.38709677419
AAACTACCGCACT,3,Type7,1843.04347826087,3431.52173913044
GGTCCGCTATCAG,1,Type8,4402.51153846154,2142.48461538462
TAAGGCCGCTACT,1,Type6,2519.79807692308,3618.99519230769
CGGCCGCGCGTGA,1,Type1,1969.61714285714,959.822857142857
GTGATACGCGTGA,0,Type1,4396.58851674641,3228.90909090909
TGAAATCGCGGTC,2,Type4,3375.74509803922,5229.22222222222
TGCGTACCGCTGC,0,Type1,1314.43708609272,3372.60927152318
GGTTGCCGCGTGC,6,Type1,4981.992,2573.984
CAGTATCGATTGC,0,Type1,1589.48701298701,4491.53896103896
TGCAATCGATCAT,2,Type1,3467.67298578199,718.530805687204
AATTGCGATACAA,0,Type1,2854.0981595092,5088.23312883436
TAACTAGCGCGTT,1,Type9,2395.04545454545,856.340909090909
GAATGCGCGCTGG,0,Type1,3790.98666666667,3043.09777777778
GTGTTAGCGCGTT,0,Type1,3799.96153846154,4863.31196581197
TGGCCGGGCGCAC,0,Type1,4250.31034482759,3272.68275862069
ACCACGGCGCCAC,3,Type2,1804.33644859813,1553.28971962617
TTCTATGCGCCAC,0,Type1,1671.61666666667,2272.40833333333
GATCCGGCGCACA,0,Type1,4507.53982300885,1823.0796460177
GGCTCGGCGCTGT,0,Type1,2605.55154639175,4321.85567010309
GTCACGGGCGGTC,4,Type2,2162.97297297297,3759.7027027027
TGCTTAGGCGGTC,4,Type2,4166.475,4841.88
CCATTAGATACAG,0,Type1,5408.20863309353,3536.61151079137
TAGATAGATAGTC,0,Type1,1768.42253521127,3860.74647887324
CCCTCGGCGCGTC,2,Type1,2536.90540540541,5220.0945945946
TGGCCGGCGCCAG,1,Type6,3314.62264150943,618.981132075472
GACAGCGCGCACT,1,Type1,4261.53383458647,3023.93984962406
GTTCGCGGCGGTA,0,Type1,1594.62931034483,2143.54310344828
TCAATAGGCGTGC,1,Type4,1887.34682080925,895.173410404624
AGCAGCGGCGGTA,5,Type4,2771.4962962963,1657.79259259259
CTATGCGGATACG,3,Type7,5298.94736842105,3012.23684210526
ACTGTAGTATCAT,2,Type4,4927.30158730159,4255.84126984127
TAAGCGGATATGC,3,Type1,4098.34862385321,3233.34862385321
CAGCGCGATACAT,2,Type1,2834.36904761905,5393.50595238095
CGCACGGATAACG,4,Type7,3374.73888888889,4221.55555555556
TCGCATGATATGC,0,Type1,3450.6978021978,4217.34615384615
TGTCGCGCGCCAT,3,Type2,3452.59550561798,844.61797752809
GTAGTAGCGCGTA,0,Type1,3860.47682119205,4120.22516556291
TACCCGTATACAA,0,Type1,4140.27127659574,4854.10638297872
GTCATATGCGGTG,3,Type4,1601.23493975904,1309.60843373494
ACTCCGTGCGGTG,1,Type8,3800.11842105263,4274.88486842105
GTCAGCTATAACA,0,Type1,4430.04705882353,2932.95882352941
AATACGTATAACA,5,Type3,2004.75423728814,1778.37288135593
ATCACGTGCGGTC,1,Type4,3148.97087378641,2126.66504854369
ACGCCGTGCGTGA,1,Type6,1933.97972972973,871.155405405405
CTTGTATCGCACT,3,Type1,1823.26388888889,1355.94444444444
ATACATTCGCGTC,1,Type4,3215.89115646259,626.632653061224
CGAGATTATATGA,0,Type1,1256.08074534161,3482.31677018634
GGGACGTTATACG,0,Type1,4162.12837837838,3286.38513513514
ATTAGCTGCGGTA,0,Type1,4751.01769911504,3224.92920353982
ATATATTCGATGC,1,Type1,2611.83193277311,4424.0756302521
CGTGCGTATATGC,1,Type6,4386.19867549669,2253.3642384106
TGCGGCTATAGTA,0,Type1,4549.43921568627,2744.33725490196
TCGCATTATAGTA,0,Type1,3483.63758389262,608.167785234899
GCATGCAGCGAGG,0,Type1,5420.12380952381,3619.11428571429
TCTAGCATCGTCC,0,Type1,3187.34552845528,5528.21951219512
CCTCCGAATACTG,0,Type1,2764.17757009346,5266.59345794393
AAACGCAGCGTCA,2,Type1,5438.16666666667,3696.51960784314
ATCTTAAGCGAGA,2,Type1,3693.50607287449,4664.83805668016
ATCTGCAGCGTCT,0,Type1,5155.65972222222,3945.31944444444
GCGACGACGCGAT,0,Type1,1613.35922330097,4464.68932038835
ATTCCGATATCTA,0,Type1,3661.13043478261,633.144927536232
ATCCGCCGCGCTT,2,Type1,3549.14814814815,956.722222222222
CAACCGCTATAGT,3,Type7,2940.95419847328,4694.43511450382
GCCTTACTATTCA,1,Type1,1720.71590909091,4102.19318181818
CGACTACGCGTCA,3,Type4,2772.91338582677,1757.48031496063
CGCCCGCGATTCA,1,Type4,2388.71568627451,1647.43137254902
TAAACGCATAAGA,1,Type9,2533.81954887218,1088.15037593985
AATTGCCATAGAG,0,Type1,4095.83108108108,2930.71621621622
TCCTTACGTATCT,1,Type6,3215.32394366197,1500.16901408451
ATGCCGCGATAGA,2,Type7,3790.25396825397,5194.8253968254
CTGGTAGGCGCTT,4,Type1,1538.76884422111,3313.85427135678
TAGTCGGGATTCA,1,Type1,2478.71774193548,915.774193548387
CCTCTAGGCGAGT,3,Type3,4649.61313868613,1705.79562043796
GTCAGCGCATAGG,1,Type6,1944.21917808219,1887.82191780822
CTGGATGGCGAGA,1,Type6,3109.54022988506,3480.40229885057
AGAGGAGTATTCT,1,Type6,3366.65909090909,3357.64772727273
CGACTAGTATAGA,1,Type4,2419.19827586207,1157.47413793103
TCTAGCGATATCT,0,Type1,5261.8679245283,4072.23899371069
GGCGCGGCGCAGA,1,Type1,3435.13513513514,1885.85585585586
CGAATAGATACTA,0,Type1,4749.02212389381,3561.10619469027
CTGGCGGCGATCG,0,Type1,3403.92148760331,3663.73966942149
GTCGATTTATAGG,0,Type1,4501.11711711712,3274.81081081081
TCGGGCTTATAGG,2,Type1,4149.30051813472,5080.27461139896
TTAGCGTTATCTT,4,Type2,4362.33620689655,3623.01724137931
AGCCCGTGCGTCC,0,Type1,3370.85849056604,3706.89622641509
GTCACGTCGCAGG,6,Type1,3896.18095238095,5027.67619047619
TACGCGTATACTT,3,Type4,3159.5974025974,2526.70995670996
GTTCATTTATCTG,0,Type1,2376.11515151515,1735.06060606061
CTGGATTTATGAC,0,Type1,3173.38356164384,5252.84931506849
GCATGCTTATTCA,1,Type8,3856.34951456311,4298.04368932039
GACCGCTATAAGT,1,Type1,3507.91056910569,1853.89430894309
CTCCGCTATAAGT,0,Type1,2871.11904761905,3713.52380952381
GGCCCGTTATTCT,3,Type7,2985.35087719298,4739.4298245614
TTATGCTTATCTC,0,Type1,4410.25142857143,2509.61714285714
GGTAGCTGCGCTC,0,Type1,4614.43243243243,1916.15315315315
GCCGTATATACTC,1,Type9,2536.84472049689,1490.03105590062
TGTTGCTATATCG,1,Type6,4993.8322147651,3040.31543624161
GGTGATACGCTGG,0,Type1,2310.26446280992,1289.60330578512
GGCAGCACGCATT,0,Type1,2086.43171806167,2444.05726872247
CGTAATAATACGT,0,Type1,4730.69461077844,2250.08982035928
GAATCGACGATAC,0,Type1,2609.68992248062,5264.59689922481
AGTATAACGCATG,2,Type6,2306.27093596059,1015.86699507389
CATGATACGCGCA,0,Type1,1734.24166666667,4568.15
TGGCGCAGCGGCT,0,Type1,3167.07352941176,5168.51470588235
TTGTCGAGCGTAT,0,Type1,3891.08737864078,5136.52427184466
TGCAATAGCGGGC,4,Type7,3006.46212121212,4855.15909090909
CCAACGATCGCGC,4,Type2,1514.35643564356,3223.84158415842
CCTAATATATCGC,3,Type7,3347.78947368421,5461.03947368421
ACAGATCCGCATT,4,Type7,5294.52659574468,2980.90425531915
CACTTACATACGG,1,Type1,4809.28481012658,2753.08860759494
GTGTGCCTATCGG,0,Type1,2193.53521126761,3815.36971830986
ACCCATCCGCCGT,0,Type1,2457.94375,1003.5625
ATGGTACATATAC,0,Type1,3289.04672897196,3522.57009345794
CGACTACATCGCA,0,Type1,1755.20779220779,4931.79220779221
ATCGCGCGTAATG,4,Type2,5107.74226804124,2546.72164948454
ATTCTACGCGCGA,0,Type1,5117.86086956522,2781.21739130435
TCACCGCCGCCGC,5,Type4,2720.69191919192,1881.76767676768
CTCTATCCGCATA,0,Type1,2743.15384615385,3024.58461538462
GAGAGCCTATGCG,4,Type2,2706.13432835821,3949.31343283582
TGCCGCCGCGGCG,3,Type7,1673.06306306306,3302.14414414414
TACTTAGATAATT,0,Type1,5137.23888888889,2783.81111111111
TGCGTAGCGCGCN,5,Type4,2232.38356164384,4360.79452054795
TAGTTAGGCGCGT,3,Type7,1659.25675675676,3241.5472972973
GTCTTAGTATATG,3,Type7,2984.38679245283,4722.5
CGCATAGTATGCA,0,Type1,2202.87671232877,4279.83561643836
GCATTAGATAATG,0,Type1,3895.12,2601.31
GTATGCGATAGCA,3,Type4,1902.128,1297.216
CGGTGCGCGCTAC,4,Type2,3785.0,672.013157894737
CTACATGGCGATC,1,Type8,1887.29032258065,1212.50322580645
CGGGCGGGATTAT,1,Type1,5262.52173913044,3510.80434782609
ACGCCGGGATTAT,2,Type5,4814.80136986301,2189.06849315068
TTATCGGGCGTAT,3,Type7,3488.62448979592,1144.5387755102
GGTCGAGATATCG,0,Type1,2466.93670886076,5192.46835443038
CGTGGCGCGCATA,0,Type1,1639.32978723404,4406.67021276596
CGAACGGCGATAT,3,Type1,2760.86666666667,605.816666666667
AGTAATTATACGG,5,Type4,1901.21787709497,1682.49720670391
GAGTCGTTATTAG,0,Type1,1386.46385542169,3961.44578313253
GTCTCGTGCGGCT,1,Type6,3686.76775956284,2547.4262295082
ATGGGCTCGCGCT,0,Type1,1757.76428571429,4395.49285714286
CGATGCTTATCGC,1,Type9,2501.62903225806,1413.78225806452
GTCAATTGCGTAT,0,Type1,4656.94594594595,3014.10135135135
TGCCCGTGCGATA,0,Type1,3835.4380952381,4180.80476190476
TTGTCGTATAGCG,0,Type1,4084.23529411765,1917.86274509804
