obs_name,gt,gt_code
19_184,Fibroblasts,4
19_200,Tumor,12
19_219,Fibroblasts,4
19_220,High_Endothelial_Venules,6
19_221,Fibroblasts,4
19_224,Fibroblasts,4
19_229,Fibroblasts,4
19_240,M1_macrophages,7
19_249,Fibroblasts,4
19_256,Fibroblasts,4
19_281,CAF,0
19_284,Fibroblasts,4
19_287,CAF,0
19_298,Fibroblasts,4
19_317,Fibroblasts,4
19_319,Plasma_IgG,10
19_322,Fibroblasts,4
19_349,Plasma_IgG,10
19_360,Fibroblasts,4
19_366,Fibroblasts,4
19_367,Fibroblasts,4
19_371,Fibroblasts,4
19_382,Fibroblasts,4
19_386,Fibroblasts,4
19_397,Fibroblasts,4
19_407,Fibroblasts,4
19_423,Fibroblasts,4
19_424,Fibroblasts,4
19_427,High_Endothelial_Venules,6
19_432,CAF,0
19_433,Fibroblasts,4
19_434,Fibroblasts,4
19_439,Fibroblasts,4
19_440,CAF,0
19_446,Tumor,12
19_447,CAF,0
19_448,Plasma_IgG,10
19_454,unknown,14
19_463,CAF,0
19_466,CAF,0
19_467,Fibroblasts,4
19_468,Fibroblasts,4
19_478,Fibroblasts,4
19_483,Plasma_IgG,10
19_492,Fibroblasts,4
19_493,M1_macrophages,7
19_500,Fibroblasts,4
19_503,CAF,0
19_506,Fibroblasts,4
19_519,Fibroblasts,4
19_521,Fibroblasts,4
19_522,Fibroblasts,4
19_524,M1_macrophages,7
19_526,Fibroblasts,4
19_533,CAF,0
19_540,Fibroblasts,4
19_546,CAF,0
19_557,Fibroblasts,4
19_558,Fibroblasts,4
19_559,Fibroblasts,4
19_561,Fibroblasts,4
19_566,Fibroblasts,4
19_567,CAF,0
19_569,Fibroblasts,4
19_570,Fibroblasts,4
19_574,M1_macrophages,7
19_575,Fibroblasts,4
19_579,Plasma_IgG,10
19_586,Fibroblasts,4
19_587,Fibroblasts,4
19_593,Fibroblasts,4
19_601,CAF,0
19_603,Fibroblasts,4
19_605,Tumor,12
19_609,Fibroblasts,4
19_614,Plasma_IgG,10
19_615,M1_macrophages,7
19_618,Fibroblasts,4
19_619,Fibroblasts,4
19_622,Fibroblasts,4
19_623,Fibroblasts,4
19_625,Fibroblasts,4
19_627,Plasma_IgG,10
19_632,Fibroblasts,4
19_633,Fibroblasts,4
19_635,Fibroblasts,4
19_637,M1_macrophages,7
19_640,Fibroblasts,4
19_641,Fibroblasts,4
19_646,unknown,14
19_650,Fibroblasts,4
19_655,Fibroblasts,4
19_658,M1_macrophages,7
19_662,CAM,1
19_664,M1_macrophages,7
19_668,Tumor,12
19_671,Plasma_IgG,10
19_678,Fibroblasts,4
19_680,Plasma_IgG,10
19_682,Fibroblasts,4
19_684,CAF,0
19_687,Fibroblasts,4
19_690,CAF,0
19_693,CAF,0
19_700,Fibroblasts,4
19_703,Plasma_IgG,10
19_704,CAF,0
19_711,M1_macrophages,7
19_712,CAF,0
19_714,CAF,0
19_718,unknown,14
19_722,CAF,0
19_728,Fibroblasts,4
19_729,M1_macrophages,7
19_734,High_Endothelial_Venules,6
19_735,CAF,0
19_737,Fibroblasts,4
19_739,CAF,0
19_740,M1_macrophages,7
19_741,Plasma_IgG,10
19_743,Fibroblasts,4
19_744,Fibroblasts,4
19_745,Fibroblasts,4
19_750,unknown,14
19_752,CAF,0
19_755,M1_macrophages,7
19_756,Fibroblasts,4
19_758,CAF,0
19_759,High_Endothelial_Venules,6
19_761,Fibroblasts,4
19_762,Plasma_IgG,10
19_766,Fibroblasts,4
19_767,Fibroblasts,4
19_768,High_Endothelial_Venules,6
19_769,Plasma_IgG,10
19_770,CAF,0
19_774,Fibroblasts,4
19_776,Fibroblasts,4
19_777,Tumor,12
19_783,Plasma_IgG,10
19_784,M1_macrophages,7
19_785,Plasma_IgG,10
19_787,Fibroblasts,4
19_790,M1_macrophages,7
19_794,CAF,0
19_795,Plasma_IgG,10
19_796,Fibroblasts,4
19_800,Plasma_IgG,10
19_803,Fibroblasts,4
19_807,High_Endothelial_Venules,6
19_808,Fibroblasts,4
19_810,CAF,0
19_812,CAF,0
19_814,M1_macrophages,7
19_815,Fibroblasts,4
19_824,CAF,0
19_828,M1_macrophages,7
19_830,Fibroblasts,4
19_831,CAF,0
19_836,Tumor,12
19_839,Fibroblasts,4
19_840,Plasma_IgG,10
19_846,Fibroblasts,4
19_847,Fibroblasts,4
19_849,Plasma_IgG,10
19_850,Plasma_IgG,10
19_856,M1_macrophages,7
19_866,CAF,0
19_867,Plasma_IgG,10
19_869,Fibroblasts,4
19_870,Plasma_IgG,10
19_877,CAF,0
19_886,Fibroblasts,4
19_891,Plasma_IgG,10
19_894,Germinal_Center_Plasma_IgM_B_cell,5
19_895,CAF,0
19_900,Plasma_IgG,10
19_901,Plasma_IgG,10
19_902,Plasma_IgG,10
19_907,CAF,0
19_911,Plasma_IgG,10
19_912,CAF,0
19_917,Fibroblasts,4
19_932,CAF,0
19_938,Plasma_IgG,10
19_946,M1_macrophages,7
19_950,Plasma_IgG,10
19_952,Plasma_IgG,10
19_957,Plasma_IgG,10
19_965,Plasma_IgG,10
19_966,Plasma_IgG,10
19_967,Plasma_IgG,10
19_970,Fibroblasts,4
19_974,Fibroblasts,4
19_978,Germinal_Center_Plasma_IgM_B_cell,5
19_980,Plasma_IgG,10
19_981,CAF,0
19_982,CAF,0
19_988,M1_macrophages,7
19_989,CAF,0
19_990,CAF,0
19_994,Plasma_IgG,10
19_995,CAF,0
19_998,Plasma_IgG,10
19_1001,CAF,0
19_1002,Tumor,12
19_1003,Plasma_IgG,10
19_1006,Plasma_IgG,10
19_1010,CAF,0
19_1013,Fibroblasts,4
19_1014,CAF,0
19_1018,CAF,0
19_1019,CAF,0
19_1020,Fibroblasts,4
19_1021,M1_macrophages,7
19_1022,CAF,0
19_1028,CAF,0
19_1029,Plasma_IgG,10
19_1030,CAF,0
19_1032,Plasma_IgG,10
19_1033,CAF,0
19_1035,High_Endothelial_Venules,6
19_1036,Plasma_IgG,10
19_1042,M1_macrophages,7
19_1048,High_Endothelial_Venules,6
19_1050,Plasma_IgG,10
19_1051,Tumor,12
19_1054,CAF,0
19_1056,Tumor,12
19_1058,Fibroblasts,4
19_1059,Tumor,12
19_1060,CAF,0
19_1063,CAF,0
19_1065,Fibroblasts,4
19_1066,CAF,0
19_1070,M1_macrophages,7
19_1071,CAF,0
19_1073,Plasma_IgG,10
19_1075,CAF,0
19_1082,Tumor,12
19_1083,CAF,0
19_1084,Plasma_IgG,10
19_1089,M1_macrophages,7
19_1090,CAF,0
19_1091,CAF,0
19_1094,CAF,0
19_1095,Tumor,12
19_1096,Tumor,12
19_1100,M1_macrophages,7
19_1101,Plasma_IgG,10
19_1102,Tumor,12
19_1105,M1_macrophages,7
19_1107,CAF,0
19_1109,CAF,0
19_1110,M1_macrophages,7
19_1112,CAF,0
19_1113,CAF,0
19_1114,Fibroblasts,4
19_1115,Fibroblasts,4
19_1116,Fibroblasts,4
19_1118,CAF,0
19_1119,Fibroblasts,4
19_1127,CAF,0
19_1128,Tumor,12
19_1130,CAF,0
19_1131,Plasma_IgG,10
19_1132,Tumor,12
19_1136,Plasma_IgG,10
19_1137,Tumor,12
19_1139,Plasma_IgG,10
19_1140,Plasma_IgG,10
19_1146,CAF,0
19_1147,M1_macrophages,7
19_1149,Plasma_IgG,10
19_1150,Tumor,12
19_1151,CAF,0
19_1154,Plasma_IgG,10
19_1155,Plasma_IgG,10
19_1159,Plasma_IgG,10
19_1160,Tumor,12
19_1161,Plasma_IgG,10
19_1164,Plasma_IgG,10
19_1165,Fibroblasts,4
19_1166,CAF,0
19_1167,Fibroblasts,4
19_1171,Plasma_IgG,10
19_1172,Tumor,12
19_1175,CAF,0
19_1176,Plasma_IgG,10
19_1178,Plasma_IgG,10
19_1179,Tumor,12
19_1180,M1_macrophages,7
19_1181,Plasma_IgG,10
19_1182,Tumor,12
19_1184,Fibroblasts,4
19_1185,CAF,0
19_1186,Fibroblasts,4
19_1187,Tumor,12
19_1188,Tumor,12
19_1192,Plasma_IgA,9
19_1194,M1_macrophages,7
19_1196,Tumor,12
19_1199,Plasma_IgG,10
19_1201,Tumor,12
19_1202,Plasma_IgG,10
19_1204,CAF,0
19_1205,Plasma_IgG,10
19_1206,M1_macrophages,7
19_1209,Tumor,12
19_1210,Fibroblasts,4
19_1211,Tumor,12
19_1213,Plasma_IgG,10
19_1214,CAM,1
19_1215,Tumor,12
19_1218,CAF,0
19_1219,CAF,0
19_1220,Fibroblasts,4
19_1221,Tumor,12
19_1222,CAF,0
19_1224,M1_macrophages,7
19_1225,Tumor,12
19_1226,Tumor,12
19_1230,Tumor,12
19_1231,Tumor,12
19_1234,Fibroblasts,4
19_1236,Tumor,12
19_1237,Fibroblasts,4
19_1239,Tumor,12
19_1240,Plasma_IgG,10
19_1241,Plasma_IgG,10
19_1242,Plasma_IgG,10
19_1243,Tumor,12
19_1246,Fibroblasts,4
19_1247,Tumor,12
19_1248,Plasma_IgG,10
19_1249,Fibroblasts,4
19_1250,Tumor,12
19_1251,M1_macrophages,7
19_1257,Plasma_IgG,10
19_1261,Fibroblasts,4
19_1262,M1_macrophages,7
19_1268,CAF,0
19_1269,Plasma_IgG,10
19_1271,Tumor,12
19_1274,Tumor,12
19_1275,CAF,0
19_1277,Plasma_IgG,10
19_1279,Plasma_IgG,10
19_1280,CAF,0
19_1283,CAF,0
19_1284,Plasma_IgG,10
19_1285,Plasma_IgG,10
19_1286,M1_macrophages,7
19_1287,Plasma_IgG,10
19_1288,Tumor,12
19_1291,Plasma_IgG,10
19_1295,CAF,0
19_1297,Tumor,12
19_1299,CAF,0
19_1300,Plasma_IgG,10
19_1302,Tumor,12
19_1305,Plasma_IgG,10
19_1309,Plasma_IgG,10
19_1312,M1_macrophages,7
19_1313,Plasma_IgG,10
19_1314,Tumor,12
19_1315,Tumor,12
19_1317,CAF,0
19_1320,Fibroblasts,4
19_1321,Tumor,12
19_1322,CAF,0
19_1323,unknown,14
19_1324,CAF,0
19_1325,Plasma_IgG,10
19_1327,CAF,0
19_1328,Plasma_IgG,10
19_1329,Tumor,12
19_1332,Plasma_IgG,10
19_1333,CAF,0
19_1335,Tumor,12
19_1336,Plasma_IgG,10
19_1337,CAF,0
19_1338,Plasma_IgG,10
19_1341,Fibroblasts,4
19_1342,Plasma_IgG,10
19_1343,CAM,1
19_1347,Tumor,12
19_1348,Tumor,12
19_1352,Fibroblasts,4
19_1353,Plasma_IgG,10
19_1357,Plasma_IgG,10
19_1360,M1_macrophages,7
19_1361,CAF,0
19_1362,Plasma_IgG,10
19_1363,Plasma_IgG,10
19_1366,Plasma_IgG,10
19_1367,Tumor,12
19_1368,Plasma_IgG,10
19_1369,Plasma_IgG,10
19_1373,Tumor,12
19_1375,CAF,0
19_1377,Tumor,12
19_1381,Germinal_Center_Plasma_IgM_B_cell,5
19_1384,Fibroblasts,4
19_1385,Plasma_IgG,10
19_1386,Tumor,12
19_1387,Plasma_IgG,10
19_1390,Plasma_IgG,10
19_1392,Plasma_IgG,10
19_1393,Plasma_IgG,10
19_1394,Tumor,12
19_1395,Plasma_IgG,10
19_1397,CAF,0
19_1398,Tumor,12
19_1401,Plasma_IgG,10
19_1402,unknown,14
19_1403,Tumor,12
19_1404,Tumor,12
19_1406,M1_macrophages,7
19_1409,Fibroblasts,4
19_1411,M1_macrophages,7
19_1412,Plasma_IgG,10
19_1413,Tumor,12
19_1414,Tumor,12
19_1416,M1_macrophages,7
19_1417,CAF,0
19_1418,Plasma_IgG,10
19_1419,Fibroblasts,4
19_1421,Tumor,12
19_1422,CAF,0
19_1423,Plasma_IgG,10
19_1424,Tumor,12
19_1425,Plasma_IgG,10
19_1427,unknown,14
19_1428,Plasma_IgG,10
19_1429,Fibroblasts,4
19_1431,Fibroblasts,4
19_1432,CAF,0
19_1433,M1_macrophages,7
19_1435,Plasma_IgG,10
19_1436,Plasma_IgG,10
19_1437,Plasma_IgG,10
19_1440,Plasma_IgG,10
19_1441,Tumor,12
19_1442,Plasma_IgG,10
19_1445,M1_macrophages,7
19_1446,Plasma_IgG,10
19_1447,Tumor,12
19_1452,M1_macrophages,7
19_1453,Tumor,12
19_1454,Tumor,12
19_1458,CAF,0
19_1459,Tumor,12
19_1461,Plasma_IgG,10
19_1464,High_Endothelial_Venules,6
19_1465,Plasma_IgG,10
19_1468,Plasma_IgG,10
19_1469,Fibroblasts,4
19_1470,Tumor,12
19_1472,CAM,1
19_1474,Plasma_IgA,9
19_1478,CAF,0
19_1480,Tumor,12
19_1481,Tumor,12
19_1482,Plasma_IgG,10
19_1484,M1_macrophages,7
19_1490,Plasma_IgG,10
19_1491,Plasma_IgG,10
19_1495,Plasma_IgG,10
19_1498,M1_macrophages,7
19_1500,Plasma_IgG,10
19_1503,Plasma_IgG,10
19_1504,Tumor,12
19_1505,Plasma_IgG,10
19_1510,CAF,0
19_1511,Plasma_IgG,10
19_1513,Fibroblasts,4
19_1519,M1_macrophages,7
19_1520,Plasma_IgG,10
19_1521,Tumor,12
19_1522,Tumor,12
19_1523,M1_macrophages,7
19_1525,Tumor,12
19_1526,Fibroblasts,4
19_1527,Fibroblasts,4
19_1529,M1_macrophages,7
19_1530,Tumor,12
19_1533,Plasma_IgG,10
19_1534,Plasma_IgG,10
19_1535,Plasma_IgG,10
19_1536,Plasma_IgG,10
19_1537,Plasma_IgG,10
19_1539,Plasma_IgG,10
19_1541,Fibroblasts,4
19_1542,Plasma_IgG,10
19_1543,Plasma_IgG,10
19_1544,Tumor,12
19_1545,Tumor,12
19_1546,Plasma_IgG,10
19_1549,Plasma_IgG,10
19_1550,Plasma_IgG,10
19_1551,Tumor,12
19_1552,Plasma_IgG,10
19_1553,Tumor,12
19_1555,M1_macrophages,7
19_1556,M1_macrophages,7
19_1559,Tumor,12
19_1561,Plasma_IgG,10
19_1562,Plasma_IgG,10
19_1563,Fibroblasts,4
19_1565,M1_macrophages,7
19_1566,M1_macrophages,7
19_1568,Tumor,12
19_1569,Plasma_IgG,10
19_1571,Fibroblasts,4
19_1572,M1_macrophages,7
19_1573,Tumor,12
19_1574,Plasma_IgG,10
19_1575,CAF,0
19_1578,Plasma_IgG,10
19_1579,Tumor,12
19_1580,Tumor,12
19_1581,Plasma_IgG,10
19_1582,Plasma_IgG,10
19_1583,Tumor,12
19_1584,Tumor,12
19_1585,Plasma_IgG,10
19_1586,Plasma_IgG,10
19_1587,Fibroblasts,4
19_1591,Plasma_IgG,10
19_1595,Plasma_IgG,10
19_1597,Tumor,12
19_1598,Tumor,12
19_1599,CAF,0
19_1600,Fibroblasts,4
19_1601,Plasma_IgG,10
19_1605,Plasma_IgG,10
19_1607,Fibroblasts,4
19_1608,Plasma_IgG,10
19_1610,Plasma_IgG,10
19_1614,Tumor,12
19_1616,Plasma_IgG,10
19_1618,High_Endothelial_Venules,6
19_1619,Tumor,12
19_1623,Tumor,12
19_1624,Plasma_IgG,10
19_1625,Tumor,12
19_1628,Plasma_IgG,10
19_1629,Plasma_IgG,10
19_1630,Tumor,12
19_1631,Tumor,12
19_1632,Plasma_IgG,10
19_1634,Plasma_IgG,10
19_1636,M1_macrophages,7
19_1637,Plasma_IgA,9
19_1638,Plasma_IgG,10
19_1639,Plasma_IgG,10
19_1640,Plasma_IgG,10
19_1641,Tumor,12
19_1643,Plasma_IgG,10
19_1644,M1_macrophages,7
19_1645,Plasma_IgG,10
19_1646,Plasma_IgG,10
19_1649,Plasma_IgG,10
19_1650,Plasma_IgG,10
19_1652,Tumor,12
19_1653,Plasma_IgG,10
19_1658,High_Endothelial_Venules,6
19_1659,High_Endothelial_Venules,6
19_1660,Plasma_IgG,10
19_1661,M1_macrophages,7
19_1662,Plasma_IgG,10
19_1665,M1_macrophages,7
19_1666,Plasma_IgG,10
19_1667,M1_macrophages,7
19_1673,Tumor,12
19_1675,Plasma_IgG,10
19_1676,CAF,0
19_1678,Tumor,12
19_1679,M1_macrophages,7
19_1683,Plasma_IgG,10
19_1684,Tumor,12
19_1685,Plasma_IgG,10
19_1687,Tumor,12
19_1688,Tumor,12
19_1689,Plasma_IgG,10
19_1690,Plasma_IgG,10
19_1691,M1_macrophages,7
19_1692,Plasma_IgG,10
19_1696,M1_macrophages,7
19_1698,Plasma_IgG,10
19_1699,CAF,0
19_1700,Tumor,12
19_1701,Plasma_IgG,10
19_1702,Plasma_IgG,10
19_1703,CAF,0
19_1709,CAF,0
19_1711,CAF,0
19_1719,Tumor,12
19_1720,Tumor,12
19_1721,Plasma_IgG,10
19_1723,M1_macrophages,7
19_1724,CAF,0
19_1725,Plasma_IgG,10
19_1727,Tumor,12
19_1731,CAF,0
19_1737,Plasma_IgG,10
19_1741,Plasma_IgG,10
19_1742,Plasma_IgG,10
19_1745,Tumor,12
19_1746,Tumor,12
19_1749,M1_macrophages,7
19_1751,Tumor,12
19_1752,Tumor,12
19_1756,Fibroblasts,4
19_1757,CAF,0
19_1758,Plasma_IgG,10
19_1760,Tumor,12
19_1765,Tumor,12
19_1767,Plasma_IgG,10
19_1768,Tumor,12
19_1770,M1_macrophages,7
19_1771,Plasma_IgG,10
19_1772,Tumor,12
19_1773,Plasma_IgG,10
19_1775,Tumor,12
19_1776,Plasma_IgG,10
19_1777,High_Endothelial_Venules,6
19_1778,Tumor,12
19_1779,Plasma_IgG,10
19_1782,Tumor,12
19_1790,Tumor,12
19_1791,Plasma_IgG,10
19_1792,Tumor,12
19_1793,CAF,0
19_1796,Plasma_IgG,10
19_1797,Plasma_IgG,10
19_1798,High_Endothelial_Venules,6
19_1804,Tumor,12
19_1806,Plasma_IgG,10
19_1810,CAF,0
19_1813,Plasma_IgG,10
19_1814,Fibroblasts,4
19_1818,Tumor,12
19_1819,CAF,0
19_1820,CAF,0
19_1831,Tumor,12
19_1832,Tumor,12
19_1833,CAF,0
19_1834,Plasma_IgG,10
19_1838,M1_macrophages,7
19_1839,Plasma_IgG,10
19_1841,Fibroblasts,4
19_1842,Plasma_IgG,10
19_1849,Tumor,12
19_1854,Plasma_IgG,10
19_1858,Plasma_IgG,10
19_1864,Tumor,12
19_1865,Plasma_IgG,10
19_1866,unknown,14
19_1868,Plasma_IgG,10
19_1869,CAF,0
19_1870,Tumor,12
19_1871,Plasma_IgG,10
19_1872,Fibroblasts,4
19_1876,Plasma_IgG,10
19_1877,Plasma_IgG,10
19_1878,CAF,0
19_1881,Plasma_IgG,10
19_1883,CAF,0
19_1886,Fibroblasts,4
19_1888,CAF,0
19_1889,CAF,0
19_1891,Plasma_IgG,10
19_1892,Tumor,12
19_1893,Plasma_IgG,10
19_1897,unknown,14
19_1900,Fibroblasts,4
19_1901,Plasma_IgG,10
19_1902,CAF,0
19_1903,Tumor,12
19_1905,CAM,1
19_1906,Tumor,12
19_1907,Fibroblasts,4
19_1912,Fibroblasts,4
19_1914,Tumor,12
19_1915,Tumor,12
19_1916,Tumor,12
19_1917,M1_macrophages,7
19_1918,CAF,0
19_1921,High_Endothelial_Venules,6
19_1922,CAF,0
19_1924,Tumor,12
19_1925,CAF,0
19_1926,Plasma_IgG,10
19_1931,Tumor,12
19_1934,High_Endothelial_Venules,6
19_1937,CAF,0
19_1938,Tumor,12
19_1944,Plasma_IgG,10
19_1946,Tumor,12
19_1948,CAF,0
19_1952,unknown,14
19_1953,Plasma_IgG,10
19_1954,Plasma_IgG,10
19_1955,Tumor,12
19_1958,Plasma_IgG,10
19_1959,High_Endothelial_Venules,6
19_1961,Tumor,12
19_1962,CAF,0
19_1965,Tumor,12
19_1969,Fibroblasts,4
19_1970,Plasma_IgG,10
19_1972,Plasma_IgG,10
19_1973,M1_macrophages,7
19_1975,CAF,0
19_1981,Tumor,12
19_1982,Tumor,12
19_1983,CAF,0
19_1988,Plasma_IgG,10
19_1990,Tumor,12
19_1993,Tumor,12
19_1998,Tumor,12
19_1999,Tumor,12
19_2000,Plasma_IgG,10
19_2004,Plasma_IgG,10
19_2005,Tumor,12
19_2009,Plasma_IgG,10
19_2010,Plasma_IgG,10
19_2011,Plasma_IgG,10
19_2015,Plasma_IgG,10
19_2017,Plasma_IgG,10
19_2018,Plasma_IgG,10
19_2019,Plasma_IgG,10
19_2020,Tumor,12
19_2022,CAF,0
19_2023,Tumor,12
19_2024,Plasma_IgG,10
19_2027,Plasma_IgG,10
19_2028,Plasma_IgG,10
19_2031,M1_macrophages,7
19_2032,Tumor,12
19_2033,Plasma_IgG,10
19_2034,Plasma_IgG,10
19_2036,Tumor,12
19_2039,Tumor,12
19_2040,Germinal_Center_Plasma_IgM_B_cell,5
19_2045,Plasma_IgG,10
19_2046,Tumor,12
19_2047,Tumor,12
19_2048,Plasma_IgG,10
19_2049,Plasma_IgG,10
19_2050,M1_macrophages,7
19_2055,Plasma_IgG,10
19_2056,CAF,0
19_2062,CAF,0
19_2063,Tumor,12
19_2064,Plasma_IgG,10
19_2065,Plasma_IgG,10
19_2066,Tumor,12
19_2067,Tumor,12
19_2072,CAF,0
19_2073,Tumor,12
19_2078,Plasma_IgG,10
19_2079,Plasma_IgG,10
19_2080,Plasma_IgG,10
19_2084,Tumor,12
19_2085,Tumor,12
19_2086,Plasma_IgG,10
19_2088,CAF,0
19_2091,Plasma_IgG,10
19_2093,unknown,14
19_2094,Tumor,12
19_2095,Plasma_IgG,10
19_2097,Tumor,12
19_2100,Plasma_IgG,10
19_2101,CAF,0
19_2102,Tumor,12
19_2103,Tumor,12
19_2108,Plasma_IgG,10
19_2109,Plasma_IgG,10
19_2110,CAF,0
19_2117,CAF,0
19_2121,M1_macrophages,7
19_2122,CAF,0
19_2123,Plasma_IgG,10
19_2124,Fibroblasts,4
19_2126,CAF,0
19_2127,Plasma_IgG,10
19_2129,Plasma_IgG,10
19_2130,CAF,0
19_2133,Plasma_IgG,10
19_2134,Plasma_IgG,10
19_2135,Tumor,12
19_2136,Tumor,12
19_2138,Plasma_IgG,10
19_2139,Fibroblasts,4
19_2140,Tumor,12
19_2143,CAF,0
19_2144,Tumor,12
19_2147,Tumor,12
19_2148,Plasma_IgG,10
19_2151,Plasma_IgG,10
19_2156,Plasma_IgG,10
19_2157,CAF,0
19_2159,Plasma_IgG,10
19_2160,Plasma_IgG,10
19_2162,Tumor,12
19_2165,Plasma_IgG,10
19_2167,Plasma_IgG,10
19_2168,Plasma_IgG,10
19_2173,CAF,0
19_2174,Plasma_IgG,10
19_2175,Plasma_IgG,10
19_2176,Tumor,12
19_2180,Plasma_IgG,10
19_2187,CAF,0
19_2188,Tumor,12
19_2189,CAF,0
19_2191,Plasma_IgG,10
19_2192,Tumor,12
19_2194,M1_macrophages,7
19_2196,Tumor,12
19_2197,Tumor,12
19_2204,Plasma_IgG,10
19_2207,Plasma_IgG,10
19_2208,Tumor,12
19_2209,Tumor,12
19_2210,Tumor,12
19_2213,Plasma_IgG,10
19_2214,Tumor,12
19_2215,Plasma_IgG,10
19_2219,Fibroblasts,4
19_2220,Plasma_IgG,10
19_2221,Tumor,12
19_2223,M1_macrophages,7
19_2224,Tumor,12
19_2226,Tumor,12
19_2227,CAF,0
19_2230,Plasma_IgG,10
19_2232,unknown,14
19_2234,Plasma_IgG,10
19_2235,Plasma_IgG,10
19_2237,Tumor,12
19_2238,Tumor,12
19_2239,Tumor,12
19_2242,CAF,0
19_2243,CAF,0
19_2245,Plasma_IgG,10
19_2250,Plasma_IgG,10
19_2251,Plasma_IgG,10
19_2252,Plasma_IgG,10
19_2255,M1_macrophages,7
19_2256,Plasma_IgG,10
19_2257,CAF,0
19_2259,Tumor,12
19_2263,CAF,0
19_2264,CAF,0
19_2265,Plasma_IgG,10
19_2266,Plasma_IgG,10
19_2267,Tumor,12
19_2268,Tumor,12
19_2276,Plasma_IgG,10
19_2277,Plasma_IgG,10
19_2278,CAF,0
19_2282,Fibroblasts,4
19_2283,T_cell,11
19_2284,Tumor,12
19_2285,Tumor,12
19_2286,Plasma_IgG,10
19_2287,CAF,0
19_2288,Plasma_IgG,10
19_2293,Plasma_IgG,10
19_2297,Plasma_IgG,10
19_2298,Plasma_IgG,10
19_2303,Fibroblasts,4
19_2304,High_Endothelial_Venules,6
19_2305,Tumor,12
19_2309,CAF,0
19_2310,Tumor,12
19_2312,CAF,0
19_2315,CAF,0
19_2316,Plasma_IgG,10
19_2317,Plasma_IgG,10
19_2319,Plasma_IgG,10
19_2320,Plasma_IgG,10
19_2321,Plasma_IgG,10
19_2322,Plasma_IgG,10
19_2326,CAF,0
19_2332,Tumor,12
19_2333,Tumor,12
19_2334,Tumor,12
19_2335,Tumor,12
19_2339,Plasma_IgG,10
19_2340,Tumor,12
19_2341,Tumor,12
19_2350,M1_macrophages,7
19_2351,M1_macrophages,7
19_2353,Tumor,12
19_2357,Plasma_IgG,10
19_2358,Tumor,12
19_2359,Tumor,12
19_2360,CAF,0
19_2362,High_Endothelial_Venules,6
19_2363,Tumor,12
19_2364,Tumor,12
19_2366,unknown,14
19_2367,Plasma_IgG,10
19_2368,Tumor,12
19_2373,CAF,0
19_2377,Tumor,12
19_2378,Tumor,12
19_2381,Plasma_IgG,10
19_2386,Plasma_IgG,10
19_2387,Plasma_IgG,10
19_2388,Plasma_IgG,10
19_2392,CAF,0
19_2393,Tumor,12
19_2394,Tumor,12
19_2395,Plasma_IgG,10
19_2397,Plasma_IgG,10
19_2398,Plasma_IgG,10
19_2405,Plasma_IgG,10
19_2407,Tumor,12
19_2408,Tumor,12
19_2413,Plasma_IgG,10
19_2414,Tumor,12
19_2415,Tumor,12
19_2416,Tumor,12
19_2418,Plasma_IgG,10
19_2419,Plasma_IgG,10
19_2420,CAF,0
19_2421,Plasma_IgG,10
19_2423,Plasma_IgG,10
19_2428,Plasma_IgG,10
19_2429,Tumor,12
19_2430,Tumor,12
19_2435,CAF,0
19_2436,Plasma_IgG,10
19_2437,Plasma_IgG,10
19_2444,M1_macrophages,7
19_2445,Plasma_IgG,10
19_2446,Plasma_IgG,10
19_2449,Plasma_IgG,10
19_2450,Plasma_IgG,10
19_2451,Plasma_IgG,10
19_2452,Tumor,12
19_2453,Plasma_IgG,10
19_2454,Tumor,12
19_2460,Plasma_IgG,10
19_2463,M1_macrophages,7
19_2464,Plasma_IgG,10
19_2465,CAF,0
19_2466,M1_macrophages,7
19_2467,Plasma_IgG,10
19_2468,Plasma_IgG,10
19_2469,Tumor,12
19_2471,Tumor,12
19_2472,Plasma_IgG,10
19_2475,unknown,14
19_2477,CAF,0
19_2478,Plasma_IgG,10
19_2479,Tumor,12
19_2484,M1_macrophages,7
19_2485,Plasma_IgG,10
19_2486,Plasma_IgG,10
19_2487,Tumor,12
19_2488,Tumor,12
19_2489,Tumor,12
19_2490,Plasma_IgG,10
19_2491,Plasma_IgG,10
19_2493,Tumor,12
19_2495,Plasma_IgG,10
19_2499,Tumor,12
19_2500,Tumor,12
19_2504,Tumor,12
19_2506,CAF,0
19_2509,Fibroblasts,4
19_2510,CAF,0
19_2511,Tumor,12
19_2512,Tumor,12
19_2515,CAF,0
19_2516,unknown,14
19_2518,CAF,0
19_2520,Plasma_IgG,10
19_2522,Plasma_IgG,10
19_2523,Tumor,12
19_2525,Plasma_IgG,10
19_2528,Tumor,12
19_2529,Plasma_IgG,10
19_2532,Fibroblasts,4
19_2533,Plasma_IgA,9
19_2534,CAF,0
19_2535,CAF,0
19_2536,Tumor,12
19_2538,unknown,14
19_2539,Plasma_IgG,10
19_2540,Plasma_IgG,10
19_2542,Plasma_IgG,10
19_2543,M1_macrophages,7
19_2548,Plasma_IgG,10
19_2552,Tumor,12
19_2553,Tumor,12
19_2556,Plasma_IgG,10
19_2557,Tumor,12
19_2558,Plasma_IgG,10
19_2560,CAF,0
19_2563,Plasma_IgG,10
19_2565,Plasma_IgG,10
19_2570,Tumor,12
19_2571,Tumor,12
19_2572,M1_macrophages,7
19_2575,Plasma_IgG,10
19_2576,Tumor,12
19_2581,Plasma_IgG,10
19_2583,Tumor,12
19_2585,Plasma_IgA,9
19_2586,Plasma_IgA,9
19_2589,Plasma_IgG,10
19_2591,Tumor,12
19_2592,M1_macrophages,7
19_2594,Tumor,12
19_2596,Tumor,12
19_2600,Plasma_IgG,10
19_2601,Tumor,12
19_2602,CAF,0
19_2603,Plasma_IgG,10
19_2606,CAF,0
19_2607,Fibroblasts,4
19_2608,Plasma_IgG,10
19_2610,Plasma_IgG,10
19_2611,Tumor,12
19_2613,Tumor,12
19_2614,CAF,0
19_2615,M1_macrophages,7
19_2618,Plasma_IgG,10
19_2619,Plasma_IgG,10
19_2621,M1_macrophages,7
19_2622,Tumor,12
19_2625,Tumor,12
19_2626,Tumor,12
19_2627,Tumor,12
19_2630,CAF,0
19_2631,Plasma_IgG,10
19_2633,Plasma_IgG,10
19_2634,Tumor,12
19_2635,Plasma_IgG,10
19_2641,Plasma_IgG,10
19_2646,Plasma_IgG,10
19_2647,Plasma_IgG,10
19_2648,Tumor,12
19_2652,CAF,0
19_2654,Fibroblasts,4
19_2655,CAF,0
19_2660,Tumor,12
19_2661,Fibroblasts,4
19_2666,Plasma_IgG,10
19_2667,Plasma_IgG,10
19_2668,Tumor,12
19_2669,Plasma_IgG,10
19_2671,Plasma_IgG,10
19_2672,Tumor,12
19_2673,Tumor,12
19_2674,Plasma_IgG,10
19_2675,Plasma_IgG,10
19_2679,Plasma_IgG,10
19_2680,Plasma_IgG,10
19_2681,Plasma_IgG,10
19_2686,Plasma_IgG,10
19_2687,Tumor,12
19_2689,M1_macrophages,7
19_2691,Plasma_IgG,10
19_2693,Tumor,12
19_2694,Plasma_IgG,10
19_2695,Plasma_IgG,10
19_2696,Tumor,12
19_2697,Plasma_IgG,10
19_2698,Plasma_IgG,10
19_2699,Tumor,12
19_2700,Plasma_IgG,10
19_2701,Plasma_IgG,10
19_2706,Plasma_IgG,10
19_2707,Tumor,12
19_2713,M1_macrophages,7
19_2714,Plasma_IgG,10
19_2715,Plasma_IgG,10
19_2716,unknown,14
19_2721,Plasma_IgG,10
19_2723,Tumor,12
19_2727,Tumor,12
19_2728,Tumor,12
19_2730,CAF,0
19_2731,Plasma_IgA,9
19_2732,Plasma_IgG,10
19_2733,Plasma_IgG,10
19_2734,Plasma_IgG,10
19_2740,Plasma_IgG,10
19_2741,Plasma_IgG,10
19_2745,unknown,14
19_2746,Plasma_IgG,10
19_2749,Tumor,12
19_2751,Tumor,12
19_2752,Plasma_IgG,10
19_2756,Plasma_IgG,10
19_2757,Tumor,12
19_2758,Tumor,12
19_2759,Plasma_IgG,10
19_2762,Plasma_IgG,10
19_2767,Tumor,12
19_2768,Plasma_IgG,10
19_2769,Plasma_IgG,10
19_2770,Plasma_IgG,10
19_2771,Tumor,12
19_2773,Fibroblasts,4
19_2774,Plasma_IgG,10
19_2777,Plasma_IgG,10
19_2778,Tumor,12
19_2781,Tumor,12
19_2782,Tumor,12
19_2783,Tumor,12
19_2784,Plasma_IgG,10
19_2785,Tumor,12
19_2789,Plasma_IgG,10
19_2790,Plasma_IgG,10
19_2791,Tumor,12
19_2795,Fibroblasts,4
19_2796,Plasma_IgG,10
19_2797,Plasma_IgG,10
19_2798,Tumor,12
19_2799,Tumor,12
19_2803,Tumor,12
19_2804,Plasma_IgG,10
19_2805,Tumor,12
19_2806,Plasma_IgG,10
19_2807,Plasma_IgG,10
19_2809,Tumor,12
19_2810,CAF,0
19_2811,CAF,0
19_2812,Plasma_IgG,10
19_2813,Plasma_IgG,10
19_2814,Plasma_IgG,10
19_2815,Tumor,12
19_2816,Tumor,12
19_2819,Plasma_IgG,10
19_2820,Tumor,12
19_2825,Tumor,12
19_2826,CAF,0
19_2827,M1_macrophages,7
19_2831,Plasma_IgG,10
19_2832,Tumor,12
19_2834,Plasma_IgG,10
19_2835,Tumor,12
19_2836,Plasma_IgG,10
19_2840,Tumor,12
19_2841,Plasma_IgG,10
19_2844,M1_macrophages,7
19_2845,Plasma_IgG,10
19_2847,Tumor,12
19_2848,Tumor,12
19_2849,Plasma_IgG,10
19_2850,unknown,14
19_2851,Plasma_IgG,10
19_2852,Plasma_IgG,10
19_2853,Plasma_IgG,10
19_2854,Tumor,12
19_2855,Tumor,12
19_2857,Tumor,12
19_2858,Tumor,12
19_2862,Fibroblasts,4
19_2863,Tumor,12
19_2864,Tumor,12
19_2868,Tumor,12
19_2869,Tumor,12
19_2870,CAF,0
19_2874,Plasma_IgG,10
19_2879,Plasma_IgG,10
19_2880,Tumor,12
19_2881,Tumor,12
19_2882,M1_macrophages,7
19_2885,Tumor,12
19_2886,Tumor,12
19_2890,Tumor,12
19_2891,Plasma_IgG,10
19_2892,unknown,14
19_2896,Plasma_IgG,10
19_2897,Plasma_IgG,10
19_2898,Plasma_IgG,10
19_2899,Tumor,12
19_2900,CAM,1
19_2901,Tumor,12
19_2904,CAF,0
19_2905,Fibroblasts,4
19_2906,Plasma_IgG,10
19_2911,Plasma_IgG,10
19_2912,Tumor,12
19_2916,Plasma_IgG,10
19_2917,CAF,0
19_2918,Tumor,12
19_2919,Tumor,12
19_2920,CAF,0
19_2921,Plasma_IgG,10
19_2926,Plasma_IgG,10
19_2927,Plasma_IgG,10
19_2931,Plasma_IgG,10
19_2932,Tumor,12
19_2934,Plasma_IgG,10
19_2935,CAF,0
19_2936,Fibroblasts,4
19_2937,Plasma_IgG,10
19_2939,Plasma_IgG,10
19_2940,Tumor,12
19_2941,Plasma_IgG,10
19_2942,Tumor,12
19_2943,Tumor,12
19_2946,CAF,0
19_2947,Plasma_IgG,10
19_2948,Plasma_IgG,10
19_2950,Tumor,12
19_2951,CAF,0
19_2963,Plasma_IgG,10
19_2964,Plasma_IgG,10
19_2965,Plasma_IgG,10
19_2966,Tumor,12
19_2967,Plasma_IgG,10
19_2968,Tumor,12
19_2969,Tumor,12
19_2973,Tumor,12
19_2976,Tumor,12
19_2977,CAF,0
19_2978,Tumor,12
19_2980,Tumor,12
19_2983,Fibroblasts,4
19_2984,Tumor,12
19_2985,Tumor,12
19_2986,Plasma_IgG,10
19_2988,Fibroblasts,4
19_2990,Tumor,12
19_2991,Plasma_IgG,10
19_2994,Plasma_IgG,10
19_2995,Plasma_IgG,10
19_2996,Tumor,12
19_2999,Plasma_IgG,10
19_3003,Plasma_IgG,10
19_3004,Tumor,12
19_3005,Tumor,12
19_3006,Tumor,12
19_3007,Plasma_IgG,10
19_3010,Tumor,12
19_3011,Tumor,12
19_3012,Plasma_IgG,10
19_3013,Plasma_IgG,10
19_3014,Tumor,12
19_3015,Tumor,12
19_3018,Fibroblasts,4
19_3019,Tumor,12
19_3020,Tumor,12
19_3021,Plasma_IgG,10
19_3022,Tumor,12
19_3023,Tumor,12
19_3024,Tumor,12
19_3025,M1_macrophages,7
19_3026,Fibroblasts,4
19_3027,Plasma_IgG,10
19_3028,Tumor,12
19_3030,Tumor,12
19_3031,Tumor,12
19_3034,Plasma_IgG,10
19_3035,CAF,0
19_3042,Fibroblasts,4
19_3043,Tumor,12
19_3047,CAF,0
19_3048,CAF,0
19_3056,Plasma_IgG,10
19_3061,Tumor,12
19_3063,CAF,0
19_3064,Plasma_IgG,10
19_3065,Plasma_IgG,10
19_3066,Tumor,12
19_3067,Tumor,12
19_3068,Tumor,12
19_3070,Tumor,12
19_3071,Plasma_IgG,10
19_3072,Plasma_IgG,10
19_3073,CAM,1
19_3075,M1_macrophages,7
19_3076,CAF,0
19_3077,Tumor,12
19_3080,Fibroblasts,4
19_3084,Plasma_IgG,10
19_3085,Tumor,12
19_3086,M1_macrophages,7
19_3087,Plasma_IgG,10
19_3088,Tumor,12
19_3090,CAF,0
19_3091,Plasma_IgG,10
19_3094,Tumor,12
19_3095,Tumor,12
19_3099,Tumor,12
19_3101,Plasma_IgG,10
19_3106,Plasma_IgG,10
19_3107,Plasma_IgG,10
19_3109,CAF,0
19_3110,Plasma_IgG,10
19_3111,Tumor,12
19_3112,Tumor,12
19_3114,Tumor,12
19_3115,Tumor,12
19_3117,Tumor,12
19_3119,Tumor,12
19_3120,Tumor,12
19_3121,Tumor,12
19_3125,Tumor,12
19_3126,unknown,14
19_3127,CAF,0
19_3128,CAF,0
19_3129,Plasma_IgG,10
19_3130,Plasma_IgG,10
19_3132,Tumor,12
19_3133,Tumor,12
19_3144,Plasma_IgG,10
19_3147,Plasma_IgG,10
19_3149,Plasma_IgG,10
19_3150,Tumor,12
19_3152,Tumor,12
19_3153,Tumor,12
19_3156,Tumor,12
19_3157,Tumor,12
19_3158,Tumor,12
19_3159,Tumor,12
19_3162,Plasma_IgG,10
19_3164,Plasma_IgG,10
19_3165,Plasma_IgG,10
19_3166,Tumor,12
19_3168,Plasma_IgG,10
19_3169,Plasma_IgG,10
19_3170,Tumor,12
19_3172,Tumor,12
19_3174,Plasma_IgG,10
19_3175,unknown,14
19_3176,Tumor,12
19_3177,CAF,0
19_3178,Tumor,12
19_3182,Fibroblasts,4
19_3185,Tumor,12
19_3186,Tumor,12
19_3189,unknown,14
19_3194,M1_macrophages,7
19_3195,Plasma_IgG,10
19_3196,Tumor,12
19_3197,Tumor,12
19_3198,Plasma_IgG,10
19_3199,Plasma_IgG,10
19_3200,Plasma_IgG,10
19_3201,Tumor,12
19_3202,Tumor,12
19_3206,Tumor,12
19_3208,Plasma_IgG,10
19_3209,Tumor,12
19_3212,Tumor,12
19_3216,Tumor,12
19_3218,Plasma_IgG,10
19_3221,Plasma_IgG,10
19_3222,Tumor,12
19_3223,Tumor,12
19_3224,Plasma_IgG,10
19_3226,Tumor,12
19_3227,Tumor,12
19_3228,Tumor,12
19_3229,CAF,0
19_3234,Plasma_IgG,10
19_3235,Tumor,12
19_3238,Plasma_IgG,10
19_3241,Plasma_IgG,10
19_3242,Plasma_IgG,10
19_3243,Plasma_IgG,10
19_3244,Plasma_IgG,10
19_3245,Tumor,12
19_3246,Tumor,12
19_3247,CAF,0
19_3253,Fibroblasts,4
19_3254,CAF,0
19_3256,Tumor,12
19_3258,Tumor,12
19_3259,Tumor,12
19_3260,Tumor,12
19_3261,Tumor,12
19_3264,CAF,0
19_3265,Tumor,12
19_3268,CAF,0
19_3269,Tumor,12
19_3270,Tumor,12
19_3272,Tumor,12
19_3276,Plasma_IgG,10
19_3277,Plasma_IgG,10
19_3278,Tumor,12
19_3279,Tumor,12
19_3282,Plasma_IgG,10
19_3283,Plasma_IgG,10
19_3285,Plasma_IgG,10
19_3286,Tumor,12
19_3288,Plasma_IgG,10
19_3289,CAF,0
19_3290,CAF,0
19_3291,Tumor,12
19_3294,Plasma_IgG,10
19_3295,CAF,0
19_3296,CAF,0
19_3297,CAF,0
19_3298,Tumor,12
19_3299,Tumor,12
19_3302,M1_macrophages,7
19_3303,Plasma_IgG,10
19_3305,CAF,0
19_3309,Tumor,12
19_3310,Tumor,12
19_3311,Tumor,12
19_3316,Tumor,12
19_3317,Tumor,12
19_3318,Tumor,12
19_3319,Tumor,12
19_3320,Plasma_IgG,10
19_3321,Tumor,12
19_3323,Plasma_IgG,10
19_3324,Plasma_IgG,10
19_3325,unknown,14
19_3330,Plasma_IgG,10
19_3336,Plasma_IgG,10
19_3337,Plasma_IgG,10
19_3338,Tumor,12
19_3339,Tumor,12
19_3342,Plasma_IgG,10
19_3343,Tumor,12
19_3344,Tumor,12
19_3346,Tumor,12
19_3354,unknown,14
19_3355,CAF,0
19_3357,Plasma_IgG,10
19_3360,Germinal_Center_Plasma_IgM_B_cell,5
19_3362,Plasma_IgG,10
19_3363,Plasma_IgG,10
19_3364,Tumor,12
19_3365,High_Endothelial_Venules,6
19_3368,CAF,0
19_3370,Tumor,12
19_3372,Tumor,12
19_3377,Tumor,12
19_3382,Tumor,12
19_3383,Tumor,12
19_3386,Plasma_IgG,10
19_3387,Tumor,12
19_3388,Tumor,12
19_3389,Tumor,12
19_3391,Plasma_IgG,10
19_3392,Plasma_IgG,10
19_3393,CAF,0
19_3394,Plasma_IgG,10
19_3395,Tumor,12
19_3396,Tumor,12
19_3397,Plasma_IgG,10
19_3398,Plasma_IgG,10
19_3400,Tumor,12
19_3401,Tumor,12
19_3403,Tumor,12
19_3404,Plasma_IgG,10
19_3405,Plasma_IgG,10
19_3411,Plasma_IgG,10
19_3412,Plasma_IgG,10
19_3414,Tumor,12
19_3415,Tumor,12
19_3419,Tumor,12
19_3420,Tumor,12
19_3421,Tumor,12
19_3422,Tumor,12
19_3426,Tumor,12
19_3427,Plasma_IgG,10
19_3429,Plasma_IgG,10
19_3431,Plasma_IgG,10
19_3432,Tumor,12
19_3434,Plasma_IgG,10
19_3438,Plasma_IgG,10
19_3439,Tumor,12
19_3440,Tumor,12
19_3444,Plasma_IgG,10
19_3445,Plasma_IgG,10
19_3446,Tumor,12
19_3448,Plasma_IgG,10
19_3449,Tumor,12
19_3454,Plasma_IgG,10
19_3455,Plasma_IgG,10
19_3456,Plasma_IgG,10
19_3457,Tumor,12
19_3458,M1_macrophages,7
19_3462,Plasma_IgG,10
19_3463,Tumor,12
19_3465,Plasma_IgG,10
19_3466,Tumor,12
19_3467,CAF,0
19_3468,Tumor,12
19_3469,Plasma_IgG,10
19_3474,Plasma_IgG,10
19_3481,Fibroblasts,4
19_3482,CAF,0
19_3483,Tumor,12
19_3484,Tumor,12
19_3486,Tumor,12
19_3489,Plasma_IgG,10
19_3490,Plasma_IgG,10
19_3491,Plasma_IgG,10
19_3492,Plasma_IgG,10
19_3493,Tumor,12
19_3494,Tumor,12
19_3496,Plasma_IgG,10
19_3497,Tumor,12
19_3500,Plasma_IgG,10
19_3501,unknown,14
19_3502,Tumor,12
19_3503,Tumor,12
19_3511,CAF,0
19_3516,Fibroblasts,4
19_3517,CAM,1
19_3525,Plasma_IgG,10
19_3526,Tumor,12
19_3530,Plasma_IgG,10
19_3532,CAF,0
19_3533,Tumor,12
19_3538,Tumor,12
19_3542,Tumor,12
19_3546,CAM,1
19_3547,Tumor,12
19_3552,Plasma_IgG,10
19_3555,Plasma_IgG,10
19_3556,Tumor,12
19_3557,Tumor,12
19_3559,Plasma_IgG,10
19_3560,Plasma_IgG,10
19_3561,Tumor,12
19_3562,Plasma_IgG,10
19_3563,Tumor,12
19_3566,Tumor,12
19_3567,Tumor,12
19_3568,Tumor,12
19_3570,Plasma_IgG,10
19_3571,CAF,0
19_3572,Plasma_IgG,10
19_3573,Plasma_IgG,10
19_3574,Plasma_IgG,10
19_3575,Tumor,12
19_3579,Tumor,12
19_3583,Tumor,12
19_3585,Tumor,12
19_3591,Plasma_IgG,10
19_3592,Plasma_IgG,10
19_3594,Tumor,12
19_3598,Plasma_IgG,10
19_3599,Plasma_IgG,10
19_3600,Tumor,12
19_3601,Plasma_IgG,10
19_3603,unknown,14
19_3604,Tumor,12
19_3605,Tumor,12
19_3607,Tumor,12
19_3608,Plasma_IgG,10
19_3609,Tumor,12
19_3611,Tumor,12
19_3619,Plasma_IgG,10
19_3620,Plasma_IgG,10
19_3622,High_Endothelial_Venules,6
19_3623,Plasma_IgG,10
19_3624,Plasma_IgA,9
19_3625,Plasma_IgG,10
19_3626,Tumor,12
19_3627,unknown,14
19_3633,Plasma_IgG,10
19_3635,CAM,1
19_3636,Tumor,12
19_3639,Tumor,12
19_3640,Tumor,12
19_3641,Plasma_IgG,10
19_3642,Tumor,12
19_3643,Plasma_IgG,10
19_3644,Plasma_IgG,10
19_3645,Plasma_IgG,10
19_3648,Plasma_IgG,10
19_3649,unknown,14
19_3650,Tumor,12
19_3651,Tumor,12
19_3655,Tumor,12
19_3659,Plasma_IgG,10
19_3660,Fibroblasts,4
19_3661,CAF,0
19_3662,Plasma_IgG,10
19_3663,Plasma_IgG,10
19_3664,Plasma_IgG,10
19_3665,Tumor,12
19_3666,Tumor,12
19_3669,Plasma_IgG,10
19_3671,CAF,0
19_3673,Fibroblasts,4
19_3674,Plasma_IgG,10
19_3677,Tumor,12
19_3678,CAF,0
19_3684,Plasma_IgG,10
19_3686,Plasma_IgG,10
19_3687,Tumor,12
19_3690,Plasma_IgG,10
19_3691,Plasma_IgG,10
19_3692,CAF,0
19_3693,Plasma_IgG,10
19_3697,Plasma_IgG,10
19_3698,M1_macrophages,7
19_3699,Plasma_IgG,10
19_3700,Plasma_IgG,10
19_3714,Tumor,12
19_3719,Tumor,12
19_3720,Plasma_IgG,10
19_3721,Tumor,12
19_3724,Tumor,12
19_3725,Tumor,12
19_3728,CAF,0
19_3729,Tumor,12
19_3730,Tumor,12
19_3731,Tumor,12
19_3732,Tumor,12
19_3738,Plasma_IgG,10
19_3741,Tumor,12
19_3742,M1_macrophages,7
19_3745,Plasma_IgG,10
19_3746,Plasma_IgG,10
19_3752,Tumor,12
19_3753,Plasma_IgG,10
19_3755,Plasma_IgG,10
19_3758,Tumor,12
19_3759,Plasma_IgG,10
19_3760,Plasma_IgG,10
19_3761,Tumor,12
19_3762,Tumor,12
19_3763,Tumor,12
19_3764,Tumor,12
19_3769,Tumor,12
19_3773,Tumor,12
19_3774,Plasma_IgG,10
19_3775,Tumor,12
19_3776,Tumor,12
19_3780,Plasma_IgG,10
19_3781,Tumor,12
19_3782,Tumor,12
19_3783,Tumor,12
19_3789,Plasma_IgG,10
19_3790,Tumor,12
19_3791,CAM,1
19_3792,unknown,14
19_3793,Tumor,12
19_3796,Plasma_IgG,10
19_3797,Plasma_IgG,10
19_3798,Plasma_IgG,10
19_3800,Tumor,12
19_3804,Tumor,12
19_3810,CAF,0
19_3812,Plasma_IgG,10
19_3813,Tumor,12
19_3814,Tumor,12
19_3817,Tumor,12
19_3818,Tumor,12
19_3819,Tumor,12
19_3820,Fibroblasts,4
19_3821,Tumor,12
19_3823,Plasma_IgG,10
19_3824,CAM,1
19_3825,Tumor,12
19_3827,Tumor,12
19_3830,Plasma_IgG,10
19_3831,Tumor,12
19_3832,M1_macrophages,7
19_3836,Tumor,12
19_3837,Plasma_IgG,10
19_3838,Plasma_IgG,10
19_3839,CAM,1
19_3840,Tumor,12
19_3842,CAF,0
19_3845,Plasma_IgG,10
19_3846,Plasma_IgG,10
19_3848,Tumor,12
19_3854,Tumor,12
19_3857,Plasma_IgG,10
19_3859,Tumor,12
19_3860,Tumor,12
19_3865,M1_macrophages,7
19_3866,Plasma_IgG,10
19_3868,Tumor,12
19_3869,Tumor,12
19_3872,Tumor,12
19_3875,Tumor,12
19_3876,Tumor,12
19_3878,Plasma_IgG,10
19_3879,Tumor,12
19_3882,Plasma_IgG,10
19_3883,Plasma_IgG,10
19_3885,Tumor,12
19_3888,unknown,14
19_3890,Tumor,12
19_3894,Plasma_IgG,10
19_3895,Tumor,12
19_3897,Tumor,12
19_3899,CAF,0
19_3902,Tumor,12
19_3903,Tumor,12
19_3910,Plasma_IgG,10
19_3911,Tumor,12
19_3912,Tumor,12
19_3914,Plasma_IgG,10
19_3917,Plasma_IgG,10
19_3921,Tumor,12
19_3923,Tumor,12
19_3927,Plasma_IgG,10
19_3928,Plasma_IgG,10
19_3929,Tumor,12
19_3930,Tumor,12
19_3935,Tumor,12
19_3940,Plasma_IgG,10
19_3941,Tumor,12
19_3942,CAM,1
19_3946,Tumor,12
19_3947,Plasma_IgG,10
19_3948,Tumor,12
19_3952,Plasma_IgG,10
19_3954,Tumor,12
19_3955,Tumor,12
19_3956,Tumor,12
19_3958,Tumor,12
19_3959,Tumor,12
19_3962,Tumor,12
19_3966,Tumor,12
19_3967,Tumor,12
19_3970,Tumor,12
19_3972,Tumor,12
19_3979,Plasma_IgG,10
19_3981,Tumor,12
19_3986,Tumor,12
19_3989,M1_macrophages,7
19_3990,Fibroblasts,4
19_3991,Plasma_IgG,10
19_3992,Plasma_IgG,10
19_3993,Tumor,12
19_3994,Tumor,12
19_3999,Plasma_IgG,10
19_4000,unknown,14
19_4001,Plasma_IgG,10
19_4002,CAM,1
19_4009,Tumor,12
19_4011,Tumor,12
19_4013,Plasma_IgG,10
19_4015,Tumor,12
19_4016,Tumor,12
19_4018,unknown,14
19_4019,Tumor,12
19_4020,Tumor,12
19_4021,Tumor,12
19_4022,Tumor,12
19_4026,Tumor,12
19_4027,Tumor,12
19_4028,Tumor,12
19_4030,Plasma_IgG,10
19_4031,Tumor,12
19_4032,Tumor,12
19_4033,Tumor,12
19_4035,Plasma_IgG,10
19_4036,Tumor,12
19_4037,Tumor,12
19_4042,Tumor,12
19_4044,Tumor,12
19_4045,Tumor,12
19_4046,Tumor,12
19_4054,Plasma_IgG,10
19_4056,Tumor,12
19_4061,Tumor,12
19_4064,Fibroblasts,4
19_4066,Tumor,12
19_4069,Plasma_IgG,10
19_4073,Tumor,12
19_4074,Plasma_IgG,10
19_4075,Plasma_IgG,10
19_4076,Tumor,12
19_4077,Tumor,12
19_4078,Tumor,12
19_4081,Plasma_IgG,10
19_4082,Plasma_IgG,10
19_4083,Tumor,12
19_4087,Tumor,12
19_4096,Plasma_IgG,10
19_4098,Tumor,12
19_4101,Tumor,12
19_4102,Tumor,12
19_4103,Fibroblasts,4
19_4106,Tumor,12
19_4110,Plasma_IgG,10
19_4111,Tumor,12
19_4115,Plasma_IgG,10
19_4116,Tumor,12
19_4117,Tumor,12
19_4118,Tumor,12
19_4121,Fibroblasts,4
19_4122,Plasma_IgG,10
19_4123,Tumor,12
19_4127,CAM,1
19_4129,Plasma_IgG,10
19_4130,Tumor,12
19_4131,Tumor,12
19_4135,Plasma_IgG,10
19_4137,Tumor,12
19_4138,Tumor,12
19_4139,Tumor,12
19_4140,Tumor,12
19_4145,Tumor,12
19_4150,Plasma_IgG,10
19_4151,Tumor,12
19_4152,Plasma_IgG,10
19_4156,Plasma_IgG,10
19_4159,Plasma_IgG,10
19_4168,Plasma_IgG,10
19_4169,Plasma_IgG,10
19_4172,Plasma_IgG,10
19_4174,Tumor,12
19_4175,Tumor,12
19_4180,CAF,0
19_4181,Tumor,12
19_4182,CAM,1
19_4183,Tumor,12
19_4186,Tumor,12
19_4191,Plasma_IgG,10
19_4192,Tumor,12
19_4193,Tumor,12
19_4194,Tumor,12
19_4195,Plasma_IgG,10
19_4196,Tumor,12
19_4197,Tumor,12
19_4200,Fibroblasts,4
19_4201,Plasma_IgG,10
19_4202,Tumor,12
19_4203,Tumor,12
19_4204,Tumor,12
19_4208,Plasma_IgG,10
19_4209,Tumor,12
19_4210,Plasma_IgG,10
19_4215,Fibroblasts,4
19_4216,unknown,14
19_4217,Tumor,12
19_4220,Tumor,12
19_4223,Plasma_IgG,10
19_4224,Tumor,12
19_4230,Tumor,12
19_4231,CAM,1
19_4232,Tumor,12
19_4233,Tumor,12
19_4235,Tumor,12
19_4236,Tumor,12
19_4245,Plasma_IgG,10
19_4251,CAF,0
19_4252,Tumor,12
19_4256,Tumor,12
19_4257,Tumor,12
19_4258,Plasma_IgG,10
19_4259,Tumor,12
19_4263,Tumor,12
19_4264,CAM,1
19_4265,Tumor,12
19_4266,Tumor,12
19_4267,Tumor,12
19_4270,Tumor,12
19_4273,Tumor,12
19_4276,Fibroblasts,4
19_4277,Fibroblasts,4
19_4278,Tumor,12
19_4281,Tumor,12
19_4282,Tumor,12
19_4283,Tumor,12
19_4284,Tumor,12
19_4285,Tumor,12
19_4288,Plasma_IgG,10
19_4289,Tumor,12
19_4298,Plasma_IgG,10
19_4299,Tumor,12
19_4306,Tumor,12
19_4311,Plasma_IgG,10
19_4312,Tumor,12
19_4313,Tumor,12
19_4318,Plasma_IgG,10
19_4319,Tumor,12
19_4323,Plasma_IgG,10
19_4324,Plasma_IgG,10
19_4325,Tumor,12
19_4330,Tumor,12
19_4333,Tumor,12
19_4338,Plasma_IgG,10
19_4339,Tumor,12
19_4340,Tumor,12
19_4342,Plasma_IgG,10
19_4343,Plasma_IgG,10
19_4346,Tumor,12
19_4349,Plasma_IgG,10
19_4350,Tumor,12
19_4351,Tumor,12
19_4355,Tumor,12
19_4358,Tumor,12
19_4360,Tumor,12
19_4362,Fibroblasts,4
19_4364,Tumor,12
19_4367,Tumor,12
19_4368,Tumor,12
19_4370,Fibroblasts,4
19_4371,Fibroblasts,4
19_4372,CAF,0
19_4373,Tumor,12
19_4374,Tumor,12
19_4378,CAF,0
19_4379,Plasma_IgG,10
19_4380,Plasma_IgG,10
19_4381,Tumor,12
19_4382,Tumor,12
19_4383,Tumor,12
19_4386,M1_macrophages,7
19_4387,CAF,0
19_4388,Tumor,12
19_4389,Tumor,12
19_4393,Fibroblasts,4
19_4395,Tumor,12
19_4396,Tumor,12
19_4398,Tumor,12
19_4399,Tumor,12
19_4400,Tumor,12
19_4402,Plasma_IgG,10
19_4403,Plasma_IgG,10
19_4406,Tumor,12
19_4407,Tumor,12
19_4412,Tumor,12
19_4414,Tumor,12
19_4415,Tumor,12
19_4418,Tumor,12
19_4419,Tumor,12
19_4420,Tumor,12
19_4423,Fibroblasts,4
19_4424,Tumor,12
19_4426,Tumor,12
19_4427,Tumor,12
19_4428,Tumor,12
19_4431,Plasma_IgG,10
19_4434,Plasma_IgG,10
19_4436,CAF,0
19_4437,Tumor,12
19_4439,Tumor,12
19_4446,Tumor,12
19_4447,Plasma_IgG,10
19_4451,Tumor,12
19_4452,Tumor,12
19_4455,Tumor,12
19_4456,unknown,14
19_4458,unknown,14
19_4462,CAF,0
19_4463,Tumor,12
19_4464,Tumor,12
19_4465,Tumor,12
19_4466,Tumor,12
19_4470,CAF,0
19_4471,Fibroblasts,4
19_4473,Fibroblasts,4
19_4474,Tumor,12
19_4475,CAM,1
19_4477,unknown,14
19_4479,Plasma_IgG,10
19_4480,Tumor,12
19_4481,Plasma_IgG,10
19_4483,Tumor,12
19_4486,Tumor,12
19_4487,Tumor,12
19_4491,Tumor,12
19_4492,Tumor,12
19_4495,CAF,0
19_4496,CAF,0
19_4497,Tumor,12
19_4500,CAM,1
19_4502,Plasma_IgG,10
19_4503,Tumor,12
19_4504,Tumor,12
19_4510,Tumor,12
19_4511,unknown,14
19_4512,Plasma_IgG,10
19_4513,Tumor,12
19_4514,Tumor,12
19_4515,Tumor,12
19_4516,Tumor,12
19_4518,Tumor,12
19_4520,Plasma_IgG,10
19_4521,Plasma_IgG,10
19_4522,Tumor,12
19_4523,Tumor,12
19_4524,Tumor,12
19_4525,Tumor,12
19_4526,Tumor,12
19_4529,Fibroblasts,4
19_4530,T_cell,11
19_4532,Tumor,12
19_4533,Fibroblasts,4
19_4535,Tumor,12
19_4536,Tumor,12
19_4541,Plasma_IgG,10
19_4542,Tumor,12
19_4543,Tumor,12
19_4544,Tumor,12
19_4546,Tumor,12
19_4548,Fibroblasts,4
19_4549,Tumor,12
19_4550,Tumor,12
19_4554,CAF,0
19_4555,unknown,14
19_4556,Tumor,12
19_4558,Tumor,12
19_4559,Tumor,12
19_4560,Tumor,12
19_4564,Tumor,12
19_4565,Tumor,12
19_4573,Plasma_IgG,10
19_4574,Tumor,12
19_4577,Tumor,12
19_4578,Tumor,12
19_4579,Tumor,12
19_4582,Fibroblasts,4
19_4583,Tumor,12
19_4584,Plasma_IgG,10
19_4585,Plasma_IgG,10
19_4589,Tumor,12
19_4590,Tumor,12
19_4595,Tumor,12
19_4596,Tumor,12
19_4597,Tumor,12
19_4598,Tumor,12
19_4600,CAF,0
19_4601,Plasma_IgG,10
19_4602,Plasma_IgG,10
19_4603,Tumor,12
19_4604,Tumor,12
19_4605,Germinal_Center_Plasma_IgM_B_cell,5
19_4611,unknown,14
19_4613,Tumor,12
19_4615,Tumor,12
19_4616,Tumor,12
19_4617,Tumor,12
19_4618,Tumor,12
19_4621,Plasma_IgG,10
19_4622,Plasma_IgG,10
19_4623,Tumor,12
19_4626,Tumor,12
19_4627,Tumor,12
19_4628,Tumor,12
19_4629,Tumor,12
19_4633,Tumor,12
19_4634,Tumor,12
19_4637,Tumor,12
19_4640,Tumor,12
19_4641,Tumor,12
19_4644,Tumor,12
19_4648,Tumor,12
19_4654,Fibroblasts,4
19_4655,Tumor,12
19_4658,CAF,0
19_4659,CAF,0
19_4660,Tumor,12
19_4661,Tumor,12
19_4662,Tumor,12
19_4663,Tumor,12
19_4664,Tumor,12
19_4665,Tumor,12
19_4671,Fibroblasts,4
19_4672,Tumor,12
19_4673,Tumor,12
19_4680,Tumor,12
19_4681,Tumor,12
19_4683,unknown,14
19_4684,Tumor,12
19_4685,Tumor,12
19_4690,CAF,0
19_4691,Tumor,12
19_4693,Tumor,12
19_4695,Tumor,12
19_4699,Tumor,12
19_4700,Tumor,12
19_4701,Tumor,12
19_4702,Tumor,12
19_4703,Tumor,12
19_4705,Tumor,12
19_4709,Tumor,12
19_4711,CAM,1
19_4712,Tumor,12
19_4714,CAM,1
19_4718,High_Endothelial_Venules,6
19_4719,Tumor,12
19_4722,CAM,1
19_4724,Tumor,12
19_4728,Tumor,12
19_4732,Tumor,12
19_4733,Tumor,12
19_4737,CAF,0
19_4738,Tumor,12
19_4739,Tumor,12
19_4741,Tumor,12
19_4745,CAF,0
19_4746,Tumor,12
19_4747,Tumor,12
19_4749,Plasma_IgG,10
19_4752,Fibroblasts,4
19_4753,Tumor,12
19_4754,Tumor,12
19_4755,Plasma_IgG,10
19_4756,Plasma_IgG,10
19_4757,Tumor,12
19_4760,Tumor,12
19_4761,unknown,14
19_4767,Tumor,12
19_4771,Fibroblasts,4
19_4775,CAM,1
19_4776,Fibroblasts,4
19_4780,Plasma_IgG,10
19_4781,Plasma_IgG,10
19_4782,Tumor,12
19_4792,Tumor,12
19_4793,Tumor,12
19_4794,Plasma_IgG,10
19_4796,Tumor,12
19_4797,Tumor,12
19_4800,Tumor,12
19_4805,Plasma_IgG,10
19_4806,Plasma_IgG,10
19_4807,Tumor,12
19_4812,Tumor,12
19_4813,Tumor,12
19_4814,Tumor,12
19_4815,Tumor,12
19_4818,Tumor,12
19_4821,Tumor,12
19_4825,Fibroblasts,4
19_4826,Plasma_IgG,10
19_4827,Plasma_IgG,10
19_4828,CAM,1
19_4829,Tumor,12
19_4832,Plasma_IgG,10
19_4833,Tumor,12
19_4834,Tumor,12
19_4840,Plasma_IgG,10
19_4841,Tumor,12
19_4842,Tumor,12
19_4843,Tumor,12
19_4844,CAM,1
19_4845,Fibroblasts,4
19_4848,Fibroblasts,4
19_4849,Plasma_IgG,10
19_4850,Tumor,12
19_4853,M1_macrophages,7
19_4854,Tumor,12
19_4855,Plasma_IgG,10
19_4856,Tumor,12
19_4860,Tumor,12
19_4863,Plasma_IgG,10
19_4864,Plasma_IgG,10
19_4865,Plasma_IgG,10
19_4866,CAM,1
19_4868,Plasma_IgG,10
19_4870,CAF,0
19_4871,Tumor,12
19_4874,Plasma_IgG,10
19_4875,Plasma_IgG,10
19_4876,Tumor,12
19_4883,Plasma_IgG,10
19_4890,Tumor,12
19_4891,CAF,0
19_4894,CAF,0
19_4901,Plasma_IgG,10
19_4904,Tumor,12
19_4907,Tumor,12
19_4908,Fibroblasts,4
19_4909,Tumor,12
19_4912,Tumor,12
19_4915,Fibroblasts,4
19_4916,Tumor,12
19_4917,CAF,0
19_4918,Tumor,12
19_4920,Plasma_IgG,10
19_4924,Tumor,12
19_4927,Plasma_IgG,10
19_4928,Tumor,12
19_4929,Tumor,12
19_4930,Plasma_IgG,10
19_4931,Tumor,12
19_4932,Tumor,12
19_4933,Tumor,12
19_4934,Tumor,12
19_4935,Tumor,12
19_4939,Tumor,12
19_4940,Tumor,12
19_4942,Fibroblasts,4
19_4943,Tumor,12
19_4944,Tumor,12
19_4945,Tumor,12
19_4947,Tumor,12
19_4949,Tumor,12
19_4950,Plasma_IgG,10
19_4951,Tumor,12
19_4952,Tumor,12
19_4959,Tumor,12
19_4970,Tumor,12
19_4972,Tumor,12
19_4975,Fibroblasts,4
19_4976,Plasma_IgG,10
19_4985,Plasma_IgG,10
19_4986,Tumor,12
19_4987,Tumor,12
19_4988,Tumor,12
19_4990,Tumor,12
19_4995,Tumor,12
19_4996,Tumor,12
19_4998,Tumor,12
19_4999,Tumor,12
19_5001,Tumor,12
19_5002,Plasma_IgG,10
19_5006,Tumor,12
19_5007,Tumor,12
19_5008,Tumor,12
19_5010,Tumor,12
19_5016,Plasma_IgG,10
19_5017,Tumor,12
19_5018,Plasma_IgG,10
19_5023,Plasma_IgG,10
19_5024,Tumor,12
19_5025,Tumor,12
19_5026,Tumor,12
19_5027,Tumor,12
19_5028,Tumor,12
19_5029,Plasma_IgG,10
19_5030,Tumor,12
19_5032,Tumor,12
19_5034,Tumor,12
19_5036,Plasma_IgG,10
19_5037,Tumor,12
19_5038,Plasma_IgG,10
19_5045,Tumor,12
19_5047,Fibroblasts,4
19_5048,Plasma_IgG,10
19_5049,Plasma_IgG,10
19_5053,CAF,0
19_5054,Tumor,12
19_5055,Tumor,12
19_5058,Tumor,12
19_5059,Tumor,12
19_5062,Plasma_IgG,10
19_5064,Fibroblasts,4
19_5065,Plasma_IgA,9
19_5066,Tumor,12
19_5068,Tumor,12
19_5074,Plasma_IgG,10
19_5075,Tumor,12
19_5076,Plasma_IgG,10
19_5080,CAF,0
19_5081,Tumor,12
19_5084,Tumor,12
19_5085,Tumor,12
19_5086,Tumor,12
19_5093,Plasma_IgG,10
19_5094,Tumor,12
19_5100,Tumor,12
19_5102,Tumor,12
19_5103,Tumor,12
19_5104,Tumor,12
19_5105,Tumor,12
19_5109,CAF,0
19_5111,Plasma_IgG,10
19_5119,Plasma_IgG,10
19_5122,Tumor,12
19_5123,Tumor,12
19_5124,CAF,0
19_5126,Tumor,12
19_5130,Tumor,12
19_5131,Tumor,12
19_5133,Tumor,12
19_5134,Tumor,12
19_5135,Tumor,12
19_5138,Plasma_IgG,10
19_5139,Tumor,12
19_5144,Tumor,12
19_5145,CAM,1
19_5146,Tumor,12
19_5147,CAM,1
19_5148,Tumor,12
19_5154,Plasma_IgG,10
19_5155,Tumor,12
19_5156,Tumor,12
19_5157,Tumor,12
19_5158,CAF,0
19_5162,CAF,0
19_5164,Tumor,12
19_5165,Tumor,12
19_5170,Tumor,12
19_5171,Tumor,12
19_5176,Tumor,12
19_5177,Tumor,12
19_5181,Plasma_IgG,10
19_5182,Tumor,12
19_5185,Fibroblasts,4
19_5186,Tumor,12
19_5187,Tumor,12
19_5190,Plasma_IgG,10
19_5191,Tumor,12
19_5192,Tumor,12
19_5194,Plasma_IgG,10
19_5195,Tumor,12
19_5196,CAF,0
19_5202,Tumor,12
19_5208,Tumor,12
19_5209,Tumor,12
19_5210,Tumor,12
19_5211,Tumor,12
19_5213,Tumor,12
19_5216,CAF,0
19_5221,Tumor,12
19_5223,Tumor,12
19_5224,Tumor,12
19_5225,Tumor,12
19_5226,Tumor,12
19_5227,Tumor,12
19_5228,Tumor,12
19_5231,Tumor,12
19_5232,CAF,0
19_5236,Plasma_IgG,10
19_5237,Plasma_IgG,10
19_5238,Tumor,12
19_5239,CAF,0
19_5240,Tumor,12
19_5241,Tumor,12
19_5247,Tumor,12
19_5248,CAF,0
19_5253,Tumor,12
19_5254,Tumor,12
19_5255,Tumor,12
19_5265,Tumor,12
19_5267,Tumor,12
19_5268,Tumor,12
19_5270,Tumor,12
19_5281,Tumor,12
19_5285,Plasma_IgG,10
19_5286,Plasma_IgG,10
19_5290,Tumor,12
19_5292,Tumor,12
19_5295,Plasma_IgG,10
19_5296,Tumor,12
19_5297,Plasma_IgG,10
19_5301,Plasma_IgG,10
19_5302,Tumor,12
19_5303,Tumor,12
19_5304,Tumor,12
19_5307,Tumor,12
19_5308,Plasma_IgG,10
19_5310,Tumor,12
19_5313,Plasma_IgG,10
19_5314,Tumor,12
19_5318,Tumor,12
19_5322,Plasma_IgG,10
19_5323,Tumor,12
19_5325,Tumor,12
19_5326,Plasma_IgG,10
19_5327,Tumor,12
19_5328,Plasma_IgG,10
19_5329,Tumor,12
19_5330,Tumor,12
19_5331,Tumor,12
19_5332,Tumor,12
19_5336,Tumor,12
19_5337,Tumor,12
19_5338,Plasma_IgG,10
19_5341,Plasma_IgG,10
19_5342,M1_macrophages,7
19_5345,Tumor,12
19_5346,Tumor,12
19_5347,Tumor,12
19_5348,Tumor,12
19_5351,Tumor,12
19_5352,M1_macrophages,7
19_5353,M1_macrophages,7
19_5355,Tumor,12
19_5359,Plasma_IgG,10
19_5360,Tumor,12
19_5361,Tumor,12
19_5367,Fibroblasts,4
19_5368,Tumor,12
19_5369,Tumor,12
19_5373,Tumor,12
19_5374,Tumor,12
19_5378,Plasma_IgG,10
19_5379,Tumor,12
19_5380,Tumor,12
19_5381,Tumor,12
19_5382,Plasma_IgG,10
19_5383,Tumor,12
19_5387,Tumor,12
19_5388,Tumor,12
19_5390,Plasma_IgG,10
19_5391,Plasma_IgG,10
19_5392,Tumor,12
19_5393,Tumor,12
19_5394,Tumor,12
19_5397,Tumor,12
19_5398,Tumor,12
19_5400,Plasma_IgG,10
19_5401,Tumor,12
19_5403,CAF,0
19_5404,Tumor,12
19_5407,Tumor,12
19_5408,Tumor,12
19_5409,CAF,0
19_5412,Tumor,12
19_5413,Tumor,12
19_5420,CAF,0
19_5421,Tumor,12
19_5428,Tumor,12
19_5430,Tumor,12
19_5431,Tumor,12
19_5433,Tumor,12
19_5434,Tumor,12
19_5437,Tumor,12
19_5438,Tumor,12
19_5441,Tumor,12
19_5444,Tumor,12
19_5446,unknown,14
19_5447,Tumor,12
19_5448,Tumor,12
19_5451,CAF,0
19_5452,Tumor,12
19_5454,Tumor,12
19_5455,Tumor,12
19_5467,Tumor,12
19_5473,Plasma_IgG,10
19_5474,Tumor,12
19_5475,Tumor,12
19_5476,Tumor,12
19_5479,Tumor,12
19_5485,Plasma_IgG,10
19_5486,Plasma_IgG,10
19_5495,Plasma_IgG,10
19_5496,Plasma_IgG,10
19_5497,Tumor,12
19_5498,Tumor,12
19_5499,Tumor,12
19_5500,Plasma_IgG,10
19_5501,Tumor,12
19_5502,Tumor,12
19_5503,Tumor,12
19_5504,Tumor,12
19_5508,CAF,0
19_5509,Tumor,12
19_5510,Plasma_IgG,10
19_5513,Plasma_IgG,10
19_5514,Tumor,12
19_5518,Fibroblasts,4
19_5520,Tumor,12
19_5522,Plasma_IgG,10
19_5524,Plasma_IgG,10
19_5525,Plasma_IgG,10
19_5526,Tumor,12
19_5527,Tumor,12
19_5528,Tumor,12
19_5534,Plasma_IgG,10
19_5535,Tumor,12
19_5536,Tumor,12
19_5540,Tumor,12
19_5542,Tumor,12
19_5543,Tumor,12
19_5547,Tumor,12
19_5548,Plasma_IgG,10
19_5549,Tumor,12
19_5550,Tumor,12
19_5553,Plasma_IgG,10
19_5554,CAF,0
19_5561,Tumor,12
19_5562,Tumor,12
19_5563,Plasma_IgG,10
19_5564,Tumor,12
19_5566,Tumor,12
19_5567,Tumor,12
19_5570,Plasma_IgG,10
19_5571,Tumor,12
19_5572,CAM,1
19_5574,Plasma_IgG,10
19_5575,Plasma_IgG,10
19_5576,Tumor,12
19_5577,Tumor,12
19_5578,Plasma_IgG,10
19_5584,Plasma_IgG,10
19_5588,Fibroblasts,4
19_5590,CAF,0
19_5591,CAF,0
19_5592,Tumor,12
19_5593,Tumor,12
19_5598,Tumor,12
19_5599,Tumor,12
19_5600,Plasma_IgG,10
19_5602,Plasma_IgG,10
19_5610,Tumor,12
19_5611,Tumor,12
19_5614,Tumor,12
19_5617,Tumor,12
19_5622,Plasma_IgG,10
19_5623,Tumor,12
19_5624,Tumor,12
19_5626,Tumor,12
19_5630,Tumor,12
19_5633,Fibroblasts,4
19_5634,Tumor,12
19_5637,Tumor,12
19_5638,Tumor,12
19_5645,Tumor,12
19_5646,Tumor,12
19_5647,Tumor_Keratin_Pearl,13
19_5651,Plasma_IgG,10
19_5658,CAF,0
19_5659,Tumor,12
19_5660,Tumor,12
19_5661,Tumor,12
19_5662,Tumor,12
19_5665,Plasma_IgG,10
19_5666,Tumor,12
19_5667,Plasma_IgG,10
19_5671,Tumor,12
19_5673,Tumor,12
19_5674,Plasma_IgG,10
19_5675,Tumor,12
19_5676,CAF,0
19_5677,Tumor,12
19_5678,Tumor,12
19_5682,Tumor,12
19_5683,Plasma_IgG,10
19_5684,Tumor,12
19_5686,Plasma_IgG,10
19_5687,Plasma_IgG,10
19_5688,Tumor,12
19_5689,Tumor,12
19_5690,Tumor,12
19_5691,Tumor,12
19_5695,Tumor,12
19_5697,Plasma_IgG,10
19_5698,Plasma_IgG,10
19_5702,Tumor,12
19_5703,Tumor,12
19_5704,Tumor,12
19_5710,Tumor,12
19_5711,Tumor,12
19_5712,Tumor,12
19_5713,Plasma_IgG,10
19_5716,Tumor,12
19_5721,Tumor,12
19_5723,CAF,0
19_5727,Fibroblasts,4
19_5732,Tumor,12
19_5733,Tumor,12
19_5737,Tumor,12
19_5738,Tumor,12
19_5739,Tumor,12
19_5740,Tumor,12
19_5743,Plasma_IgG,10
19_5744,Tumor,12
19_5745,Tumor,12
19_5748,Plasma_IgG,10
19_5754,Tumor,12
19_5765,Tumor,12
19_5766,CAF,0
19_5769,Tumor,12
19_5772,Plasma_IgG,10
19_5773,Tumor,12
19_5775,Tumor,12
19_5776,Tumor,12
19_5777,Tumor,12
19_5778,Plasma_IgG,10
19_5785,M1_macrophages,7
19_5786,Plasma_IgG,10
19_5797,Tumor,12
19_5799,Tumor,12
19_5805,Tumor,12
19_5806,Plasma_IgG,10
19_5809,Plasma_IgG,10
19_5810,Tumor,12
19_5814,Plasma_IgG,10
19_5815,Plasma_IgG,10
19_5816,Tumor,12
19_5819,Plasma_IgG,10
19_5820,Tumor,12
19_5821,Tumor,12
19_5822,Tumor,12
19_5824,Tumor,12
19_5825,Tumor,12
19_5826,Plasma_IgG,10
19_5827,Plasma_IgG,10
19_5828,Tumor,12
19_5829,Tumor,12
19_5831,Tumor,12
19_5832,Tumor,12
19_5834,Tumor,12
19_5836,Fibroblasts,4
19_5837,Tumor,12
19_5838,Tumor,12
19_5844,Tumor,12
19_5846,Tumor,12
19_5850,Tumor,12
19_5851,Tumor,12
19_5854,Tumor,12
19_5859,unknown,14
19_5860,Tumor,12
19_5861,Plasma_IgG,10
19_5862,Plasma_IgG,10
19_5863,Tumor,12
19_5864,Tumor,12
19_5866,Tumor,12
19_5869,CAF,0
19_5870,Tumor,12
19_5872,Tumor,12
19_5875,Plasma_IgG,10
19_5877,CAF,0
19_5879,Tumor_Keratin_Pearl,13
19_5880,Plasma_IgG,10
19_5881,Tumor,12
19_5885,Plasma_IgG,10
19_5887,Tumor,12
19_5888,Plasma_IgG,10
19_5894,Plasma_IgG,10
19_5895,Plasma_IgG,10
19_5896,Tumor,12
19_5897,CAF,0
19_5900,Plasma_IgG,10
19_5901,CAM,1
19_5902,Tumor,12
19_5905,Plasma_IgG,10
19_5907,CAF,0
19_5911,Tumor,12
19_5912,Tumor,12
19_5913,Tumor,12
19_5915,Plasma_IgG,10
19_5916,Tumor,12
19_5917,Tumor,12
19_5918,Tumor,12
19_5919,Tumor,12
19_5923,CAF,0
19_5924,Plasma_IgG,10
19_5925,Tumor,12
19_5932,Tumor,12
19_5934,Tumor,12
19_5936,Tumor,12
19_5939,Plasma_IgG,10
19_5940,Tumor,12
19_5941,Plasma_IgG,10
19_5943,CAF,0
19_5944,Plasma_IgG,10
19_5947,Tumor,12
19_5948,Plasma_IgG,10
19_5951,Tumor,12
19_5952,Plasma_IgG,10
19_5953,Plasma_IgG,10
19_5955,Tumor,12
19_5956,Tumor,12
19_5961,Plasma_IgG,10
19_5965,Plasma_IgG,10
19_5966,Plasma_IgG,10
19_5971,Plasma_IgG,10
19_5972,Tumor,12
19_5973,Tumor,12
19_5974,Tumor,12
19_5975,Tumor,12
19_5976,Tumor,12
19_5977,Tumor,12
19_5978,Tumor,12
19_5982,Plasma_IgG,10
19_5983,Plasma_IgG,10
19_5984,Tumor,12
19_5986,Tumor,12
19_5988,Plasma_IgG,10
19_5989,Tumor,12
19_5991,Tumor,12
19_5996,Tumor,12
19_6001,Tumor,12
19_6006,Tumor,12
19_6008,Tumor,12
19_6011,Tumor,12
19_6012,Tumor,12
19_6013,Tumor,12
19_6014,Plasma_IgG,10
19_6015,Tumor,12
19_6020,Plasma_IgG,10
19_6021,Tumor,12
19_6025,Plasma_IgG,10
19_6026,Plasma_IgG,10
19_6027,Tumor,12
19_6032,Plasma_IgG,10
19_6033,Tumor,12
19_6034,Tumor,12
19_6035,Plasma_IgG,10
19_6037,Plasma_IgG,10
19_6038,Plasma_IgG,10
19_6039,CAF,0
19_6040,Tumor,12
19_6045,Tumor,12
19_6048,High_Endothelial_Venules,6
19_6049,Plasma_IgG,10
19_6050,Tumor,12
19_6051,Tumor,12
19_6052,Tumor,12
19_6054,Tumor,12
19_6055,Tumor,12
19_6058,Tumor,12
19_6060,Tumor,12
19_6062,Tumor,12
19_6067,Tumor,12
19_6068,Tumor,12
19_6069,Tumor,12
19_6070,Plasma_IgG,10
19_6071,High_Endothelial_Venules,6
19_6078,Tumor,12
19_6079,Tumor,12
19_6080,Plasma_IgG,10
19_6082,Plasma_IgG,10
19_6083,Tumor,12
19_6090,CAF,0
19_6091,Plasma_IgG,10
19_6092,Tumor,12
19_6093,unknown,14
19_6097,Plasma_IgG,10
19_6098,Tumor,12
19_6099,Tumor,12
19_6103,Plasma_IgG,10
19_6105,Tumor,12
19_6108,Plasma_IgG,10
19_6109,Tumor,12
19_6111,Plasma_IgG,10
19_6125,Tumor,12
19_6126,Tumor,12
19_6127,Tumor,12
19_6128,Plasma_IgG,10
19_6129,Plasma_IgG,10
19_6131,Tumor,12
19_6132,CAF,0
19_6135,Plasma_IgG,10
19_6136,Tumor,12
19_6139,Plasma_IgG,10
19_6140,Tumor,12
19_6141,Tumor,12
19_6142,Plasma_IgG,10
19_6150,Plasma_IgG,10
19_6151,Tumor,12
19_6152,Tumor,12
19_6153,Tumor,12
19_6154,Tumor,12
19_6155,Plasma_IgG,10
19_6161,Plasma_IgG,10
19_6163,Tumor,12
19_6164,Tumor,12
19_6168,CAF,0
19_6169,Tumor,12
19_6170,Tumor,12
19_6177,Tumor,12
19_6178,Tumor,12
19_6179,Tumor,12
19_6180,Tumor,12
19_6181,Tumor,12
19_6182,Tumor,12
19_6183,Tumor,12
19_6184,Plasma_IgG,10
19_6192,Tumor,12
19_6196,Plasma_IgG,10
19_6197,Plasma_IgG,10
19_6198,Tumor,12
19_6199,Tumor,12
19_6204,Tumor,12
19_6205,Tumor,12
19_6208,Plasma_IgG,10
19_6209,Plasma_IgG,10
19_6210,Plasma_IgG,10
19_6213,CAM,1
19_6214,Plasma_IgG,10
19_6215,Plasma_IgG,10
19_6218,Plasma_IgG,10
19_6219,Tumor,12
19_6226,Tumor,12
19_6228,CAF,0
19_6229,Plasma_IgG,10
19_6230,Tumor,12
19_6234,Tumor,12
19_6237,Tumor,12
19_6239,Plasma_IgG,10
19_6241,Plasma_IgG,10
19_6242,CAM,1
19_6243,Plasma_IgG,10
19_6246,Tumor,12
19_6247,Plasma_IgG,10
19_6252,Plasma_IgG,10
19_6253,Tumor,12
19_6254,Tumor,12
19_6255,Plasma_IgG,10
19_6258,Plasma_IgG,10
19_6259,Tumor,12
19_6260,Tumor,12
19_6261,Tumor,12
19_6262,unknown,14
19_6265,Plasma_IgG,10
19_6266,Tumor,12
19_6267,Plasma_IgG,10
19_6268,CAM,1
19_6272,Tumor,12
19_6273,Tumor,12
19_6274,Tumor,12
19_6282,Tumor,12
19_6283,Tumor,12
19_6291,Tumor,12
19_6292,Plasma_IgG,10
19_6297,Tumor,12
19_6300,Plasma_IgG,10
19_6301,Plasma_IgG,10
19_6302,Tumor,12
19_6303,Tumor,12
19_6304,Plasma_IgG,10
19_6306,Tumor,12
19_6312,Plasma_IgG,10
19_6313,Plasma_IgG,10
19_6314,Plasma_IgG,10
19_6315,Plasma_IgG,10
19_6316,Plasma_IgG,10
19_6317,Tumor,12
19_6318,Tumor,12
19_6322,Tumor,12
19_6323,Tumor,12
19_6328,Plasma_IgG,10
19_6329,Plasma_IgG,10
19_6336,Plasma_IgG,10
19_6341,Plasma_IgG,10
19_6342,Tumor,12
19_6343,Plasma_IgG,10
19_6345,Plasma_IgG,10
19_6347,High_Endothelial_Venules,6
19_6351,unknown,14
19_6354,Plasma_IgG,10
19_6355,Tumor,12
19_6356,Tumor,12
19_6357,Plasma_IgG,10
19_6360,Tumor,12
19_6361,Tumor,12
19_6366,Plasma_IgG,10
19_6367,Tumor,12
19_6372,Tumor,12
19_6374,Tumor,12
19_6375,Tumor,12
19_6376,Tumor,12
19_6377,Tumor,12
19_6378,Tumor,12
19_6379,Plasma_IgG,10
19_6384,Tumor,12
19_6386,Tumor,12
19_6387,Tumor,12
19_6388,Plasma_IgG,10
19_6389,Plasma_IgG,10
19_6392,Plasma_IgG,10
19_6393,Plasma_IgG,10
19_6394,Plasma_IgG,10
19_6395,Tumor,12
19_6396,Tumor,12
19_6398,Tumor,12
19_6399,Plasma_IgG,10
19_6402,Plasma_IgG,10
19_6403,Plasma_IgG,10
19_6404,Plasma_IgG,10
19_6405,Tumor,12
19_6409,Tumor,12
19_6410,Tumor,12
19_6414,Plasma_IgG,10
19_6415,Tumor,12
19_6417,Tumor,12
19_6418,CAF,0
19_6419,Plasma_IgG,10
19_6420,Tumor,12
19_6421,Plasma_IgG,10
19_6428,Tumor,12
19_6432,Tumor,12
19_6433,Plasma_IgG,10
19_6434,Tumor,12
19_6435,Tumor,12
19_6436,Tumor,12
19_6440,Plasma_IgG,10
19_6441,Plasma_IgG,10
19_6443,Plasma_IgG,10
19_6447,Tumor,12
19_6450,Tumor,12
19_6451,Tumor,12
19_6452,Tumor,12
19_6453,CAF,0
19_6459,Plasma_IgG,10
19_6460,Plasma_IgG,10
19_6461,Tumor,12
19_6463,unknown,14
19_6469,Tumor,12
19_6479,Plasma_IgG,10
19_6480,High_Endothelial_Venules,6
19_6481,Plasma_IgG,10
19_6486,Plasma_IgG,10
19_6487,Plasma_IgG,10
19_6490,Tumor,12
19_6492,Tumor,12
19_6493,M1_macrophages,7
19_6502,CAM,1
19_6503,Tumor,12
19_6511,Tumor,12
19_6512,Tumor,12
19_6513,Tumor,12
19_6517,Plasma_IgG,10
19_6518,Tumor,12
19_6520,Tumor,12
19_6521,Tumor,12
19_6524,Plasma_IgG,10
19_6525,Plasma_IgG,10
19_6526,Plasma_IgG,10
19_6527,Tumor,12
19_6528,Tumor,12
19_6532,Tumor,12
19_6533,Tumor,12
19_6537,Tumor,12
19_6541,Tumor,12
19_6545,Plasma_IgG,10
19_6550,Tumor,12
19_6551,Plasma_IgG,10
19_6552,Plasma_IgG,10
19_6553,Tumor,12
19_6555,CAF,0
19_6558,Plasma_IgG,10
19_6559,Tumor,12
19_6560,CAM,1
19_6561,Plasma_IgG,10
19_6566,Tumor,12
19_6567,CAF,0
19_6569,Tumor,12
19_6570,Tumor,12
19_6571,Tumor,12
19_6575,Tumor,12
19_6576,Tumor,12
19_6577,Tumor,12
19_6580,Tumor,12
19_6581,Tumor,12
19_6587,Tumor,12
19_6588,Tumor,12
19_6592,Tumor,12
19_6596,Plasma_IgG,10
19_6598,Tumor,12
19_6599,Tumor,12
19_6600,CAF,0
19_6605,Tumor,12
19_6608,Tumor,12
19_6609,Tumor,12
19_6610,CAM,1
19_6614,Tumor,12
19_6615,Tumor,12
19_6616,Tumor,12
19_6620,Tumor,12
19_6621,CAF,0
19_6622,CAF,0
19_6627,Plasma_IgG,10
19_6628,Plasma_IgG,10
19_6631,Plasma_IgG,10
19_6632,Plasma_IgG,10
19_6637,Plasma_IgG,10
19_6638,Tumor,12
19_6640,Tumor,12
19_6643,Plasma_IgG,10
19_6644,Plasma_IgG,10
19_6645,Tumor,12
19_6646,Tumor,12
19_6647,CAF,0
19_6652,Tumor,12
19_6653,Tumor,12
19_6654,Tumor,12
19_6658,CAM,1
19_6659,Plasma_IgG,10
19_6660,Tumor,12
19_6664,Plasma_IgG,10
19_6665,Plasma_IgG,10
19_6671,Plasma_IgG,10
19_6672,Tumor,12
19_6673,Tumor,12
19_6676,Plasma_IgG,10
19_6677,Plasma_IgG,10
19_6679,Tumor,12
19_6685,Plasma_IgG,10
19_6686,Plasma_IgG,10
19_6687,Plasma_IgG,10
19_6688,CAM,1
19_6689,Tumor,12
19_6690,Tumor,12
19_6691,Tumor,12
19_6692,Tumor,12
19_6696,Plasma_IgG,10
19_6697,Tumor,12
19_6698,Tumor,12
19_6699,unknown,14
19_6705,Tumor,12
19_6713,Plasma_IgG,10
19_6714,Tumor,12
19_6715,Tumor,12
19_6716,Plasma_IgG,10
19_6718,Plasma_IgG,10
19_6719,CAM,1
19_6721,Tumor,12
19_6722,Tumor,12
19_6732,Tumor,12
19_6733,Tumor,12
19_6734,Tumor,12
19_6735,Plasma_IgG,10
19_6736,Plasma_IgG,10
19_6737,Tumor,12
19_6744,Plasma_IgG,10
19_6745,Plasma_IgG,10
19_6746,Plasma_IgG,10
19_6747,Tumor,12
19_6751,Tumor,12
19_6752,Tumor,12
19_6755,CAF,0
19_6761,Plasma_IgG,10
19_6762,Tumor,12
19_6765,Tumor,12
19_6766,CAF,0
19_6767,Tumor,12
19_6768,Tumor,12
19_6774,Tumor,12
19_6775,Tumor,12
19_6776,Tumor,12
19_6777,Tumor,12
19_6778,Tumor,12
19_6788,Plasma_IgG,10
19_6789,Tumor,12
19_6795,Tumor,12
19_6796,CAF,0
19_6797,Plasma_IgG,10
19_6801,Plasma_IgG,10
19_6804,Tumor,12
19_6808,Plasma_IgG,10
19_6815,Plasma_IgG,10
19_6816,Tumor,12
19_6817,CAF,0
19_6818,Tumor,12
19_6820,Plasma_IgG,10
19_6823,Tumor,12
19_6827,Tumor,12
19_6828,Tumor,12
19_6829,Tumor,12
19_6839,Tumor,12
19_6840,Tumor,12
19_6841,Tumor,12
19_6845,Tumor,12
19_6850,Tumor,12
19_6851,Tumor,12
19_6852,Tumor,12
19_6856,Plasma_IgG,10
19_6857,Tumor,12
19_6858,Tumor,12
19_6861,Plasma_IgG,10
19_6862,Tumor,12
19_6863,Tumor,12
19_6864,Tumor,12
19_6865,Tumor,12
19_6866,Plasma_IgG,10
19_6867,Plasma_IgG,10
19_6868,Plasma_IgG,10
19_6869,Plasma_IgG,10
19_6872,Plasma_IgG,10
19_6873,Plasma_IgG,10
19_6875,Plasma_IgG,10
19_6876,Tumor,12
19_6879,Tumor,12
19_6880,Tumor,12
19_6886,Plasma_IgG,10
19_6887,Tumor,12
19_6890,Tumor,12
19_6896,Plasma_IgG,10
19_6900,Plasma_IgG,10
19_6901,Plasma_IgG,10
19_6902,Plasma_IgG,10
19_6903,Tumor,12
19_6904,Tumor,12
19_6907,Plasma_IgG,10
19_6909,Plasma_IgG,10
19_6910,Tumor,12
19_6912,Plasma_IgG,10
19_6913,Tumor,12
19_6917,Tumor,12
19_6918,Tumor,12
19_6919,Plasma_IgG,10
19_6920,Plasma_IgG,10
19_6921,Plasma_IgG,10
19_6922,Tumor,12
19_6923,Tumor,12
19_6924,CAF,0
19_6925,Plasma_IgG,10
19_6928,CAF,0
19_6930,Tumor,12
19_6932,Plasma_IgG,10
19_6934,CAF,0
19_6936,Tumor,12
19_6937,Tumor,12
19_6938,Plasma_IgG,10
19_6941,Plasma_IgG,10
19_6942,Plasma_IgG,10
19_6943,Tumor,12
19_6945,Plasma_IgG,10
19_6946,Plasma_IgG,10
19_6948,CAF,0
19_6949,Tumor,12
19_6950,Fibroblasts,4
19_6951,Tumor,12
19_6952,Plasma_IgG,10
19_6954,Tumor,12
19_6955,Tumor,12
19_6956,CAF,0
19_6959,Tumor,12
19_6962,CAF,0
19_6965,Tumor,12
19_6970,Plasma_IgG,10
19_6971,Plasma_IgG,10
19_6972,unknown,14
19_6974,Tumor,12
19_6976,Tumor,12
19_6977,Tumor,12
19_6978,Tumor,12
19_6980,Tumor,12
19_6981,Plasma_IgG,10
19_6984,Tumor,12
19_6985,Tumor,12
19_6986,Tumor,12
19_6991,Tumor,12
19_6992,Tumor,12
19_6993,Tumor,12
19_6994,Plasma_IgG,10
19_6995,Tumor,12
19_6996,Tumor,12
19_7002,Plasma_IgG,10
19_7003,Tumor,12
19_7004,Tumor,12
19_7010,Tumor,12
19_7015,Plasma_IgG,10
19_7016,Plasma_IgG,10
19_7017,Tumor,12
19_7019,Plasma_IgG,10
19_7020,Tumor,12
19_7021,Tumor,12
19_7022,Tumor,12
19_7023,Tumor,12
19_7024,CAF,0
19_7029,CAF,0
19_7031,Tumor,12
19_7033,Tumor,12
19_7036,Tumor,12
19_7039,Tumor,12
19_7040,Plasma_IgG,10
19_7042,Tumor,12
19_7043,Tumor,12
19_7044,Tumor,12
19_7045,Plasma_IgG,10
19_7047,Tumor,12
19_7049,Tumor,12
19_7050,Tumor,12
19_7056,Tumor,12
19_7060,Plasma_IgG,10
19_7062,Tumor,12
19_7063,Plasma_IgG,10
19_7072,Tumor,12
19_7073,Tumor,12
19_7074,Tumor,12
19_7079,Plasma_IgG,10
19_7080,Plasma_IgG,10
19_7081,Tumor,12
19_7082,Tumor,12
19_7084,Tumor,12
19_7085,unknown,14
19_7089,Plasma_IgG,10
19_7090,Plasma_IgG,10
19_7091,Tumor,12
19_7092,Tumor,12
19_7095,Tumor,12
19_7096,CAF,0
19_7097,Tumor,12
19_7098,Tumor,12
19_7100,Plasma_IgG,10
19_7101,Plasma_IgG,10
19_7102,Tumor,12
19_7103,Tumor,12
19_7107,Tumor,12
19_7108,Tumor,12
19_7109,Tumor,12
19_7114,Tumor,12
19_7115,Tumor,12
19_7116,Plasma_IgG,10
19_7122,Tumor,12
19_7128,Tumor,12
19_7135,Tumor,12
19_7136,Tumor,12
19_7137,Tumor,12
19_7139,Tumor,12
19_7140,CAF,0
19_7143,Tumor,12
19_7144,Tumor,12
19_7147,Plasma_IgG,10
19_7149,Tumor,12
19_7150,Tumor,12
19_7151,Tumor,12
19_7156,Tumor,12
19_7157,CAF,0
19_7158,Tumor,12
19_7159,Plasma_IgG,10
19_7162,Tumor,12
19_7169,Tumor,12
19_7170,Tumor,12
19_7171,Tumor,12
19_7175,Plasma_IgG,10
19_7176,Tumor,12
19_7177,Tumor,12
19_7178,Tumor,12
19_7180,Plasma_IgG,10
19_7184,Tumor,12
19_7185,Tumor,12
19_7186,T_cell,11
19_7187,Tumor,12
19_7190,Plasma_IgG,10
19_7191,Tumor,12
19_7192,Tumor,12
19_7194,Plasma_IgG,10
19_7195,Plasma_IgG,10
19_7203,Tumor,12
19_7210,Tumor,12
19_7211,Tumor,12
19_7212,Plasma_IgG,10
19_7215,Tumor,12
19_7216,Tumor,12
19_7219,Tumor,12
19_7220,Tumor,12
19_7221,Tumor,12
19_7222,Tumor,12
19_7225,Tumor,12
19_7226,CAF,0
19_7228,Plasma_IgG,10
19_7229,Plasma_IgG,10
19_7232,Plasma_IgG,10
19_7233,Tumor,12
19_7234,Tumor,12
19_7235,Tumor,12
19_7237,Tumor,12
19_7244,Tumor,12
19_7245,Tumor,12
19_7248,Tumor,12
19_7253,Tumor,12
19_7254,Tumor,12
19_7258,Plasma_IgG,10
19_7259,Plasma_IgG,10
19_7260,Tumor,12
19_7261,Tumor_Keratin_Pearl,13
19_7263,Tumor,12
19_7272,Tumor,12
19_7273,Tumor,12
19_7274,Plasma_IgG,10
19_7277,Plasma_IgG,10
19_7278,Plasma_IgG,10
19_7279,Tumor,12
19_7280,Tumor,12
19_7287,Tumor,12
19_7288,Tumor,12
19_7294,Tumor,12
19_7295,Tumor_Keratin_Pearl,13
19_7296,Tumor,12
19_7297,Plasma_IgG,10
19_7300,Tumor,12
19_7301,Tumor,12
19_7302,Tumor,12
19_7303,Tumor,12
19_7308,Tumor,12
19_7309,Tumor,12
19_7312,Tumor,12
19_7313,Tumor,12
19_7315,Tumor,12
19_7316,Tumor,12
19_7320,Plasma_IgG,10
19_7321,Plasma_IgG,10
19_7326,CAF,0
19_7327,Tumor,12
19_7328,CAF,0
19_7329,CAF,0
19_7334,Tumor,12
19_7335,Tumor,12
19_7343,Plasma_IgG,10
19_7348,CAF,0
19_7349,Plasma_IgG,10
19_7350,Tumor,12
19_7351,Tumor,12
19_7353,Tumor,12
19_7354,Tumor,12
19_7357,CAF,0
19_7358,Tumor,12
19_7359,Tumor,12
19_7363,Plasma_IgG,10
19_7364,Plasma_IgG,10
19_7367,Tumor,12
19_7368,Tumor,12
19_7372,Tumor,12
19_7373,Tumor,12
19_7374,Tumor,12
19_7375,Tumor,12
19_7379,Plasma_IgG,10
19_7380,Tumor,12
19_7381,Tumor,12
19_7385,Tumor,12
19_7389,Tumor,12
19_7393,Tumor,12
19_7394,Tumor,12
19_7398,Plasma_IgG,10
19_7399,CAF,0
19_7400,Tumor,12
19_7401,Tumor,12
19_7405,Plasma_IgG,10
19_7406,Plasma_IgG,10
19_7407,Tumor,12
19_7408,Tumor,12
19_7413,Tumor,12
19_7414,Tumor,12
19_7415,Tumor,12
19_7420,Tumor,12
19_7421,Tumor,12
19_7424,Tumor,12
19_7426,Tumor,12
19_7427,Plasma_IgG,10
19_7431,Tumor,12
19_7432,Tumor,12
19_7437,CAF,0
19_7438,CAF,0
19_7439,Tumor,12
19_7440,CAF,0
19_7441,CAF,0
19_7447,Tumor,12
19_7448,Plasma_IgG,10
19_7449,Tumor,12
19_7450,Tumor,12
19_7451,Tumor,12
19_7452,Tumor_Keratin_Pearl,13
19_7457,Plasma_IgG,10
19_7458,Tumor,12
19_7459,Tumor,12
19_7460,Plasma_IgG,10
19_7462,Plasma_IgG,10
19_7463,Tumor,12
19_7467,Plasma_IgG,10
19_7468,Tumor,12
19_7469,Tumor,12
19_7472,Tumor,12
19_7473,Tumor,12
19_7474,Plasma_IgG,10
19_7480,Plasma_IgG,10
19_7481,Plasma_IgG,10
19_7482,Tumor,12
19_7483,Tumor,12
19_7484,Tumor,12
19_7487,Fibroblasts,4
19_7488,Tumor,12
19_7490,Tumor,12
19_7491,Tumor,12
19_7497,Tumor,12
19_7499,Tumor,12
19_7503,Plasma_IgG,10
19_7504,Tumor,12
19_7505,Tumor,12
19_7513,CAF,0
19_7514,Tumor,12
19_7515,Tumor,12
19_7516,Plasma_IgG,10
19_7520,Tumor,12
19_7523,Tumor,12
19_7524,Plasma_IgG,10
19_7527,Plasma_IgG,10
19_7528,Tumor,12
19_7531,Tumor,12
19_7535,Tumor,12
19_7536,CAF,0
19_7538,Plasma_IgG,10
19_7539,Plasma_IgG,10
19_7545,Tumor,12
19_7546,Tumor,12
19_7549,Tumor,12
19_7553,Tumor,12
19_7554,Tumor,12
19_7557,Plasma_IgG,10
19_7558,Tumor,12
19_7559,Tumor,12
19_7560,CAF,0
19_7561,Tumor,12
19_7562,Tumor,12
19_7563,Tumor,12
19_7565,Plasma_IgG,10
19_7566,Tumor,12
19_7567,Tumor,12
19_7568,Tumor_Keratin_Pearl,13
19_7569,Tumor,12
19_7570,CAF,0
19_7574,Tumor,12
19_7575,Tumor,12
19_7577,Tumor,12
19_7578,Plasma_IgG,10
19_7583,Plasma_IgG,10
19_7584,Tumor,12
19_7585,Tumor,12
19_7593,Tumor,12
19_7594,Tumor,12
19_7596,Tumor,12
19_7597,Tumor,12
19_7600,Plasma_IgG,10
19_7603,Plasma_IgG,10
19_7604,Tumor,12
19_7607,Plasma_IgG,10
19_7608,Tumor,12
19_7609,Tumor,12
19_7611,Tumor,12
19_7613,CAF,0
19_7614,Tumor,12
19_7617,Tumor,12
19_7618,Tumor,12
19_7620,Tumor,12
19_7621,Tumor,12
19_7622,Tumor,12
19_7626,Tumor,12
19_7627,Tumor,12
19_7629,Tumor,12
19_7637,CAF,0
19_7642,Tumor,12
19_7643,Tumor,12
19_7646,Tumor,12
19_7651,Tumor,12
19_7652,Tumor,12
19_7653,T_cell,11
19_7655,Tumor,12
19_7661,Tumor,12
19_7662,Tumor,12
19_7663,Tumor,12
19_7664,Tumor,12
19_7665,Tumor,12
19_7666,Plasma_IgG,10
19_7669,Tumor,12
19_7670,Tumor,12
19_7675,Tumor,12
19_7679,Tumor,12
19_7680,Tumor,12
19_7685,Plasma_IgG,10
19_7686,Tumor,12
19_7687,Tumor,12
19_7691,Tumor,12
19_7692,Tumor,12
19_7701,Tumor,12
19_7704,Tumor,12
19_7705,M1_macrophages,7
19_7713,Tumor,12
19_7718,Tumor,12
19_7720,Plasma_IgG,10
19_7721,Tumor,12
19_7722,Tumor,12
19_7725,Plasma_IgG,10
19_7726,Tumor,12
19_7727,Tumor,12
19_7733,Tumor,12
19_7734,Tumor,12
19_7736,Tumor,12
19_7740,Tumor,12
19_7741,Tumor,12
19_7747,CAF,0
19_7748,Tumor,12
19_7752,Tumor,12
19_7754,Plasma_IgG,10
19_7755,Tumor,12
19_7756,Tumor,12
19_7757,Tumor,12
19_7758,Plasma_IgG,10
19_7759,Tumor,12
19_7761,Tumor,12
19_7765,CAF,0
19_7766,Tumor,12
19_7771,Plasma_IgG,10
19_7773,Tumor,12
19_7774,Tumor_Keratin_Pearl,13
19_7775,Plasma_IgG,10
19_7777,Tumor,12
19_7781,Tumor,12
19_7787,Tumor,12
19_7788,Tumor,12
19_7789,Tumor,12
19_7790,Tumor,12
19_7792,CAF,0
19_7793,unknown,14
19_7794,Tumor,12
19_7797,Tumor,12
19_7798,Tumor,12
19_7802,Plasma_IgG,10
19_7803,Tumor,12
19_7804,Tumor,12
19_7805,Tumor,12
19_7811,Tumor_Keratin_Pearl,13
19_7815,Plasma_IgG,10
19_7816,Tumor,12
19_7817,Tumor,12
19_7822,Tumor,12
19_7823,Plasma_IgG,10
19_7824,Tumor,12
19_7827,Plasma_IgG,10
19_7829,Tumor,12
19_7830,Tumor,12
19_7831,Tumor,12
19_7832,Tumor,12
19_7833,unknown,14
19_7834,Tumor,12
19_7835,Tumor,12
19_7842,Plasma_IgG,10
19_7843,Tumor,12
19_7846,Plasma_IgG,10
19_7847,Plasma_IgG,10
19_7848,Tumor,12
19_7851,Tumor,12
19_7853,Plasma_IgG,10
19_7854,Tumor,12
19_7855,Plasma_IgG,10
19_7860,Tumor,12
19_7862,CAF,0
19_7863,Plasma_IgG,10
19_7864,Tumor,12
19_7865,Tumor,12
19_7866,Tumor,12
19_7870,Tumor,12
19_7875,Tumor,12
19_7880,Tumor,12
19_7881,Tumor,12
19_7886,Tumor,12
19_7889,Plasma_IgG,10
19_7890,Plasma_IgG,10
19_7891,Plasma_IgG,10
19_7892,Plasma_IgG,10
19_7896,Plasma_IgG,10
19_7897,Plasma_IgG,10
19_7898,CAF,0
19_7899,Tumor,12
19_7900,Tumor,12
19_7903,CAF,0
19_7904,Tumor,12
19_7905,Plasma_IgG,10
19_7906,CAF,0
19_7909,Plasma_IgG,10
19_7910,Tumor,12
19_7912,Tumor,12
19_7913,Tumor,12
19_7917,Tumor,12
19_7920,Tumor,12
19_7921,Plasma_IgG,10
19_7923,Tumor,12
19_7927,unknown,14
19_7928,Tumor,12
19_7930,Tumor,12
19_7931,Tumor,12
19_7934,Tumor,12
19_7935,Tumor_Keratin_Pearl,13
19_7936,Tumor,12
19_7937,Tumor,12
19_7938,Plasma_IgG,10
19_7939,Tumor,12
19_7940,Plasma_IgG,10
19_7941,Plasma_IgG,10
19_7945,Tumor,12
19_7946,Tumor,12
19_7947,Plasma_IgG,10
19_7949,Tumor,12
19_7950,CAF,0
19_7951,CAF,0
19_7952,Plasma_IgG,10
19_7955,Plasma_IgG,10
19_7956,Plasma_IgG,10
19_7957,Tumor,12
19_7958,Tumor,12
19_7959,Tumor,12
19_7963,Tumor,12
19_7965,Tumor,12
19_7975,Plasma_IgG,10
19_7976,Tumor,12
19_7977,Tumor,12
19_7985,Tumor,12
19_7986,Plasma_IgG,10
19_7987,CAM,1
19_7988,Tumor,12
19_7989,Tumor,12
19_7990,Plasma_IgG,10
19_7991,CAF,0
19_7995,Tumor,12
19_7997,Tumor,12
19_8000,Plasma_IgG,10
19_8001,Tumor,12
19_8002,Tumor,12
19_8003,Tumor,12
19_8007,Tumor,12
19_8012,Plasma_IgG,10
19_8013,Tumor,12
19_8016,Plasma_IgG,10
19_8017,Tumor,12
19_8018,Tumor,12
19_8021,Plasma_IgG,10
19_8025,Tumor,12
19_8026,Plasma_IgG,10
19_8032,Tumor,12
19_8033,Tumor,12
19_8039,Tumor,12
19_8040,Tumor,12
19_8042,Tumor,12
19_8043,Tumor,12
19_8044,Tumor,12
19_8045,Tumor,12
19_8046,Tumor,12
19_8050,Tumor,12
19_8056,Tumor,12
19_8057,Tumor,12
19_8065,M1_macrophages,7
19_8066,Tumor,12
19_8070,Plasma_IgG,10
19_8071,Tumor,12
19_8072,Plasma_IgG,10
19_8073,Plasma_IgG,10
19_8080,Tumor,12
19_8081,Tumor,12
19_8082,Tumor,12
19_8083,Tumor,12
19_8088,Plasma_IgG,10
19_8089,Tumor,12
19_8090,Tumor,12
19_8091,Plasma_IgG,10
19_8092,Plasma_IgG,10
19_8095,Plasma_IgG,10
19_8099,Tumor,12
19_8100,Tumor,12
19_8101,Plasma_IgG,10
19_8102,Plasma_IgG,10
19_8103,Tumor,12
19_8104,Tumor,12
19_8105,Tumor_Keratin_Pearl,13
19_8108,Plasma_IgG,10
19_8109,Tumor,12
19_8115,Tumor,12
19_8116,Plasma_IgG,10
19_8119,Tumor,12
19_8120,Tumor,12
19_8123,Plasma_IgG,10
19_8124,Tumor,12
19_8126,Plasma_IgG,10
19_8127,Tumor,12
19_8130,Tumor,12
19_8131,Tumor,12
19_8132,Plasma_IgG,10
19_8137,Plasma_IgG,10
19_8138,Tumor,12
19_8139,Tumor,12
19_8140,CAF,0
19_8143,Plasma_IgG,10
19_8144,Tumor,12
19_8145,Tumor,12
19_8151,Plasma_IgG,10
19_8152,Tumor,12
19_8153,Tumor,12
19_8158,CAF,0
19_8166,Plasma_IgG,10
19_8167,Plasma_IgG,10
19_8168,Tumor,12
19_8169,Tumor,12
19_8170,Tumor,12
19_8171,Tumor,12
19_8178,Plasma_IgG,10
19_8179,Tumor,12
19_8180,CAF,0
19_8181,Tumor,12
19_8184,Tumor,12
19_8185,Tumor,12
19_8188,Plasma_IgG,10
19_8189,Plasma_IgG,10
19_8190,CAF,0
19_8191,Plasma_IgG,10
19_8193,Plasma_IgG,10
19_8194,Tumor,12
19_8195,Tumor,12
19_8196,Plasma_IgG,10
19_8198,Tumor,12
19_8199,Tumor,12
19_8200,Tumor,12
19_8203,Tumor,12
19_8204,Tumor,12
19_8207,Tumor,12
19_8208,Tumor,12
19_8209,Plasma_IgG,10
19_8210,Tumor,12
19_8212,Plasma_IgG,10
19_8215,Tumor,12
19_8216,Tumor,12
19_8217,Plasma_IgG,10
19_8218,Tumor,12
19_8219,Tumor,12
19_8220,Tumor,12
19_8221,Plasma_IgG,10
19_8227,Plasma_IgG,10
19_8230,Plasma_IgG,10
19_8231,Tumor,12
19_8232,Tumor,12
19_8242,Tumor,12
19_8243,Tumor,12
19_8250,Plasma_IgG,10
19_8251,Tumor,12
19_8252,Tumor,12
19_8253,CAF,0
19_8255,Plasma_IgG,10
19_8256,Tumor,12
19_8257,Tumor,12
19_8258,Tumor,12
19_8259,CAF,0
19_8260,Tumor,12
19_8261,Tumor,12
19_8265,Tumor,12
19_8266,Tumor,12
19_8267,Tumor,12
19_8268,Tumor,12
19_8270,CAF,0
19_8271,Tumor,12
19_8272,Tumor,12
19_8276,Tumor,12
19_8277,Tumor,12
19_8278,Tumor,12
19_8283,Plasma_IgG,10
19_8285,Tumor,12
19_8286,Tumor,12
19_8287,Plasma_IgG,10
19_8288,Tumor,12
19_8289,Tumor,12
19_8290,Plasma_IgG,10
19_8294,Plasma_IgG,10
19_8295,Tumor,12
19_8296,Tumor,12
19_8301,Tumor,12
19_8302,Tumor,12
19_8303,Plasma_IgG,10
19_8306,Plasma_IgG,10
19_8316,Tumor,12
19_8317,CAF,0
19_8321,Tumor,12
19_8322,Tumor,12
19_8329,Tumor,12
19_8330,Tumor,12
19_8332,Tumor,12
19_8335,Tumor,12
19_8340,Tumor,12
19_8343,Plasma_IgG,10
19_8344,Plasma_IgG,10
19_8345,Tumor,12
19_8347,Tumor,12
19_8348,Plasma_IgG,10
19_8353,Tumor,12
19_8354,Tumor,12
19_8355,CAF,0
19_8359,Plasma_IgG,10
19_8361,Tumor,12
19_8367,Plasma_IgG,10
19_8368,Tumor,12
19_8369,Tumor,12
19_8373,Plasma_IgG,10
19_8374,Plasma_IgG,10
19_8378,Plasma_IgG,10
19_8379,Tumor,12
19_8380,Plasma_IgG,10
19_8381,Tumor,12
19_8387,Tumor,12
19_8388,Tumor,12
19_8389,Tumor,12
19_8399,CAF,0
19_8407,Plasma_IgG,10
19_8408,Tumor,12
19_8412,Plasma_IgG,10
19_8413,Tumor,12
19_8414,Tumor,12
19_8419,Tumor,12
19_8420,Tumor,12
19_8426,Tumor,12
19_8428,Tumor,12
19_8429,Tumor,12
19_8430,Tumor,12
19_8435,Plasma_IgG,10
19_8436,Plasma_IgG,10
19_8437,Plasma_IgG,10
19_8444,Tumor,12
19_8447,Tumor,12
19_8448,Tumor,12
19_8449,Tumor,12
19_8451,CAM,1
19_8452,Tumor,12
19_8454,Plasma_IgG,10
19_8455,Tumor,12
19_8459,Tumor,12
19_8460,Tumor,12
19_8461,Tumor,12
19_8467,Tumor,12
19_8468,CAF,0
19_8470,Plasma_IgG,10
19_8471,Tumor,12
19_8472,Tumor,12
19_8473,Tumor,12
19_8474,Tumor,12
19_8477,Plasma_IgG,10
19_8478,Tumor,12
19_8480,Tumor,12
19_8482,Tumor,12
19_8483,Tumor,12
19_8484,Tumor,12
19_8485,Tumor,12
19_8489,Plasma_IgG,10
19_8490,Plasma_IgG,10
19_8493,Tumor,12
19_8494,Plasma_IgG,10
19_8498,Plasma_IgG,10
19_8499,Tumor,12
19_8502,Plasma_IgG,10
19_8505,Tumor,12
19_8508,Plasma_IgG,10
19_8509,Plasma_IgG,10
19_8510,CAF,0
19_8511,Tumor,12
19_8512,Tumor,12
19_8513,Tumor,12
19_8522,Plasma_IgG,10
19_8523,Tumor,12
19_8524,Tumor,12
19_8525,Tumor,12
19_8526,Tumor,12
19_8530,CAM,1
19_8531,Plasma_IgG,10
19_8532,Plasma_IgG,10
19_8536,Plasma_IgG,10
19_8537,Plasma_IgG,10
19_8542,Plasma_IgG,10
19_8544,Tumor,12
19_8545,Tumor,12
19_8546,Plasma_IgG,10
19_8562,Tumor,12
19_8563,Tumor,12
19_8564,Tumor,12
19_8565,Tumor,12
19_8568,Plasma_IgG,10
19_8569,Tumor,12
19_8570,Tumor,12
19_8571,Tumor,12
19_8573,Tumor,12
19_8576,Tumor,12
19_8580,Tumor,12
19_8583,Plasma_IgG,10
19_8584,Plasma_IgG,10
19_8585,Tumor,12
19_8586,Tumor,12
19_8589,Plasma_IgG,10
19_8590,Tumor,12
19_8597,CAF,0
19_8598,Tumor,12
19_8601,Plasma_IgG,10
19_8602,CAF,0
19_8603,CAF,0
19_8611,Tumor,12
19_8612,Tumor,12
19_8613,Tumor,12
19_8614,CAF,0
19_8615,Tumor,12
19_8616,Tumor,12
19_8618,Plasma_IgG,10
19_8619,Tumor,12
19_8620,Tumor,12
19_8621,Plasma_IgG,10
19_8625,Plasma_IgG,10
19_8626,Tumor,12
19_8627,Tumor,12
19_8632,Plasma_IgG,10
19_8642,Tumor,12
19_8645,Plasma_IgG,10
19_8646,Plasma_IgG,10
19_8647,Tumor,12
19_8651,Tumor,12
19_8655,Plasma_IgG,10
19_8656,Tumor,12
19_8657,Tumor,12
19_8659,Plasma_IgG,10
19_8660,Tumor,12
19_8661,CAF,0
19_8665,Plasma_IgG,10
19_8667,Plasma_IgG,10
19_8670,Plasma_IgG,10
19_8674,CAF,0
19_8675,Tumor,12
19_8676,Tumor,12
19_8682,CAF,0
19_8683,Tumor,12
19_8684,Tumor,12
19_8686,Plasma_IgG,10
19_8687,Tumor,12
19_8688,Tumor,12
19_8689,Tumor,12
19_8695,Plasma_IgG,10
19_8696,Tumor,12
19_8698,Plasma_IgG,10
19_8699,Plasma_IgG,10
19_8702,Plasma_IgG,10
19_8704,Plasma_IgG,10
19_8705,Tumor,12
19_8709,Plasma_IgG,10
19_8715,Tumor,12
19_8716,Tumor,12
19_8719,Plasma_IgG,10
19_8722,Plasma_IgG,10
19_8723,Tumor,12
19_8724,CAF,0
19_8728,Plasma_IgG,10
19_8729,Tumor,12
19_8733,CAF,0
19_8741,Plasma_IgG,10
19_8743,Tumor,12
19_8749,Tumor,12
19_8750,Plasma_IgG,10
19_8754,Plasma_IgG,10
19_8756,Plasma_IgG,10
19_8757,CAF,0
19_8758,CAF,0
19_8761,Plasma_IgG,10
19_8762,Plasma_IgG,10
19_8765,Tumor,12
19_8766,Tumor,12
19_8767,Tumor,12
19_8771,CAF,0
19_8775,Plasma_IgG,10
19_8777,Tumor,12
19_8778,Plasma_IgG,10
19_8779,Tumor,12
19_8780,Tumor,12
19_8785,Tumor,12
19_8786,Tumor,12
19_8787,M1_macrophages,7
19_8793,Tumor,12
19_8794,Tumor,12
19_8795,Tumor,12
19_8798,Plasma_IgG,10
19_8799,Plasma_IgG,10
19_8800,Plasma_IgG,10
19_8803,Plasma_IgG,10
19_8805,Plasma_IgG,10
19_8806,Tumor,12
19_8807,Plasma_IgG,10
19_8812,Plasma_IgG,10
19_8813,Tumor,12
19_8814,CAF,0
19_8815,CAM,1
19_8816,Tumor,12
19_8821,Plasma_IgG,10
19_8822,Plasma_IgG,10
19_8825,Tumor,12
19_8826,Tumor,12
19_8827,Plasma_IgG,10
19_8828,Plasma_IgG,10
19_8836,Plasma_IgG,10
19_8838,CAF,0
19_8841,Tumor,12
19_8845,Plasma_IgG,10
19_8846,Plasma_IgG,10
19_8847,Plasma_IgG,10
19_8848,Plasma_IgG,10
19_8849,Tumor,12
19_8856,Tumor,12
19_8857,Tumor,12
19_8858,Plasma_IgG,10
19_8859,Tumor,12
19_8862,Plasma_IgG,10
19_8864,Fibroblasts,4
19_8865,Plasma_IgG,10
19_8866,Tumor,12
19_8868,Tumor,12
19_8869,CAF,0
19_8870,Tumor,12
19_8877,Plasma_IgG,10
19_8878,Plasma_IgG,10
19_8882,Plasma_IgG,10
19_8884,Tumor,12
19_8886,Plasma_IgG,10
19_8887,Tumor,12
19_8889,Plasma_IgG,10
19_8890,Plasma_IgG,10
19_8892,Plasma_IgG,10
19_8896,Plasma_IgG,10
19_8900,Tumor,12
19_8903,Plasma_IgG,10
19_8907,Tumor,12
19_8910,Tumor,12
19_8913,Tumor,12
19_8914,Tumor,12
19_8921,Plasma_IgG,10
19_8922,Tumor,12
19_8923,Plasma_IgG,10
19_8932,Plasma_IgG,10
19_8933,Tumor,12
19_8934,Plasma_IgG,10
19_8936,Plasma_IgG,10
19_8937,Tumor,12
19_8946,Tumor,12
19_8947,Plasma_IgG,10
19_8950,Plasma_IgG,10
19_8951,Tumor,12
19_8953,Tumor,12
19_8954,CAF,0
19_8955,Tumor,12
19_8958,Plasma_IgG,10
19_8961,Plasma_IgG,10
19_8962,Plasma_IgG,10
19_8965,Tumor,12
19_8966,Tumor,12
19_8969,Tumor,12
19_8972,Plasma_IgG,10
19_8973,Tumor,12
19_8974,Plasma_IgG,10
19_8975,Plasma_IgG,10
19_8976,Tumor,12
19_8978,Plasma_IgG,10
19_8979,Plasma_IgG,10
19_8980,Plasma_IgG,10
19_8981,Plasma_IgG,10
19_8984,Fibroblasts,4
19_8985,Plasma_IgG,10
19_8986,Tumor,12
19_8988,Plasma_IgG,10
19_8990,Plasma_IgG,10
19_9001,Tumor,12
19_9002,Plasma_IgG,10
19_9003,Plasma_IgG,10
19_9006,Plasma_IgG,10
19_9007,Plasma_IgG,10
19_9010,Plasma_IgG,10
19_9012,Tumor,12
19_9013,Plasma_IgG,10
19_9015,Tumor,12
19_9016,Tumor,12
19_9017,CAF,0
19_9018,Plasma_IgG,10
19_9019,Plasma_IgG,10
19_9022,Plasma_IgG,10
19_9023,CAF,0
19_9024,Plasma_IgG,10
19_9025,Plasma_IgG,10
19_9026,Tumor,12
19_9027,Tumor,12
19_9028,Plasma_IgG,10
19_9029,Plasma_IgG,10
19_9030,Tumor,12
19_9031,Plasma_IgG,10
19_9033,Tumor,12
19_9034,Plasma_IgG,10
19_9037,Tumor,12
19_9038,Plasma_IgG,10
19_9039,Plasma_IgG,10
19_9040,Plasma_IgG,10
19_9047,Tumor,12
19_9049,CAF,0
19_9050,CAF,0
19_9053,Plasma_IgG,10
19_9056,Plasma_IgG,10
19_9057,Plasma_IgG,10
19_9061,Plasma_IgG,10
19_9067,CAF,0
19_9070,Tumor,12
19_9071,Tumor,12
19_9072,Plasma_IgG,10
19_9074,Plasma_IgG,10
19_9075,Tumor,12
19_9078,Tumor,12
19_9079,Tumor,12
19_9080,Plasma_IgG,10
19_9081,Plasma_IgG,10
19_9082,Tumor,12
19_9087,Tumor,12
19_9088,Tumor,12
19_9089,Plasma_IgG,10
19_9090,Plasma_IgG,10
19_9091,Tumor,12
19_9092,Tumor,12
19_9094,Plasma_IgG,10
19_9095,Plasma_IgG,10
19_9096,CAF,0
19_9097,Tumor,12
19_9098,Tumor,12
19_9101,Plasma_IgG,10
19_9103,Plasma_IgG,10
19_9104,Plasma_IgG,10
19_9108,Plasma_IgG,10
19_9109,Tumor,12
19_9114,Tumor,12
19_9116,Tumor,12
19_9119,Plasma_IgG,10
19_9120,Tumor,12
19_9121,Tumor,12
19_9122,Tumor,12
19_9123,Plasma_IgG,10
19_9124,Plasma_IgG,10
19_9125,Plasma_IgG,10
19_9129,Plasma_IgG,10
19_9131,Tumor,12
19_9134,Plasma_IgG,10
19_9135,Tumor,12
19_9136,Tumor,12
19_9139,Tumor,12
19_9140,Plasma_IgG,10
19_9143,CAF,0
19_9144,Tumor,12
19_9148,Plasma_IgG,10
19_9154,CAF,0
19_9155,Plasma_IgG,10
19_9156,Plasma_IgG,10
19_9157,Plasma_IgG,10
19_9158,Tumor,12
19_9159,Tumor,12
19_9164,Tumor,12
19_9165,Plasma_IgG,10
19_9166,Plasma_IgG,10
19_9167,Plasma_IgG,10
19_9172,Plasma_IgG,10
19_9180,Tumor,12
19_9181,Plasma_IgG,10
19_9182,Tumor,12
19_9187,Tumor,12
19_9188,Tumor,12
19_9189,Plasma_IgG,10
19_9190,Plasma_IgG,10
19_9191,Plasma_IgG,10
19_9194,CAF,0
19_9195,T_cell,11
19_9197,Plasma_IgG,10
19_9198,Tumor,12
19_9199,Plasma_IgG,10
19_9202,Tumor,12
19_9203,Plasma_IgG,10
19_9205,unknown,14
19_9206,unknown,14
19_9207,Plasma_IgG,10
19_9208,Plasma_IgG,10
19_9209,Tumor,12
19_9212,Fibroblasts,4
19_9214,Plasma_IgG,10
19_9215,Plasma_IgG,10
19_9216,unknown,14
19_9217,Tumor,12
19_9218,Tumor,12
19_9219,Plasma_IgG,10
19_9222,Plasma_IgG,10
19_9225,Tumor,12
19_9228,Plasma_IgG,10
19_9229,Tumor,12
19_9230,Plasma_IgG,10
19_9231,Tumor,12
19_9236,Tumor,12
19_9237,Tumor,12
19_9239,CAF,0
19_9241,Tumor,12
19_9244,Plasma_IgG,10
19_9245,Tumor,12
19_9248,Tumor,12
19_9251,Plasma_IgG,10
19_9252,Tumor,12
19_9254,Plasma_IgG,10
19_9256,Plasma_IgG,10
19_9257,Plasma_IgG,10
19_9259,Plasma_IgG,10
19_9260,Plasma_IgG,10
19_9264,Tumor,12
19_9269,Plasma_IgG,10
19_9270,Plasma_IgG,10
19_9273,Plasma_IgG,10
19_9274,Plasma_IgG,10
19_9276,Plasma_IgG,10
19_9277,Plasma_IgG,10
19_9278,Plasma_IgG,10
19_9279,Plasma_IgG,10
19_9280,Plasma_IgG,10
19_9281,Plasma_IgG,10
19_9283,Tumor,12
19_9284,Tumor,12
19_9285,Plasma_IgG,10
19_9289,Plasma_IgG,10
19_9290,Plasma_IgG,10
19_9291,Plasma_IgG,10
19_9292,Tumor,12
19_9295,CAF,0
19_9296,Plasma_IgG,10
19_9298,Tumor,12
19_9303,Tumor,12
19_9304,Tumor,12
19_9307,Plasma_IgG,10
19_9308,CAF,0
19_9309,Plasma_IgG,10
19_9316,CAF,0
19_9317,Tumor,12
19_9318,Plasma_IgG,10
19_9320,Plasma_IgG,10
19_9321,Tumor,12
19_9322,Plasma_IgG,10
19_9323,Plasma_IgG,10
19_9327,Plasma_IgG,10
19_9328,Plasma_IgG,10
19_9329,CAF,0
19_9330,M1_macrophages,7
19_9331,Plasma_IgG,10
19_9332,Plasma_IgG,10
19_9336,Plasma_IgG,10
19_9342,Tumor,12
19_9343,CAM,1
19_9344,CAM,1
19_9346,Tumor,12
19_9347,Tumor,12
19_9352,M1_macrophages,7
19_9355,Tumor,12
19_9356,Tumor,12
19_9357,Plasma_IgG,10
19_9358,Tumor,12
19_9361,Plasma_IgG,10
19_9362,Plasma_IgG,10
19_9364,Plasma_IgG,10
19_9365,Tumor,12
19_9366,Tumor,12
19_9368,CAF,0
19_9370,Plasma_IgG,10
19_9371,Plasma_IgG,10
19_9373,Plasma_IgG,10
19_9374,Tumor,12
19_9378,Tumor,12
19_9379,Tumor,12
19_9384,Tumor,12
19_9385,Tumor,12
19_9391,Fibroblasts,4
19_9393,Plasma_IgG,10
19_9394,Tumor,12
19_9397,CAF,0
19_9398,CAF,0
19_9399,Tumor,12
19_9401,Plasma_IgG,10
19_9402,Plasma_IgG,10
19_9403,Plasma_IgG,10
19_9404,Plasma_IgG,10
19_9405,Plasma_IgG,10
19_9406,Tumor,12
19_9408,Plasma_IgG,10
19_9409,Plasma_IgG,10
19_9411,Tumor,12
19_9412,Tumor,12
19_9413,Tumor,12
19_9415,Plasma_IgG,10
19_9419,CAF,0
19_9420,M1_macrophages,7
19_9422,Plasma_IgG,10
19_9427,Fibroblasts,4
19_9428,Plasma_IgG,10
19_9432,Plasma_IgG,10
19_9434,Plasma_IgG,10
19_9435,Plasma_IgG,10
19_9436,Plasma_IgG,10
19_9440,Plasma_IgG,10
19_9445,Plasma_IgG,10
19_9448,Tumor_Keratin_Pearl,13
19_9449,CAF,0
19_9452,M1_macrophages,7
19_9455,Plasma_IgG,10
19_9456,Tumor,12
19_9457,Plasma_IgG,10
19_9458,CAF,0
19_9461,Plasma_IgG,10
19_9462,Tumor,12
19_9464,Tumor,12
19_9466,CAF,0
19_9467,Plasma_IgG,10
19_9468,Tumor,12
19_9471,Tumor,12
19_9472,Plasma_IgG,10
19_9473,Plasma_IgG,10
19_9474,Plasma_IgG,10
19_9475,Tumor,12
19_9480,Tumor,12
19_9481,Tumor,12
19_9482,Tumor_Keratin_Pearl,13
19_9483,Plasma_IgG,10
19_9484,Tumor,12
19_9489,CAF,0
19_9495,Tumor,12
19_9496,Plasma_IgG,10
19_9497,Plasma_IgG,10
19_9498,Plasma_IgG,10
19_9499,Plasma_IgG,10
19_9500,Tumor,12
19_9505,Tumor,12
19_9506,Tumor,12
19_9507,Tumor,12
19_9508,CAF,0
19_9513,CAF,0
19_9516,Plasma_IgG,10
19_9517,Plasma_IgG,10
19_9518,CAF,0
19_9520,Plasma_IgG,10
19_9523,Tumor,12
19_9524,Tumor,12
19_9525,Tumor,12
19_9526,Plasma_IgG,10
19_9529,Tumor,12
19_9530,CAM,1
19_9533,Tumor,12
19_9534,Tumor,12
19_9538,Plasma_IgG,10
19_9539,CAF,0
19_9542,Fibroblasts,4
19_9545,Plasma_IgG,10
19_9546,CAF,0
19_9549,Plasma_IgG,10
19_9551,CAF,0
19_9552,Tumor_Keratin_Pearl,13
19_9553,Plasma_IgG,10
19_9555,Tumor,12
19_9556,Plasma_IgG,10
19_9558,Fibroblasts,4
19_9559,CAM,1
19_9560,unknown,14
19_9561,Tumor,12
19_9562,Tumor,12
19_9565,Tumor,12
19_9566,Tumor,12
19_9567,Plasma_IgG,10
19_9568,Tumor,12
19_9569,Tumor,12
19_9572,Tumor_Keratin_Pearl,13
19_9578,Plasma_IgG,10
19_9579,Tumor,12
19_9580,Plasma_IgG,10
19_9581,Plasma_IgG,10
19_9582,Tumor,12
19_9589,Tumor,12
19_9590,Plasma_IgG,10
19_9591,Plasma_IgG,10
19_9594,CAF,0
19_9595,Tumor_Keratin_Pearl,13
19_9596,Plasma_IgG,10
19_9598,Tumor,12
19_9599,CAF,0
19_9601,Plasma_IgG,10
19_9602,Plasma_IgG,10
19_9603,High_Endothelial_Venules,6
19_9604,Plasma_IgG,10
19_9605,Plasma_IgG,10
19_9606,Tumor,12
19_9609,Plasma_IgG,10
19_9610,Plasma_IgG,10
19_9612,Tumor,12
19_9613,Plasma_IgG,10
19_9614,Tumor,12
19_9618,Tumor,12
19_9619,CAF,0
19_9620,Tumor,12
19_9622,Plasma_IgG,10
19_9623,Tumor_Keratin_Pearl,13
19_9625,Tumor,12
19_9626,Tumor,12
19_9632,Tumor,12
19_9637,Tumor,12
19_9638,Tumor,12
19_9640,Tumor_Keratin_Pearl,13
19_9641,Tumor,12
19_9642,Tumor,12
19_9643,Tumor,12
19_9645,Fibroblasts,4
19_9646,CAF,0
19_9647,M1_macrophages,7
19_9649,Tumor_Keratin_Pearl,13
19_9650,Tumor,12
19_9655,Plasma_IgG,10
19_9657,Tumor,12
19_9661,unknown,14
19_9662,Plasma_IgG,10
19_9665,CAF,0
19_9666,Tumor_Keratin_Pearl,13
19_9667,Tumor,12
19_9668,Plasma_IgG,10
19_9669,unknown,14
19_9670,Plasma_IgG,10
19_9671,Tumor,12
19_9674,Plasma_IgG,10
19_9677,Plasma_IgG,10
19_9680,Plasma_IgG,10
19_9681,Tumor,12
19_9682,Tumor,12
19_9684,Fibroblasts,4
19_9685,Plasma_IgG,10
19_9689,Tumor,12
19_9694,Fibroblasts,4
19_9695,Tumor,12
19_9696,Tumor,12
19_9697,CAM,1
19_9698,Tumor,12
19_9701,Tumor,12
19_9702,Plasma_IgG,10
19_9705,Tumor,12
19_9708,CAM,1
19_9709,Tumor,12
19_9715,Tumor,12
19_9719,Tumor,12
19_9720,Plasma_IgG,10
19_9721,CAF,0
19_9723,Tumor,12
19_9724,Plasma_IgG,10
19_9725,Tumor,12
19_9726,Tumor,12
19_9728,Tumor,12
19_9729,Tumor,12
19_9730,CAM,1
19_9731,Tumor,12
19_9733,CAF,0
19_9734,Tumor,12
19_9736,Plasma_IgG,10
19_9741,Tumor,12
19_9742,Plasma_IgG,10
19_9746,Tumor,12
19_9747,Tumor,12
19_9753,Plasma_IgG,10
19_9754,Tumor,12
19_9755,M1_macrophages,7
19_9756,Plasma_IgG,10
19_9757,Tumor,12
19_9759,Plasma_IgG,10
19_9760,Plasma_IgG,10
19_9761,Plasma_IgG,10
19_9762,CAF,0
19_9764,M1_macrophages,7
19_9765,Tumor_Keratin_Pearl,13
19_9766,Plasma_IgG,10
19_9767,Tumor,12
19_9768,Tumor,12
19_9769,CAF,0
19_9770,Tumor,12
19_9771,Plasma_IgG,10
19_9777,Tumor,12
19_9778,Tumor,12
19_9779,Plasma_IgG,10
19_9780,M1_macrophages,7
19_9781,Tumor,12
19_9782,Plasma_IgG,10
19_9783,Tumor,12
19_9784,Tumor,12
19_9788,CAF,0
19_9789,Plasma_IgG,10
19_9790,Plasma_IgG,10
19_9791,Plasma_IgG,10
19_9797,Tumor,12
19_9800,Tumor_Keratin_Pearl,13
19_9807,Plasma_IgG,10
19_9808,Tumor,12
19_9809,Tumor,12
19_9814,Plasma_IgG,10
19_9815,Tumor,12
19_9816,Tumor,12
19_9817,Plasma_IgG,10
19_9819,Tumor,12
19_9820,Tumor,12
19_9822,Tumor_Keratin_Pearl,13
19_9829,Tumor,12
19_9830,CAF,0
19_9834,Plasma_IgG,10
19_9838,Plasma_IgG,10
19_9839,Plasma_IgG,10
19_9840,Tumor,12
19_9841,Tumor,12
19_9844,Tumor,12
19_9845,Tumor,12
19_9846,Plasma_IgG,10
19_9848,Tumor,12
19_9850,Fibroblasts,4
19_9852,Tumor,12
19_9853,Tumor_Keratin_Pearl,13
19_9854,Tumor,12
19_9855,High_Endothelial_Venules,6
19_9856,Tumor_Keratin_Pearl,13
19_9857,Tumor,12
19_9858,Tumor,12
19_9860,Tumor_Keratin_Pearl,13
19_9861,Plasma_IgG,10
19_9862,Tumor,12
19_9863,Tumor,12
19_9869,CAF,0
19_9871,unknown,14
19_9873,Plasma_IgG,10
19_9876,Tumor_Keratin_Pearl,13
19_9877,Tumor,12
19_9878,Tumor,12
19_9880,Tumor,12
19_9881,Plasma_IgG,10
19_9882,CAM,1
19_9888,Tumor,12
19_9889,Tumor,12
19_9892,CAF,0
19_9893,Plasma_IgG,10
19_9896,Tumor,12
19_9897,Tumor,12
19_9899,Tumor,12
19_9900,Fibroblasts,4
19_9901,Tumor,12
19_9902,CAF,0
19_9903,CAM,1
19_9906,Tumor_Keratin_Pearl,13
19_9907,Tumor,12
19_9908,Tumor,12
19_9909,Plasma_IgG,10
19_9913,Tumor,12
19_9915,Tumor,12
19_9916,Plasma_IgG,10
19_9918,Tumor,12
19_9919,Plasma_IgG,10
19_9920,Plasma_IgG,10
19_9921,Tumor,12
19_9922,Tumor,12
19_9926,CAF,0
19_9927,Plasma_IgG,10
19_9928,Tumor_Keratin_Pearl,13
19_9931,Tumor,12
19_9932,Tumor,12
19_9936,Tumor,12
19_9941,Tumor_Keratin_Pearl,13
19_9942,Tumor_Keratin_Pearl,13
19_9943,Tumor,12
19_9944,CAF,0
19_9947,CAF,0
19_9948,Plasma_IgG,10
19_9951,Tumor,12
19_9953,Plasma_IgG,10
19_9954,M1_macrophages,7
19_9955,Tumor,12
19_9956,Plasma_IgG,10
19_9957,Tumor,12
19_9958,Tumor,12
19_9960,Tumor,12
19_9963,CAF,0
19_9965,Tumor_Keratin_Pearl,13
19_9967,CAF,0
19_9968,Tumor,12
19_9969,Plasma_IgG,10
19_9970,Tumor,12
19_9974,Tumor_Keratin_Pearl,13
19_9975,CAF,0
19_9976,Tumor,12
19_9977,Plasma_IgG,10
19_9980,Plasma_IgG,10
19_9982,Tumor,12
19_9983,Tumor,12
19_9985,CAF,0
19_9986,CAF,0
19_9988,Tumor,12
19_9990,Tumor,12
19_9993,Plasma_IgG,10
19_9994,CAF,0
19_9996,CAF,0
19_9997,Tumor_Keratin_Pearl,13
19_9998,CAF,0
19_9999,Tumor,12
19_10002,Tumor_Keratin_Pearl,13
19_10003,Tumor,12
19_10005,Tumor,12
19_10011,Tumor_Keratin_Pearl,13
19_10012,Tumor,12
19_10013,Tumor,12
19_10018,Tumor_Keratin_Pearl,13
19_10019,Tumor,12
19_10020,Plasma_IgG,10
19_10023,M1_macrophages,7
19_10024,Plasma_IgG,10
19_10025,Tumor,12
19_10030,Tumor,12
19_10033,CAF,0
19_10037,Tumor_Keratin_Pearl,13
19_10038,CAF,0
19_10039,Tumor,12
19_10040,Tumor,12
19_10045,Plasma_IgG,10
19_10047,Plasma_IgG,10
19_10048,Plasma_IgG,10
19_10049,Tumor,12
19_10053,Tumor_Keratin_Pearl,13
19_10056,Tumor_Keratin_Pearl,13
19_10057,Fibroblasts,4
19_10058,Plasma_IgG,10
19_10059,Tumor,12
19_10062,Plasma_IgG,10
19_10063,Plasma_IgG,10
19_10064,Plasma_IgG,10
19_10065,Tumor,12
19_10069,Fibroblasts,4
19_10071,Plasma_IgG,10
19_10072,Tumor,12
19_10075,CAF,0
19_10076,Plasma_IgG,10
19_10077,Tumor_Keratin_Pearl,13
19_10078,CAF,0
19_10079,Tumor,12
19_10082,Fibroblasts,4
19_10083,Tumor,12
19_10084,CAF,0
19_10085,Tumor,12
19_10086,Tumor,12
19_10089,Tumor_Keratin_Pearl,13
19_10090,Plasma_IgG,10
19_10091,CAF,0
19_10092,Tumor,12
19_10093,Fibroblasts,4
19_10094,Fibroblasts,4
19_10095,Fibroblasts,4
19_10097,Tumor,12
19_10099,Tumor_Keratin_Pearl,13
19_10100,CAF,0
19_10105,Plasma_IgG,10
19_10106,Plasma_IgG,10
19_10107,Tumor,12
19_10109,Plasma_IgG,10
19_10110,Tumor,12
19_10116,CAF,0
19_10118,CAF,0
19_10119,Plasma_IgG,10
19_10123,Tumor,12
19_10125,Plasma_IgG,10
19_10126,Tumor,12
19_10128,CAF,0
19_10131,Tumor,12
19_10132,Plasma_IgG,10
19_10133,Plasma_IgG,10
19_10134,CAF,0
19_10138,T_cell,11
19_10140,Tumor_Keratin_Pearl,13
19_10141,Tumor,12
19_10142,Tumor,12
19_10143,Plasma_IgG,10
19_10149,Tumor_Keratin_Pearl,13
19_10150,CAF,0
19_10152,Tumor,12
19_10153,Tumor,12
19_10154,Tumor,12
19_10157,Fibroblasts,4
19_10159,Tumor,12
19_10160,Tumor,12
19_10161,Plasma_IgG,10
19_10163,Tumor,12
19_10167,Plasma_IgG,10
19_10170,Plasma_IgG,10
19_10171,Tumor,12
19_10173,Plasma_IgG,10
19_10175,Plasma_IgG,10
19_10176,Tumor,12
19_10180,Tumor,12
19_10181,Plasma_IgG,10
19_10182,Tumor,12
19_10183,CAF,0
19_10184,Tumor,12
19_10186,Plasma_IgG,10
19_10188,Plasma_IgG,10
19_10189,Plasma_IgG,10
19_10190,Plasma_IgG,10
19_10191,Plasma_IgG,10
19_10196,Plasma_IgG,10
19_10198,Fibroblasts,4
19_10199,Tumor,12
19_10200,Tumor,12
19_10201,Plasma_IgG,10
19_10202,Plasma_IgG,10
19_10203,Tumor,12
19_10204,Tumor,12
19_10206,CAF,0
19_10207,Plasma_IgG,10
19_10208,Tumor,12
19_10209,Plasma_IgG,10
19_10210,Plasma_IgG,10
19_10211,High_Endothelial_Venules,6
19_10213,Plasma_IgG,10
19_10215,CAF,0
19_10218,Plasma_IgG,10
19_10219,Tumor,12
19_10220,Tumor,12
19_10222,CAM,1
19_10226,CAF,0
19_10227,Plasma_IgG,10
19_10228,CAF,0
19_10230,Fibroblasts,4
19_10231,Tumor,12
19_10235,Tumor,12
19_10237,Tumor,12
19_10239,CAF,0
19_10240,CAF,0
19_10241,Tumor,12
19_10242,Tumor,12
19_10245,Tumor,12
19_10247,CAF,0
19_10249,Plasma_IgG,10
19_10251,Tumor,12
19_10252,Tumor,12
19_10253,Tumor,12
19_10254,Fibroblasts,4
19_10257,CAF,0
19_10258,Tumor,12
19_10262,Fibroblasts,4
19_10263,Tumor_Keratin_Pearl,13
19_10264,Plasma_IgG,10
19_10266,Tumor,12
19_10267,Plasma_IgG,10
19_10271,Plasma_IgG,10
19_10272,Tumor,12
19_10273,Tumor,12
19_10274,Tumor,12
19_10276,CAF,0
19_10277,Plasma_IgG,10
19_10278,Tumor,12
19_10279,Tumor,12
19_10281,Tumor,12
19_10283,CAF,0
19_10284,Plasma_IgG,10
19_10285,Tumor_Keratin_Pearl,13
19_10288,Tumor_Keratin_Pearl,13
19_10289,CAF,0
19_10291,Tumor,12
19_10292,Tumor_Keratin_Pearl,13
19_10293,Tumor,12
19_10296,CAF,0
19_10297,Tumor,12
19_10298,Tumor,12
19_10301,Plasma_IgG,10
19_10302,Tumor,12
19_10306,CAF,0
19_10308,Tumor,12
19_10309,Tumor,12
19_10310,Plasma_IgG,10
19_10315,Fibroblasts,4
19_10318,Tumor,12
19_10319,Tumor,12
19_10327,Plasma_IgG,10
19_10328,Tumor,12
19_10329,Tumor,12
19_10332,Tumor,12
19_10333,Tumor,12
19_10336,M1_macrophages,7
19_10338,Fibroblasts,4
19_10339,Plasma_IgG,10
19_10340,CAF,0
19_10342,CAF,0
19_10344,Tumor,12
19_10345,Tumor,12
19_10346,Plasma_IgG,10
19_10347,Plasma_IgG,10
19_10348,Tumor,12
19_10351,M1_macrophages,7
19_10354,Plasma_IgG,10
19_10356,CAF,0
19_10361,CAM,1
19_10362,Plasma_IgG,10
19_10365,Plasma_IgG,10
19_10366,Tumor,12
19_10367,Plasma_IgG,10
19_10369,Plasma_IgG,10
19_10370,Tumor,12
19_10371,Tumor,12
19_10373,CAF,0
19_10375,Tumor,12
19_10376,Tumor,12
19_10379,Fibroblasts,4
19_10381,Plasma_IgG,10
19_10384,Plasma_IgG,10
19_10390,Plasma_IgG,10
19_10391,Plasma_IgG,10
19_10392,Plasma_IgG,10
19_10395,Plasma_IgG,10
19_10396,Plasma_IgG,10
19_10397,Plasma_IgG,10
19_10398,Tumor,12
19_10399,Tumor,12
19_10401,Tumor,12
19_10407,CAF,0
19_10411,CAF,0
19_10412,Tumor_Keratin_Pearl,13
19_10413,Tumor,12
19_10414,Tumor,12
19_10415,Tumor,12
19_10421,Tumor_Keratin_Pearl,13
19_10422,Tumor_Keratin_Pearl,13
19_10423,Tumor,12
19_10424,CAF,0
19_10430,CAF,0
19_10431,Tumor,12
19_10437,Tumor,12
19_10438,unknown,14
19_10439,Tumor,12
19_10440,Tumor,12
19_10443,Plasma_IgG,10
19_10445,Tumor,12
19_10446,Tumor,12
19_10447,Tumor,12
19_10451,Tumor,12
19_10459,Plasma_IgG,10
19_10460,Tumor,12
19_10464,Plasma_IgG,10
19_10465,Tumor,12
19_10466,Tumor,12
19_10467,Tumor,12
19_10471,Tumor,12
19_10473,Plasma_IgG,10
19_10474,Plasma_IgG,10
19_10475,Tumor,12
19_10476,CAF,0
19_10478,Tumor,12
19_10481,Plasma_IgG,10
19_10483,Plasma_IgG,10
19_10485,Tumor,12
19_10486,Plasma_IgG,10
19_10489,Plasma_IgG,10
19_10490,Plasma_IgG,10
19_10491,Tumor,12
19_10492,Tumor,12
19_10493,Tumor,12
19_10494,Tumor,12
19_10498,CAF,0
19_10499,CAF,0
19_10500,CAF,0
19_10505,Tumor,12
19_10506,CAF,0
19_10511,Tumor,12
19_10512,Tumor,12
19_10513,Plasma_IgG,10
19_10514,Plasma_IgG,10
19_10520,Tumor_Keratin_Pearl,13
19_10522,Plasma_IgG,10
19_10526,Plasma_IgG,10
19_10527,Tumor,12
19_10528,Tumor_Keratin_Pearl,13
19_10529,Tumor,12
19_10530,Tumor,12
19_10532,Tumor,12
19_10533,Tumor,12
19_10538,Plasma_IgG,10
19_10539,Tumor,12
19_10540,Tumor_Keratin_Pearl,13
19_10543,Plasma_IgG,10
19_10544,Plasma_IgG,10
19_10545,Tumor_Keratin_Pearl,13
19_10546,Tumor_Keratin_Pearl,13
19_10548,Tumor,12
19_10549,Tumor,12
19_10550,Tumor,12
19_10552,Plasma_IgG,10
19_10553,Tumor,12
19_10554,Tumor,12
19_10555,Tumor,12
19_10556,CAF,0
19_10557,Tumor,12
19_10559,Plasma_IgG,10
19_10560,Tumor,12
19_10565,M1_macrophages,7
19_10567,Plasma_IgG,10
19_10570,Tumor,12
19_10571,Tumor,12
19_10572,Plasma_IgG,10
19_10576,Plasma_IgG,10
19_10577,Plasma_IgG,10
19_10578,Tumor,12
19_10583,Plasma_IgG,10
19_10584,Plasma_IgG,10
19_10587,Tumor,12
19_10591,Tumor_Keratin_Pearl,13
19_10592,Tumor,12
19_10599,CAF,0
19_10601,Tumor,12
19_10602,Fibroblasts,4
19_10603,Plasma_IgG,10
19_10604,Tumor,12
19_10609,Plasma_IgG,10
19_10616,Tumor,12
19_10617,Plasma_IgG,10
19_10618,Tumor,12
19_10619,Plasma_IgG,10
19_10622,Plasma_IgG,10
19_10624,Tumor,12
19_10625,Tumor,12
19_10626,Plasma_IgG,10
19_10627,CAF,0
19_10631,Tumor,12
19_10632,Tumor,12
19_10635,Tumor_Keratin_Pearl,13
19_10636,Tumor,12
19_10637,Plasma_IgG,10
19_10638,Plasma_IgG,10
19_10639,Tumor,12
19_10644,Plasma_IgG,10
19_10645,Tumor,12
19_10646,Plasma_IgG,10
19_10651,Tumor,12
19_10652,Tumor,12
19_10653,Tumor,12
19_10654,Plasma_IgG,10
19_10660,Fibroblasts,4
19_10662,Plasma_IgG,10
19_10663,CAF,0
19_10664,Tumor,12
19_10665,CAF,0
19_10666,Tumor,12
19_10667,Tumor,12
19_10669,CAF,0
19_10672,Plasma_IgG,10
19_10674,Tumor,12
19_10675,Plasma_IgG,10
19_10676,Tumor,12
19_10677,CAF,0
19_10678,Tumor,12
19_10679,Tumor_Keratin_Pearl,13
19_10680,Tumor,12
19_10683,Plasma_IgG,10
19_10684,Tumor,12
19_10686,CAF,0
19_10691,Tumor_Keratin_Pearl,13
19_10694,Plasma_IgG,10
19_10695,Plasma_IgG,10
19_10696,Tumor,12
19_10702,Fibroblasts,4
19_10703,CAF,0
19_10704,Plasma_IgG,10
19_10705,Tumor,12
19_10706,Tumor,12
19_10707,Tumor,12
19_10710,Tumor,12
19_10712,Plasma_IgG,10
19_10713,Tumor,12
19_10714,Plasma_IgG,10
19_10717,Fibroblasts,4
19_10718,Plasma_IgG,10
19_10719,Tumor_Keratin_Pearl,13
19_10722,Plasma_IgG,10
19_10723,Plasma_IgG,10
19_10724,Plasma_IgG,10
19_10725,Tumor,12
19_10726,Tumor,12
19_10729,CAF,0
19_10730,Tumor,12
19_10731,Plasma_IgG,10
19_10734,Tumor_Keratin_Pearl,13
19_10735,Plasma_IgG,10
19_10737,Tumor,12
19_10739,Plasma_IgG,10
19_10743,Tumor,12
19_10744,Tumor,12
19_10746,Tumor,12
19_10748,CAF,0
19_10749,CAF,0
19_10750,Plasma_IgG,10
19_10751,Tumor,12
19_10752,Plasma_IgG,10
19_10757,Tumor,12
19_10758,Tumor,12
19_10759,Tumor_Keratin_Pearl,13
19_10760,CAF,0
19_10764,Plasma_IgG,10
19_10765,Plasma_IgG,10
19_10769,Tumor,12
19_10770,Tumor,12
19_10771,Tumor,12
19_10772,Tumor,12
19_10773,Tumor,12
19_10774,Plasma_IgG,10
19_10775,Tumor,12
19_10779,Tumor,12
19_10780,Tumor,12
19_10782,Plasma_IgG,10
19_10783,Tumor,12
19_10784,Tumor,12
19_10785,Plasma_IgG,10
19_10786,Tumor,12
19_10791,Plasma_IgG,10
19_10792,CAF,0
19_10795,Plasma_IgG,10
19_10796,Tumor,12
19_10797,Tumor,12
19_10800,CAF,0
19_10801,CAF,0
19_10802,Plasma_IgG,10
19_10803,Tumor,12
19_10804,CAF,0
19_10806,Tumor,12
19_10808,CAF,0
19_10809,Plasma_IgG,10
19_10811,Plasma_IgG,10
19_10814,Tumor,12
19_10815,Tumor,12
19_10816,Tumor,12
19_10817,Plasma_IgG,10
19_10819,Tumor,12
19_10820,High_Endothelial_Venules,6
19_10821,Tumor,12
19_10822,Tumor,12
19_10823,CAF,0
19_10824,Tumor,12
19_10825,Plasma_IgG,10
19_10826,Tumor,12
19_10829,Plasma_IgG,10
19_10830,Plasma_IgG,10
19_10831,Plasma_IgG,10
19_10832,Plasma_IgG,10
19_10837,High_Endothelial_Venules,6
19_10838,High_Endothelial_Venules,6
19_10840,Plasma_IgG,10
19_10844,Tumor,12
19_10845,Tumor,12
19_10846,Tumor_Keratin_Pearl,13
19_10849,Tumor_Keratin_Pearl,13
19_10851,Plasma_IgG,10
19_10852,Plasma_IgG,10
19_10853,Plasma_IgG,10
19_10854,Plasma_IgG,10
19_10856,M1_macrophages,7
19_10857,Plasma_IgG,10
19_10858,Tumor,12
19_10860,Tumor,12
19_10861,Fibroblasts,4
19_10862,Plasma_IgG,10
19_10863,Plasma_IgG,10
19_10864,Tumor_Keratin_Pearl,13
19_10865,Tumor,12
19_10867,Tumor,12
19_10870,Tumor,12
19_10871,Tumor,12
19_10874,Tumor,12
19_10875,Plasma_IgG,10
19_10878,Tumor,12
19_10879,Tumor,12
19_10880,Plasma_IgG,10
19_10884,Plasma_IgG,10
19_10889,Tumor,12
19_10890,Tumor,12
19_10892,Plasma_IgG,10
19_10893,Plasma_IgG,10
19_10895,Tumor,12
19_10898,Tumor,12
19_10899,T_cell,11
19_10900,M1_macrophages,7
19_10901,Tumor,12
19_10902,Tumor,12
19_10903,Tumor,12
19_10908,Plasma_IgG,10
19_10909,Plasma_IgG,10
19_10912,Tumor,12
19_10913,Tumor,12
19_10914,Tumor,12
19_10915,Tumor,12
19_10918,Fibroblasts,4
19_10919,Tumor,12
19_10921,Tumor_Keratin_Pearl,13
19_10925,Tumor,12
19_10926,Plasma_IgG,10
19_10934,unknown,14
19_10936,Tumor,12
19_10937,Tumor,12
19_10941,Tumor,12
19_10946,Tumor,12
19_10951,Plasma_IgG,10
19_10954,Tumor,12
19_10955,Tumor,12
19_10956,Plasma_IgG,10
19_10957,CAM,1
19_10958,Tumor,12
19_10963,Tumor_Keratin_Pearl,13
19_10965,Tumor,12
19_10966,Tumor,12
19_10967,CAF,0
19_10968,Plasma_IgG,10
19_10969,Tumor,12
19_10970,Tumor,12
19_10976,Tumor,12
19_10978,Tumor,12
19_10979,Tumor,12
19_10980,Tumor,12
19_10981,CAF,0
19_10985,Plasma_IgG,10
19_10990,Tumor,12
19_10991,Tumor,12
19_10994,CAF,0
19_10995,Plasma_IgG,10
19_10996,CAF,0
19_11001,unknown,14
19_11002,Tumor,12
19_11003,Tumor,12
19_11010,Tumor,12
19_11013,Plasma_IgG,10
19_11014,Tumor,12
19_11015,Tumor,12
19_11017,Tumor,12
19_11018,CAF,0
19_11019,Plasma_IgG,10
19_11025,Tumor,12
19_11026,Tumor,12
19_11027,Tumor,12
19_11028,Tumor,12
19_11029,Tumor,12
19_11036,Tumor,12
19_11037,Tumor,12
19_11038,Tumor,12
19_11039,Plasma_IgG,10
19_11040,Plasma_IgG,10
19_11041,Tumor,12
19_11048,Tumor,12
19_11049,Plasma_IgG,10
19_11050,unknown,14
19_11051,Plasma_IgG,10
19_11055,Plasma_IgG,10
19_11056,Tumor,12
19_11057,Tumor,12
19_11058,Plasma_IgG,10
19_11060,Tumor,12
19_11065,Plasma_IgG,10
19_11066,Plasma_IgG,10
19_11067,Tumor,12
19_11068,Tumor,12
19_11070,Tumor,12
19_11071,Tumor_Keratin_Pearl,13
19_11072,Tumor,12
19_11074,Plasma_IgG,10
19_11075,Tumor,12
19_11080,Tumor,12
19_11081,Tumor,12
19_11082,Plasma_IgG,10
19_11083,Tumor,12
19_11088,High_Endothelial_Venules,6
19_11089,CAF,0
19_11090,CAF,0
19_11091,Tumor,12
19_11093,Plasma_IgG,10
19_11094,Tumor,12
19_11095,Tumor,12
19_11096,Tumor,12
19_11097,Plasma_IgG,10
19_11098,M1_macrophages,7
19_11099,High_Endothelial_Venules,6
19_11100,Plasma_IgG,10
19_11101,CAF,0
19_11102,Tumor,12
19_11106,CAF,0
19_11107,Tumor,12
19_11108,Tumor,12
19_11109,Tumor,12
19_11110,Plasma_IgG,10
19_11111,Plasma_IgG,10
19_11112,Tumor,12
19_11113,CAF,0
19_11114,Tumor_Keratin_Pearl,13
19_11115,Tumor,12
19_11116,Tumor,12
19_11120,Tumor,12
19_11121,Tumor,12
19_11122,Plasma_IgG,10
19_11126,M1_macrophages,7
19_11127,Plasma_IgG,10
19_11129,Tumor,12
19_11130,CAF,0
19_11138,Plasma_IgG,10
19_11139,Plasma_IgG,10
19_11140,Tumor,12
19_11141,Tumor,12
19_11143,CAF,0
19_11146,Tumor_Keratin_Pearl,13
19_11147,Tumor,12
19_11149,CAM,1
19_11152,High_Endothelial_Venules,6
19_11154,Plasma_IgG,10
19_11155,Plasma_IgG,10
19_11159,Tumor,12
19_11160,Plasma_IgG,10
19_11163,CAF,0
19_11164,Tumor,12
19_11166,Tumor,12
19_11167,Tumor,12
19_11169,CAF,0
19_11170,Plasma_IgG,10
19_11171,Tumor,12
19_11178,High_Endothelial_Venules,6
19_11179,High_Endothelial_Venules,6
19_11180,High_Endothelial_Venules,6
19_11185,CAF,0
19_11190,Plasma_IgG,10
19_11191,Tumor,12
19_11192,Plasma_IgG,10
19_11193,Tumor_Keratin_Pearl,13
19_11196,Tumor,12
19_11197,Plasma_IgG,10
19_11199,Tumor_Keratin_Pearl,13
19_11201,Fibroblasts,4
19_11202,Plasma_IgG,10
19_11204,M1_macrophages,7
19_11205,Plasma_IgG,10
19_11210,Plasma_IgG,10
19_11211,Plasma_IgG,10
19_11213,Tumor,12
19_11216,Tumor,12
19_11217,Tumor,12
19_11219,Plasma_IgG,10
19_11220,Plasma_IgG,10
19_11221,Plasma_IgG,10
19_11224,Plasma_IgG,10
19_11225,Plasma_IgG,10
19_11228,Tumor,12
19_11229,Tumor,12
19_11230,Tumor,12
19_11231,Tumor,12
19_11233,Fibroblasts,4
19_11235,Plasma_IgG,10
19_11236,Plasma_IgG,10
19_11238,Tumor,12
19_11239,Tumor,12
19_11240,Tumor,12
19_11241,CAF,0
19_11249,Tumor,12
19_11250,Tumor,12
19_11254,Tumor,12
19_11255,Tumor,12
19_11256,Tumor,12
19_11258,Tumor,12
19_11260,unknown,14
19_11261,Fibroblasts,4
19_11262,Tumor,12
19_11263,Plasma_IgG,10
19_11267,Tumor,12
19_11268,Plasma_IgG,10
19_11270,Plasma_IgG,10
19_11271,Tumor,12
19_11272,Tumor,12
19_11273,Plasma_IgG,10
19_11278,Tumor,12
19_11280,Tumor,12
19_11281,Tumor,12
19_11286,Tumor,12
19_11288,Plasma_IgG,10
19_11289,CAF,0
19_11294,CAF,0
19_11296,Tumor,12
19_11297,CAF,0
19_11299,Tumor_Keratin_Pearl,13
19_11302,Fibroblasts,4
19_11304,Tumor,12
19_11305,Tumor,12
19_11306,CAF,0
19_11309,Fibroblasts,4
19_11310,Fibroblasts,4
19_11311,Tumor,12
19_11313,M1_macrophages,7
19_11314,Plasma_IgG,10
19_11315,Plasma_IgG,10
19_11318,Tumor,12
19_11319,Plasma_IgG,10
19_11320,Tumor,12
19_11322,High_Endothelial_Venules,6
19_11325,Fibroblasts,4
19_11328,Germinal_Center_Plasma_IgM_B_cell,5
19_11329,Plasma_IgG,10
19_11330,Plasma_IgG,10
19_11331,Tumor_Keratin_Pearl,13
19_11332,M1_macrophages,7
19_11340,Plasma_IgG,10
19_11341,CAF,0
19_11342,Tumor,12
19_11343,Tumor_Keratin_Pearl,13
19_11344,Tumor_Keratin_Pearl,13
19_11345,Tumor,12
19_11351,High_Endothelial_Venules,6
19_11357,Plasma_IgG,10
19_11358,Plasma_IgG,10
19_11360,Plasma_IgG,10
19_11361,Plasma_IgG,10
19_11363,Tumor,12
19_11364,Tumor,12
19_11365,Tumor,12
19_11368,M1_macrophages,7
19_11370,Tumor,12
19_11371,Tumor,12
19_11372,Tumor,12
19_11373,Tumor_Keratin_Pearl,13
19_11374,Tumor,12
19_11375,Tumor,12
19_11376,Fibroblasts,4
19_11381,Tumor,12
19_11383,Fibroblasts,4
19_11384,Fibroblasts,4
19_11385,Tumor,12
19_11386,Tumor,12
19_11387,Tumor,12
19_11388,Tumor,12
19_11390,Fibroblasts,4
19_11391,Tumor,12
19_11392,Tumor,12
19_11393,Tumor,12
19_11396,Tumor,12
19_11398,Plasma_IgG,10
19_11399,Tumor,12
19_11401,Tumor,12
19_11405,Tumor,12
19_11407,Tumor,12
19_11408,Tumor,12
19_11409,Tumor,12
19_11410,CAF,0
19_11411,Tumor,12
19_11412,Tumor_Keratin_Pearl,13
19_11413,Tumor,12
19_11415,CAF,0
19_11419,Tumor,12
19_11420,Tumor_Keratin_Pearl,13
19_11421,Plasma_IgG,10
19_11423,Tumor,12
19_11424,Tumor,12
19_11427,Tumor,12
19_11434,Plasma_IgG,10
19_11435,CAF,0
19_11439,CAF,0
19_11440,Plasma_IgG,10
19_11441,Tumor,12
19_11442,Plasma_IgG,10
19_11448,Tumor,12
19_11450,Tumor,12
19_11451,Tumor,12
19_11452,Tumor,12
19_11453,Tumor,12
19_11457,Plasma_IgG,10
19_11458,Plasma_IgG,10
19_11459,Plasma_IgG,10
19_11463,T_cell,11
19_11469,Plasma_IgG,10
19_11470,Tumor,12
19_11476,CAF,0
19_11477,Tumor,12
19_11480,CAF,0
19_11481,Plasma_IgG,10
19_11485,Fibroblasts,4
19_11486,Tumor,12
19_11487,Tumor,12
19_11493,Plasma_IgG,10
19_11494,Tumor,12
19_11498,Fibroblasts,4
19_11499,CAF,0
19_11500,Tumor,12
19_11504,Tumor,12
19_11505,Tumor,12
19_11508,Plasma_IgG,10
19_11509,Tumor_Keratin_Pearl,13
19_11510,Plasma_IgG,10
19_11513,Plasma_IgG,10
19_11514,Tumor,12
19_11515,Tumor,12
19_11522,Fibroblasts,4
19_11523,CAF,0
19_11525,Tumor,12
19_11526,Tumor_Keratin_Pearl,13
19_11527,Tumor_Keratin_Pearl,13
19_11528,Tumor,12
19_11529,Plasma_IgG,10
19_11531,M1_macrophages,7
19_11533,CAF,0
19_11537,Plasma_IgG,10
19_11538,Tumor,12
19_11539,Tumor,12
19_11542,High_Endothelial_Venules,6
19_11543,Plasma_IgG,10
19_11544,Tumor,12
19_11546,Tumor,12
19_11548,M1_macrophages,7
19_11549,Tumor,12
19_11550,Tumor,12
19_11552,Tumor_Keratin_Pearl,13
19_11553,Tumor_Keratin_Pearl,13
19_11554,Tumor,12
19_11556,CAF,0
19_11560,Tumor,12
19_11562,Tumor,12
19_11563,Tumor,12
19_11567,CAF,0
19_11568,CAF,0
19_11569,Tumor,12
19_11570,Tumor,12
19_11571,Tumor,12
19_11572,CAF,0
19_11573,Plasma_IgG,10
19_11574,Plasma_IgG,10
19_11575,Plasma_IgG,10
19_11576,Tumor,12
19_11580,Tumor,12
19_11588,CAF,0
19_11589,Plasma_IgG,10
19_11592,Fibroblasts,4
19_11593,Fibroblasts,4
19_11594,Plasma_IgG,10
19_11595,Tumor,12
19_11596,CAF,0
19_11600,Tumor_Keratin_Pearl,13
19_11601,Tumor,12
19_11603,M1_macrophages,7
19_11605,Tumor,12
19_11606,Tumor,12
19_11607,Tumor,12
19_11611,Tumor,12
19_11612,Plasma_IgG,10
19_11615,Tumor,12
19_11616,Tumor,12
19_11623,High_Endothelial_Venules,6
19_11626,CAF,0
19_11627,Tumor,12
19_11628,Tumor_Keratin_Pearl,13
19_11636,CAF,0
19_11637,Plasma_IgG,10
19_11638,Tumor,12
19_11640,Tumor,12
19_11643,Tumor,12
19_11647,Fibroblasts,4
19_11648,Tumor,12
19_11656,Plasma_IgG,10
19_11658,CAF,0
19_11659,Tumor,12
19_11670,Tumor,12
19_11680,Plasma_IgG,10
19_11681,Plasma_IgG,10
19_11685,CAF,0
19_11687,Tumor,12
19_11688,Tumor,12
19_11691,CAF,0
19_11692,Fibroblasts,4
19_11693,Plasma_IgG,10
19_11694,Tumor_Keratin_Pearl,13
19_11695,Plasma_IgG,10
19_11698,Plasma_IgG,10
19_11699,Tumor,12
19_11700,CAF,0
19_11701,CAF,0
19_11705,M1_macrophages,7
19_11706,Tumor,12
19_11707,Tumor,12
19_11710,Plasma_IgG,10
19_11711,Plasma_IgG,10
19_11714,M1_macrophages,7
19_11723,CAF,0
19_11727,CAF,0
19_11728,Tumor,12
19_11730,Fibroblasts,4
19_11731,Plasma_IgG,10
19_11734,Tumor,12
19_11739,Fibroblasts,4
19_11740,Tumor,12
19_11744,Plasma_IgG,10
19_11745,Tumor,12
19_11747,CAF,0
19_11755,Fibroblasts,4
19_11756,Tumor,12
19_11757,Tumor,12
19_11758,Tumor,12
19_11759,Tumor,12
19_11760,Tumor,12
19_11761,CAF,0
19_11762,CAF,0
19_11763,Tumor,12
19_11767,Plasma_IgG,10
19_11768,Tumor,12
19_11769,Tumor_Keratin_Pearl,13
19_11770,Plasma_IgG,10
19_11771,Tumor,12
19_11778,Tumor,12
19_11779,Tumor_Keratin_Pearl,13
19_11780,Tumor,12
19_11784,Plasma_IgG,10
19_11786,Plasma_IgG,10
19_11787,Plasma_IgG,10
19_11796,Tumor,12
19_11799,Fibroblasts,4
19_11800,Plasma_IgG,10
19_11806,Tumor,12
19_11807,CAF,0
19_11808,CAF,0
19_11809,Tumor,12
19_11813,Tumor,12
19_11814,Tumor,12
19_11817,Plasma_IgG,10
19_11818,Plasma_IgG,10
19_11819,Tumor,12
19_11820,Tumor,12
19_11822,Tumor,12
19_11824,Plasma_IgG,10
19_11825,Plasma_IgG,10
19_11826,CAF,0
19_11827,Tumor,12
19_11828,Tumor,12
19_11829,CAF,0
19_11834,Tumor,12
19_11835,CAF,0
19_11838,Plasma_IgG,10
19_11839,Tumor,12
19_11841,Tumor,12
19_11844,M1_macrophages,7
19_11845,CAF,0
19_11846,Tumor,12
19_11847,Tumor,12
19_11850,Tumor,12
19_11851,CAF,0
19_11852,CAF,0
19_11855,CAF,0
19_11859,CAF,0
19_11860,Plasma_IgG,10
19_11861,CAF,0
19_11862,Tumor,12
19_11865,Plasma_IgG,10
19_11866,CAF,0
19_11869,Plasma_IgG,10
19_11870,Plasma_IgG,10
19_11871,Tumor,12
19_11872,unknown,14
19_11876,Plasma_IgG,10
19_11877,Tumor,12
19_11879,Fibroblasts,4
19_11880,Plasma_IgG,10
19_11881,Tumor,12
19_11882,Germinal_Center_Plasma_IgM_B_cell,5
19_11887,Plasma_IgG,10
19_11888,Tumor,12
19_11892,CAF,0
19_11893,Tumor_Keratin_Pearl,13
19_11894,Tumor,12
19_11895,Tumor,12
19_11896,Tumor,12
19_11897,Tumor,12
19_11898,Tumor,12
19_11899,Tumor,12
19_11901,Plasma_IgG,10
19_11902,Tumor,12
19_11903,Tumor,12
19_11905,Plasma_IgG,10
19_11906,Tumor,12
19_11914,Tumor,12
19_11915,Tumor,12
19_11916,Tumor,12
19_11919,Plasma_IgG,10
19_11920,Plasma_IgG,10
19_11921,Tumor_Keratin_Pearl,13
19_11922,Tumor,12
19_11924,Plasma_IgG,10
19_11926,Plasma_IgG,10
19_11928,Plasma_IgG,10
19_11929,Tumor,12
19_11930,Tumor,12
19_11931,Tumor,12
19_11934,CAF,0
19_11935,Plasma_IgG,10
19_11939,Plasma_IgG,10
19_11941,Tumor,12
19_11942,Tumor,12
19_11947,Fibroblasts,4
19_11948,Tumor_Keratin_Pearl,13
19_11951,Plasma_IgG,10
19_11952,Plasma_IgG,10
19_11953,Tumor,12
19_11954,Tumor,12
19_11955,Fibroblasts,4
19_11956,Plasma_IgG,10
19_11957,Tumor,12
19_11963,Tumor,12
19_11964,CAF,0
19_11965,Plasma_IgG,10
19_11969,Tumor,12
19_11970,Tumor,12
19_11971,CAF,0
19_11973,Tumor,12
19_11975,Tumor,12
19_11981,Fibroblasts,4
19_11982,Plasma_IgG,10
19_11983,Tumor_Keratin_Pearl,13
19_11984,CAF,0
19_11986,Tumor,12
19_11989,Plasma_IgG,10
19_11990,Tumor,12
19_11993,Fibroblasts,4
19_11994,Tumor,12
19_11997,Plasma_IgG,10
19_11999,Plasma_IgG,10
19_12001,High_Endothelial_Venules,6
19_12002,CAF,0
19_12003,CAF,0
19_12006,Tumor,12
19_12007,Plasma_IgG,10
19_12010,Tumor,12
19_12011,Tumor,12
19_12012,Tumor,12
19_12013,Plasma_IgG,10
19_12017,Plasma_IgA,9
19_12018,Plasma_IgG,10
19_12020,Tumor,12
19_12021,Tumor,12
19_12022,Tumor,12
19_12023,CAF,0
19_12025,Tumor,12
19_12026,Plasma_IgG,10
19_12027,Tumor,12
19_12028,Tumor,12
19_12030,Plasma_IgG,10
19_12031,Tumor,12
19_12032,CAF,0
19_12033,Tumor,12
19_12037,CAF,0
19_12041,Plasma_IgG,10
19_12042,Tumor,12
19_12046,Plasma_IgG,10
19_12047,Tumor,12
19_12049,Fibroblasts,4
19_12050,Plasma_IgG,10
19_12051,Plasma_IgG,10
19_12052,Plasma_IgG,10
19_12053,Tumor,12
19_12054,Fibroblasts,4
19_12056,Plasma_IgG,10
19_12057,Tumor,12
19_12058,CAF,0
19_12059,M1_macrophages,7
19_12060,Plasma_IgG,10
19_12062,Tumor,12
19_12063,Plasma_IgG,10
19_12064,Plasma_IgG,10
19_12065,Tumor,12
19_12066,Tumor,12
19_12067,CAF,0
19_12078,Plasma_IgG,10
19_12079,Tumor_Keratin_Pearl,13
19_12083,Plasma_IgG,10
19_12084,CAF,0
19_12085,Plasma_IgG,10
19_12086,Tumor,12
19_12090,Plasma_IgG,10
19_12092,Tumor,12
19_12094,Plasma_IgG,10
19_12095,Plasma_IgG,10
19_12096,Tumor,12
19_12098,Plasma_IgG,10
19_12099,Tumor,12
19_12101,M1_macrophages,7
19_12102,Plasma_IgG,10
19_12106,Tumor,12
19_12111,Plasma_IgG,10
19_12112,CAF,0
19_12113,Plasma_IgG,10
19_12114,Plasma_IgG,10
19_12115,Tumor,12
19_12118,Fibroblasts,4
19_12119,Plasma_IgG,10
19_12121,Plasma_IgG,10
19_12122,Tumor_Keratin_Pearl,13
19_12123,Tumor,12
19_12124,Plasma_IgG,10
19_12125,Tumor,12
19_12127,Plasma_IgG,10
19_12131,High_Endothelial_Venules,6
19_12132,Plasma_IgG,10
19_12133,Plasma_IgG,10
19_12134,Plasma_IgG,10
19_12135,Tumor,12
19_12136,Tumor,12
19_12137,Tumor,12
19_12139,Plasma_IgG,10
19_12140,Tumor,12
19_12143,Plasma_IgG,10
19_12144,Tumor,12
19_12147,Plasma_IgG,10
19_12148,Tumor,12
19_12149,Plasma_IgG,10
19_12153,Tumor,12
19_12154,Tumor,12
19_12156,Plasma_IgG,10
19_12157,Tumor,12
19_12158,CAF,0
19_12159,CAF,0
19_12161,CAF,0
19_12163,Tumor,12
19_12166,Plasma_IgG,10
19_12167,CAF,0
19_12168,Plasma_IgG,10
19_12169,Tumor,12
19_12170,Tumor,12
19_12173,Plasma_IgG,10
19_12174,Tumor,12
19_12177,Plasma_IgG,10
19_12178,Tumor,12
19_12179,CAF,0
19_12181,Fibroblasts,4
19_12184,Tumor,12
19_12185,Tumor,12
19_12186,Tumor,12
19_12188,Plasma_IgG,10
19_12191,Plasma_IgG,10
19_12192,Tumor,12
19_12193,Tumor,12
19_12194,CAF,0
19_12198,CAF,0
19_12202,Plasma_IgG,10
19_12203,Tumor,12
19_12204,Tumor,12
19_12205,Plasma_IgG,10
19_12208,Plasma_IgG,10
19_12211,Tumor,12
19_12214,High_Endothelial_Venules,6
19_12215,Plasma_IgG,10
19_12216,Plasma_IgG,10
19_12220,CAF,0
19_12224,Plasma_IgG,10
19_12225,Plasma_IgG,10
19_12226,Plasma_IgG,10
19_12227,Tumor,12
19_12231,Plasma_IgG,10
19_12232,Tumor,12
19_12235,Plasma_IgG,10
19_12236,Plasma_IgG,10
19_12237,Plasma_IgG,10
19_12238,CAF,0
19_12242,Plasma_IgG,10
19_12243,Tumor,12
19_12245,Plasma_IgG,10
19_12246,Tumor,12
19_12249,Plasma_IgG,10
19_12256,Tumor,12
19_12257,CAF,0
19_12261,Plasma_IgG,10
19_12262,Plasma_IgG,10
19_12263,Plasma_IgG,10
19_12264,Tumor_Keratin_Pearl,13
19_12265,Tumor,12
19_12268,Fibroblasts,4
19_12269,Plasma_IgG,10
19_12270,Tumor,12
19_12273,Tumor,12
19_12274,CAF,0
19_12275,Plasma_IgG,10
19_12276,Plasma_IgG,10
19_12278,Tumor,12
19_12280,Plasma_IgG,10
19_12281,Tumor,12
19_12282,Tumor,12
19_12283,Tumor,12
19_12286,Tumor,12
19_12287,Tumor_Keratin_Pearl,13
19_12289,Tumor,12
19_12290,CAF,0
19_12291,Fibroblasts,4
19_12292,Plasma_IgG,10
19_12293,Plasma_IgG,10
19_12296,Tumor,12
19_12297,Plasma_IgG,10
19_12298,Tumor,12
19_12299,Tumor,12
19_12301,Plasma_IgG,10
19_12302,Plasma_IgG,10
19_12303,T_cell,11
19_12304,Tumor,12
19_12307,T_cell,11
19_12309,Tumor,12
19_12312,Plasma_IgG,10
19_12313,Plasma_IgG,10
19_12314,Plasma_IgG,10
19_12315,Plasma_IgG,10
19_12316,Tumor,12
19_12317,Tumor,12
19_12318,Tumor,12
19_12319,Tumor,12
19_12322,Plasma_IgG,10
19_12323,Plasma_IgG,10
19_12324,Plasma_IgG,10
19_12327,Plasma_IgG,10
19_12330,CAF,0
19_12331,CAF,0
19_12334,Tumor,12
19_12335,Tumor,12
19_12339,High_Endothelial_Venules,6
19_12340,Tumor,12
19_12342,Plasma_IgG,10
19_12346,Plasma_IgG,10
19_12347,Tumor_Keratin_Pearl,13
19_12348,Tumor,12
19_12349,CAF,0
19_12350,M1_macrophages,7
19_12351,Tumor,12
19_12352,Tumor,12
19_12355,Plasma_IgG,10
19_12356,CAF,0
19_12357,Tumor,12
19_12359,Plasma_IgG,10
19_12361,Plasma_IgG,10
19_12364,Plasma_IgG,10
19_12365,Tumor,12
19_12367,Plasma_IgG,10
19_12370,Plasma_IgG,10
19_12371,Tumor,12
19_12372,Tumor,12
19_12375,Plasma_IgG,10
19_12376,CAF,0
19_12381,Tumor,12
19_12382,Tumor,12
19_12383,M1_macrophages,7
19_12384,Tumor,12
19_12387,Tumor,12
19_12388,Tumor,12
19_12390,Tumor,12
19_12391,M1_macrophages,7
19_12392,Tumor,12
19_12397,CAF,0
19_12398,Plasma_IgG,10
19_12399,Tumor,12
19_12400,Tumor,12
19_12404,Plasma_IgG,10
19_12405,Tumor,12
19_12406,Tumor,12
19_12411,Fibroblasts,4
19_12414,Plasma_IgG,10
19_12415,Plasma_IgG,10
19_12416,Tumor,12
19_12417,Tumor,12
19_12419,Fibroblasts,4
19_12421,Plasma_IgG,10
19_12423,Plasma_IgG,10
19_12424,Plasma_IgG,10
19_12425,Tumor,12
19_12427,Tumor,12
19_12430,CAF,0
19_12431,Plasma_IgG,10
19_12433,Tumor,12
19_12434,Tumor,12
19_12435,Tumor,12
19_12440,M1_macrophages,7
19_12442,Tumor,12
19_12444,unknown,14
19_12447,Plasma_IgG,10
19_12449,Plasma_IgG,10
19_12450,Tumor_Keratin_Pearl,13
19_12451,Tumor,12
19_12452,Tumor,12
19_12453,Fibroblasts,4
19_12454,Tumor,12
19_12457,Tumor,12
19_12458,Tumor,12
19_12459,Plasma_IgG,10
19_12460,CAF,0
19_12462,CAF,0
19_12463,Tumor,12
19_12464,Tumor,12
19_12465,CAF,0
19_12466,M1_macrophages,7
19_12467,Plasma_IgG,10
19_12471,Tumor,12
19_12473,Tumor,12
19_12474,CAF,0
19_12475,Tumor,12
19_12476,CAF,0
19_12479,Plasma_IgG,10
19_12480,Plasma_IgG,10
19_12481,Tumor,12
19_12484,Plasma_IgG,10
19_12485,Tumor,12
19_12487,Tumor,12
19_12491,Tumor,12
19_12494,unknown,14
19_12495,Plasma_IgG,10
19_12496,Plasma_IgG,10
19_12497,Plasma_IgG,10
19_12498,Tumor,12
19_12499,Tumor,12
19_12501,Plasma_IgG,10
19_12502,Plasma_IgG,10
19_12503,Plasma_IgG,10
19_12504,Plasma_IgG,10
19_12505,Plasma_IgG,10
19_12508,Plasma_IgG,10
19_12509,Plasma_IgG,10
19_12510,Tumor,12
19_12513,Plasma_IgG,10
19_12514,Tumor,12
19_12516,Tumor,12
19_12517,Tumor,12
19_12520,Plasma_IgG,10
19_12524,Tumor,12
19_12526,Tumor,12
19_12528,Plasma_IgG,10
19_12530,Tumor,12
19_12532,Tumor,12
19_12535,M1_macrophages,7
19_12536,Plasma_IgG,10
19_12537,Plasma_IgG,10
19_12538,Tumor,12
19_12541,CAF,0
19_12542,Tumor,12
19_12543,CAF,0
19_12547,Tumor,12
19_12548,High_Endothelial_Venules,6
19_12549,Plasma_IgG,10
19_12551,Tumor,12
19_12552,Tumor,12
19_12554,Plasma_IgG,10
19_12555,Tumor,12
19_12556,CAF,0
19_12559,Tumor,12
19_12560,Plasma_IgG,10
19_12561,Tumor,12
19_12566,High_Endothelial_Venules,6
19_12567,Plasma_IgG,10
19_12568,Plasma_IgG,10
19_12569,M1_macrophages,7
19_12570,Plasma_IgG,10
19_12571,Plasma_IgG,10
19_12575,CAF,0
19_12576,Tumor,12
19_12577,Tumor,12
19_12581,CAF,0
19_12586,Plasma_IgG,10
19_12587,Plasma_IgG,10
19_12588,Plasma_IgG,10
19_12589,Tumor,12
19_12594,Tumor,12
19_12597,Tumor,12
19_12598,Tumor,12
19_12603,Fibroblasts,4
19_12605,Plasma_IgG,10
19_12606,Tumor,12
19_12607,Tumor,12
19_12610,Tumor,12
19_12613,Plasma_IgG,10
19_12614,Plasma_IgG,10
19_12615,Tumor,12
19_12618,Plasma_IgG,10
19_12619,Plasma_IgG,10
19_12621,Plasma_IgG,10
19_12622,Tumor_Keratin_Pearl,13
19_12623,Plasma_IgG,10
19_12624,CAF,0
19_12625,Tumor,12
19_12626,Plasma_IgG,10
19_12629,Tumor,12
19_12630,Plasma_IgG,10
19_12631,Tumor,12
19_12632,CAF,0
19_12633,Plasma_IgG,10
19_12634,Plasma_IgG,10
19_12638,Plasma_IgG,10
19_12640,Plasma_IgG,10
19_12641,Tumor,12
19_12643,Tumor,12
19_12645,M1_macrophages,7
19_12646,Plasma_IgG,10
19_12648,Tumor,12
19_12649,Plasma_IgG,10
19_12650,Plasma_IgG,10
19_12653,Tumor,12
19_12655,Fibroblasts,4
19_12656,Plasma_IgG,10
19_12657,Plasma_IgG,10
19_12658,Plasma_IgG,10
19_12659,Plasma_IgG,10
19_12660,Plasma_IgG,10
19_12661,Tumor,12
19_12662,Tumor,12
19_12665,CAF,0
19_12667,Tumor,12
19_12668,Tumor,12
19_12669,Tumor_Keratin_Pearl,13
19_12674,Tumor,12
19_12675,M1_macrophages,7
19_12676,Plasma_IgG,10
19_12677,Plasma_IgG,10
19_12678,Plasma_IgG,10
19_12679,Tumor,12
19_12682,Fibroblasts,4
19_12683,Plasma_IgG,10
19_12685,Plasma_IgG,10
19_12686,Tumor,12
19_12688,Tumor,12
19_12692,Fibroblasts,4
19_12693,M1_macrophages,7
19_12695,Plasma_IgG,10
19_12696,Tumor,12
19_12697,Fibroblasts,4
19_12698,Fibroblasts,4
19_12699,Plasma_IgG,10
19_12700,Tumor,12
19_12704,Tumor,12
19_12705,Plasma_IgG,10
19_12706,Tumor,12
19_12707,Tumor,12
19_12709,Fibroblasts,4
19_12711,Plasma_IgG,10
19_12712,Plasma_IgG,10
19_12716,Plasma_IgG,10
19_12717,Tumor,12
19_12718,Tumor,12
19_12719,Tumor,12
19_12723,Plasma_IgG,10
19_12724,CAF,0
19_12727,Plasma_IgG,10
19_12728,Tumor,12
19_12729,Tumor,12
19_12731,Plasma_IgG,10
19_12732,Plasma_IgG,10
19_12735,Plasma_IgG,10
19_12736,CAF,0
19_12739,Plasma_IgG,10
19_12740,Plasma_IgG,10
19_12741,Tumor,12
19_12745,CAF,0
19_12746,Plasma_IgG,10
19_12747,Fibroblasts,4
19_12748,Plasma_IgG,10
19_12749,Plasma_IgG,10
19_12751,CAF,0
19_12752,Plasma_IgG,10
19_12755,M1_macrophages,7
19_12756,Plasma_IgG,10
19_12757,Plasma_IgG,10
19_12758,Plasma_IgG,10
19_12759,Plasma_IgG,10
19_12760,Plasma_IgG,10
19_12761,Plasma_IgG,10
19_12762,Tumor,12
19_12767,Tumor,12
19_12768,Tumor,12
19_12769,Tumor,12
19_12770,CAF,0
19_12771,CAF,0
19_12772,Plasma_IgG,10
19_12774,Tumor,12
19_12775,Tumor,12
19_12780,Germinal_Center_Plasma_IgM_B_cell,5
19_12782,Tumor,12
19_12783,Tumor,12
19_12788,Germinal_Center_Plasma_IgM_B_cell,5
19_12789,Plasma_IgG,10
19_12790,Tumor,12
19_12791,Tumor,12
19_12792,Tumor,12
19_12794,Plasma_IgG,10
19_12795,Tumor,12
19_12796,CAF,0
19_12797,Plasma_IgG,10
19_12798,Tumor,12
19_12799,Plasma_IgG,10
19_12802,Plasma_IgG,10
19_12803,Tumor,12
19_12806,Plasma_IgG,10
19_12807,Tumor,12
19_12813,Tumor,12
19_12816,Fibroblasts,4
19_12818,Plasma_IgG,10
19_12820,CAF,0
19_12821,Tumor,12
19_12822,Tumor,12
19_12823,Plasma_IgG,10
19_12825,M1_macrophages,7
19_12826,Tumor,12
19_12827,Tumor,12
19_12832,unknown,14
19_12833,Plasma_IgG,10
19_12835,Fibroblasts,4
19_12840,CAF,0
19_12843,Fibroblasts,4
19_12844,Fibroblasts,4
19_12845,Plasma_IgG,10
19_12846,Tumor,12
19_12851,Plasma_IgG,10
19_12852,Plasma_IgG,10
19_12853,Tumor,12
19_12854,Tumor,12
19_12855,CAF,0
19_12861,M1_macrophages,7
19_12864,CAF,0
19_12865,Tumor,12
19_12868,Fibroblasts,4
19_12869,Tumor,12
19_12871,Tumor,12
19_12872,Plasma_IgG,10
19_12873,Tumor,12
19_12878,Tumor,12
19_12879,Tumor,12
19_12880,Tumor,12
19_12883,CAF,0
19_12884,Plasma_IgG,10
19_12888,Tumor,12
19_12890,Plasma_IgG,10
19_12891,Tumor,12
19_12897,Plasma_IgG,10
19_12898,Plasma_IgG,10
19_12899,Plasma_IgG,10
19_12902,Fibroblasts,4
19_12903,Plasma_IgG,10
19_12904,Plasma_IgG,10
19_12905,Tumor,12
19_12906,Tumor,12
19_12907,CAF,0
19_12909,Fibroblasts,4
19_12910,CAF,0
19_12912,Germinal_Center_Plasma_IgM_B_cell,5
19_12913,CAF,0
19_12915,Plasma_IgG,10
19_12918,Plasma_IgG,10
19_12922,Plasma_IgG,10
19_12923,Tumor,12
19_12926,Fibroblasts,4
19_12927,Plasma_IgG,10
19_12928,Tumor,12
19_12929,CAF,0
19_12935,CAF,0
19_12936,CAF,0
19_12937,CAF,0
19_12938,CAF,0
19_12944,Plasma_IgG,10
19_12947,Plasma_IgG,10
19_12948,Plasma_IgG,10
19_12950,Tumor_Keratin_Pearl,13
19_12951,Tumor,12
19_12955,Tumor,12
19_12958,Tumor,12
19_12961,unknown,14
19_12962,Plasma_IgG,10
19_12963,Tumor,12
19_12964,Tumor,12
19_12965,Plasma_IgG,10
19_12970,Germinal_Center_Plasma_IgM_B_cell,5
19_12971,Tumor,12
19_12972,Tumor,12
19_12974,Tumor,12
19_12975,Fibroblasts,4
19_12976,High_Endothelial_Venules,6
19_12977,Tumor,12
19_12979,Fibroblasts,4
19_12981,Tumor,12
19_12987,Tumor,12
19_12990,Plasma_IgG,10
19_12991,Tumor,12
19_12992,unknown,14
19_12994,CAF,0
19_12995,Plasma_IgG,10
19_12996,Tumor,12
19_12997,Tumor,12
19_12998,M1_macrophages,7
19_12999,Tumor,12
19_13001,Tumor,12
19_13002,Tumor,12
19_13006,Tumor,12
19_13007,Tumor,12
19_13011,CAF,0
19_13012,Germinal_Center_Plasma_IgM_B_cell,5
19_13013,Plasma_IgG,10
19_13014,Tumor,12
19_13017,Plasma_IgG,10
19_13018,Plasma_IgG,10
19_13020,Plasma_IgG,10
19_13021,unknown,14
19_13026,Fibroblasts,4
19_13028,Plasma_IgG,10
19_13029,Plasma_IgG,10
19_13030,Plasma_IgG,10
19_13032,Tumor,12
19_13033,CAF,0
19_13034,Tumor,12
19_13035,Tumor,12
19_13036,Tumor,12
19_13037,Tumor,12
19_13038,Tumor,12
19_13040,Plasma_IgG,10
19_13041,Tumor,12
19_13042,CAF,0
19_13043,High_Endothelial_Venules,6
19_13044,Germinal_Center_Plasma_IgM_B_cell,5
19_13045,CAF,0
19_13048,Tumor,12
19_13049,Tumor_Keratin_Pearl,13
19_13051,Fibroblasts,4
19_13052,Fibroblasts,4
19_13053,CAF,0
19_13055,Germinal_Center_Plasma_IgM_B_cell,5
19_13056,Plasma_IgG,10
19_13057,Tumor,12
19_13058,Tumor,12
19_13061,Tumor,12
19_13062,Plasma_IgG,10
19_13064,CAF,0
19_13065,Tumor,12
19_13066,Germinal_Center_Plasma_IgM_B_cell,5
19_13067,M1_macrophages,7
19_13068,Tumor,12
19_13069,Tumor,12
19_13072,Plasma_IgG,10
19_13073,Tumor,12
19_13077,Tumor,12
19_13078,Tumor,12
19_13079,Tumor,12
19_13080,CAF,0
19_13082,Plasma_IgG,10
19_13084,Tumor,12
19_13087,Plasma_IgG,10
19_13090,CAF,0
19_13091,Tumor,12
19_13093,Plasma_IgG,10
19_13094,CAF,0
19_13096,Plasma_IgG,10
19_13097,Tumor,12
19_13100,Plasma_IgA,9
19_13101,Germinal_Center_Plasma_IgM_B_cell,5
19_13102,Tumor,12
19_13103,Tumor,12
19_13105,Tumor,12
19_13106,Tumor,12
19_13107,Tumor,12
19_13108,unknown,14
19_13116,Plasma_IgG,10
19_13117,Tumor,12
19_13121,Tumor,12
19_13124,Tumor,12
19_13125,Tumor,12
19_13126,Tumor,12
19_13127,Tumor,12
19_13129,Germinal_Center_Plasma_IgM_B_cell,5
19_13130,Tumor,12
19_13132,Fibroblasts,4
19_13133,CAM,1
19_13134,Tumor,12
19_13136,Plasma_IgG,10
19_13137,Germinal_Center_Plasma_IgM_B_cell,5
19_13142,Plasma_IgG,10
19_13143,Tumor,12
19_13145,Tumor,12
19_13146,Tumor,12
19_13147,Tumor,12
19_13149,Plasma_IgA,9
19_13150,Tumor,12
19_13151,Tumor,12
19_13152,Plasma_IgG,10
19_13155,Fibroblasts,4
19_13157,CAF,0
19_13160,Plasma_IgG,10
19_13165,Fibroblasts,4
19_13166,Plasma_IgG,10
19_13167,Plasma_IgG,10
19_13172,CAF,0
19_13173,Tumor,12
19_13176,Fibroblasts,4
19_13177,Tumor,12
19_13178,Tumor,12
19_13179,Plasma_IgG,10
19_13180,Plasma_IgG,10
19_13181,Tumor,12
19_13183,Tumor,12
19_13185,High_Endothelial_Venules,6
19_13186,CAF,0
19_13187,Tumor,12
19_13188,Plasma_IgG,10
19_13189,CAF,0
19_13190,Tumor,12
19_13191,Tumor,12
19_13192,Tumor,12
19_13197,Germinal_Center_Plasma_IgM_B_cell,5
19_13198,Plasma_IgG,10
19_13199,CAF,0
19_13200,Tumor_Keratin_Pearl,13
19_13201,Tumor,12
19_13202,Tumor,12
19_13203,CAF,0
19_13204,Tumor,12
19_13205,Plasma_IgG,10
19_13206,Tumor,12
19_13207,Plasma_IgG,10
19_13208,Tumor,12
19_13210,Plasma_IgG,10
19_13211,Plasma_IgG,10
19_13212,Tumor,12
19_13213,Plasma_IgG,10
19_13214,Tumor,12
19_13215,CAF,0
19_13216,M1_macrophages,7
19_13218,Tumor,12
19_13219,Tumor,12
19_13220,Tumor,12
19_13221,T_cell,11
19_13222,Plasma_IgG,10
19_13226,Tumor,12
19_13227,Tumor,12
19_13229,unknown,14
19_13230,Tumor,12
19_13231,Tumor,12
19_13232,Fibroblasts,4
19_13233,Plasma_IgA,9
19_13234,T_cell,11
19_13235,Germinal_Center_Plasma_IgM_B_cell,5
19_13236,Tumor,12
19_13238,Germinal_Center_Plasma_IgM_B_cell,5
19_13239,Tumor,12
19_13240,Tumor,12
19_13244,Plasma_IgG,10
19_13246,unknown,14
19_13249,Plasma_IgG,10
19_13250,Tumor,12
19_13253,CAF,0
19_13254,Plasma_IgG,10
19_13256,Tumor,12
19_13257,Fibroblasts,4
19_13258,Tumor,12
19_13265,Plasma_IgG,10
19_13267,CAF,0
19_13268,Tumor,12
19_13269,Tumor,12
19_13272,High_Endothelial_Venules,6
19_13275,Plasma_IgG,10
19_13276,Plasma_IgG,10
19_13284,Fibroblasts,4
19_13286,Tumor,12
19_13287,Tumor,12
19_13291,Germinal_Center_Plasma_IgM_B_cell,5
19_13292,Plasma_IgG,10
19_13295,Plasma_IgG,10
19_13300,Tumor,12
19_13301,Tumor,12
19_13302,Tumor,12
19_13305,T_cell,11
19_13306,CAF,0
19_13308,M1_macrophages,7
19_13309,Plasma_IgG,10
19_13310,Tumor,12
19_13315,Germinal_Center_Plasma_IgM_B_cell,5
19_13316,Plasma_IgG,10
19_13317,Tumor,12
19_13318,Tumor,12
19_13320,Tumor,12
19_13321,Tumor,12
19_13323,Tumor,12
19_13324,Tumor,12
19_13326,M1_macrophages,7
19_13327,CAF,0
19_13328,Germinal_Center_Plasma_IgM_B_cell,5
19_13329,Tumor,12
19_13330,Tumor,12
19_13333,Fibroblasts,4
19_13338,Fibroblasts,4
19_13339,Tumor,12
19_13340,M1_macrophages,7
19_13341,Tumor,12
19_13342,Tumor,12
19_13346,CAF,0
19_13347,Tumor,12
19_13349,Plasma_IgG,10
19_13350,Plasma_IgG,10
19_13354,Plasma_IgG,10
19_13355,Tumor,12
19_13356,CAF,0
19_13357,CAF,0
19_13359,Fibroblasts,4
19_13360,Plasma_IgG,10
19_13361,Plasma_IgG,10
19_13362,Plasma_IgG,10
19_13363,Tumor,12
19_13365,Plasma_IgG,10
19_13366,Tumor,12
19_13367,CAF,0
19_13368,CAF,0
19_13369,Tumor,12
19_13370,Plasma_IgG,10
19_13371,Germinal_Center_Plasma_IgM_B_cell,5
19_13372,Plasma_IgG,10
19_13375,Tumor,12
19_13376,CAF,0
19_13377,Tumor,12
19_13378,Tumor,12
19_13379,Tumor,12
19_13386,Germinal_Center_Plasma_IgM_B_cell,5
19_13387,Tumor,12
19_13391,Fibroblasts,4
19_13392,CAF,0
19_13394,Germinal_Center_Plasma_IgM_B_cell,5
19_13395,Plasma_IgG,10
19_13396,Tumor,12
19_13399,Fibroblasts,4
19_13400,Fibroblasts,4
19_13402,CAF,0
19_13403,Tumor,12
19_13406,Plasma_IgG,10
19_13407,Tumor,12
19_13409,M1_macrophages,7
19_13410,Germinal_Center_Plasma_IgM_B_cell,5
19_13411,Tumor,12
19_13413,Plasma_IgG,10
19_13414,Tumor,12
19_13418,Tumor,12
19_13419,Plasma_IgG,10
19_13421,CAF,0
19_13423,Tumor,12
19_13426,CAF,0
19_13427,Tumor,12
19_13428,Tumor,12
19_13429,Tumor,12
19_13431,Plasma_IgG,10
19_13432,CAF,0
19_13433,CAM,1
19_13435,Tumor,12
19_13438,Plasma_IgG,10
19_13440,Plasma_IgG,10
19_13441,Tumor,12
19_13442,Tumor,12
19_13443,Tumor,12
19_13444,High_Endothelial_Venules,6
19_13445,Germinal_Center_Plasma_IgM_B_cell,5
19_13449,Fibroblasts,4
19_13450,CAF,0
19_13451,Tumor,12
19_13455,Fibroblasts,4
19_13456,Tumor,12
19_13457,Plasma_IgG,10
19_13458,Tumor,12
19_13459,Tumor,12
19_13460,Tumor,12
19_13462,Fibroblasts,4
19_13464,Plasma_IgG,10
19_13465,Tumor,12
19_13467,Plasma_IgG,10
19_13468,Tumor,12
19_13470,CAF,0
19_13471,CAF,0
19_13473,Tumor,12
19_13477,Plasma_IgG,10
19_13478,M1_macrophages,7
19_13479,Plasma_IgG,10
19_13480,Tumor,12
19_13483,Tumor,12
19_13484,Plasma_IgG,10
19_13485,Tumor,12
19_13487,M1_macrophages,7
19_13488,Plasma_IgG,10
19_13489,Tumor,12
19_13492,Plasma_IgG,10
19_13493,Plasma_IgG,10
19_13494,Tumor,12
19_13496,Tumor,12
19_13497,Tumor,12
19_13499,Fibroblasts,4
19_13500,Plasma_IgG,10
19_13501,CAM,1
19_13502,Plasma_IgG,10
19_13508,Plasma_IgG,10
19_13513,Plasma_IgG,10
19_13514,Plasma_IgG,10
19_13515,Plasma_IgG,10
19_13516,Germinal_Center_Plasma_IgM_B_cell,5
19_13517,Plasma_IgG,10
19_13520,Tumor,12
19_13525,Plasma_IgG,10
19_13527,Fibroblasts,4
19_13528,CAF,0
19_13529,unknown,14
19_13530,Tumor,12
19_13531,Tumor,12
19_13533,CAF,0
19_13535,Tumor,12
19_13540,Germinal_Center_Plasma_IgM_B_cell,5
19_13541,Germinal_Center_Plasma_IgM_B_cell,5
19_13542,Plasma_IgG,10
19_13544,Tumor,12
19_13548,Tumor,12
19_13549,Tumor,12
19_13551,Tumor,12
19_13553,Plasma_IgG,10
19_13554,Tumor,12
19_13555,Fibroblasts,4
19_13556,Tumor,12
19_13558,Plasma_IgG,10
19_13561,Plasma_IgG,10
19_13562,Tumor,12
19_13563,Tumor,12
19_13564,High_Endothelial_Venules,6
19_13565,Tumor,12
19_13566,Tumor,12
19_13567,Fibroblasts,4
19_13568,Plasma_IgG,10
19_13569,Tumor,12
19_13572,CAF,0
19_13573,Germinal_Center_Plasma_IgM_B_cell,5
19_13574,Tumor,12
19_13580,Tumor,12
19_13581,Tumor,12
19_13588,Plasma_IgG,10
19_13589,Plasma_IgG,10
19_13593,CAF,0
19_13595,Germinal_Center_Plasma_IgM_B_cell,5
19_13596,Tumor,12
19_13597,Tumor,12
19_13598,Tumor,12
19_13599,Tumor,12
19_13602,Plasma_IgG,10
19_13604,Germinal_Center_Plasma_IgM_B_cell,5
19_13605,Tumor,12
19_13606,M1_macrophages,7
19_13610,Plasma_IgG,10
19_13611,Germinal_Center_Plasma_IgM_B_cell,5
19_13612,Plasma_IgG,10
19_13613,Plasma_IgG,10
19_13614,Plasma_IgG,10
19_13618,Germinal_Center_Plasma_IgM_B_cell,5
19_13619,CAF,0
19_13620,Plasma_IgG,10
19_13621,Tumor,12
19_13622,Tumor,12
19_13623,Tumor,12
19_13626,High_Endothelial_Venules,6
19_13628,CAF,0
19_13629,Tumor,12
19_13632,unknown,14
19_13633,Tumor,12
19_13634,Plasma_IgG,10
19_13636,M1_macrophages,7
19_13637,Tumor,12
19_13638,Tumor,12
19_13639,Plasma_IgG,10
19_13640,Tumor,12
19_13642,Fibroblasts,4
19_13643,Plasma_IgG,10
19_13644,Tumor,12
19_13649,Tumor,12
19_13650,Plasma_IgG,10
19_13651,Tumor,12
19_13653,Tumor,12
19_13654,Plasma_IgG,10
19_13656,Tumor,12
19_13657,Plasma_IgG,10
19_13661,M1_macrophages,7
19_13662,Plasma_IgG,10
19_13666,M1_macrophages,7
19_13667,Tumor,12
19_13668,Tumor,12
19_13670,Fibroblasts,4
19_13671,Tumor,12
19_13675,Fibroblasts,4
19_13678,Plasma_IgG,10
19_13680,Plasma_IgG,10
19_13681,unknown,14
19_13685,Plasma_IgG,10
19_13686,Tumor,12
19_13687,Germinal_Center_Plasma_IgM_B_cell,5
19_13690,Tumor,12
19_13691,Plasma_IgG,10
19_13692,Tumor,12
19_13695,Plasma_IgG,10
19_13700,Plasma_IgG,10
19_13701,Germinal_Center_Plasma_IgM_B_cell,5
19_13702,Tumor,12
19_13703,Plasma_IgG,10
19_13705,Tumor,12
19_13708,Fibroblasts,4
19_13711,Fibroblasts,4
19_13715,Tumor,12
19_13717,Tumor,12
19_13719,Tumor,12
19_13721,Tumor,12
19_13722,Tumor,12
19_13725,Tumor,12
19_13726,Tumor,12
19_13729,Plasma_IgG,10
19_13730,Fibroblasts,4
19_13731,CAF,0
19_13732,Tumor,12
19_13733,Germinal_Center_Plasma_IgM_B_cell,5
19_13734,CAF,0
19_13735,CAM,1
19_13736,M1_macrophages,7
19_13737,Plasma_IgG,10
19_13740,Fibroblasts,4
19_13742,Tumor,12
19_13744,CAF,0
19_13745,Plasma_IgG,10
19_13746,Tumor,12
19_13747,Tumor,12
19_13748,Tumor,12
19_13750,Plasma_IgG,10
19_13753,CAF,0
19_13757,M1_macrophages,7
19_13758,Germinal_Center_Plasma_IgM_B_cell,5
19_13761,Plasma_IgG,10
19_13762,Tumor,12
19_13764,Plasma_IgG,10
19_13765,Tumor,12
19_13766,Tumor,12
19_13769,M1_macrophages,7
19_13770,Tumor,12
19_13771,Tumor,12
19_13775,Fibroblasts,4
19_13776,High_Endothelial_Venules,6
19_13778,Plasma_IgG,10
19_13779,Plasma_IgG,10
19_13780,Plasma_IgG,10
19_13782,Tumor,12
19_13785,Tumor,12
19_13791,Germinal_Center_Plasma_IgM_B_cell,5
19_13793,Tumor,12
19_13796,M1_macrophages,7
19_13797,CAF,0
19_13798,Germinal_Center_Plasma_IgM_B_cell,5
19_13799,Tumor,12
19_13801,CAF,0
19_13802,Plasma_IgG,10
19_13803,Tumor,12
19_13804,Tumor,12
19_13805,Tumor,12
19_13806,M1_macrophages,7
19_13807,Plasma_IgG,10
19_13808,Plasma_IgG,10
19_13809,Plasma_IgG,10
19_13813,Plasma_IgG,10
19_13817,Plasma_IgG,10
19_13818,Tumor,12
19_13819,Tumor,12
19_13821,CAF,0
19_13822,Plasma_IgG,10
19_13823,Plasma_IgG,10
19_13825,Tumor,12
19_13826,Tumor,12
19_13828,Fibroblasts,4
19_13829,Plasma_IgG,10
19_13831,Germinal_Center_Plasma_IgM_B_cell,5
19_13832,Tumor,12
19_13834,Fibroblasts,4
19_13835,M1_macrophages,7
19_13837,Tumor,12
19_13838,Tumor,12
19_13839,Plasma_IgG,10
19_13840,Plasma_IgG,10
19_13841,Tumor,12
19_13843,Plasma_IgG,10
19_13844,Tumor,12
19_13846,M1_macrophages,7
19_13847,Plasma_IgG,10
19_13848,Tumor,12
19_13849,Tumor,12
19_13850,Tumor,12
19_13851,Tumor,12
19_13853,Plasma_IgG,10
19_13855,Germinal_Center_Plasma_IgM_B_cell,5
19_13856,Plasma_IgG,10
19_13857,Tumor,12
19_13858,CAF,0
19_13859,Tumor,12
19_13861,Plasma_IgG,10
19_13862,Plasma_IgG,10
19_13864,Fibroblasts,4
19_13865,M1_macrophages,7
19_13866,Plasma_IgG,10
19_13867,Plasma_IgG,10
19_13868,Tumor,12
19_13869,Tumor,12
19_13870,CAF,0
19_13871,Plasma_IgG,10
19_13873,Germinal_Center_Plasma_IgM_B_cell,5
19_13874,Tumor,12
19_13876,Tumor,12
19_13877,Tumor,12
19_13878,Germinal_Center_Plasma_IgM_B_cell,5
19_13880,Tumor,12
19_13883,Tumor,12
19_13885,M1_macrophages,7
19_13886,Plasma_IgG,10
19_13887,Plasma_IgG,10
19_13888,CAF,0
19_13889,Tumor,12
19_13890,Tumor,12
19_13891,Tumor,12
19_13892,Plasma_IgG,10
19_13893,Tumor,12
19_13894,Tumor,12
19_13897,Plasma_IgG,10
19_13898,CAF,0
19_13899,CAF,0
19_13900,unknown,14
19_13905,Plasma_IgG,10
19_13906,CAF,0
19_13914,High_Endothelial_Venules,6
19_13915,Tumor,12
19_13918,Plasma_IgG,10
19_13919,Tumor,12
19_13923,Germinal_Center_Plasma_IgM_B_cell,5
19_13924,Tumor,12
19_13925,Fibroblasts,4
19_13926,CAF,0
19_13927,Plasma_IgG,10
19_13928,Plasma_IgG,10
19_13929,Tumor,12
19_13931,CAF,0
19_13932,Plasma_IgG,10
19_13935,Tumor,12
19_13936,Tumor,12
19_13938,M1_macrophages,7
19_13940,Tumor,12
19_13945,unknown,14
19_13946,Tumor,12
19_13947,Plasma_IgG,10
19_13948,Tumor,12
19_13949,Tumor,12
19_13951,Plasma_IgG,10
19_13952,Tumor,12
19_13957,Tumor,12
19_13961,Tumor,12
19_13962,Tumor,12
19_13963,Tumor,12
19_13964,Germinal_Center_Plasma_IgM_B_cell,5
19_13965,Plasma_IgG,10
19_13966,Tumor,12
19_13967,Tumor,12
19_13968,Tumor,12
19_13969,CAM,1
19_13978,Germinal_Center_Plasma_IgM_B_cell,5
19_13979,CAF,0
19_13981,Tumor,12
19_13982,Tumor,12
19_13988,Plasma_IgG,10
19_13989,Tumor,12
19_13990,Tumor,12
19_13991,Tumor,12
19_13993,Germinal_Center_Plasma_IgM_B_cell,5
19_13996,Plasma_IgG,10
19_13997,Plasma_IgG,10
19_13998,Tumor,12
19_14004,Germinal_Center_Plasma_IgM_B_cell,5
19_14005,M1_macrophages,7
19_14006,CAF,0
19_14007,Tumor,12
19_14008,Tumor,12
19_14010,Tumor,12
19_14015,Tumor,12
19_14016,Tumor,12
19_14017,Tumor,12
19_14019,M1_macrophages,7
19_14020,Plasma_IgG,10
19_14023,Plasma_IgG,10
19_14024,Tumor,12
19_14030,Tumor,12
19_14031,Tumor,12
19_14033,Plasma_IgG,10
19_14034,Tumor,12
19_14036,High_Endothelial_Venules,6
19_14040,unknown,14
19_14042,CAF,0
19_14043,Plasma_IgG,10
19_14044,Tumor,12
19_14045,Fibroblasts,4
19_14046,Plasma_IgG,10
19_14047,Plasma_IgG,10
19_14049,Plasma_IgG,10
19_14050,Plasma_IgG,10
19_14051,Tumor,12
19_14053,Plasma_IgG,10
19_14054,Tumor,12
19_14058,Fibroblasts,4
19_14059,Tumor,12
19_14062,Tumor,12
19_14070,Germinal_Center_Plasma_IgM_B_cell,5
19_14075,M1_macrophages,7
19_14076,Plasma_IgG,10
19_14077,CAF,0
19_14079,Tumor,12
19_14080,unknown,14
19_14081,Tumor,12
19_14082,Tumor,12
19_14083,Tumor,12
19_14084,Tumor,12
19_14090,Fibroblasts,4
19_14091,Plasma_IgG,10
19_14093,Tumor,12
19_14094,Tumor,12
19_14099,Plasma_IgG,10
19_14100,Germinal_Center_Plasma_IgM_B_cell,5
19_14101,CAF,0
19_14103,Tumor,12
19_14106,Plasma_IgG,10
19_14107,Plasma_IgG,10
19_14108,Fibroblasts,4
19_14109,Plasma_IgG,10
19_14110,Plasma_IgG,10
19_14111,Tumor,12
19_14112,Plasma_IgG,10
19_14116,Plasma_IgG,10
19_14117,CAF,0
19_14118,Plasma_IgG,10
19_14119,Plasma_IgG,10
19_14122,Tumor,12
19_14123,Tumor,12
19_14124,Tumor,12
19_14129,Plasma_IgG,10
19_14130,Tumor,12
19_14131,Plasma_IgG,10
19_14132,CAF,0
19_14133,Tumor,12
19_14134,CAF,0
19_14139,Fibroblasts,4
19_14140,unknown,14
19_14141,CAF,0
19_14147,M1_macrophages,7
19_14149,Plasma_IgG,10
19_14151,CAF,0
19_14153,Tumor,12
19_14160,Plasma_IgG,10
19_14162,CAF,0
19_14163,Tumor_Keratin_Pearl,13
19_14164,Tumor,12
19_14165,Tumor,12
19_14167,Tumor,12
19_14168,Tumor,12
19_14171,Germinal_Center_Plasma_IgM_B_cell,5
19_14172,Tumor,12
19_14173,Tumor,12
19_14174,Tumor,12
19_14175,Tumor,12
19_14177,Tumor,12
19_14180,CAF,0
19_14181,CAF,0
19_14185,Tumor,12
19_14189,Tumor,12
19_14192,M1_macrophages,7
19_14193,Tumor,12
19_14194,Tumor,12
19_14195,CAM,1
19_14198,Plasma_IgG,10
19_14199,Plasma_IgG,10
19_14200,Plasma_IgG,10
19_14201,Plasma_IgG,10
19_14202,Tumor,12
19_14205,Tumor,12
19_14206,Tumor,12
19_14209,CAF,0
19_14210,Tumor,12
19_14212,Tumor,12
19_14215,CAF,0
19_14216,Tumor,12
19_14217,Plasma_IgG,10
19_14218,Plasma_IgG,10
19_14219,Plasma_IgG,10
19_14223,High_Endothelial_Venules,6
19_14224,CAF,0
19_14226,Plasma_IgG,10
19_14231,CAF,0
19_14234,Tumor,12
19_14235,Tumor,12
19_14236,CAF,0
19_14238,Plasma_IgG,10
19_14239,CAF,0
19_14240,Tumor,12
19_14242,Tumor,12
19_14243,Plasma_IgG,10
19_14244,Germinal_Center_Plasma_IgM_B_cell,5
19_14245,Plasma_IgG,10
19_14246,Tumor,12
19_14247,Plasma_IgG,10
19_14248,Plasma_IgG,10
19_14250,CAF,0
19_14251,Tumor,12
19_14254,M1_macrophages,7
19_14255,Tumor,12
19_14256,Tumor_Keratin_Pearl,13
19_14260,Tumor,12
19_14262,Plasma_IgG,10
19_14263,Plasma_IgG,10
19_14264,Plasma_IgG,10
19_14267,M1_macrophages,7
19_14268,Tumor,12
19_14272,Tumor,12
19_14273,Tumor,12
19_14279,Fibroblasts,4
19_14280,Plasma_IgG,10
19_14281,Plasma_IgG,10
19_14282,Plasma_IgG,10
19_14288,Plasma_IgG,10
19_14289,Tumor,12
19_14293,Tumor,12
19_14294,M1_macrophages,7
19_14295,CAF,0
19_14297,Tumor,12
19_14300,Fibroblasts,4
19_14301,Plasma_IgG,10
19_14302,Plasma_IgG,10
19_14303,M1_macrophages,7
19_14304,High_Endothelial_Venules,6
19_14305,Tumor_Keratin_Pearl,13
19_14306,Tumor,12
19_14309,Tumor,12
19_14310,M1_macrophages,7
19_14311,Plasma_IgG,10
19_14312,Tumor,12
19_14316,CAF,0
19_14317,Plasma_IgG,10
19_14318,Plasma_IgG,10
19_14321,CAF,0
19_14323,Germinal_Center_Plasma_IgM_B_cell,5
19_14326,Plasma_IgG,10
19_14327,Germinal_Center_Plasma_IgM_B_cell,5
19_14330,CAF,0
19_14331,Germinal_Center_Plasma_IgM_B_cell,5
19_14332,Plasma_IgG,10
19_14333,CAF,0
19_14335,Tumor,12
19_14338,Plasma_IgG,10
19_14340,Fibroblasts,4
19_14341,Plasma_IgG,10
19_14342,Tumor,12
19_14343,Tumor,12
19_14345,Fibroblasts,4
19_14350,Plasma_IgG,10
19_14351,Tumor,12
19_14355,Fibroblasts,4
19_14359,CAF,0
19_14360,Tumor,12
19_14361,Tumor,12
19_14362,Tumor,12
19_14363,Tumor,12
19_14367,Fibroblasts,4
19_14368,Plasma_IgG,10
19_14369,CAF,0
19_14370,Tumor,12
19_14371,Tumor,12
19_14372,Tumor,12
19_14374,CAF,0
19_14375,Plasma_IgG,10
19_14376,Plasma_IgG,10
19_14377,Tumor,12
19_14378,Tumor,12
19_14380,CAF,0
19_14381,Plasma_IgG,10
19_14382,Plasma_IgG,10
19_14383,Tumor,12
19_14384,unknown,14
19_14390,Tumor,12
19_14391,CAM,1
19_14393,CAF,0
19_14394,Plasma_IgG,10
19_14395,Tumor,12
19_14397,Plasma_IgG,10
19_14398,Plasma_IgG,10
19_14399,Plasma_IgG,10
19_14400,Plasma_IgG,10
19_14401,Fibroblasts,4
19_14402,Fibroblasts,4
19_14403,CAF,0
19_14404,Tumor,12
19_14408,Germinal_Center_Plasma_IgM_B_cell,5
19_14409,Plasma_IgG,10
19_14410,Tumor_Keratin_Pearl,13
19_14412,Plasma_IgG,10
19_14415,Plasma_IgG,10
19_14416,Tumor,12
19_14419,Tumor,12
19_14420,Plasma_IgG,10
19_14421,Tumor,12
19_14422,Plasma_IgG,10
19_14423,Tumor,12
19_14425,Fibroblasts,4
19_14426,Plasma_IgG,10
19_14427,Plasma_IgG,10
19_14429,Plasma_IgG,10
19_14430,Plasma_IgG,10
19_14431,Tumor,12
19_14435,Plasma_IgG,10
19_14436,Plasma_IgG,10
19_14437,Tumor_Keratin_Pearl,13
19_14438,Plasma_IgG,10
19_14442,Tumor,12
19_14448,Tumor,12
19_14449,Tumor,12
19_14450,Tumor,12
19_14451,Tumor,12
19_14456,Plasma_IgG,10
19_14457,Tumor,12
19_14458,Tumor,12
19_14459,Tumor_Keratin_Pearl,13
19_14460,Tumor,12
19_14463,Tumor,12
19_14465,Plasma_IgG,10
19_14467,Plasma_IgG,10
19_14468,Tumor,12
19_14469,Plasma_IgG,10
19_14470,Plasma_IgG,10
19_14471,Plasma_IgG,10
19_14472,Plasma_IgG,10
19_14473,Tumor,12
19_14477,Plasma_IgG,10
19_14478,Plasma_IgG,10
19_14479,Tumor,12
19_14480,Tumor,12
19_14481,Tumor,12
19_14482,Tumor,12
19_14483,Plasma_IgG,10
19_14484,Tumor,12
19_14485,Plasma_IgG,10
19_14486,Tumor_Keratin_Pearl,13
19_14488,M1_macrophages,7
19_14489,Germinal_Center_Plasma_IgM_B_cell,5
19_14490,Tumor,12
19_14493,CAF,0
19_14494,CAF,0
19_14495,Plasma_IgG,10
19_14496,CAF,0
19_14497,Tumor,12
19_14500,Plasma_IgG,10
19_14501,Plasma_IgG,10
19_14502,Tumor,12
19_14503,Tumor,12
19_14504,CAF,0
19_14506,M1_macrophages,7
19_14507,M1_macrophages,7
19_14508,Tumor,12
19_14512,Plasma_IgG,10
19_14513,Tumor,12
19_14514,Tumor,12
19_14520,Fibroblasts,4
19_14521,Plasma_IgG,10
19_14524,Tumor,12
19_14526,Fibroblasts,4
19_14528,Plasma_IgG,10
19_14529,unknown,14
19_14530,Plasma_IgG,10
19_14531,Tumor,12
19_14532,Tumor,12
19_14533,Plasma_IgG,10
19_14534,Plasma_IgG,10
19_14535,Tumor,12
19_14536,Plasma_IgG,10
19_14537,Tumor,12
19_14540,Plasma_IgG,10
19_14541,Plasma_IgG,10
19_14544,Tumor,12
19_14545,Plasma_IgG,10
19_14547,CAF,0
19_14551,Fibroblasts,4
19_14552,Tumor,12
19_14553,Tumor,12
19_14554,Tumor,12
19_14558,Plasma_IgG,10
19_14559,Tumor,12
19_14560,Tumor,12
19_14563,Tumor,12
19_14564,Tumor,12
19_14568,Plasma_IgG,10
19_14569,Tumor_Keratin_Pearl,13
19_14573,Tumor,12
19_14574,Plasma_IgG,10
19_14575,Tumor,12
19_14578,CAF,0
19_14579,Germinal_Center_Plasma_IgM_B_cell,5
19_14580,Plasma_IgG,10
19_14581,Tumor,12
19_14584,Tumor,12
19_14585,Germinal_Center_Plasma_IgM_B_cell,5
19_14586,Plasma_IgG,10
19_14588,Plasma_IgG,10
19_14590,CAF,0
19_14591,Plasma_IgG,10
19_14592,Tumor,12
19_14593,Tumor,12
19_14595,Plasma_IgG,10
19_14598,Tumor,12
19_14605,Plasma_IgG,10
19_14606,Tumor,12
19_14607,Plasma_IgG,10
19_14609,Tumor_Keratin_Pearl,13
19_14610,M1_macrophages,7
19_14611,Plasma_IgG,10
19_14617,CAM,1
19_14621,Plasma_IgG,10
19_14622,Tumor,12
19_14624,Plasma_IgG,10
19_14625,Tumor,12
19_14626,Plasma_IgG,10
19_14627,Tumor,12
19_14628,Tumor,12
19_14632,CAF,0
19_14633,CAF,0
19_14634,CAF,0
19_14635,CAF,0
19_14636,Tumor,12
19_14639,Tumor,12
19_14640,Tumor_Keratin_Pearl,13
19_14642,Tumor,12
19_14646,Plasma_IgG,10
19_14647,CAF,0
19_14649,Plasma_IgG,10
19_14650,Plasma_IgG,10
19_14651,Plasma_IgG,10
19_14652,Tumor,12
19_14653,Tumor,12
19_14654,Tumor,12
19_14656,Tumor,12
19_14657,CAF,0
19_14660,Fibroblasts,4
19_14662,M1_macrophages,7
19_14663,Plasma_IgG,10
19_14664,CAF,0
19_14665,Tumor,12
19_14666,Tumor_Keratin_Pearl,13
19_14668,M1_macrophages,7
19_14669,Plasma_IgG,10
19_14670,Tumor,12
19_14671,Tumor,12
19_14672,Tumor,12
19_14673,Tumor_Keratin_Pearl,13
19_14674,Tumor,12
19_14678,CAF,0
19_14679,Plasma_IgG,10
19_14680,Tumor_Keratin_Pearl,13
19_14681,Tumor,12
19_14682,Tumor,12
19_14684,Tumor,12
19_14685,CAF,0
19_14686,Plasma_IgG,10
19_14687,Plasma_IgG,10
19_14689,Tumor,12
19_14690,Fibroblasts,4
19_14692,Plasma_IgG,10
19_14693,Plasma_IgG,10
19_14694,High_Endothelial_Venules,6
19_14695,Tumor,12
19_14696,Tumor,12
19_14699,Plasma_IgG,10
19_14701,Tumor,12
19_14702,Plasma_IgG,10
19_14703,Tumor,12
19_14704,Plasma_IgG,10
19_14705,CAF,0
19_14709,M1_macrophages,7
19_14710,Tumor,12
19_14711,Tumor,12
19_14717,CAF,0
19_14718,Plasma_IgG,10
19_14721,unknown,14
19_14722,Fibroblasts,4
19_14726,CAF,0
19_14727,Tumor,12
19_14732,Plasma_IgG,10
19_14733,Plasma_IgG,10
19_14737,Tumor,12
19_14738,M1_macrophages,7
19_14740,Plasma_IgG,10
19_14741,Tumor,12
19_14744,Plasma_IgG,10
19_14745,Plasma_IgG,10
19_14746,Tumor,12
19_14749,Plasma_IgG,10
19_14750,Tumor,12
19_14753,Tumor,12
19_14754,CAF,0
19_14755,M1_macrophages,7
19_14756,Plasma_IgG,10
19_14757,Plasma_IgG,10
19_14758,Tumor,12
19_14766,Plasma_IgG,10
19_14768,Tumor,12
19_14771,Plasma_IgG,10
19_14772,Tumor,12
19_14773,CAF,0
19_14774,Tumor,12
19_14780,Plasma_IgG,10
19_14785,Plasma_IgG,10
19_14786,CAF,0
19_14787,Tumor,12
19_14788,Plasma_IgG,10
19_14789,Plasma_IgG,10
19_14790,Plasma_IgG,10
19_14792,CAF,0
19_14793,Plasma_IgG,10
19_14797,unknown,14
19_14798,CAF,0
19_14799,Tumor,12
19_14801,Plasma_IgG,10
19_14806,Plasma_IgG,10
19_14809,Plasma_IgG,10
19_14810,Plasma_IgG,10
19_14811,CAF,0
19_14812,Plasma_IgG,10
19_14813,Tumor,12
19_14818,CAF,0
19_14819,Plasma_IgG,10
19_14820,CAF,0
19_14821,Plasma_IgG,10
19_14822,CAF,0
19_14823,Plasma_IgG,10
19_14824,Plasma_IgG,10
19_14825,Tumor,12
19_14826,CAF,0
19_14828,Plasma_IgG,10
19_14829,Tumor,12
19_14830,Tumor,12
19_14832,Tumor_Keratin_Pearl,13
19_14833,Plasma_IgG,10
19_14834,Tumor,12
19_14837,Tumor,12
19_14838,Plasma_IgG,10
19_14839,Tumor_Keratin_Pearl,13
19_14840,CAM,1
19_14841,Tumor,12
19_14844,CAF,0
19_14845,Plasma_IgG,10
19_14846,Plasma_IgG,10
19_14848,Fibroblasts,4
19_14849,Plasma_IgG,10
19_14850,Tumor,12
19_14851,Tumor_Keratin_Pearl,13
19_14852,Tumor_Keratin_Pearl,13
19_14854,CAF,0
19_14855,Tumor,12
19_14859,Plasma_IgG,10
19_14860,CAF,0
19_14862,Plasma_IgG,10
19_14863,Plasma_IgG,10
19_14865,Tumor_Keratin_Pearl,13
19_14867,Tumor,12
19_14868,Tumor,12
19_14870,Tumor,12
19_14871,M1_macrophages,7
19_14873,Plasma_IgG,10
19_14875,Tumor_Keratin_Pearl,13
19_14876,Tumor,12
19_14878,Tumor,12
19_14881,M1_macrophages,7
19_14882,Tumor,12
19_14883,unknown,14
19_14884,Tumor,12
19_14887,CAF,0
19_14888,Plasma_IgG,10
19_14891,Plasma_IgG,10
19_14895,Fibroblasts,4
19_14897,CAF,0
19_14898,CAF,0
19_14899,Tumor,12
19_14905,Tumor,12
19_14906,Tumor,12
19_14908,CAF,0
19_14911,unknown,14
19_14912,Plasma_IgG,10
19_14913,Plasma_IgG,10
19_14914,Plasma_IgG,10
19_14915,Tumor,12
19_14916,Tumor,12
19_14918,Plasma_IgG,10
19_14919,Tumor,12
19_14923,CAF,0
19_14926,M1_macrophages,7
19_14927,Plasma_IgG,10
19_14928,Tumor_Keratin_Pearl,13
19_14929,Tumor,12
19_14931,Plasma_IgG,10
19_14932,CAF,0
19_14933,Plasma_IgG,10
19_14934,Plasma_IgG,10
19_14936,Tumor,12
19_14937,Plasma_IgG,10
19_14938,Plasma_IgG,10
19_14939,Tumor,12
19_14940,Plasma_IgG,10
19_14941,Tumor_Keratin_Pearl,13
19_14943,Plasma_IgG,10
19_14944,Tumor,12
19_14947,Plasma_IgG,10
19_14948,CAF,0
19_14949,Plasma_IgG,10
19_14950,Plasma_IgG,10
19_14951,Tumor,12
19_14952,Tumor,12
19_14955,Plasma_IgG,10
19_14956,Tumor,12
19_14957,Tumor,12
19_14961,Tumor,12
19_14962,CAF,0
19_14963,Plasma_IgG,10
19_14964,Tumor_Keratin_Pearl,13
19_14965,Plasma_IgG,10
19_14966,Tumor,12
19_14968,Tumor,12
19_14973,Plasma_IgG,10
19_14977,Plasma_IgG,10
19_14978,Tumor,12
19_14979,Plasma_IgG,10
19_14980,Tumor,12
19_14981,Tumor_Keratin_Pearl,13
19_14987,Tumor,12
19_14989,Tumor,12
19_14990,Tumor,12
19_14993,Fibroblasts,4
19_14994,M1_macrophages,7
19_14995,Tumor,12
19_14999,CAF,0
19_15000,Fibroblasts,4
19_15001,Plasma_IgG,10
19_15002,Tumor,12
19_15004,Tumor,12
19_15005,Tumor,12
19_15006,Tumor_Keratin_Pearl,13
19_15010,Plasma_IgG,10
19_15011,Plasma_IgG,10
19_15012,Fibroblasts,4
19_15013,Fibroblasts,4
19_15017,Fibroblasts,4
19_15018,CAF,0
19_15019,CAF,0
19_15020,Tumor_Keratin_Pearl,13
19_15021,Tumor,12
19_15025,Plasma_IgG,10
19_15026,Plasma_IgG,10
19_15027,Plasma_IgG,10
19_15029,Tumor,12
19_15030,Tumor,12
19_15031,Tumor,12
19_15040,Plasma_IgG,10
19_15041,Tumor,12
19_15043,CAF,0
19_15045,Plasma_IgG,10
19_15046,Tumor,12
19_15050,Plasma_IgG,10
19_15053,Plasma_IgG,10
19_15054,High_Endothelial_Venules,6
19_15055,Plasma_IgG,10
19_15056,Tumor,12
19_15057,Tumor,12
19_15058,Tumor,12
19_15061,CAF,0
19_15063,Tumor,12
19_15064,M1_macrophages,7
19_15065,Tumor,12
19_15069,Plasma_IgG,10
19_15070,Tumor,12
19_15073,Fibroblasts,4
19_15076,CAF,0
19_15078,Tumor,12
19_15080,Plasma_IgG,10
19_15081,CAF,0
19_15082,Tumor,12
19_15083,Plasma_IgG,10
19_15084,CAF,0
19_15085,Tumor_Keratin_Pearl,13
19_15086,Plasma_IgG,10
19_15087,Plasma_IgG,10
19_15090,Tumor,12
19_15091,Tumor,12
19_15092,Plasma_IgG,10
19_15093,Plasma_IgG,10
19_15094,Tumor,12
19_15098,Tumor,12
19_15100,Plasma_IgG,10
19_15101,Tumor,12
19_15102,Tumor,12
19_15103,Tumor,12
19_15105,CAF,0
19_15106,Tumor,12
19_15110,CAF,0
19_15111,CAF,0
19_15112,Plasma_IgG,10
19_15113,Tumor,12
19_15114,Tumor_Keratin_Pearl,13
19_15116,M1_macrophages,7
19_15117,Plasma_IgG,10
19_15118,Tumor,12
19_15121,Tumor,12
19_15123,Plasma_IgG,10
19_15124,Tumor,12
19_15125,Tumor,12
19_15126,CAF,0
19_15127,Fibroblasts,4
19_15128,Plasma_IgG,10
19_15129,Tumor,12
19_15131,M1_macrophages,7
19_15132,Tumor_Keratin_Pearl,13
19_15133,Tumor_Keratin_Pearl,13
19_15138,Tumor,12
19_15141,Tumor,12
19_15142,CAF,0
19_15143,Tumor,12
19_15150,M1_macrophages,7
19_15151,Plasma_IgG,10
19_15152,Tumor,12
19_15153,Tumor,12
19_15156,Fibroblasts,4
19_15157,Plasma_IgG,10
19_15158,Plasma_IgG,10
19_15159,High_Endothelial_Venules,6
19_15160,Tumor,12
19_15161,Tumor,12
19_15162,Plasma_IgG,10
19_15163,M1_macrophages,7
19_15164,Plasma_IgG,10
19_15165,Tumor,12
19_15166,CAF,0
19_15167,Tumor,12
19_15171,Tumor,12
19_15172,Tumor,12
19_15175,Plasma_IgG,10
19_15176,Tumor_Keratin_Pearl,13
19_15177,Tumor_Keratin_Pearl,13
19_15178,M1_macrophages,7
19_15179,Plasma_IgG,10
19_15182,Plasma_IgG,10
19_15183,Tumor,12
19_15184,unknown,14
19_15186,Plasma_IgG,10
19_15188,CAF,0
19_15189,Plasma_IgG,10
19_15190,CAM,1
19_15191,Tumor,12
19_15195,Plasma_IgG,10
19_15196,Tumor,12
19_15198,Plasma_IgG,10
19_15200,M1_macrophages,7
19_15201,Plasma_IgG,10
19_15202,Tumor,12
19_15203,Tumor,12
19_15204,Plasma_IgG,10
19_15206,CAF,0
19_15207,CAF,0
19_15208,CAF,0
19_15214,Fibroblasts,4
19_15215,CAF,0
19_15216,Plasma_IgG,10
19_15217,Plasma_IgG,10
19_15220,Plasma_IgG,10
19_15222,Plasma_IgG,10
19_15223,CAF,0
19_15226,Fibroblasts,4
19_15229,Tumor,12
19_15230,Tumor,12
19_15231,Tumor,12
19_15232,Tumor,12
19_15234,Fibroblasts,4
19_15235,Fibroblasts,4
19_15236,unknown,14
19_15237,Tumor,12
19_15241,Fibroblasts,4
19_15242,Tumor,12
19_15243,CAF,0
19_15248,Tumor_Keratin_Pearl,13
19_15249,M1_macrophages,7
19_15251,Tumor,12
19_15252,M1_macrophages,7
19_15257,CAF,0
19_15258,Plasma_IgG,10
19_15259,Tumor,12
19_15261,Plasma_IgG,10
19_15262,Tumor,12
19_15263,Tumor_Keratin_Pearl,13
19_15266,CAF,0
19_15269,Fibroblasts,4
19_15270,CAF,0
19_15271,Tumor,12
19_15272,Tumor_Keratin_Pearl,13
19_15274,Plasma_IgG,10
19_15275,Plasma_IgG,10
19_15279,Plasma_IgG,10
19_15280,CAF,0
19_15282,Tumor,12
19_15283,Plasma_IgG,10
19_15284,Tumor,12
19_15290,Tumor_Keratin_Pearl,13
19_15291,Tumor,12
19_15292,CAF,0
19_15297,M1_macrophages,7
19_15298,Plasma_IgG,10
19_15299,Plasma_IgG,10
19_15303,CAF,0
19_15304,Tumor,12
19_15306,Tumor,12
19_15313,Fibroblasts,4
19_15314,unknown,14
19_15315,Tumor_Keratin_Pearl,13
19_15316,Tumor,12
19_15317,Plasma_IgG,10
19_15318,Tumor,12
19_15321,Tumor,12
19_15322,Plasma_IgG,10
19_15323,Plasma_IgG,10
19_15324,Plasma_IgG,10
19_15326,CAF,0
19_15327,Tumor_Keratin_Pearl,13
19_15328,Tumor,12
19_15335,CAF,0
19_15337,CAF,0
19_15338,Plasma_IgG,10
19_15340,Tumor,12
19_15341,Tumor,12
19_15344,CAF,0
19_15345,Tumor,12
19_15347,CAF,0
19_15348,Plasma_IgG,10
19_15349,Plasma_IgG,10
19_15354,Plasma_IgG,10
19_15355,CAF,0
19_15358,CAF,0
19_15360,Tumor_Keratin_Pearl,13
19_15361,Plasma_IgG,10
19_15362,Fibroblasts,4
19_15363,Plasma_IgG,10
19_15364,Plasma_IgG,10
19_15365,Tumor,12
19_15366,Fibroblasts,4
19_15367,Tumor_Keratin_Pearl,13
19_15368,Tumor_Keratin_Pearl,13
19_15369,Tumor,12
19_15370,CAM,1
19_15372,M1_macrophages,7
19_15373,Tumor,12
19_15375,CAF,0
19_15378,Plasma_IgG,10
19_15379,Tumor,12
19_15384,Tumor,12
19_15387,Plasma_IgG,10
19_15388,Plasma_IgG,10
19_15389,Plasma_IgG,10
19_15390,Tumor,12
19_15391,Tumor_Keratin_Pearl,13
19_15392,Tumor,12
19_15393,Tumor_Keratin_Pearl,13
19_15396,Tumor,12
19_15397,Plasma_IgG,10
19_15398,Tumor_Keratin_Pearl,13
19_15399,Tumor,12
19_15402,Fibroblasts,4
19_15404,CAM,1
19_15407,Tumor_Keratin_Pearl,13
19_15410,Plasma_IgG,10
19_15411,Tumor,12
19_15412,Tumor_Keratin_Pearl,13
19_15413,Tumor,12
19_15415,CAF,0
19_15420,CAF,0
19_15421,Fibroblasts,4
19_15422,CAF,0
19_15423,CAF,0
19_15428,Tumor,12
19_15429,Tumor,12
19_15431,Plasma_IgG,10
19_15432,Tumor_Keratin_Pearl,13
19_15434,CAF,0
19_15441,Tumor,12
19_15443,CAF,0
19_15445,Tumor,12
19_15450,Plasma_IgG,10
19_15451,Tumor,12
19_15452,Tumor,12
19_15455,CAF,0
19_15456,Tumor_Keratin_Pearl,13
19_15458,Plasma_IgG,10
19_15459,Tumor,12
19_15463,CAF,0
19_15464,Plasma_IgG,10
19_15465,Tumor,12
19_15466,CAF,0
19_15467,Tumor,12
19_15468,CAF,0
19_15469,Plasma_IgG,10
19_15470,CAF,0
19_15471,Plasma_IgG,10
19_15480,CAF,0
19_15481,Tumor,12
19_15485,Tumor,12
19_15486,Plasma_IgG,10
19_15487,Tumor_Keratin_Pearl,13
19_15491,Tumor,12
19_15494,CAF,0
19_15495,Tumor_Keratin_Pearl,13
19_15496,Tumor_Keratin_Pearl,13
19_15497,Fibroblasts,4
19_15499,M1_macrophages,7
19_15500,Tumor,12
19_15501,Tumor,12
19_15502,Tumor,12
19_15503,Fibroblasts,4
19_15505,Tumor,12
19_15507,Tumor,12
19_15508,CAF,0
19_15509,Plasma_IgG,10
19_15512,Plasma_IgG,10
19_15513,Plasma_IgG,10
19_15514,Tumor,12
19_15516,Tumor,12
19_15521,Fibroblasts,4
19_15522,CAF,0
19_15523,CAM,1
19_15524,Tumor,12
19_15525,Fibroblasts,4
19_15526,M1_macrophages,7
19_15528,Tumor_Keratin_Pearl,13
19_15529,Tumor,12
19_15530,Tumor,12
19_15534,Plasma_IgG,10
19_15540,CAF,0
19_15541,Tumor,12
19_15542,Tumor,12
19_15546,CAM,1
19_15547,Plasma_IgG,10
19_15549,Tumor,12
19_15552,Plasma_IgG,10
19_15557,Tumor,12
19_15558,Plasma_IgG,10
19_15559,Plasma_IgG,10
19_15562,Tumor_Keratin_Pearl,13
19_15563,Tumor,12
19_15567,Plasma_IgG,10
19_15568,Tumor,12
19_15574,Tumor_Keratin_Pearl,13
19_15575,High_Endothelial_Venules,6
19_15576,Plasma_IgG,10
19_15578,Plasma_IgG,10
19_15580,Tumor,12
19_15582,Tumor,12
19_15586,Fibroblasts,4
19_15587,Tumor,12
19_15588,Tumor,12
19_15591,Tumor_Keratin_Pearl,13
19_15592,Plasma_IgG,10
19_15595,M1_macrophages,7
19_15596,CAF,0
19_15602,CAF,0
19_15604,Plasma_IgG,10
19_15605,Plasma_IgG,10
19_15606,Plasma_IgG,10
19_15610,CAF,0
19_15612,Plasma_IgG,10
19_15615,Plasma_IgG,10
19_15616,Plasma_IgG,10
19_15618,Plasma_IgG,10
19_15619,Tumor,12
19_15620,Tumor_Keratin_Pearl,13
19_15624,Tumor_Keratin_Pearl,13
19_15626,M1_macrophages,7
19_15627,Tumor_Keratin_Pearl,13
19_15635,Plasma_IgG,10
19_15636,Plasma_IgG,10
19_15640,Tumor,12
19_15643,Fibroblasts,4
19_15644,CAF,0
19_15646,CAM,1
19_15647,Plasma_IgG,10
19_15649,Plasma_IgG,10
19_15650,Tumor_Keratin_Pearl,13
19_15651,Tumor_Keratin_Pearl,13
19_15652,Tumor,12
19_15653,Tumor,12
19_15656,Tumor,12
19_15659,Plasma_IgG,10
19_15660,Tumor,12
19_15661,Tumor,12
19_15662,Tumor,12
19_15665,Tumor,12
19_15669,Tumor_Keratin_Pearl,13
19_15670,Tumor,12
19_15673,Tumor,12
19_15674,Plasma_IgG,10
19_15675,CAF,0
19_15676,CAF,0
19_15677,Plasma_IgG,10
19_15680,Tumor,12
19_15682,Tumor_Keratin_Pearl,13
19_15683,Tumor,12
19_15684,Tumor,12
19_15685,Tumor,12
19_15686,Fibroblasts,4
19_15687,Plasma_IgG,10
19_15688,CAF,0
19_15689,Plasma_IgG,10
19_15691,Tumor,12
19_15692,Tumor,12
19_15693,Tumor,12
19_15694,CAF,0
19_15695,Tumor,12
19_15700,Tumor,12
19_15701,Tumor,12
19_15702,Plasma_IgG,10
19_15706,M1_macrophages,7
19_15707,Tumor,12
19_15709,Plasma_IgG,10
19_15711,CAF,0
19_15712,Plasma_IgG,10
19_15719,Tumor,12
19_15722,M1_macrophages,7
19_15723,Plasma_IgG,10
19_15724,CAF,0
19_15731,CAF,0
19_15732,CAF,0
19_15733,Tumor,12
19_15734,Tumor,12
19_15738,Fibroblasts,4
19_15740,Tumor,12
19_15745,Plasma_IgG,10
19_15746,Tumor,12
19_15749,CAF,0
19_15754,Fibroblasts,4
19_15755,Plasma_IgG,10
19_15757,Fibroblasts,4
19_15759,Fibroblasts,4
19_15760,Fibroblasts,4
19_15761,Plasma_IgG,10
19_15762,Tumor,12
19_15763,CAM,1
19_15764,Tumor,12
19_15765,CAF,0
19_15767,Tumor_Keratin_Pearl,13
19_15769,Tumor,12
19_15772,Tumor,12
19_15774,Plasma_IgG,10
19_15775,Plasma_IgG,10
19_15776,Plasma_IgG,10
19_15780,CAF,0
19_15781,Tumor,12
19_15782,Tumor,12
19_15784,CAF,0
19_15785,Plasma_IgG,10
19_15786,Tumor,12
19_15787,Tumor,12
19_15789,Fibroblasts,4
19_15792,Tumor,12
19_15793,Plasma_IgG,10
19_15797,Fibroblasts,4
19_15798,Plasma_IgG,10
19_15799,Tumor,12
19_15800,Plasma_IgG,10
19_15801,Tumor,12
19_15802,Plasma_IgG,10
19_15805,Tumor_Keratin_Pearl,13
19_15808,Tumor,12
19_15809,Tumor,12
19_15810,Tumor_Keratin_Pearl,13
19_15811,Tumor,12
19_15816,Fibroblasts,4
19_15819,CAF,0
19_15820,Tumor,12
19_15821,Plasma_IgG,10
19_15824,Tumor,12
19_15830,CAF,0
19_15831,Plasma_IgG,10
19_15832,Tumor,12
19_15833,Tumor,12
19_15834,Tumor,12
19_15835,CAF,0
19_15836,Fibroblasts,4
19_15838,Fibroblasts,4
19_15839,Plasma_IgG,10
19_15840,Tumor_Keratin_Pearl,13
19_15844,Tumor,12
19_15847,CAF,0
19_15849,Plasma_IgG,10
19_15850,CAF,0
19_15851,Tumor,12
19_15852,Tumor,12
19_15858,CAF,0
19_15859,CAF,0
19_15860,Tumor,12
19_15861,Tumor,12
19_15862,Plasma_IgG,10
19_15865,CAF,0
19_15868,CAF,0
19_15869,CAF,0
19_15870,Tumor,12
19_15873,CAF,0
19_15874,CAF,0
19_15875,Plasma_IgG,10
19_15876,Tumor,12
19_15877,Plasma_IgG,10
19_15878,Plasma_IgG,10
19_15879,Tumor,12
19_15880,Plasma_IgG,10
19_15885,M1_macrophages,7
19_15886,M1_macrophages,7
19_15888,Tumor,12
19_15891,Tumor,12
19_15899,M1_macrophages,7
19_15902,CAF,0
19_15906,Tumor,12
19_15907,Tumor_Keratin_Pearl,13
19_15908,Tumor,12
19_15909,Tumor,12
19_15910,Tumor,12
19_15912,Germinal_Center_Plasma_IgM_B_cell,5
19_15913,Tumor,12
19_15917,Plasma_IgG,10
19_15918,Tumor,12
19_15920,Germinal_Center_Plasma_IgM_B_cell,5
19_15921,Tumor,12
19_15922,Plasma_IgG,10
19_15923,Tumor,12
19_15928,Fibroblasts,4
19_15929,Plasma_IgG,10
19_15930,Tumor,12
19_15933,CAF,0
19_15934,Tumor,12
19_15935,Tumor,12
19_15941,Plasma_IgG,10
19_15942,Tumor,12
19_15943,CAM,1
19_15947,M1_macrophages,7
19_15948,CAF,0
19_15949,Tumor,12
19_15951,Tumor_Keratin_Pearl,13
19_15952,Plasma_IgG,10
19_15954,Tumor,12
19_15955,Tumor,12
19_15958,CAF,0
19_15963,M1_macrophages,7
19_15964,Plasma_IgG,10
19_15965,Plasma_IgG,10
19_15969,CAF,0
19_15970,Tumor,12
19_15971,Tumor,12
19_15973,Tumor,12
19_15974,Plasma_IgG,10
19_15975,Tumor,12
19_15979,Plasma_IgG,10
19_15980,Tumor_Keratin_Pearl,13
19_15983,Plasma_IgG,10
19_15986,Tumor_Keratin_Pearl,13
19_15987,Plasma_IgG,10
19_15988,Tumor,12
19_15992,Fibroblasts,4
19_15993,Plasma_IgG,10
19_15994,Tumor,12
19_15995,Plasma_IgG,10
19_15998,Tumor,12
19_15999,Tumor,12
19_16000,M1_macrophages,7
19_16001,M1_macrophages,7
19_16002,Fibroblasts,4
19_16006,CAF,0
19_16007,CAF,0
19_16008,Tumor,12
19_16012,M1_macrophages,7
19_16013,Plasma_IgG,10
19_16015,Fibroblasts,4
19_16016,M1_macrophages,7
19_16017,Tumor,12
19_16024,CAF,0
19_16025,Tumor,12
19_16026,Tumor,12
19_16028,Plasma_IgG,10
19_16029,Tumor,12
19_16030,Plasma_IgG,10
19_16031,CAF,0
19_16039,Tumor,12
19_16041,M1_macrophages,7
19_16045,Plasma_IgG,10
19_16046,Tumor,12
19_16047,Tumor,12
19_16052,Plasma_IgG,10
19_16053,Plasma_IgG,10
19_16054,Tumor,12
19_16058,CAF,0
19_16060,Tumor,12
19_16062,Tumor_Keratin_Pearl,13
19_16065,Tumor,12
19_16066,Plasma_IgG,10
19_16067,Tumor,12
19_16068,Tumor_Keratin_Pearl,13
19_16071,Tumor,12
19_16072,Plasma_IgG,10
19_16073,Tumor,12
19_16074,Tumor,12
19_16080,CAF,0
19_16081,Fibroblasts,4
19_16082,Tumor,12
19_16084,Tumor,12
19_16088,M1_macrophages,7
19_16089,Plasma_IgG,10
19_16090,Plasma_IgG,10
19_16095,CAF,0
19_16096,Plasma_IgG,10
19_16099,High_Endothelial_Venules,6
19_16102,Tumor,12
19_16106,Tumor,12
19_16107,Tumor,12
19_16110,Tumor,12
19_16111,Tumor,12
19_16113,Plasma_IgG,10
19_16115,Tumor,12
19_16118,M1_macrophages,7
19_16119,Fibroblasts,4
19_16122,Germinal_Center_Plasma_IgM_B_cell,5
19_16123,Plasma_IgG,10
19_16124,M1_macrophages,7
19_16126,Tumor_Keratin_Pearl,13
19_16128,Tumor,12
19_16129,Tumor,12
19_16133,M1_macrophages,7
19_16134,CAF,0
19_16136,Tumor,12
19_16138,Tumor,12
19_16139,Tumor,12
19_16141,Tumor,12
19_16145,Plasma_IgG,10
19_16148,Tumor,12
19_16149,High_Endothelial_Venules,6
19_16151,Tumor,12
19_16152,Tumor,12
19_16154,Tumor,12
19_16155,M1_macrophages,7
19_16156,Tumor,12
19_16157,Tumor,12
19_16158,Tumor_Keratin_Pearl,13
19_16162,CAF,0
19_16163,Plasma_IgG,10
19_16164,Tumor,12
19_16165,Tumor,12
19_16166,Tumor,12
19_16167,Plasma_IgG,10
19_16175,M1_macrophages,7
19_16176,CAF,0
19_16177,Tumor,12
19_16178,Tumor,12
19_16179,Plasma_IgG,10
19_16180,Tumor,12
19_16181,Tumor,12
19_16182,High_Endothelial_Venules,6
19_16183,Plasma_IgG,10
19_16184,Plasma_IgG,10
19_16186,Tumor,12
19_16188,Tumor,12
19_16191,CAF,0
19_16192,Plasma_IgG,10
19_16193,Tumor,12
19_16195,CAM,1
19_16196,Tumor,12
19_16197,Tumor,12
19_16198,Tumor,12
19_16199,Plasma_IgG,10
19_16205,Tumor,12
19_16206,M1_macrophages,7
19_16207,Plasma_IgG,10
19_16208,Plasma_IgG,10
19_16211,Tumor,12
19_16212,Tumor,12
19_16213,Tumor,12
19_16214,Tumor,12
19_16215,Tumor,12
19_16216,Tumor,12
19_16220,Plasma_IgG,10
19_16221,Plasma_IgG,10
19_16222,CAF,0
19_16225,Plasma_IgG,10
19_16226,Tumor,12
19_16227,Plasma_IgG,10
19_16228,Plasma_IgG,10
19_16229,Tumor_Keratin_Pearl,13
19_16231,Plasma_IgG,10
19_16232,Plasma_IgG,10
19_16233,Tumor,12
19_16235,Fibroblasts,4
19_16236,Plasma_IgG,10
19_16237,unknown,14
19_16239,Tumor,12
19_16240,CAF,0
19_16243,Tumor,12
19_16246,CAF,0
19_16247,Plasma_IgG,10
19_16250,M1_macrophages,7
19_16251,Tumor_Keratin_Pearl,13
19_16252,Tumor,12
19_16260,Plasma_IgG,10
19_16261,Tumor,12
19_16262,Tumor,12
19_16267,Fibroblasts,4
19_16268,Fibroblasts,4
19_16269,Tumor,12
19_16270,Tumor,12
19_16271,Tumor_Keratin_Pearl,13
19_16272,Tumor_Keratin_Pearl,13
19_16273,Tumor,12
19_16277,Fibroblasts,4
19_16278,CAF,0
19_16279,Tumor,12
19_16281,Plasma_IgG,10
19_16282,Tumor,12
19_16283,Tumor,12
19_16284,Tumor,12
19_16286,Tumor,12
19_16287,Tumor,12
19_16289,Fibroblasts,4
19_16290,Tumor,12
19_16291,Plasma_IgG,10
19_16292,Tumor,12
19_16293,Fibroblasts,4
19_16295,Tumor,12
19_16298,Tumor,12
19_16302,Plasma_IgG,10
19_16303,Tumor,12
19_16304,Tumor,12
19_16305,Plasma_IgG,10
19_16308,Plasma_IgG,10
19_16310,CAF,0
19_16311,Tumor,12
19_16312,Tumor,12
19_16314,Fibroblasts,4
19_16315,Tumor,12
19_16316,Plasma_IgG,10
19_16317,Tumor,12
19_16318,Tumor,12
19_16323,Tumor,12
19_16324,Plasma_IgG,10
19_16325,Fibroblasts,4
19_16326,M1_macrophages,7
19_16327,CAF,0
19_16328,Plasma_IgG,10
19_16329,CAF,0
19_16331,CAF,0
19_16332,CAM,1
19_16335,M1_macrophages,7
19_16336,Tumor,12
19_16342,Plasma_IgG,10
19_16343,Tumor,12
19_16346,Tumor,12
19_16347,Plasma_IgG,10
19_16350,CAF,0
19_16351,M1_macrophages,7
19_16352,CAF,0
19_16360,M1_macrophages,7
19_16361,Plasma_IgG,10
19_16362,Plasma_IgG,10
19_16368,Tumor,12
19_16369,Tumor,12
19_16371,CAF,0
19_16372,Germinal_Center_Plasma_IgM_B_cell,5
19_16376,Tumor,12
19_16377,Tumor_Keratin_Pearl,13
19_16381,M1_macrophages,7
19_16382,Plasma_IgG,10
19_16383,Tumor,12
19_16385,Fibroblasts,4
19_16386,CAF,0
19_16387,Tumor_Keratin_Pearl,13
19_16388,M1_macrophages,7
19_16393,Fibroblasts,4
19_16394,Plasma_IgG,10
19_16395,Tumor,12
19_16397,M1_macrophages,7
19_16399,CAF,0
19_16400,Tumor,12
19_16402,Plasma_IgG,10
19_16403,Tumor,12
19_16406,Plasma_IgG,10
19_16407,Plasma_IgG,10
19_16408,CAM,1
19_16412,M1_macrophages,7
19_16413,Plasma_IgG,10
19_16414,Plasma_IgG,10
19_16415,Tumor,12
19_16418,Plasma_IgG,10
19_16419,CAF,0
19_16421,Tumor,12
19_16426,Plasma_IgG,10
19_16428,Tumor,12
19_16433,Plasma_IgG,10
19_16435,Tumor,12
19_16441,Plasma_IgG,10
19_16442,Plasma_IgG,10
19_16444,Tumor,12
19_16447,M1_macrophages,7
19_16448,Tumor,12
19_16449,Tumor,12
19_16453,CAF,0
19_16456,M1_macrophages,7
19_16457,Plasma_IgG,10
19_16459,Tumor,12
19_16463,CAF,0
19_16464,Tumor,12
19_16465,CAF,0
19_16466,Tumor,12
19_16467,Fibroblasts,4
19_16468,Tumor,12
19_16470,Plasma_IgG,10
19_16472,Fibroblasts,4
19_16473,M1_macrophages,7
19_16474,Tumor,12
19_16475,unknown,14
19_16478,CAF,0
19_16479,Tumor,12
19_16485,Tumor,12
19_16486,Tumor,12
19_16490,Plasma_IgG,10
19_16491,Tumor,12
19_16492,Tumor,12
19_16496,Tumor,12
19_16497,Tumor,12
19_16498,CAF,0
19_16500,Plasma_IgG,10
19_16501,Tumor_Keratin_Pearl,13
19_16502,Tumor,12
19_16503,Tumor,12
19_16504,Tumor,12
19_16506,CAF,0
19_16508,M1_macrophages,7
19_16509,Tumor,12
19_16510,Tumor,12
19_16511,Tumor,12
19_16517,M1_macrophages,7
19_16518,Tumor,12
19_16519,M1_macrophages,7
19_16520,Tumor,12
19_16522,Plasma_IgG,10
19_16523,CAM,1
19_16524,Tumor,12
19_16527,Plasma_IgG,10
19_16528,Tumor,12
19_16529,Tumor,12
19_16531,Fibroblasts,4
19_16532,Plasma_IgG,10
19_16534,Tumor,12
19_16536,Tumor,12
19_16538,Tumor,12
19_16539,Tumor,12
19_16542,M1_macrophages,7
19_16543,Tumor,12
19_16544,Plasma_IgG,10
19_16545,Tumor,12
19_16549,M1_macrophages,7
19_16550,Plasma_IgG,10
19_16553,Tumor,12
19_16554,Plasma_IgG,10
19_16558,Fibroblasts,4
19_16559,CAF,0
19_16560,Tumor,12
19_16563,Tumor,12
19_16565,Tumor,12
19_16566,Tumor,12
19_16571,M1_macrophages,7
19_16573,Tumor_Keratin_Pearl,13
19_16574,CAF,0
19_16575,Tumor,12
19_16576,Tumor,12
19_16579,Plasma_IgG,10
19_16580,Tumor,12
19_16581,Tumor,12
19_16582,CAF,0
19_16586,Fibroblasts,4
19_16588,Tumor,12
19_16590,Germinal_Center_Plasma_IgM_B_cell,5
19_16592,Plasma_IgG,10
19_16595,CAF,0
19_16596,CAF,0
19_16597,Tumor,12
19_16598,Tumor,12
19_16599,Plasma_IgG,10
19_16600,Tumor_Keratin_Pearl,13
19_16602,Plasma_IgG,10
19_16603,Tumor_Keratin_Pearl,13
19_16605,Fibroblasts,4
19_16608,Tumor,12
19_16609,Tumor,12
19_16613,CAF,0
19_16614,Plasma_IgG,10
19_16615,Plasma_IgG,10
19_16619,Plasma_IgG,10
19_16620,Fibroblasts,4
19_16623,Plasma_IgG,10
19_16626,Plasma_IgG,10
19_16627,Plasma_IgG,10
19_16628,Plasma_IgG,10
19_16632,CAF,0
19_16633,M1_macrophages,7
19_16634,Tumor,12
19_16635,Plasma_IgG,10
19_16636,Plasma_IgG,10
19_16637,CAF,0
19_16638,Fibroblasts,4
19_16639,M1_macrophages,7
19_16640,Tumor,12
19_16642,Tumor,12
19_16645,Tumor,12
19_16648,Fibroblasts,4
19_16649,unknown,14
19_16650,Plasma_IgG,10
19_16651,Tumor,12
19_16656,Tumor,12
19_16658,Fibroblasts,4
19_16659,Plasma_IgG,10
19_16661,M1_macrophages,7
19_16662,Fibroblasts,4
19_16663,CAM,1
19_16664,Tumor,12
19_16665,Plasma_IgG,10
19_16668,M1_macrophages,7
19_16670,Plasma_IgG,10
19_16671,Plasma_IgG,10
19_16672,Tumor,12
19_16673,Plasma_IgG,10
19_16678,Tumor,12
19_16679,Tumor,12
19_16681,Tumor,12
19_16682,Tumor,12
19_16685,Tumor,12
19_16686,Tumor,12
19_16687,Plasma_IgG,10
19_16688,Fibroblasts,4
19_16689,CAF,0
19_16690,Tumor,12
19_16691,CAM,1
19_16692,Fibroblasts,4
19_16693,Plasma_IgG,10
19_16696,Plasma_IgG,10
19_16697,Plasma_IgG,10
19_16698,Plasma_IgG,10
19_16699,Tumor,12
19_16700,CAF,0
19_16703,CAF,0
19_16706,M1_macrophages,7
19_16708,CAF,0
19_16709,Tumor,12
19_16711,T_cell,11
19_16712,Plasma_IgG,10
19_16713,CAF,0
19_16714,M1_macrophages,7
19_16715,Tumor,12
19_16719,Tumor_Keratin_Pearl,13
19_16720,CAF,0
19_16721,Tumor,12
19_16723,Plasma_IgG,10
19_16729,Plasma_IgG,10
19_16730,Tumor,12
19_16731,Tumor,12
19_16734,Tumor,12
19_16735,Plasma_IgG,10
19_16737,Fibroblasts,4
19_16738,Tumor,12
19_16739,Tumor,12
19_16741,Plasma_IgG,10
19_16742,Tumor,12
19_16744,unknown,14
19_16745,Tumor,12
19_16748,Tumor,12
19_16749,Tumor,12
19_16754,Fibroblasts,4
19_16755,Tumor,12
19_16761,CAF,0
19_16762,M1_macrophages,7
19_16763,M1_macrophages,7
19_16764,CAF,0
19_16767,Plasma_IgG,10
19_16768,CAF,0
19_16769,Plasma_IgG,10
19_16770,Tumor,12
19_16772,Tumor,12
19_16773,Plasma_IgG,10
19_16774,Tumor,12
19_16775,CAF,0
19_16776,Tumor,12
19_16777,Plasma_IgG,10
19_16778,CAF,0
19_16779,Plasma_IgG,10
19_16780,Plasma_IgG,10
19_16781,Plasma_IgG,10
19_16783,Fibroblasts,4
19_16785,Tumor,12
19_16786,Tumor,12
19_16787,Germinal_Center_Plasma_IgM_B_cell,5
19_16788,M1_macrophages,7
19_16789,Plasma_IgG,10
19_16790,Tumor,12
19_16791,Tumor,12
19_16793,Fibroblasts,4
19_16794,CAF,0
19_16795,CAF,0
19_16796,Tumor,12
19_16797,CAF,0
19_16803,Tumor,12
19_16805,Plasma_IgG,10
19_16807,Plasma_IgG,10
19_16808,Plasma_IgG,10
19_16809,Plasma_IgG,10
19_16810,Plasma_IgG,10
19_16814,Tumor,12
19_16815,Plasma_IgG,10
19_16820,Tumor,12
19_16821,Tumor,12
19_16823,Fibroblasts,4
19_16824,Tumor_Keratin_Pearl,13
19_16826,Tumor,12
19_16827,Plasma_IgG,10
19_16828,Tumor,12
19_16831,CAF,0
19_16832,Tumor,12
19_16833,CAM,1
19_16834,Tumor_Keratin_Pearl,13
19_16835,Plasma_IgG,10
19_16836,Tumor,12
19_16840,Plasma_IgG,10
19_16841,Tumor,12
19_16844,Tumor,12
19_16845,Plasma_IgG,10
19_16846,Tumor,12
19_16847,Plasma_IgG,10
19_16848,Tumor,12
19_16850,Fibroblasts,4
19_16851,Plasma_IgG,10
19_16853,Plasma_IgG,10
19_16854,Tumor,12
19_16855,Plasma_IgG,10
19_16858,Tumor,12
19_16860,CAF,0
19_16861,High_Endothelial_Venules,6
19_16862,Tumor_Keratin_Pearl,13
19_16863,Tumor,12
19_16864,Tumor,12
19_16865,CAF,0
19_16868,CAM,1
19_16869,Plasma_IgG,10
19_16870,Tumor,12
19_16871,Plasma_IgG,10
19_16872,Tumor,12
19_16874,Fibroblasts,4
19_16875,Plasma_IgG,10
19_16876,Tumor,12
19_16878,Plasma_IgG,10
19_16881,Tumor,12
19_16882,Tumor,12
19_16887,M1_macrophages,7
19_16888,Plasma_IgG,10
19_16889,Tumor,12
19_16891,Fibroblasts,4
19_16892,Tumor,12
19_16893,Tumor,12
19_16894,Tumor,12
19_16895,Tumor,12
19_16897,CAF,0
19_16899,M1_macrophages,7
19_16902,Tumor,12
19_16903,Tumor,12
19_16908,Tumor,12
19_16912,M1_macrophages,7
19_16913,unknown,14
19_16914,Tumor,12
19_16915,Tumor,12
19_16916,Tumor,12
19_16918,Fibroblasts,4
19_16919,Tumor,12
19_16923,Plasma_IgG,10
19_16924,Fibroblasts,4
19_16925,Fibroblasts,4
19_16926,Plasma_IgG,10
19_16928,Fibroblasts,4
19_16930,CAF,0
19_16931,CAF,0
19_16932,Tumor,12
19_16937,Tumor,12
19_16938,Tumor,12
19_16939,Tumor,12
19_16943,Tumor_Keratin_Pearl,13
19_16946,CAM,1
19_16947,Plasma_IgG,10
19_16948,CAF,0
19_16949,Plasma_IgG,10
19_16950,Tumor,12
19_16954,Plasma_IgG,10
19_16955,Tumor,12
19_16956,Tumor,12
19_16959,Fibroblasts,4
19_16960,Germinal_Center_Plasma_IgM_B_cell,5
19_16961,Plasma_IgG,10
19_16962,Tumor,12
19_16963,Tumor,12
19_16965,CAM,1
19_16966,Plasma_IgG,10
19_16967,Tumor,12
19_16968,Tumor,12
19_16969,Tumor,12
19_16971,Fibroblasts,4
19_16973,M1_macrophages,7
19_16974,CAM,1
19_16975,CAF,0
19_16977,Fibroblasts,4
19_16978,CAF,0
19_16979,Plasma_IgG,10
19_16980,Plasma_IgG,10
19_16981,Tumor,12
19_16982,Tumor,12
19_16983,CAF,0
19_16985,Fibroblasts,4
19_16986,M1_macrophages,7
19_16987,Plasma_IgG,10
19_16988,Tumor,12
19_16991,Tumor,12
19_16992,Tumor,12
19_16993,CAF,0
19_16994,CAF,0
19_16996,Tumor,12
19_16997,Tumor,12
19_16999,CAF,0
19_17000,M1_macrophages,7
19_17001,Tumor,12
19_17003,Plasma_IgG,10
19_17004,Tumor,12
19_17005,Tumor,12
19_17008,High_Endothelial_Venules,6
19_17010,Plasma_IgG,10
19_17011,Plasma_IgG,10
19_17012,Plasma_IgG,10
19_17013,Plasma_IgG,10
19_17014,CAM,1
19_17015,Tumor,12
19_17017,M1_macrophages,7
19_17018,Plasma_IgG,10
19_17019,Plasma_IgG,10
19_17020,Plasma_IgG,10
19_17021,Plasma_IgG,10
19_17025,CAF,0
19_17026,Fibroblasts,4
19_17029,Tumor_Keratin_Pearl,13
19_17030,Plasma_IgG,10
19_17032,CAF,0
19_17035,Tumor,12
19_17036,Tumor,12
19_17037,Plasma_IgG,10
19_17038,Tumor_Keratin_Pearl,13
19_17039,Tumor,12
19_17041,CAF,0
19_17042,CAF,0
19_17043,Plasma_IgG,10
19_17044,Plasma_IgG,10
19_17045,Tumor,12
19_17046,Plasma_IgG,10
19_17047,Plasma_IgG,10
19_17048,Tumor,12
19_17052,Tumor_Keratin_Pearl,13
19_17053,Tumor,12
19_17054,Tumor,12
19_17055,Tumor,12
19_17056,Tumor,12
19_17057,Tumor_Keratin_Pearl,13
19_17059,CAF,0
19_17060,Tumor,12
19_17061,Tumor,12
19_17065,Plasma_IgG,10
19_17066,High_Endothelial_Venules,6
19_17067,Plasma_IgG,10
19_17068,Tumor,12
19_17069,Plasma_IgG,10
19_17070,CAF,0
19_17072,Plasma_IgG,10
19_17073,Tumor,12
19_17074,Plasma_IgG,10
19_17075,Plasma_IgG,10
19_17077,Tumor,12
19_17083,Tumor,12
19_17084,Tumor_Keratin_Pearl,13
19_17085,Tumor,12
19_17088,M1_macrophages,7
19_17089,Fibroblasts,4
19_17090,M1_macrophages,7
19_17091,Plasma_IgG,10
19_17093,Tumor,12
19_17096,M1_macrophages,7
19_17097,Tumor,12
19_17098,Tumor,12
19_17099,Tumor_Keratin_Pearl,13
19_17103,Plasma_IgG,10
19_17104,Plasma_IgG,10
19_17105,Tumor,12
19_17107,CAF,0
19_17108,Tumor_Keratin_Pearl,13
19_17109,Plasma_IgG,10
19_17110,Tumor,12
19_17115,Tumor_Keratin_Pearl,13
19_17119,Fibroblasts,4
19_17120,Tumor,12
19_17122,Tumor,12
19_17123,Tumor_Keratin_Pearl,13
19_17124,Tumor,12
19_17126,Tumor,12
19_17130,CAF,0
19_17131,Tumor,12
19_17133,CAF,0
19_17137,CAM,1
19_17138,Plasma_IgG,10
19_17139,Tumor,12
19_17142,Plasma_IgG,10
19_17144,Tumor,12
19_17146,Fibroblasts,4
19_17147,Plasma_IgG,10
19_17149,Tumor,12
19_17150,Plasma_IgG,10
19_17151,Tumor,12
19_17152,Tumor,12
19_17156,Fibroblasts,4
19_17157,Plasma_IgG,10
19_17159,Plasma_IgG,10
19_17160,Plasma_IgG,10
19_17165,Tumor,12
19_17166,CAF,0
19_17167,Tumor,12
19_17168,CAF,0
19_17170,Tumor,12
19_17171,Tumor_Keratin_Pearl,13
19_17173,M1_macrophages,7
19_17176,Tumor,12
19_17179,CAM,1
19_17180,Tumor,12
19_17186,CAF,0
19_17187,Tumor,12
19_17188,Plasma_IgG,10
19_17189,Tumor,12
19_17191,Plasma_IgG,10
19_17192,Plasma_IgG,10
19_17193,Fibroblasts,4
19_17194,CAF,0
19_17195,Plasma_IgG,10
19_17196,CAF,0
19_17197,CAF,0
19_17198,Tumor,12
19_17199,Tumor,12
19_17201,Plasma_IgG,10
19_17202,Tumor,12
19_17203,Tumor,12
19_17204,Tumor,12
19_17205,Tumor,12
19_17206,Tumor,12
19_17211,Tumor,12
19_17213,Plasma_IgG,10
19_17214,Tumor,12
19_17215,Tumor,12
19_17216,Tumor,12
19_17218,Plasma_IgG,10
19_17219,Tumor,12
19_17221,Tumor,12
19_17222,CAF,0
19_17223,M1_macrophages,7
19_17225,CAF,0
19_17226,Tumor,12
19_17227,Tumor,12
19_17233,CAF,0
19_17234,Plasma_IgG,10
19_17235,CAF,0
19_17239,Tumor,12
19_17246,Fibroblasts,4
19_17247,Tumor,12
19_17250,Tumor,12
19_17251,CAM,1
19_17252,Tumor_Keratin_Pearl,13
19_17253,Tumor,12
19_17254,Tumor_Keratin_Pearl,13
19_17255,Plasma_IgG,10
19_17259,Plasma_IgG,10
19_17261,Tumor,12
19_17262,CAF,0
19_17263,Plasma_IgG,10
19_17265,Plasma_IgG,10
19_17266,Tumor,12
19_17269,Tumor,12
19_17271,Plasma_IgG,10
19_17272,Plasma_IgG,10
19_17273,Tumor,12
19_17275,Tumor,12
19_17276,Tumor,12
19_17278,Plasma_IgG,10
19_17282,CAF,0
19_17283,CAF,0
19_17284,Plasma_IgG,10
19_17285,CAF,0
19_17287,Tumor,12
19_17289,Tumor,12
19_17290,Tumor,12
19_17291,Tumor,12
19_17297,Fibroblasts,4
19_17298,M1_macrophages,7
19_17300,M1_macrophages,7
19_17301,Tumor,12
19_17302,Plasma_IgG,10
19_17303,Tumor,12
19_17304,CAF,0
19_17307,Plasma_IgG,10
19_17308,CAF,0
19_17309,CAM,1
19_17310,Plasma_IgG,10
19_17311,Plasma_IgG,10
19_17312,Plasma_IgG,10
19_17313,Tumor,12
19_17317,CAF,0
19_17320,Plasma_IgG,10
19_17331,Tumor,12
19_17333,Plasma_IgG,10
19_17334,Tumor,12
19_17343,Tumor_Keratin_Pearl,13
19_17344,CAF,0
19_17345,Tumor,12
19_17346,Tumor,12
19_17351,Fibroblasts,4
19_17353,Fibroblasts,4
19_17355,Plasma_IgG,10
19_17356,Tumor,12
19_17357,Tumor,12
19_17361,CAF,0
19_17362,Plasma_IgG,10
19_17363,Tumor,12
19_17365,CAF,0
19_17366,Tumor,12
19_17367,CAF,0
19_17370,M1_macrophages,7
19_17371,Tumor,12
19_17374,Plasma_IgG,10
19_17375,Tumor,12
19_17376,Tumor,12
19_17379,CAF,0
19_17380,Tumor,12
19_17384,unknown,14
19_17385,Plasma_IgG,10
19_17386,Fibroblasts,4
19_17387,M1_macrophages,7
19_17388,Plasma_IgG,10
19_17389,Tumor,12
19_17390,Tumor,12
19_17393,CAM,1
19_17394,CAF,0
19_17398,Plasma_IgG,10
19_17400,Plasma_IgG,10
19_17403,Plasma_IgG,10
19_17404,Plasma_IgG,10
19_17405,Plasma_IgG,10
19_17406,CAF,0
19_17407,CAF,0
19_17408,Plasma_IgG,10
19_17409,Plasma_IgG,10
19_17410,Tumor,12
19_17411,CAF,0
19_17413,Tumor_Keratin_Pearl,13
19_17414,M1_macrophages,7
19_17415,M1_macrophages,7
19_17416,CAM,1
19_17418,Tumor,12
19_17419,Tumor,12
19_17425,CAF,0
19_17428,Tumor,12
19_17429,Tumor,12
19_17430,CAF,0
19_17432,Plasma_IgG,10
19_17433,Tumor,12
19_17437,Tumor,12
19_17442,M1_macrophages,7
19_17443,Plasma_IgG,10
19_17445,Fibroblasts,4
19_17446,Tumor,12
19_17447,Plasma_IgG,10
19_17448,Tumor,12
19_17449,CAM,1
19_17451,Tumor_Keratin_Pearl,13
19_17452,Tumor,12
19_17453,Tumor,12
19_17456,Tumor,12
19_17457,CAF,0
19_17461,Plasma_IgG,10
19_17463,Plasma_IgG,10
19_17464,Tumor,12
19_17469,CAF,0
19_17470,Tumor_Keratin_Pearl,13
19_17472,Plasma_IgG,10
19_17474,Plasma_IgG,10
19_17477,Plasma_IgG,10
19_17478,Tumor,12
19_17479,CAF,0
19_17482,Plasma_IgG,10
19_17483,Plasma_IgG,10
19_17485,Plasma_IgG,10
19_17486,Tumor,12
19_17488,CAM,1
19_17492,CAF,0
19_17494,Tumor,12
19_17495,Tumor,12
19_17496,Tumor,12
19_17499,Plasma_IgG,10
19_17500,Tumor,12
19_17504,Tumor,12
19_17505,CAF,0
19_17506,CAF,0
19_17507,Tumor,12
19_17509,M1_macrophages,7
19_17512,Tumor,12
19_17515,Tumor,12
19_17517,Tumor,12
19_17518,CAF,0
19_17519,Tumor,12
19_17523,Tumor,12
19_17524,CAM,1
19_17525,Tumor_Keratin_Pearl,13
19_17528,Tumor,12
19_17530,CAM,1
19_17534,Tumor_Keratin_Pearl,13
19_17535,Plasma_IgG,10
19_17536,Plasma_IgG,10
19_17537,Plasma_IgG,10
19_17538,Fibroblasts,4
19_17539,Plasma_IgG,10
19_17540,Tumor,12
19_17542,Tumor,12
19_17543,Tumor,12
19_17546,Fibroblasts,4
19_17550,CAM,1
19_17554,CAM,1
19_17555,CAF,0
19_17560,Tumor,12
19_17561,Plasma_IgG,10
19_17562,Plasma_IgG,10
19_17566,Plasma_IgG,10
19_17568,CAM,1
19_17569,Plasma_IgG,10
19_17574,Tumor,12
19_17578,CAM,1
19_17579,Tumor_Keratin_Pearl,13
19_17580,Tumor,12
19_17582,High_Endothelial_Venules,6
19_17584,CAF,0
19_17585,Tumor,12
19_17586,CAF,0
19_17587,Plasma_IgG,10
19_17588,Tumor,12
19_17591,Plasma_IgG,10
19_17592,Tumor,12
19_17593,Tumor_Keratin_Pearl,13
19_17594,Tumor_Keratin_Pearl,13
19_17595,Tumor,12
19_17596,Tumor,12
19_17597,Tumor,12
19_17598,Tumor,12
19_17599,Tumor,12
19_17600,Tumor,12
19_17604,Plasma_IgG,10
19_17606,Fibroblasts,4
19_17607,CAM,1
19_17611,Plasma_IgG,10
19_17615,CAF,0
19_17617,CAF,0
19_17618,Tumor_Keratin_Pearl,13
19_17623,CAF,0
19_17624,Tumor,12
19_17627,CAF,0
19_17628,Plasma_IgG,10
19_17631,Tumor,12
19_17634,M1_macrophages,7
19_17635,Plasma_IgG,10
19_17636,M1_macrophages,7
19_17637,Fibroblasts,4
19_17640,Tumor,12
19_17642,Tumor_Keratin_Pearl,13
19_17643,Tumor,12
19_17644,CAF,0
19_17645,M1_macrophages,7
19_17648,Tumor_Keratin_Pearl,13
19_17652,Plasma_IgG,10
19_17653,Plasma_IgG,10
19_17654,Tumor,12
19_17656,Fibroblasts,4
19_17657,Tumor,12
19_17658,Plasma_IgG,10
19_17662,CAF,0
19_17663,Tumor,12
19_17664,Tumor,12
19_17668,M1_macrophages,7
19_17669,Plasma_IgG,10
19_17670,Tumor_Keratin_Pearl,13
19_17671,Tumor,12
19_17673,CAF,0
19_17674,CAF,0
19_17675,CAF,0
19_17679,Tumor,12
19_17684,CAM,1
19_17685,Tumor_Keratin_Pearl,13
19_17686,CAF,0
19_17687,CAF,0
19_17692,CAF,0
19_17693,Tumor,12
19_17694,Tumor,12
19_17700,Tumor_Keratin_Pearl,13
19_17701,CAF,0
19_17702,Tumor,12
19_17705,Plasma_IgG,10
19_17706,CAM,1
19_17707,Plasma_IgG,10
19_17708,Plasma_IgG,10
19_17710,Tumor,12
19_17711,Tumor,12
19_17713,Fibroblasts,4
19_17714,CAF,0
19_17715,Plasma_IgG,10
19_17716,CAM,1
19_17719,Tumor,12
19_17720,Plasma_IgG,10
19_17723,Tumor,12
19_17728,Plasma_IgG,10
19_17730,CAF,0
19_17733,Fibroblasts,4
19_17735,CAF,0
19_17736,Tumor_Keratin_Pearl,13
19_17737,Plasma_IgG,10
19_17738,Tumor,12
19_17740,unknown,14
19_17741,Tumor,12
19_17743,Fibroblasts,4
19_17744,CAF,0
19_17745,Tumor,12
19_17746,CAF,0
19_17754,CAF,0
19_17755,Tumor_Keratin_Pearl,13
19_17756,Tumor_Keratin_Pearl,13
19_17757,Tumor,12
19_17758,CAF,0
19_17759,Plasma_IgG,10
19_17760,Plasma_IgG,10
19_17762,CAF,0
19_17763,CAF,0
19_17764,Tumor,12
19_17765,Tumor,12
19_17766,Plasma_IgG,10
19_17769,CAF,0
19_17771,Fibroblasts,4
19_17772,Plasma_IgG,10
19_17773,Tumor,12
19_17776,Tumor,12
19_17777,M1_macrophages,7
19_17779,Fibroblasts,4
19_17782,Tumor,12
19_17783,CAF,0
19_17784,CAF,0
19_17785,Tumor,12
19_17787,M1_macrophages,7
19_17788,Plasma_IgA,9
19_17789,Tumor_Keratin_Pearl,13
19_17790,Tumor,12
19_17793,CAM,1
19_17794,Tumor,12
19_17800,Plasma_IgG,10
19_17803,Tumor,12
19_17804,Tumor_Keratin_Pearl,13
19_17807,Plasma_IgG,10
19_17808,Tumor_Keratin_Pearl,13
19_17809,Plasma_IgG,10
19_17816,Plasma_IgG,10
19_17817,Tumor_Keratin_Pearl,13
19_17822,CAF,0
19_17823,CAF,0
19_17824,Tumor_Keratin_Pearl,13
19_17826,Plasma_IgG,10
19_17827,Plasma_IgG,10
19_17829,Plasma_IgG,10
19_17832,M1_macrophages,7
19_17833,Tumor,12
19_17834,Tumor,12
19_17835,CAF,0
19_17836,Tumor,12
19_17839,unknown,14
19_17840,Plasma_IgG,10
19_17841,Plasma_IgG,10
19_17842,CAF,0
19_17843,Tumor,12
19_17844,Tumor,12
19_17847,Tumor,12
19_17850,Plasma_IgG,10
19_17851,Plasma_IgG,10
19_17852,Tumor,12
19_17853,Tumor,12
19_17855,Plasma_IgG,10
19_17856,Tumor,12
19_17857,Tumor,12
19_17859,Tumor,12
19_17862,Plasma_IgG,10
19_17863,Tumor,12
19_17869,M1_macrophages,7
19_17870,M1_macrophages,7
19_17871,Plasma_IgG,10
19_17872,Tumor,12
19_17878,Plasma_IgG,10
19_17879,CAF,0
19_17880,Tumor,12
19_17881,Tumor,12
19_17882,Tumor,12
19_17883,Tumor,12
19_17884,Tumor,12
19_17887,M1_macrophages,7
19_17888,Tumor,12
19_17889,Plasma_IgG,10
19_17891,CAF,0
19_17892,Plasma_IgG,10
19_17893,Tumor,12
19_17894,Plasma_IgG,10
19_17895,Plasma_IgG,10
19_17896,CAF,0
19_17898,Tumor,12
19_17899,Tumor,12
19_17900,CAF,0
19_17901,Tumor,12
19_17904,Tumor,12
19_17907,CAF,0
19_17908,Plasma_IgG,10
19_17909,Plasma_IgG,10
19_17910,Tumor,12
19_17911,Tumor,12
19_17913,Plasma_IgG,10
19_17914,Tumor_Keratin_Pearl,13
19_17915,Plasma_IgG,10
19_17916,unknown,14
19_17920,Tumor_Keratin_Pearl,13
19_17921,Tumor,12
19_17922,Tumor,12
19_17923,Plasma_IgG,10
19_17924,Plasma_IgG,10
19_17925,CAF,0
19_17926,Fibroblasts,4
19_17927,M1_macrophages,7
19_17928,Tumor,12
19_17930,Plasma_IgG,10
19_17931,CAF,0
19_17932,Plasma_IgG,10
19_17933,CAM,1
19_17935,M1_macrophages,7
19_17936,Tumor,12
19_17940,Fibroblasts,4
19_17942,Tumor,12
19_17946,CAM,1
19_17949,CAM,1
19_17950,Tumor,12
19_17951,Tumor,12
19_17953,M1_macrophages,7
19_17954,Germinal_Center_Plasma_IgM_B_cell,5
19_17956,Tumor,12
19_17962,CAF,0
19_17963,Fibroblasts,4
19_17964,High_Endothelial_Venules,6
19_17965,Germinal_Center_Plasma_IgM_B_cell,5
19_17966,Plasma_IgG,10
19_17967,Tumor,12
19_17970,Plasma_IgG,10
19_17971,Plasma_IgG,10
19_17972,Tumor,12
19_17973,Tumor,12
19_17974,CAF,0
19_17975,Tumor_Keratin_Pearl,13
19_17976,CAM,1
19_17977,Tumor,12
19_17980,Fibroblasts,4
19_17983,Plasma_IgG,10
19_17984,Plasma_IgG,10
19_17985,Tumor,12
19_17986,Fibroblasts,4
19_17987,M1_macrophages,7
19_17988,Plasma_IgG,10
19_17990,CAM,1
19_17998,CAM,1
19_17999,Plasma_IgG,10
19_18000,CAM,1
19_18001,Tumor,12
19_18003,Fibroblasts,4
19_18004,M1_macrophages,7
19_18005,Tumor,12
19_18008,Tumor,12
19_18009,CAF,0
19_18010,Tumor,12
19_18011,Tumor,12
19_18012,CAF,0
19_18015,Plasma_IgG,10
19_18016,Fibroblasts,4
19_18021,Plasma_IgG,10
19_18022,Tumor,12
19_18023,CAF,0
19_18025,CAM,1
19_18026,Tumor,12
19_18028,Tumor_Keratin_Pearl,13
19_18029,Tumor,12
19_18034,CAF,0
19_18044,Plasma_IgG,10
19_18045,Plasma_IgG,10
19_18046,Tumor,12
19_18047,Tumor,12
19_18048,Tumor,12
19_18050,CAF,0
19_18052,Tumor,12
19_18054,Tumor,12
19_18055,Tumor,12
19_18058,M1_macrophages,7
19_18059,CAF,0
19_18060,Tumor,12
19_18061,Plasma_IgG,10
19_18062,Tumor,12
19_18064,Tumor,12
19_18066,unknown,14
19_18069,Plasma_IgG,10
19_18074,CAM,1
19_18075,Tumor,12
19_18077,Tumor,12
19_18079,CAF,0
19_18081,M1_macrophages,7
19_18082,Fibroblasts,4
19_18083,CAM,1
19_18084,CAM,1
19_18086,Germinal_Center_Plasma_IgM_B_cell,5
19_18087,unknown,14
19_18089,Tumor,12
19_18090,Tumor,12
19_18093,Germinal_Center_Plasma_IgM_B_cell,5
19_18094,Tumor_Keratin_Pearl,13
19_18095,Plasma_IgG,10
19_18096,Tumor,12
19_18097,Tumor,12
19_18099,Fibroblasts,4
19_18101,Tumor,12
19_18102,Tumor,12
19_18109,CAF,0
19_18110,unknown,14
19_18111,Fibroblasts,4
19_18112,CAF,0
19_18113,Tumor,12
19_18118,Tumor,12
19_18121,CAM,1
19_18122,Tumor,12
19_18128,CAF,0
19_18129,Tumor,12
19_18132,Fibroblasts,4
19_18133,Germinal_Center_Plasma_IgM_B_cell,5
19_18134,Tumor_Keratin_Pearl,13
19_18135,Tumor_Keratin_Pearl,13
19_18136,CAF,0
19_18137,Tumor,12
19_18138,Tumor,12
19_18140,Plasma_IgG,10
19_18143,Plasma_IgG,10
19_18144,Tumor,12
19_18145,Plasma_IgG,10
19_18146,Plasma_IgG,10
19_18149,M1_macrophages,7
19_18150,Plasma_IgA,9
19_18151,CAM,1
19_18152,Tumor,12
19_18156,CAM,1
19_18158,CAF,0
19_18161,Plasma_IgG,10
19_18162,CAF,0
19_18167,Tumor,12
19_18169,Fibroblasts,4
19_18170,Plasma_IgG,10
19_18171,Plasma_IgG,10
19_18173,Plasma_IgG,10
19_18174,Tumor,12
19_18175,Tumor,12
19_18178,Germinal_Center_Plasma_IgM_B_cell,5
19_18179,CAF,0
19_18186,CAF,0
19_18187,CAF,0
19_18188,Tumor,12
19_18195,Tumor_Keratin_Pearl,13
19_18197,Tumor,12
19_18201,CAM,1
19_18202,Tumor_Keratin_Pearl,13
19_18203,Tumor,12
19_18204,Tumor,12
19_18208,Tumor,12
19_18211,M1_macrophages,7
19_18212,Tumor_Keratin_Pearl,13
19_18215,Germinal_Center_Plasma_IgM_B_cell,5
19_18216,Germinal_Center_Plasma_IgM_B_cell,5
19_18217,Plasma_IgG,10
19_18218,Tumor_Keratin_Pearl,13
19_18220,Germinal_Center_Plasma_IgM_B_cell,5
19_18221,CAM,1
19_18223,Tumor,12
19_18224,CAF,0
19_18225,Tumor,12
19_18227,High_Endothelial_Venules,6
19_18228,Tumor,12
19_18229,Tumor,12
19_18230,Tumor,12
19_18234,Tumor,12
19_18235,CAF,0
19_18236,Tumor,12
19_18237,Tumor,12
19_18240,Tumor,12
19_18242,Tumor,12
19_18245,Tumor,12
19_18246,Tumor,12
19_18248,unknown,14
19_18249,Plasma_IgG,10
19_18251,CAF,0
19_18252,Plasma_IgG,10
19_18253,Tumor_Keratin_Pearl,13
19_18254,Tumor,12
19_18258,CAM,1
19_18259,Tumor,12
19_18260,Tumor,12
19_18262,Tumor,12
19_18263,Tumor,12
19_18266,CAF,0
19_18267,Tumor,12
19_18269,M1_macrophages,7
19_18270,Tumor,12
19_18271,Tumor,12
19_18272,CAM,1
19_18273,CAM,1
19_18274,Tumor,12
19_18278,Tumor,12
19_18280,Plasma_IgG,10
19_18281,Plasma_IgG,10
19_18282,Plasma_IgG,10
19_18286,Tumor,12
19_18287,Tumor,12
19_18290,M1_macrophages,7
19_18292,Plasma_IgG,10
19_18293,Tumor,12
19_18294,Plasma_IgG,10
19_18295,Tumor,12
19_18296,Tumor,12
19_18297,CAM,1
19_18301,Tumor,12
19_18309,Plasma_IgG,10
19_18310,CAM,1
19_18311,M1_macrophages,7
19_18312,Tumor,12
19_18319,Germinal_Center_Plasma_IgM_B_cell,5
19_18320,Tumor,12
19_18322,M1_macrophages,7
19_18323,Plasma_IgG,10
19_18324,Tumor_Keratin_Pearl,13
19_18325,Tumor,12
19_18328,Tumor,12
19_18333,Plasma_IgG,10
19_18334,Tumor,12
19_18338,CAF,0
19_18339,CAF,0
19_18340,Tumor,12
19_18341,Tumor,12
19_18346,CAF,0
19_18352,Tumor,12
19_18356,Tumor,12
19_18358,Tumor,12
19_18359,Tumor,12
19_18360,Tumor,12
19_18361,Tumor,12
19_18365,M1_macrophages,7
19_18367,Tumor,12
19_18373,Fibroblasts,4
19_18374,Tumor,12
19_18375,CAM,1
19_18376,Tumor_Keratin_Pearl,13
19_18377,Tumor,12
19_18378,Tumor,12
19_18384,unknown,14
19_18390,Tumor,12
19_18391,Tumor,12
19_18392,M1_macrophages,7
19_18393,M1_macrophages,7
19_18400,M1_macrophages,7
19_18401,CAF,0
19_18402,Plasma_IgG,10
19_18404,Tumor,12
19_18406,Tumor,12
19_18413,Fibroblasts,4
19_18414,CAM,1
19_18416,Tumor_Keratin_Pearl,13
19_18420,Tumor,12
19_18427,CAM,1
19_18428,Tumor,12
19_18430,unknown,14
19_18431,M1_macrophages,7
19_18432,CAM,1
19_18433,Plasma_IgG,10
19_18434,Plasma_IgG,10
19_18435,Tumor,12
19_18436,CAM,1
19_18439,Tumor,12
19_18440,Tumor,12
19_18441,Tumor,12
19_18442,CAM,1
19_18445,Germinal_Center_Plasma_IgM_B_cell,5
19_18446,Tumor,12
19_18447,Plasma_IgG,10
19_18450,Plasma_IgG,10
19_18451,Plasma_IgG,10
19_18452,Plasma_IgG,10
19_18456,Tumor,12
19_18457,CAF,0
19_18458,CAF,0
19_18459,Plasma_IgG,10
19_18460,Tumor,12
19_18461,Tumor,12
19_18462,Tumor,12
19_18467,M1_macrophages,7
19_18468,Tumor,12
19_18469,Tumor,12
19_18471,Plasma_IgG,10
19_18472,CAF,0
19_18473,Tumor,12
19_18474,Tumor,12
19_18475,M1_macrophages,7
19_18476,Plasma_IgG,10
19_18477,Tumor,12
19_18483,Plasma_IgG,10
19_18485,Plasma_IgG,10
19_18486,M1_macrophages,7
19_18487,Tumor,12
19_18498,Tumor,12
19_18499,Tumor,12
19_18502,Tumor,12
19_18504,Tumor,12
19_18507,Tumor,12
19_18517,Fibroblasts,4
19_18518,Tumor,12
19_18519,Tumor,12
19_18524,M1_macrophages,7
19_18525,CAM,1
19_18526,Plasma_IgG,10
19_18527,Tumor,12
19_18531,Tumor_Keratin_Pearl,13
19_18532,Plasma_IgG,10
19_18537,CAM,1
19_18538,Tumor,12
19_18540,M1_macrophages,7
19_18541,Tumor,12
19_18542,Tumor,12
19_18544,CAF,0
19_18545,Plasma_IgG,10
19_18547,Tumor,12
19_18548,Tumor,12
19_18549,Tumor,12
19_18552,Fibroblasts,4
19_18553,Tumor,12
19_18554,Tumor,12
19_18556,Plasma_IgG,10
19_18557,T_cell,11
19_18559,CAF,0
19_18560,Tumor,12
19_18561,Tumor,12
19_18563,M1_macrophages,7
19_18568,Tumor,12
19_18569,Tumor,12
19_18570,Tumor,12
19_18571,Tumor,12
19_18573,Fibroblasts,4
19_18574,CAF,0
19_18575,Plasma_IgG,10
19_18576,Tumor,12
19_18577,CAM,1
19_18579,Plasma_IgG,10
19_18580,Tumor,12
19_18585,Tumor,12
19_18587,Fibroblasts,4
19_18593,Tumor,12
19_18598,CAF,0
19_18599,CAM,1
19_18600,Tumor,12
19_18601,Tumor,12
19_18603,High_Endothelial_Venules,6
19_18604,Plasma_IgG,10
19_18605,Plasma_IgG,10
19_18606,CAM,1
19_18607,Tumor,12
19_18613,Fibroblasts,4
19_18614,CAM,1
19_18615,CAF,0
19_18619,Plasma_IgG,10
19_18620,Tumor,12
19_18622,Plasma_IgG,10
19_18623,Plasma_IgG,10
19_18627,M1_macrophages,7
19_18628,Tumor,12
19_18630,unknown,14
19_18631,Tumor,12
19_18632,CAM,1
19_18634,Tumor_Keratin_Pearl,13
19_18635,Tumor,12
19_18638,CAF,0
19_18639,CAF,0
19_18640,CAM,1
19_18643,M1_macrophages,7
19_18644,Tumor,12
19_18645,Tumor_Keratin_Pearl,13
19_18646,Tumor,12
19_18647,Tumor,12
19_18649,M1_macrophages,7
19_18653,Tumor,12
19_18655,Tumor,12
19_18657,M1_macrophages,7
19_18660,Tumor,12
19_18663,Tumor,12
19_18667,Tumor_Keratin_Pearl,13
19_18668,Plasma_IgG,10
19_18670,Tumor,12
19_18671,Tumor,12
19_18672,Fibroblasts,4
19_18673,Plasma_IgG,10
19_18674,CAM,1
19_18677,Fibroblasts,4
19_18679,CAF,0
19_18686,Plasma_IgG,10
19_18687,CAF,0
19_18688,Tumor,12
19_18689,Tumor,12
19_18695,Tumor,12
19_18697,Tumor,12
19_18701,CAF,0
19_18702,Tumor,12
19_18704,Tumor,12
19_18705,Tumor,12
19_18706,Tumor,12
19_18709,Plasma_IgG,10
19_18710,Plasma_IgG,10
19_18712,M1_macrophages,7
19_18713,Tumor,12
19_18714,Tumor,12
19_18718,Fibroblasts,4
19_18719,M1_macrophages,7
19_18720,M1_macrophages,7
19_18721,Tumor,12
19_18725,Tumor,12
19_18730,Tumor,12
19_18734,Tumor,12
19_18735,Plasma_IgG,10
19_18736,CAM,1
19_18737,Plasma_IgG,10
19_18738,Tumor,12
19_18743,M1_macrophages,7
19_18744,Tumor,12
19_18749,Tumor,12
19_18751,CAF,0
19_18753,Plasma_IgG,10
19_18754,Tumor,12
19_18755,Tumor,12
19_18763,Tumor,12
19_18765,Tumor,12
19_18770,Tumor,12
19_18771,Plasma_IgG,10
19_18772,CAM,1
19_18773,Plasma_IgG,10
19_18775,T_cell,11
19_18776,Fibroblasts,4
19_18777,Tumor,12
19_18780,CAF,0
19_18782,Plasma_IgG,10
19_18783,Tumor,12
19_18784,Tumor,12
19_18788,Plasma_IgG,10
19_18789,Plasma_IgG,10
19_18790,Plasma_IgG,10
19_18791,Tumor,12
19_18792,Tumor,12
19_18796,CAM,1
19_18797,Tumor,12
19_18800,CAF,0
19_18801,Fibroblasts,4
19_18802,Tumor,12
19_18804,Plasma_IgG,10
19_18805,CAM,1
19_18806,Plasma_IgG,10
19_18807,Tumor,12
19_18811,Tumor,12
19_18812,Tumor,12
19_18818,Plasma_IgG,10
19_18819,Tumor,12
19_18822,Tumor,12
19_18823,Tumor,12
19_18824,Tumor,12
19_18829,Tumor,12
19_18830,Plasma_IgG,10
19_18831,Tumor,12
19_18832,Tumor,12
19_18834,Tumor,12
19_18835,Tumor,12
19_18838,M1_macrophages,7
19_18840,Tumor,12
19_18842,Tumor,12
19_18843,Plasma_IgG,10
19_18846,Fibroblasts,4
19_18847,M1_macrophages,7
19_18848,Tumor,12
19_18849,Tumor,12
19_18856,CAM,1
19_18857,Tumor,12
19_18866,Plasma_IgG,10
19_18870,Tumor,12
19_18872,Tumor,12
19_18875,Plasma_IgG,10
19_18878,Tumor,12
19_18880,M1_macrophages,7
19_18881,Tumor,12
19_18882,Tumor,12
19_18883,Fibroblasts,4
19_18885,Tumor,12
19_18886,Plasma_IgG,10
19_18888,Fibroblasts,4
19_18890,Tumor_Keratin_Pearl,13
19_18891,Tumor,12
19_18892,Tumor,12
19_18894,Plasma_IgG,10
19_18895,Plasma_IgG,10
19_18898,Tumor,12
19_18899,CAF,0
19_18900,Tumor,12
19_18901,CAF,0
19_18902,Tumor,12
19_18904,Tumor,12
19_18911,Fibroblasts,4
19_18914,Plasma_IgG,10
19_18916,Fibroblasts,4
19_18917,Fibroblasts,4
19_18920,Plasma_IgG,10
19_18921,Tumor,12
19_18922,Tumor,12
19_18924,Plasma_IgG,10
19_18925,Plasma_IgG,10
19_18926,CAM,1
19_18928,Tumor,12
19_18932,CAM,1
19_18933,CAF,0
19_18934,Tumor,12
19_18936,Plasma_IgG,10
19_18938,Tumor,12
19_18939,Tumor,12
19_18940,Tumor,12
19_18942,M1_macrophages,7
19_18943,Tumor,12
19_18944,Tumor,12
19_18947,Tumor,12
19_18948,Tumor,12
19_18951,CAM,1
19_18952,Tumor,12
19_18953,Tumor,12
19_18955,Fibroblasts,4
19_18956,Tumor,12
19_18957,Tumor,12
19_18961,Tumor,12
19_18962,CAF,0
19_18963,CAM,1
19_18964,Tumor,12
19_18966,Plasma_IgG,10
19_18967,CAM,1
19_18968,CAF,0
19_18969,Plasma_IgG,10
19_18975,Plasma_IgG,10
19_18976,Tumor,12
19_18977,Tumor,12
19_18979,Tumor,12
19_18980,Tumor,12
19_18985,Tumor,12
19_18986,Plasma_IgG,10
19_18987,Tumor,12
19_18988,Tumor,12
19_18989,Tumor,12
19_18990,Fibroblasts,4
19_18991,Tumor,12
19_18992,Tumor,12
19_18993,Tumor,12
19_18994,Tumor,12
19_19002,Fibroblasts,4
19_19003,Plasma_IgG,10
19_19004,CAM,1
19_19005,Tumor,12
19_19006,Tumor,12
19_19012,Plasma_IgG,10
19_19013,Tumor,12
19_19014,Tumor,12
19_19017,Tumor,12
19_19020,Plasma_IgG,10
19_19021,Tumor,12
19_19023,CAF,0
19_19024,Fibroblasts,4
19_19025,Tumor,12
19_19028,Plasma_IgG,10
19_19029,Plasma_IgG,10
19_19030,Tumor,12
19_19035,Tumor,12
19_19037,CAF,0
19_19038,Plasma_IgG,10
19_19043,unknown,14
19_19045,Tumor,12
19_19046,Tumor,12
19_19048,Tumor,12
19_19054,unknown,14
19_19055,M1_macrophages,7
19_19056,CAM,1
19_19057,Tumor,12
19_19059,CAF,0
19_19060,CAM,1
19_19061,Tumor,12
19_19062,Tumor,12
19_19065,Plasma_IgG,10
19_19066,CAM,1
19_19067,Tumor,12
19_19073,Tumor,12
19_19074,Tumor,12
19_19075,Tumor,12
19_19077,Tumor,12
19_19079,Tumor,12
19_19080,Tumor,12
19_19083,Fibroblasts,4
19_19084,Plasma_IgG,10
19_19085,Tumor,12
19_19090,CAF,0
19_19092,Tumor,12
19_19093,Tumor,12
19_19094,Tumor,12
19_19095,Tumor,12
19_19098,Tumor,12
19_19099,unknown,14
19_19100,Tumor,12
19_19101,Tumor,12
19_19104,Plasma_IgG,10
19_19105,Tumor,12
19_19106,Tumor,12
19_19109,Fibroblasts,4
19_19110,Fibroblasts,4
19_19111,Plasma_IgG,10
19_19112,Plasma_IgG,10
19_19113,Tumor,12
19_19114,Tumor,12
19_19117,Germinal_Center_Plasma_IgM_B_cell,5
19_19118,M1_macrophages,7
19_19120,Tumor,12
19_19124,M1_macrophages,7
19_19126,Tumor,12
19_19130,Plasma_IgG,10
19_19131,Tumor,12
19_19133,Plasma_IgG,10
19_19134,Tumor,12
19_19135,Tumor,12
19_19136,Tumor,12
19_19138,Tumor,12
19_19139,Tumor,12
19_19145,Tumor,12
19_19146,Tumor,12
19_19150,Fibroblasts,4
19_19151,Fibroblasts,4
19_19152,CAF,0
19_19153,Tumor,12
19_19157,Fibroblasts,4
19_19158,Fibroblasts,4
19_19159,Plasma_IgG,10
19_19161,Tumor,12
19_19162,Tumor,12
19_19166,M1_macrophages,7
19_19167,Tumor,12
19_19168,Tumor,12
19_19169,Tumor,12
19_19171,Plasma_IgG,10
19_19172,Tumor,12
19_19174,Tumor,12
19_19175,Tumor,12
19_19177,Tumor,12
19_19178,Tumor,12
19_19179,Tumor,12
19_19180,Plasma_IgG,10
19_19181,Fibroblasts,4
19_19182,M1_macrophages,7
19_19183,M1_macrophages,7
19_19184,Tumor,12
19_19185,Tumor,12
19_19187,Tumor,12
19_19188,unknown,14
19_19189,Tumor,12
19_19190,Plasma_IgG,10
19_19191,unknown,14
19_19192,Tumor,12
19_19196,Plasma_IgG,10
19_19197,Tumor,12
19_19199,Tumor,12
19_19200,Tumor,12
19_19206,Plasma_IgG,10
19_19207,Tumor,12
19_19210,unknown,14
19_19211,Tumor,12
19_19213,Plasma_IgG,10
19_19214,Tumor,12
19_19215,Tumor,12
19_19216,Tumor,12
19_19223,Tumor,12
19_19224,M1_macrophages,7
19_19225,Tumor,12
19_19226,Tumor,12
19_19228,Tumor,12
19_19229,Tumor,12
19_19231,Tumor,12
19_19232,Plasma_IgG,10
19_19234,M1_macrophages,7
19_19235,Plasma_IgG,10
19_19236,Tumor,12
19_19237,unknown,14
19_19238,unknown,14
19_19239,Tumor,12
19_19242,Tumor,12
19_19243,Tumor,12
19_19244,Tumor,12
19_19246,Tumor,12
19_19253,Tumor,12
19_19256,Plasma_IgG,10
19_19258,CAM,1
19_19259,Plasma_IgG,10
19_19260,Tumor,12
19_19262,Tumor,12
19_19263,M1_macrophages,7
19_19264,Fibroblasts,4
19_19265,Plasma_IgG,10
19_19266,Plasma_IgG,10
19_19269,Plasma_IgG,10
19_19270,Plasma_IgG,10
19_19273,T_cell,11
19_19278,M1_macrophages,7
19_19279,Plasma_IgG,10
19_19281,Tumor,12
19_19282,Tumor,12
19_19283,Tumor,12
19_19284,Tumor,12
19_19288,CAF,0
19_19289,CAF,0
19_19291,Tumor,12
19_19292,Fibroblasts,4
19_19293,Tumor,12
19_19294,Tumor,12
19_19295,Plasma_IgG,10
19_19298,unknown,14
19_19300,CAM,1
19_19302,Tumor,12
19_19305,Plasma_IgG,10
19_19306,CAM,1
19_19307,M1_macrophages,7
19_19309,Tumor,12
19_19312,Tumor_Keratin_Pearl,13
19_19313,Tumor,12
19_19314,Tumor,12
19_19315,Tumor,12
19_19316,Tumor,12
19_19317,Tumor,12
19_19318,Tumor,12
19_19326,Tumor,12
19_19327,Tumor,12
19_19329,M1_macrophages,7
19_19330,Tumor,12
19_19332,Tumor,12
19_19334,CAM,1
19_19338,M1_macrophages,7
19_19340,Tumor_Keratin_Pearl,13
19_19341,Tumor,12
19_19345,CAF,0
19_19346,Tumor,12
19_19347,Tumor,12
19_19351,Fibroblasts,4
19_19353,Tumor,12
19_19354,Tumor,12
19_19359,Tumor,12
19_19360,Tumor,12
19_19362,Germinal_Center_Plasma_IgM_B_cell,5
19_19363,CAF,0
19_19365,Tumor,12
19_19366,Tumor,12
19_19367,Tumor,12
19_19369,Fibroblasts,4
19_19370,M1_macrophages,7
19_19371,Tumor,12
19_19372,Tumor,12
19_19379,M1_macrophages,7
19_19380,Tumor,12
19_19381,Tumor_Keratin_Pearl,13
19_19382,Tumor,12
19_19383,Tumor,12
19_19384,Tumor,12
19_19385,Tumor,12
19_19386,CAF,0
19_19391,Plasma_IgG,10
19_19393,Tumor,12
19_19397,M1_macrophages,7
19_19398,CAM,1
19_19399,Tumor,12
19_19400,Plasma_IgG,10
19_19401,Tumor,12
19_19403,Tumor,12
19_19404,Tumor,12
19_19407,Tumor,12
19_19409,Tumor,12
19_19410,Tumor,12
19_19415,M1_macrophages,7
19_19416,Tumor,12
19_19417,Tumor,12
19_19418,Tumor,12
19_19419,Tumor_Keratin_Pearl,13
19_19422,M1_macrophages,7
19_19423,Tumor,12
19_19424,Tumor,12
19_19425,Tumor,12
19_19426,Tumor,12
19_19427,Tumor,12
19_19428,Tumor,12
19_19432,Plasma_IgG,10
19_19433,Plasma_IgG,10
19_19434,CAM,1
19_19435,Tumor,12
19_19436,Tumor,12
19_19437,Plasma_IgG,10
19_19439,Germinal_Center_Plasma_IgM_B_cell,5
19_19441,CAF,0
19_19443,Tumor,12
19_19445,Tumor,12
19_19446,Tumor,12
19_19447,Tumor,12
19_19448,Plasma_IgG,10
19_19449,Plasma_IgG,10
19_19450,Tumor,12
19_19451,Tumor,12
19_19452,Plasma_IgG,10
19_19454,Tumor,12
19_19455,Tumor,12
19_19456,Tumor,12
19_19457,Tumor,12
19_19458,Plasma_IgG,10
19_19460,High_Endothelial_Venules,6
19_19461,M1_macrophages,7
19_19462,M1_macrophages,7
19_19463,Plasma_IgG,10
19_19464,Tumor,12
19_19467,M1_macrophages,7
19_19468,Plasma_IgA,9
19_19470,CAM,1
19_19472,Tumor,12
19_19473,Tumor,12
19_19475,Tumor,12
19_19476,Plasma_IgG,10
19_19480,High_Endothelial_Venules,6
19_19481,Plasma_IgG,10
19_19483,CAM,1
19_19484,Tumor,12
19_19487,Tumor,12
19_19492,Plasma_IgG,10
19_19493,Tumor,12
19_19494,M1_macrophages,7
19_19496,Tumor,12
19_19499,Tumor,12
19_19501,Tumor,12
19_19502,Tumor,12
19_19506,Plasma_IgG,10
19_19512,Tumor,12
19_19516,M1_macrophages,7
19_19518,Tumor,12
19_19519,Tumor,12
19_19522,M1_macrophages,7
19_19524,Tumor,12
19_19525,Tumor,12
19_19526,CAF,0
19_19527,Tumor,12
19_19529,Tumor,12
19_19530,M1_macrophages,7
19_19531,Plasma_IgG,10
19_19534,CAF,0
19_19535,Tumor,12
19_19536,M1_macrophages,7
19_19537,Plasma_IgG,10
19_19538,Plasma_IgA,9
19_19539,Tumor,12
19_19540,Plasma_IgG,10
19_19544,CAM,1
19_19545,CAM,1
19_19546,Tumor,12
19_19549,CAF,0
19_19550,Plasma_IgG,10
19_19551,Tumor,12
19_19552,Tumor,12
19_19554,Plasma_IgG,10
19_19555,Tumor,12
19_19558,CAF,0
19_19559,Plasma_IgG,10
19_19560,Tumor,12
19_19561,Tumor,12
19_19563,Plasma_IgG,10
19_19564,Plasma_IgG,10
19_19565,Plasma_IgG,10
19_19572,Tumor_Keratin_Pearl,13
19_19573,Tumor,12
19_19574,Fibroblasts,4
19_19575,Tumor,12
19_19576,Tumor,12
19_19577,Tumor,12
19_19580,Tumor,12
19_19584,Tumor,12
19_19585,M1_macrophages,7
19_19587,Plasma_IgG,10
19_19588,Tumor,12
19_19590,Fibroblasts,4
19_19592,Tumor_Keratin_Pearl,13
19_19593,Tumor,12
19_19594,Tumor,12
19_19596,Tumor,12
19_19598,Tumor,12
19_19599,unknown,14
19_19600,Tumor,12
19_19601,CAM,1
19_19603,CAF,0
19_19604,Tumor,12
19_19609,Plasma_IgG,10
19_19610,Tumor,12
19_19611,Tumor,12
19_19612,Tumor,12
19_19613,Tumor,12
19_19614,Tumor,12
19_19622,Plasma_IgG,10
19_19623,M1_macrophages,7
19_19624,CAM,1
19_19625,Tumor,12
19_19628,CAF,0
19_19629,M1_macrophages,7
19_19630,Tumor,12
19_19631,Tumor,12
19_19632,Tumor,12
19_19634,CAF,0
19_19635,M1_macrophages,7
19_19636,Plasma_IgG,10
19_19637,Tumor,12
19_19640,CAM,1
19_19641,CAF,0
19_19642,Tumor,12
19_19643,Tumor,12
19_19644,Tumor,12
19_19645,Tumor,12
19_19647,Fibroblasts,4
19_19648,Plasma_IgG,10
19_19649,Plasma_IgG,10
19_19650,Plasma_IgG,10
19_19651,Tumor,12
19_19653,Tumor_Keratin_Pearl,13
19_19654,Tumor,12
19_19655,Tumor,12
19_19658,Tumor,12
19_19662,Tumor,12
19_19667,Tumor,12
19_19668,Tumor,12
19_19669,Tumor,12
19_19671,Tumor,12
19_19673,Tumor,12
19_19675,Plasma_IgG,10
19_19676,Plasma_IgG,10
19_19680,Fibroblasts,4
19_19683,M1_macrophages,7
19_19685,Tumor,12
19_19686,Tumor,12
19_19689,M1_macrophages,7
19_19690,Tumor,12
19_19691,Tumor,12
19_19695,Tumor,12
19_19699,Tumor,12
19_19701,Fibroblasts,4
19_19703,unknown,14
19_19704,Plasma_IgG,10
19_19705,Tumor,12
19_19706,Tumor,12
19_19709,CAM,1
19_19710,Tumor,12
19_19713,Fibroblasts,4
19_19714,M1_macrophages,7
19_19715,Plasma_IgG,10
19_19716,CAM,1
19_19717,CAM,1
19_19718,Tumor,12
19_19719,Tumor,12
19_19720,Fibroblasts,4
19_19722,CAF,0
19_19723,Tumor,12
19_19724,Tumor,12
19_19726,Tumor,12
19_19727,Tumor,12
19_19728,Tumor,12
19_19729,Tumor,12
19_19731,Plasma_IgG,10
19_19732,Tumor,12
19_19733,Tumor,12
19_19734,Tumor,12
19_19737,Fibroblasts,4
19_19739,Tumor,12
19_19740,Tumor,12
19_19741,Tumor,12
19_19743,Plasma_IgG,10
19_19744,Plasma_IgG,10
19_19745,Tumor,12
19_19746,CAF,0
19_19747,Tumor,12
19_19752,M1_macrophages,7
19_19753,CAF,0
19_19755,Tumor,12
19_19756,Tumor,12
19_19760,Tumor,12
19_19761,Fibroblasts,4
19_19763,Tumor,12
19_19764,Plasma_IgG,10
19_19765,Tumor,12
19_19768,Tumor,12
19_19772,High_Endothelial_Venules,6
19_19773,Tumor,12
19_19775,M1_macrophages,7
19_19776,Tumor_Keratin_Pearl,13
19_19782,Plasma_IgG,10
19_19788,Plasma_IgG,10
19_19789,CAF,0
19_19791,Tumor,12
19_19792,Tumor,12
19_19793,Tumor,12
19_19799,M1_macrophages,7
19_19807,Tumor,12
19_19810,CAM,1
19_19811,Tumor,12
19_19812,Tumor,12
19_19813,Tumor,12
19_19817,Tumor,12
19_19819,Tumor,12
19_19823,Fibroblasts,4
19_19824,Tumor,12
19_19825,Tumor,12
19_19826,Tumor,12
19_19829,Plasma_IgG,10
19_19830,CAM,1
19_19836,Fibroblasts,4
19_19837,CAF,0
19_19838,CAM,1
19_19840,Tumor,12
19_19843,Plasma_IgG,10
19_19844,Tumor,12
19_19845,Tumor,12
19_19847,Germinal_Center_Plasma_IgM_B_cell,5
19_19848,CAF,0
19_19849,CAF,0
19_19850,M1_macrophages,7
19_19851,Plasma_IgG,10
19_19854,Fibroblasts,4
19_19855,M1_macrophages,7
19_19856,CAF,0
19_19860,Plasma_IgG,10
19_19861,Plasma_IgG,10
19_19862,CAF,0
19_19867,Tumor,12
19_19868,Plasma_IgG,10
19_19869,Tumor,12
19_19870,Tumor,12
19_19871,Fibroblasts,4
19_19872,Fibroblasts,4
19_19873,Tumor,12
19_19875,Tumor,12
19_19876,Tumor,12
19_19880,Plasma_IgG,10
19_19881,Tumor,12
19_19882,CAF,0
19_19886,Tumor,12
19_19888,Tumor,12
19_19891,CAF,0
19_19892,Plasma_IgG,10
19_19893,Tumor,12
19_19894,Tumor,12
19_19897,CAF,0
19_19898,Tumor,12
19_19899,CAM,1
19_19900,Tumor,12
19_19901,Plasma_IgG,10
19_19903,Plasma_IgG,10
19_19904,Plasma_IgG,10
19_19905,Tumor,12
19_19908,Fibroblasts,4
19_19910,CAF,0
19_19911,Tumor,12
19_19914,Tumor,12
19_19915,Tumor,12
19_19918,CAF,0
19_19919,Tumor,12
19_19921,Tumor,12
19_19926,CAF,0
19_19927,Tumor,12
19_19928,unknown,14
19_19931,Tumor,12
19_19932,Tumor,12
19_19933,Tumor,12
19_19934,Tumor,12
19_19935,Tumor,12
19_19936,CAM,1
19_19940,M1_macrophages,7
19_19941,Plasma_IgG,10
19_19942,Tumor,12
19_19943,Tumor,12
19_19944,Tumor,12
19_19945,Tumor,12
19_19947,Plasma_IgG,10
19_19948,Tumor,12
19_19949,Tumor,12
19_19952,Tumor,12
19_19955,M1_macrophages,7
19_19959,Fibroblasts,4
19_19960,Tumor,12
19_19962,CAM,1
19_19964,CAM,1
19_19965,CAF,0
19_19969,Tumor,12
19_19970,Tumor,12
19_19974,Plasma_IgG,10
19_19975,CAF,0
19_19976,CAF,0
19_19977,Tumor,12
19_19980,unknown,14
19_19981,CAF,0
19_19982,CAF,0
19_19983,Tumor,12
19_19987,M1_macrophages,7
19_19989,Tumor,12
19_19993,Tumor,12
19_19994,Plasma_IgG,10
19_19995,Tumor,12
19_19999,unknown,14
19_20000,Tumor,12
19_20006,Fibroblasts,4
19_20007,Tumor,12
19_20008,Tumor,12
19_20011,Fibroblasts,4
19_20012,M1_macrophages,7
19_20013,Tumor,12
19_20014,CAM,1
19_20016,Tumor,12
19_20018,Fibroblasts,4
19_20019,Plasma_IgG,10
19_20021,Plasma_IgG,10
19_20023,Tumor,12
19_20027,Fibroblasts,4
19_20029,Plasma_IgG,10
19_20030,Plasma_IgG,10
19_20032,CAM,1
19_20035,unknown,14
19_20036,M1_macrophages,7
19_20037,Tumor,12
19_20038,T_cell,11
19_20039,Plasma_IgG,10
19_20040,Tumor,12
19_20041,Tumor,12
19_20045,Tumor,12
19_20046,Plasma_IgG,10
19_20054,Tumor,12
19_20055,Tumor,12
19_20061,Tumor,12
19_20062,CAF,0
19_20063,Tumor,12
19_20067,CAF,0
19_20069,Tumor,12
19_20072,Fibroblasts,4
19_20073,Tumor,12
19_20074,Tumor,12
19_20075,Tumor,12
19_20076,Tumor,12
19_20077,CAM,1
19_20079,Plasma_IgG,10
19_20080,Tumor,12
19_20081,Tumor,12
19_20082,Tumor,12
19_20087,Tumor,12
19_20088,Tumor,12
19_20089,Tumor,12
19_20092,M1_macrophages,7
19_20093,Tumor,12
19_20097,Plasma_IgG,10
19_20098,Tumor,12
19_20099,Plasma_IgG,10
19_20101,Tumor,12
19_20102,Tumor,12
19_20105,Plasma_IgG,10
19_20106,Tumor,12
19_20107,Tumor,12
19_20111,Tumor,12
19_20116,Fibroblasts,4
19_20117,M1_macrophages,7
19_20118,Fibroblasts,4
19_20120,Plasma_IgG,10
19_20121,Tumor,12
19_20123,Tumor,12
19_20125,Plasma_IgG,10
19_20126,Tumor,12
19_20127,Tumor,12
19_20129,M1_macrophages,7
19_20130,Plasma_IgG,10
19_20131,Plasma_IgG,10
19_20133,Plasma_IgG,10
19_20136,Plasma_IgG,10
19_20139,CAM,1
19_20140,Tumor,12
19_20141,CAF,0
19_20142,CAF,0
19_20144,High_Endothelial_Venules,6
19_20145,Tumor,12
19_20146,Tumor,12
19_20150,Tumor,12
19_20152,Tumor,12
19_20153,Tumor,12
19_20154,Tumor,12
19_20155,Tumor,12
19_20156,Tumor,12
19_20157,Tumor,12
19_20159,CAF,0
19_20160,Tumor,12
19_20161,Tumor,12
19_20163,Fibroblasts,4
19_20164,Tumor,12
19_20166,Tumor,12
19_20169,Tumor,12
19_20170,CAF,0
19_20171,Tumor,12
19_20176,CAM,1
19_20177,Tumor,12
19_20178,Tumor,12
19_20180,Fibroblasts,4
19_20181,Plasma_IgG,10
19_20182,Tumor,12
19_20183,Tumor,12
19_20184,Tumor,12
19_20187,M1_macrophages,7
19_20188,CAF,0
19_20189,Tumor,12
19_20192,Plasma_IgG,10
19_20194,Tumor,12
19_20200,CAF,0
19_20201,Tumor,12
19_20206,Tumor,12
19_20207,M1_macrophages,7
19_20208,Plasma_IgG,10
19_20211,Plasma_IgG,10
19_20212,Tumor,12
19_20213,Tumor,12
19_20216,Plasma_IgG,10
19_20217,Tumor,12
19_20218,Tumor,12
19_20219,Tumor,12
19_20224,Tumor,12
19_20225,Plasma_IgG,10
19_20227,Tumor,12
19_20228,Tumor,12
19_20232,Tumor,12
19_20237,M1_macrophages,7
19_20238,Plasma_IgG,10
19_20239,CAF,0
19_20240,Tumor,12
19_20241,Tumor,12
19_20245,CAM,1
19_20246,Tumor,12
19_20247,Tumor,12
19_20249,Tumor,12
19_20250,Tumor,12
19_20251,Tumor,12
19_20254,High_Endothelial_Venules,6
19_20255,Plasma_IgG,10
19_20256,Tumor,12
19_20258,Tumor,12
19_20262,Tumor,12
19_20266,Tumor,12
19_20268,Tumor,12
19_20271,Plasma_IgG,10
19_20274,M1_macrophages,7
19_20275,Fibroblasts,4
19_20276,Plasma_IgG,10
19_20277,Tumor,12
19_20278,Tumor,12
19_20281,Tumor,12
19_20282,Tumor,12
19_20283,Plasma_IgG,10
19_20285,CAM,1
19_20286,CAF,0
19_20287,Tumor,12
19_20290,Tumor,12
19_20291,M1_macrophages,7
19_20292,Tumor,12
19_20295,M1_macrophages,7
19_20297,Tumor,12
19_20298,Plasma_IgG,10
19_20299,Tumor,12
19_20303,Plasma_IgG,10
19_20304,CAF,0
19_20305,Tumor,12
19_20306,Tumor,12
19_20307,Tumor,12
19_20310,Tumor,12
19_20311,Tumor,12
19_20316,Tumor,12
19_20317,Tumor,12
19_20318,Tumor,12
19_20322,Plasma_IgG,10
19_20323,Tumor,12
19_20324,Tumor,12
19_20325,Tumor,12
19_20327,CAF,0
19_20328,Tumor,12
19_20329,Plasma_IgG,10
19_20330,Fibroblasts,4
19_20331,Tumor,12
19_20332,Tumor,12
19_20334,Fibroblasts,4
19_20335,Plasma_IgG,10
19_20336,CAF,0
19_20337,Tumor,12
19_20339,CAM,1
19_20342,M1_macrophages,7
19_20343,M1_macrophages,7
19_20344,Tumor,12
19_20345,Tumor,12
19_20346,Tumor,12
19_20349,Tumor,12
19_20350,Tumor,12
19_20356,Tumor,12
19_20357,Plasma_IgG,10
19_20360,M1_macrophages,7
19_20361,CAF,0
19_20368,CAM,1
19_20369,Tumor,12
19_20370,Tumor,12
19_20372,Fibroblasts,4
19_20373,Plasma_IgG,10
19_20374,Tumor,12
19_20375,Tumor,12
19_20382,Tumor,12
19_20383,Plasma_IgG,10
19_20384,Plasma_IgG,10
19_20386,Tumor,12
19_20389,Tumor,12
19_20390,Tumor,12
19_20396,Fibroblasts,4
19_20398,Plasma_IgG,10
19_20399,CAF,0
19_20401,Tumor,12
19_20402,Tumor,12
19_20403,Tumor,12
19_20406,M1_macrophages,7
19_20410,CAF,0
19_20411,M1_macrophages,7
19_20415,Tumor,12
19_20416,Tumor,12
19_20418,M1_macrophages,7
19_20419,Fibroblasts,4
19_20420,CAF,0
19_20421,Tumor,12
19_20422,Plasma_IgG,10
19_20424,Tumor,12
19_20427,Fibroblasts,4
19_20428,Plasma_IgG,10
19_20429,Tumor,12
19_20431,Tumor,12
19_20432,Tumor,12
19_20435,CAF,0
19_20436,Tumor_Keratin_Pearl,13
19_20438,Plasma_IgG,10
19_20439,Plasma_IgG,10
19_20440,Tumor,12
19_20441,Tumor,12
19_20443,Tumor,12
19_20445,Tumor,12
19_20448,Plasma_IgG,10
19_20449,Plasma_IgG,10
19_20450,CAF,0
19_20451,Tumor,12
19_20452,Tumor,12
19_20453,Tumor,12
19_20456,unknown,14
19_20460,M1_macrophages,7
19_20461,Tumor,12
19_20465,Tumor,12
19_20466,Tumor,12
19_20469,Plasma_IgG,10
19_20470,Plasma_IgG,10
19_20471,Plasma_IgG,10
19_20472,Plasma_IgG,10
19_20473,Tumor,12
19_20474,Tumor,12
19_20477,Plasma_IgG,10
19_20478,Tumor,12
19_20479,Tumor,12
19_20483,Tumor,12
19_20484,unknown,14
19_20485,Tumor,12
19_20488,Fibroblasts,4
19_20489,Plasma_IgG,10
19_20491,M1_macrophages,7
19_20492,CAF,0
19_20493,Tumor,12
19_20494,Plasma_IgG,10
19_20495,Tumor,12
19_20496,CAM,1
19_20498,Plasma_IgG,10
19_20499,Tumor,12
19_20500,Tumor,12
19_20502,Tumor,12
19_20510,CAM,1
19_20511,Germinal_Center_Plasma_IgM_B_cell,5
19_20512,Plasma_IgG,10
19_20513,Tumor,12
19_20516,Tumor,12
19_20518,Plasma_IgG,10
19_20519,Tumor,12
19_20521,CAM,1
19_20525,Plasma_IgG,10
19_20526,Fibroblasts,4
19_20527,Plasma_IgG,10
19_20528,Tumor,12
19_20529,Tumor,12
19_20530,Tumor,12
19_20534,Tumor,12
19_20536,M1_macrophages,7
19_20537,CAM,1
19_20538,Tumor,12
19_20539,Tumor,12
19_20543,CAF,0
19_20544,Tumor,12
19_20545,Tumor,12
19_20549,M1_macrophages,7
19_20550,Tumor,12
19_20552,CAM,1
19_20555,CAF,0
19_20556,Tumor,12
19_20558,unknown,14
19_20559,Tumor,12
19_20563,Tumor,12
19_20564,Tumor,12
19_20566,Plasma_IgG,10
19_20567,CAM,1
19_20568,Tumor,12
19_20569,Tumor,12
19_20570,Tumor,12
19_20571,Tumor,12
19_20574,Tumor,12
19_20575,Tumor,12
19_20576,Tumor,12
19_20577,M1_macrophages,7
19_20579,Plasma_IgG,10
19_20580,CAF,0
19_20581,CAM,1
19_20582,M1_macrophages,7
19_20584,M1_macrophages,7
19_20585,Tumor,12
19_20587,Plasma_IgG,10
19_20588,M1_macrophages,7
19_20592,Tumor,12
19_20594,Germinal_Center_Plasma_IgM_B_cell,5
19_20595,M1_macrophages,7
19_20596,Plasma_IgG,10
19_20597,Tumor,12
19_20602,CAF,0
19_20603,CAF,0
19_20604,CAM,1
19_20605,Tumor,12
19_20607,Tumor,12
19_20609,Tumor,12
19_20611,Tumor,12
19_20612,Tumor,12
19_20615,Plasma_IgG,10
19_20616,Tumor,12
19_20618,Plasma_IgG,10
19_20619,CAM,1
19_20625,Tumor,12
19_20631,Plasma_IgG,10
19_20632,Tumor,12
19_20633,Tumor,12
19_20637,Tumor,12
19_20638,Tumor,12
19_20642,M1_macrophages,7
19_20643,Tumor,12
19_20644,Tumor,12
19_20645,Tumor,12
19_20646,Tumor,12
19_20650,M1_macrophages,7
19_20651,CAF,0
19_20652,Tumor,12
19_20653,Tumor,12
19_20655,Tumor,12
19_20656,Tumor,12
19_20657,Plasma_IgG,10
19_20659,M1_macrophages,7
19_20661,Tumor,12
19_20662,Tumor,12
19_20665,Tumor_Keratin_Pearl,13
19_20667,Fibroblasts,4
19_20668,M1_macrophages,7
19_20669,Plasma_IgG,10
19_20670,CAF,0
19_20671,Tumor,12
19_20674,Plasma_IgG,10
19_20675,CAF,0
19_20676,Tumor,12
19_20679,Fibroblasts,4
19_20680,M1_macrophages,7
19_20681,Tumor,12
19_20682,Tumor,12
19_20684,Tumor,12
19_20689,CAF,0
19_20690,Tumor,12
19_20691,Tumor,12
19_20694,CAF,0
19_20697,Tumor,12
19_20700,Tumor,12
19_20704,Tumor,12
19_20705,Plasma_IgA,9
19_20706,Tumor,12
19_20707,Tumor,12
19_20708,Tumor,12
19_20709,CAF,0
19_20713,Fibroblasts,4
19_20714,M1_macrophages,7
19_20716,Plasma_IgG,10
19_20718,Plasma_IgG,10
19_20719,Tumor,12
19_20721,Tumor,12
19_20722,Plasma_IgG,10
19_20723,CAF,0
19_20726,CAM,1
19_20727,Tumor,12
19_20728,Tumor,12
19_20731,Plasma_IgG,10
19_20733,Plasma_IgG,10
19_20737,Plasma_IgG,10
19_20741,Tumor,12
19_20742,Tumor,12
19_20750,Tumor,12
19_20751,Tumor,12
19_20752,Tumor,12
19_20753,Tumor,12
19_20758,M1_macrophages,7
19_20759,M1_macrophages,7
19_20763,Plasma_IgA,9
19_20766,Tumor,12
19_20767,CAM,1
19_20768,Tumor,12
19_20769,CAF,0
19_20770,Tumor,12
19_20771,Tumor,12
19_20778,Tumor,12
19_20779,Tumor,12
19_20781,High_Endothelial_Venules,6
19_20782,Tumor,12
19_20783,Tumor,12
19_20784,Tumor,12
19_20788,CAF,0
19_20789,CAF,0
19_20790,Tumor,12
19_20791,Tumor,12
19_20792,Tumor,12
19_20794,Plasma_IgG,10
19_20795,Plasma_IgG,10
19_20796,Tumor,12
19_20797,Tumor,12
19_20800,Plasma_IgG,10
19_20801,Tumor,12
19_20802,Tumor,12
19_20803,Tumor,12
19_20806,Tumor,12
19_20807,Tumor,12
19_20808,Tumor,12
19_20809,Tumor,12
19_20810,Tumor,12
19_20814,M1_macrophages,7
19_20815,Tumor,12
19_20817,Plasma_IgG,10
19_20820,Tumor,12
19_20824,M1_macrophages,7
19_20825,Tumor,12
19_20826,Tumor,12
19_20831,Fibroblasts,4
19_20836,CAF,0
19_20838,Fibroblasts,4
19_20839,Tumor,12
19_20840,unknown,14
19_20841,unknown,14
19_20843,M1_macrophages,7
19_20845,CAF,0
19_20846,Tumor,12
19_20847,Tumor,12
19_20848,Tumor,12
19_20849,High_Endothelial_Venules,6
19_20850,CAF,0
19_20851,Tumor,12
19_20853,Plasma_IgG,10
19_20854,T_cell,11
19_20858,Tumor,12
19_20860,M1_macrophages,7
19_20865,Fibroblasts,4
19_20866,Plasma_IgA,9
19_20867,Tumor,12
19_20868,Tumor,12
19_20869,CAF,0
19_20870,Tumor,12
19_20871,Tumor,12
19_20872,Tumor,12
19_20873,Tumor,12
19_20878,High_Endothelial_Venules,6
19_20879,Tumor,12
19_20881,CAF,0
19_20885,Plasma_IgA,9
19_20886,Plasma_IgG,10
19_20887,Tumor,12
19_20888,Tumor,12
19_20889,Tumor,12
19_20892,CAF,0
19_20893,Tumor,12
19_20897,Tumor,12
19_20899,Tumor,12
19_20902,CAF,0
19_20903,Tumor,12
19_20904,Tumor,12
19_20905,Tumor,12
19_20907,Tumor,12
19_20908,Tumor,12
19_20909,Tumor,12
19_20911,Tumor,12
19_20913,Tumor,12
19_20914,Tumor,12
19_20915,Tumor,12
19_20917,CAF,0
19_20922,Tumor,12
19_20927,Plasma_IgG,10
19_20928,CAF,0
19_20930,Tumor,12
19_20931,Tumor,12
19_20933,Tumor,12
19_20935,Plasma_IgG,10
19_20936,Tumor,12
19_20937,Tumor,12
19_20939,Tumor,12
19_20941,Plasma_IgG,10
19_20943,Tumor,12
19_20944,Plasma_IgG,10
19_20946,M1_macrophages,7
19_20948,Plasma_IgG,10
19_20950,Tumor,12
19_20958,Tumor,12
19_20960,Tumor,12
19_20961,Tumor,12
19_20963,Tumor,12
19_20964,Tumor,12
19_20966,Tumor,12
19_20970,M1_macrophages,7
19_20971,Tumor,12
19_20972,Tumor,12
19_20973,Tumor,12
19_20975,M1_macrophages,7
19_20976,High_Endothelial_Venules,6
19_20979,Plasma_IgG,10
19_20980,Tumor,12
19_20981,Tumor,12
19_20983,CAF,0
19_20984,Tumor,12
19_20985,Plasma_IgG,10
19_20986,Tumor,12
19_20987,Plasma_IgG,10
19_20989,Tumor,12
19_20990,Tumor,12
19_20992,CAF,0
19_20993,Tumor,12
19_20994,Tumor,12
19_20995,Tumor,12
19_20997,Tumor,12
19_20998,M1_macrophages,7
19_20999,Tumor,12
19_21000,Tumor,12
19_21001,Tumor,12
19_21002,Tumor,12
19_21003,Fibroblasts,4
19_21004,Tumor,12
19_21005,Tumor,12
19_21006,Tumor,12
19_21010,CAF,0
19_21012,Plasma_IgG,10
19_21013,M1_macrophages,7
19_21017,Tumor,12
19_21019,Tumor,12
19_21020,Tumor,12
19_21022,CAF,0
19_21029,Tumor,12
19_21031,Tumor,12
19_21032,Tumor,12
19_21033,Tumor,12
19_21036,Fibroblasts,4
19_21037,CAF,0
19_21038,Tumor,12
19_21039,Plasma_IgG,10
19_21041,Tumor,12
19_21043,Tumor,12
19_21045,Tumor,12
19_21046,Tumor,12
19_21052,M1_macrophages,7
19_21053,Tumor,12
19_21054,CAF,0
19_21055,Tumor,12
19_21057,Tumor,12
19_21058,Tumor,12
19_21060,M1_macrophages,7
19_21061,Plasma_IgG,10
19_21062,M1_macrophages,7
19_21063,Tumor,12
19_21064,Tumor,12
19_21066,Tumor,12
19_21068,CAF,0
19_21070,CAF,0
19_21071,Tumor,12
19_21073,Plasma_IgG,10
19_21074,Plasma_IgG,10
19_21077,Tumor,12
19_21078,Tumor,12
19_21080,Tumor,12
19_21081,Tumor,12
19_21083,Tumor,12
19_21086,Plasma_IgG,10
19_21087,Tumor,12
19_21088,Tumor,12
19_21091,Tumor,12
19_21100,M1_macrophages,7
19_21104,Tumor,12
19_21110,Plasma_IgG,10
19_21111,Tumor,12
19_21114,Tumor,12
19_21115,Plasma_IgG,10
19_21116,Plasma_IgG,10
19_21117,CAF,0
19_21118,Tumor,12
19_21120,Tumor,12
19_21123,Tumor,12
19_21124,Tumor,12
19_21125,Tumor,12
19_21128,CAF,0
19_21129,unknown,14
19_21130,Tumor,12
19_21131,Plasma_IgG,10
19_21133,Tumor,12
19_21134,Tumor,12
19_21135,Tumor,12
19_21136,Tumor,12
19_21139,Tumor,12
19_21140,Plasma_IgG,10
19_21142,High_Endothelial_Venules,6
19_21143,CAF,0
19_21144,CAM,1
19_21148,Fibroblasts,4
19_21150,Tumor,12
19_21153,Tumor,12
19_21154,Tumor,12
19_21156,M1_macrophages,7
19_21157,High_Endothelial_Venules,6
19_21158,CAF,0
19_21159,CAF,0
19_21168,Tumor,12
19_21169,Tumor,12
19_21171,CAF,0
19_21172,Plasma_IgG,10
19_21173,Tumor,12
19_21174,Plasma_IgG,10
19_21181,Plasma_IgG,10
19_21182,Tumor,12
19_21185,Tumor,12
19_21187,Tumor,12
19_21193,Plasma_IgG,10
19_21194,Plasma_IgG,10
19_21195,Tumor,12
19_21196,Tumor,12
19_21197,Tumor,12
19_21199,M1_macrophages,7
19_21201,Tumor,12
19_21202,Tumor,12
19_21204,Plasma_IgG,10
19_21206,CAF,0
19_21208,Tumor,12
19_21211,Tumor,12
19_21212,Tumor,12
19_21213,Tumor,12
19_21215,M1_macrophages,7
19_21217,Plasma_IgG,10
19_21219,M1_macrophages,7
19_21220,Tumor,12
19_21222,Plasma_IgG,10
19_21225,Tumor,12
19_21226,M1_macrophages,7
19_21227,High_Endothelial_Venules,6
19_21228,Tumor,12
19_21232,Tumor,12
19_21233,CAF,0
19_21234,Tumor,12
19_21238,Tumor,12
19_21240,Plasma_IgG,10
19_21242,Tumor,12
19_21243,Tumor,12
19_21244,Plasma_IgG,10
19_21245,Plasma_IgG,10
19_21246,unknown,14
19_21247,Tumor,12
19_21248,Tumor,12
19_21250,unknown,14
19_21252,Tumor,12
19_21253,Tumor,12
19_21255,CAF,0
19_21256,Tumor,12
19_21257,Tumor,12
19_21261,Tumor,12
19_21263,Tumor,12
19_21264,M1_macrophages,7
19_21265,Tumor,12
19_21266,Tumor,12
19_21267,T_cell,11
19_21268,Tumor,12
19_21270,Plasma_IgG,10
19_21272,Tumor,12
19_21276,Tumor,12
19_21282,Tumor,12
19_21283,Tumor,12
19_21284,Tumor,12
19_21288,CAF,0
19_21289,CAM,1
19_21291,M1_macrophages,7
19_21292,CAF,0
19_21294,Tumor,12
19_21297,CAF,0
19_21298,Tumor,12
19_21299,CAF,0
19_21300,Tumor,12
19_21301,M1_macrophages,7
19_21302,Plasma_IgG,10
19_21303,Plasma_IgG,10
19_21305,M1_macrophages,7
19_21306,Tumor,12
19_21307,Tumor,12
19_21310,M1_macrophages,7
19_21311,Plasma_IgG,10
19_21312,Plasma_IgG,10
19_21315,unknown,14
19_21317,Tumor,12
19_21318,Tumor,12
19_21322,Plasma_IgG,10
19_21325,Tumor,12
19_21327,Tumor,12
19_21329,Plasma_IgG,10
19_21331,Tumor,12
19_21333,CAF,0
19_21334,Tumor,12
19_21335,Tumor,12
19_21339,Tumor,12
19_21342,High_Endothelial_Venules,6
19_21343,Tumor,12
19_21345,M1_macrophages,7
19_21347,Plasma_IgG,10
19_21349,Tumor,12
19_21350,Tumor,12
19_21351,Tumor,12
19_21353,Plasma_IgG,10
19_21354,Tumor,12
19_21355,Tumor,12
19_21356,Tumor,12
19_21358,unknown,14
19_21360,Tumor,12
19_21361,Plasma_IgG,10
19_21363,Tumor,12
19_21364,Tumor,12
19_21365,CAF,0
19_21366,Tumor,12
19_21367,Tumor,12
19_21368,Tumor,12
19_21370,Plasma_IgG,10
19_21371,Plasma_IgG,10
19_21373,CAF,0
19_21375,Tumor,12
19_21376,Tumor,12
19_21378,Tumor,12
19_21379,Tumor,12
19_21380,Tumor,12
19_21381,M1_macrophages,7
19_21382,Tumor,12
19_21383,Tumor,12
19_21384,Tumor,12
19_21385,Tumor,12
19_21387,Plasma_IgG,10
19_21388,Germinal_Center_Plasma_IgM_B_cell,5
19_21389,CAF,0
19_21391,CAF,0
19_21393,Tumor,12
19_21394,Tumor,12
19_21400,Plasma_IgG,10
19_21401,Tumor,12
19_21402,Tumor,12
19_21403,Tumor,12
19_21406,Tumor,12
19_21407,CAM,1
19_21411,Plasma_IgG,10
19_21412,Tumor,12
19_21413,Tumor,12
19_21414,Tumor,12
19_21415,Fibroblasts,4
19_21416,Fibroblasts,4
19_21417,Tumor,12
19_21418,Tumor,12
19_21421,Plasma_IgG,10
19_21423,CAM,1
19_21424,Tumor,12
19_21425,Plasma_IgG,10
19_21428,Germinal_Center_Plasma_IgM_B_cell,5
19_21429,Plasma_IgG,10
19_21430,Plasma_IgG,10
19_21431,Tumor,12
19_21433,M1_macrophages,7
19_21434,Tumor,12
19_21438,High_Endothelial_Venules,6
19_21439,Plasma_IgG,10
19_21440,Plasma_IgG,10
19_21441,Tumor,12
19_21443,Tumor,12
19_21444,Tumor,12
19_21446,Plasma_IgG,10
19_21450,Fibroblasts,4
19_21451,CAF,0
19_21456,CAF,0
19_21458,CAF,0
19_21459,Tumor,12
19_21460,Tumor,12
19_21466,Fibroblasts,4
19_21467,Tumor,12
19_21468,Tumor,12
19_21471,Tumor,12
19_21472,Tumor,12
19_21473,Plasma_IgG,10
19_21476,Tumor,12
19_21477,Tumor,12
19_21479,CAF,0
19_21481,Tumor,12
19_21482,Tumor,12
19_21484,Tumor,12
19_21487,Tumor,12
19_21488,Tumor,12
19_21491,Plasma_IgG,10
19_21492,Tumor,12
19_21493,Plasma_IgG,10
19_21494,Tumor,12
19_21495,Tumor,12
19_21498,Tumor,12
19_21499,Tumor,12
19_21500,Tumor,12
19_21502,Tumor,12
19_21506,Plasma_IgG,10
19_21508,Plasma_IgG,10
19_21509,Plasma_IgG,10
19_21510,Tumor,12
19_21511,Tumor,12
19_21512,Tumor,12
19_21513,Tumor,12
19_21514,Tumor,12
19_21522,unknown,14
19_21524,Plasma_IgG,10
19_21525,CAM,1
19_21526,High_Endothelial_Venules,6
19_21527,Tumor,12
19_21531,Tumor,12
19_21533,Tumor,12
19_21537,M1_macrophages,7
19_21538,M1_macrophages,7
19_21539,Tumor,12
19_21540,Plasma_IgG,10
19_21541,Plasma_IgG,10
19_21542,Tumor,12
19_21543,Tumor,12
19_21547,Plasma_IgG,10
19_21548,Tumor,12
19_21549,Tumor,12
19_21550,Tumor,12
19_21551,Tumor,12
19_21552,Tumor,12
19_21553,Plasma_IgG,10
19_21557,High_Endothelial_Venules,6
19_21558,M1_macrophages,7
19_21559,Tumor,12
19_21562,T_cell,11
19_21564,Tumor,12
19_21566,M1_macrophages,7
19_21567,Plasma_IgG,10
19_21568,Plasma_IgG,10
19_21569,Tumor,12
19_21570,Tumor,12
19_21574,CAF,0
19_21575,CAF,0
19_21576,Tumor,12
19_21578,Tumor,12
19_21579,Tumor,12
19_21580,Tumor,12
19_21581,Tumor,12
19_21582,Tumor,12
19_21585,Tumor,12
19_21586,Tumor,12
19_21589,Fibroblasts,4
19_21590,Tumor,12
19_21591,Plasma_IgG,10
19_21592,Tumor,12
19_21593,CAF,0
19_21594,Tumor,12
19_21595,Tumor,12
19_21596,Tumor,12
19_21600,CAF,0
19_21601,Plasma_IgG,10
19_21602,Tumor,12
19_21603,Tumor,12
19_21604,Tumor,12
19_21608,Plasma_IgG,10
19_21609,Tumor,12
19_21610,CAF,0
19_21611,Plasma_IgG,10
19_21612,Plasma_IgG,10
19_21614,Fibroblasts,4
19_21619,Tumor,12
19_21621,High_Endothelial_Venules,6
19_21622,Tumor,12
19_21623,M1_macrophages,7
19_21625,Tumor,12
19_21626,CAF,0
19_21628,Fibroblasts,4
19_21629,Tumor,12
19_21630,Tumor,12
19_21632,Tumor,12
19_21633,Tumor,12
19_21634,CAF,0
19_21635,Plasma_IgG,10
19_21636,Tumor,12
19_21637,Tumor,12
19_21639,Plasma_IgG,10
19_21640,Tumor,12
19_21641,CAM,1
19_21643,CAF,0
19_21646,Plasma_IgG,10
19_21647,Tumor,12
19_21648,M1_macrophages,7
19_21649,Germinal_Center_Plasma_IgM_B_cell,5
19_21650,Tumor,12
19_21651,Tumor,12
19_21653,Tumor,12
19_21654,Tumor,12
19_21655,Tumor,12
19_21658,Tumor,12
19_21659,CAF,0
19_21660,Tumor,12
19_21661,Plasma_IgG,10
19_21662,Tumor,12
19_21663,CAM,1
19_21664,M1_macrophages,7
19_21665,Tumor,12
19_21666,Tumor,12
19_21668,Tumor,12
19_21674,Tumor,12
19_21676,Tumor,12
19_21677,High_Endothelial_Venules,6
19_21678,Tumor,12
19_21679,Plasma_IgG,10
19_21681,M1_macrophages,7
19_21682,High_Endothelial_Venules,6
19_21683,Plasma_IgG,10
19_21684,Plasma_IgG,10
19_21686,M1_macrophages,7
19_21687,Tumor,12
19_21688,Tumor,12
19_21691,M1_macrophages,7
19_21692,T_cell,11
19_21693,Fibroblasts,4
19_21694,Tumor,12
19_21696,Plasma_IgG,10
19_21697,Tumor,12
19_21698,Tumor,12
19_21702,Tumor,12
19_21703,CAM,1
19_21705,Tumor,12
19_21706,Tumor,12
19_21707,CAF,0
19_21708,Tumor,12
19_21709,Plasma_IgG,10
19_21710,Tumor,12
19_21711,Tumor,12
19_21715,Plasma_IgG,10
19_21716,Tumor,12
19_21717,Tumor,12
19_21721,High_Endothelial_Venules,6
19_21725,Tumor,12
19_21727,M1_macrophages,7
19_21728,Plasma_IgG,10
19_21729,Tumor,12
19_21730,Tumor,12
19_21731,Tumor,12
19_21732,Tumor,12
19_21733,Plasma_IgG,10
19_21735,CAM,1
19_21736,Tumor,12
19_21737,High_Endothelial_Venules,6
19_21738,Tumor,12
19_21740,CAF,0
19_21746,Tumor,12
19_21749,unknown,14
19_21750,Tumor,12
19_21752,Tumor,12
19_21754,Plasma_IgG,10
19_21755,Tumor,12
19_21758,Tumor,12
19_21761,Plasma_IgG,10
19_21762,Tumor,12
19_21764,Fibroblasts,4
19_21765,Plasma_IgG,10
19_21770,Plasma_IgG,10
19_21772,Tumor,12
19_21777,Plasma_IgG,10
19_21778,Plasma_IgG,10
19_21779,Tumor,12
19_21780,Tumor,12
19_21782,Tumor,12
19_21786,M1_macrophages,7
19_21787,Tumor,12
19_21788,Tumor,12
19_21789,Tumor,12
19_21790,CAF,0
19_21791,M1_macrophages,7
19_21793,Plasma_IgG,10
19_21794,Plasma_IgG,10
19_21795,Tumor,12
19_21796,Tumor,12
19_21797,High_Endothelial_Venules,6
19_21798,M1_macrophages,7
19_21799,Plasma_IgG,10
19_21800,Tumor,12
19_21801,Tumor,12
19_21803,Tumor,12
19_21809,Tumor,12
19_21810,Tumor,12
19_21815,Tumor,12
19_21819,Tumor,12
19_21823,Plasma_IgG,10
19_21824,Tumor,12
19_21825,CAF,0
19_21826,Tumor,12
19_21827,Tumor,12
19_21828,Tumor,12
19_21832,Tumor,12
19_21833,CAF,0
19_21834,CAM,1
19_21835,T_cell,11
19_21836,Tumor,12
19_21837,Plasma_IgG,10
19_21838,CAF,0
19_21839,Tumor,12
19_21847,M1_macrophages,7
19_21848,unknown,14
19_21850,Fibroblasts,4
19_21851,Tumor,12
19_21852,Tumor,12
19_21853,Tumor,12
19_21857,unknown,14
19_21858,Plasma_IgG,10
19_21859,Plasma_IgG,10
19_21860,Tumor,12
19_21861,Tumor,12
19_21863,T_cell,11
19_21864,Fibroblasts,4
19_21865,unknown,14
19_21866,Tumor,12
19_21868,Plasma_IgG,10
19_21870,Tumor,12
19_21872,Tumor,12
19_21873,Tumor,12
19_21874,Tumor,12
19_21877,CAF,0
19_21878,Tumor,12
19_21880,Tumor,12
19_21883,Fibroblasts,4
19_21884,Fibroblasts,4
19_21885,Tumor,12
19_21886,Tumor,12
19_21887,Tumor,12
19_21889,Tumor,12
19_21892,Tumor,12
19_21893,Tumor,12
19_21894,Tumor,12
19_21898,Plasma_IgG,10
19_21899,Plasma_IgG,10
19_21904,unknown,14
19_21905,T_cell,11
19_21908,Tumor,12
19_21909,Plasma_IgG,10
19_21910,Tumor,12
19_21912,Tumor,12
19_21914,Tumor,12
19_21915,Germinal_Center_Plasma_IgM_B_cell,5
19_21916,CAF,0
19_21917,Tumor,12
19_21921,Tumor,12
19_21924,unknown,14
19_21926,Fibroblasts,4
19_21927,Plasma_IgG,10
19_21929,Tumor,12
19_21932,CAF,0
19_21934,Plasma_IgG,10
19_21935,M1_macrophages,7
19_21939,Tumor,12
19_21945,Plasma_IgG,10
19_21946,CAF,0
19_21947,Tumor,12
19_21951,Tumor,12
19_21952,Tumor,12
19_21953,Plasma_IgG,10
19_21954,Tumor,12
19_21955,Tumor,12
19_21956,Tumor,12
19_21957,Tumor,12
19_21960,CAF,0
19_21961,Tumor,12
19_21962,Tumor,12
19_21963,T_cell,11
19_21964,Plasma_IgG,10
19_21965,Tumor,12
19_21970,Tumor,12
19_21971,CAF,0
19_21972,Tumor,12
19_21975,Plasma_IgG,10
19_21977,Tumor,12
19_21978,Tumor,12
19_21979,Tumor,12
19_21985,Plasma_IgG,10
19_21986,Tumor_Keratin_Pearl,13
19_21987,Tumor,12
19_21993,CAF,0
19_21994,Tumor,12
19_21997,Germinal_Center_Plasma_IgM_B_cell,5
19_21998,M1_macrophages,7
19_22001,Tumor,12
19_22002,Tumor,12
19_22008,Plasma_IgG,10
19_22010,T_cell,11
19_22011,Tumor,12
19_22013,Plasma_IgG,10
19_22014,Tumor,12
19_22017,Fibroblasts,4
19_22019,unknown,14
19_22020,Plasma_IgG,10
19_22021,Tumor,12
19_22022,M1_macrophages,7
19_22023,M1_macrophages,7
19_22024,unknown,14
19_22025,Plasma_IgG,10
19_22027,Tumor,12
19_22028,Tumor,12
19_22030,Plasma_IgG,10
19_22031,Tumor,12
19_22032,Tumor,12
19_22035,Tumor,12
19_22037,unknown,14
19_22038,Plasma_IgG,10
19_22039,Tumor,12
19_22040,Tumor,12
19_22042,Germinal_Center_Plasma_IgM_B_cell,5
19_22045,Tumor,12
19_22047,Tumor,12
19_22048,Tumor,12
19_22049,Tumor,12
19_22052,Tumor,12
19_22053,Plasma_IgG,10
19_22054,Tumor,12
19_22055,Tumor,12
19_22056,Tumor,12
19_22057,Tumor,12
19_22059,CAF,0
19_22060,CAF,0
19_22061,Tumor,12
19_22062,Tumor,12
19_22069,Tumor,12
19_22071,unknown,14
19_22072,M1_macrophages,7
19_22073,Tumor,12
19_22074,Tumor,12
19_22075,Tumor,12
19_22076,Tumor,12
19_22079,Fibroblasts,4
19_22081,M1_macrophages,7
19_22084,Plasma_IgG,10
19_22089,unknown,14
19_22090,CAF,0
19_22093,M1_macrophages,7
19_22094,Tumor,12
19_22096,Plasma_IgG,10
19_22097,Tumor,12
19_22100,Plasma_IgG,10
19_22105,Plasma_IgG,10
19_22107,Tumor,12
19_22108,Tumor,12
19_22110,Tumor,12
19_22114,M1_macrophages,7
19_22115,M1_macrophages,7
19_22118,M1_macrophages,7
19_22120,Tumor,12
19_22121,Tumor,12
19_22122,M1_macrophages,7
19_22123,Tumor,12
19_22124,CAF,0
19_22125,Tumor,12
19_22126,Tumor,12
19_22130,Fibroblasts,4
19_22131,unknown,14
19_22133,Tumor,12
19_22134,Tumor,12
19_22135,Tumor,12
19_22138,Fibroblasts,4
19_22139,CAF,0
19_22140,Tumor,12
19_22143,Tumor,12
19_22144,Plasma_IgG,10
19_22145,Plasma_IgG,10
19_22146,CAF,0
19_22149,Tumor,12
19_22150,Tumor,12
19_22154,Fibroblasts,4
19_22155,M1_macrophages,7
19_22157,Tumor,12
19_22161,Tumor,12
19_22162,High_Endothelial_Venules,6
19_22163,Tumor,12
19_22164,Tumor,12
19_22166,CAF,0
19_22167,Tumor,12
19_22168,Plasma_IgG,10
19_22170,Tumor,12
19_22172,Tumor,12
19_22173,Tumor,12
19_22176,Plasma_IgG,10
19_22177,Tumor,12
19_22178,Tumor,12
19_22181,M1_macrophages,7
19_22183,Plasma_IgG,10
19_22184,Tumor,12
19_22189,Tumor,12
19_22198,Tumor,12
19_22199,Tumor,12
19_22200,Tumor,12
19_22205,Tumor,12
19_22208,M1_macrophages,7
19_22209,Plasma_IgG,10
19_22210,CAF,0
19_22212,Plasma_IgG,10
19_22213,Tumor,12
19_22214,Tumor,12
19_22216,unknown,14
19_22217,Tumor,12
19_22218,Tumor,12
19_22219,Plasma_IgG,10
19_22220,Tumor,12
19_22221,Plasma_IgG,10
19_22223,Plasma_IgG,10
19_22224,Tumor,12
19_22225,Tumor,12
19_22226,Tumor,12
19_22227,Tumor,12
19_22228,M1_macrophages,7
19_22229,Plasma_IgG,10
19_22231,Tumor,12
19_22236,Tumor,12
19_22240,Fibroblasts,4
19_22241,Plasma_IgG,10
19_22242,Plasma_IgG,10
19_22243,Tumor,12
19_22244,Tumor,12
19_22247,Plasma_IgG,10
19_22248,Tumor,12
19_22250,unknown,14
19_22251,Tumor,12
19_22252,Plasma_IgG,10
19_22253,Plasma_IgG,10
19_22256,Tumor,12
19_22257,Tumor,12
19_22263,High_Endothelial_Venules,6
19_22267,High_Endothelial_Venules,6
19_22269,Tumor,12
19_22271,Plasma_IgG,10
19_22272,Tumor,12
19_22273,CAF,0
19_22274,Tumor,12
19_22276,Plasma_IgG,10
19_22277,High_Endothelial_Venules,6
19_22278,M1_macrophages,7
19_22279,CAF,0
19_22280,CAF,0
19_22282,Tumor,12
19_22283,Tumor,12
19_22284,Tumor,12
19_22287,High_Endothelial_Venules,6
19_22288,Plasma_IgG,10
19_22289,Tumor,12
19_22298,Tumor,12
19_22299,Germinal_Center_Plasma_IgM_B_cell,5
19_22300,Tumor,12
19_22303,Tumor,12
19_22304,M1_macrophages,7
19_22305,Tumor,12
19_22306,Tumor,12
19_22308,M1_macrophages,7
19_22309,Fibroblasts,4
19_22310,M1_macrophages,7
19_22311,Plasma_IgG,10
19_22312,Plasma_IgG,10
19_22316,unknown,14
19_22317,Tumor,12
19_22318,Tumor,12
19_22320,Fibroblasts,4
19_22322,Tumor,12
19_22325,Tumor,12
19_22327,Tumor,12
19_22328,Tumor,12
19_22332,Tumor,12
19_22334,Tumor,12
19_22336,Tumor,12
19_22339,Plasma_IgA,9
19_22340,M1_macrophages,7
19_22342,Tumor,12
19_22343,M1_macrophages,7
19_22347,Tumor,12
19_22348,Tumor,12
19_22352,High_Endothelial_Venules,6
19_22353,Fibroblasts,4
19_22354,Tumor,12
19_22355,CAF,0
19_22356,Tumor,12
19_22360,CAF,0
19_22361,Tumor,12
19_22364,Fibroblasts,4
19_22365,M1_macrophages,7
19_22366,Tumor,12
19_22367,Tumor,12
19_22369,CAF,0
19_22370,Tumor,12
19_22371,Tumor,12
19_22372,Tumor,12
19_22379,M1_macrophages,7
19_22380,M1_macrophages,7
19_22381,Tumor,12
19_22385,Plasma_IgG,10
19_22386,Tumor,12
19_22388,Fibroblasts,4
19_22389,M1_macrophages,7
19_22391,Tumor,12
19_22392,Tumor,12
19_22393,Tumor,12
19_22400,Tumor,12
19_22401,Tumor,12
19_22402,CAM,1
19_22410,Fibroblasts,4
19_22411,Plasma_IgG,10
19_22412,Plasma_IgG,10
19_22413,Tumor,12
19_22414,Tumor,12
19_22418,Fibroblasts,4
19_22419,High_Endothelial_Venules,6
19_22420,Plasma_IgG,10
19_22421,Tumor,12
19_22422,Tumor,12
19_22426,Tumor,12
19_22428,Tumor,12
19_22431,M1_macrophages,7
19_22432,M1_macrophages,7
19_22433,unknown,14
19_22434,CAF,0
19_22436,Tumor,12
19_22441,Germinal_Center_Plasma_IgM_B_cell,5
19_22442,Tumor,12
19_22445,Tumor,12
19_22446,Tumor,12
19_22447,unknown,14
19_22449,Tumor,12
19_22450,Tumor,12
19_22451,M1_macrophages,7
19_22452,Tumor,12
19_22453,Tumor,12
19_22455,M1_macrophages,7
19_22456,Plasma_IgG,10
19_22457,Plasma_IgG,10
19_22458,Tumor,12
19_22459,Tumor,12
19_22463,CAF,0
19_22464,Tumor,12
19_22465,Tumor,12
19_22467,Plasma_IgG,10
19_22472,Plasma_IgG,10
19_22474,Tumor,12
19_22475,Tumor,12
19_22476,Tumor,12
19_22478,Tumor,12
19_22479,Tumor,12
19_22480,Tumor,12
19_22481,Tumor,12
19_22482,Tumor,12
19_22483,CAM,1
19_22486,High_Endothelial_Venules,6
19_22487,Fibroblasts,4
19_22488,Tumor,12
19_22489,Tumor,12
19_22491,Tumor,12
19_22496,Tumor,12
19_22497,Tumor,12
19_22500,Plasma_IgG,10
19_22501,Tumor,12
19_22502,Fibroblasts,4
19_22503,T_cell,11
19_22505,Plasma_IgG,10
19_22506,CAF,0
19_22507,Tumor,12
19_22508,Tumor,12
19_22509,M1_macrophages,7
19_22510,Fibroblasts,4
19_22511,CAF,0
19_22512,Tumor,12
19_22513,Tumor,12
19_22514,Tumor,12
19_22515,Tumor,12
19_22517,M1_macrophages,7
19_22518,unknown,14
19_22519,Tumor,12
19_22522,Tumor,12
19_22523,CAF,0
19_22524,Tumor,12
19_22526,Plasma_IgG,10
19_22535,unknown,14
19_22540,CAF,0
19_22541,M1_macrophages,7
19_22542,M1_macrophages,7
19_22543,Tumor,12
19_22548,Tumor,12
19_22550,Plasma_IgG,10
19_22551,Plasma_IgG,10
19_22552,Tumor,12
19_22553,Tumor,12
19_22556,Plasma_IgG,10
19_22557,Tumor,12
19_22559,T_cell,11
19_22561,Tumor,12
19_22563,Plasma_IgG,10
19_22564,Tumor,12
19_22569,Tumor,12
19_22570,Tumor,12
19_22571,Tumor,12
19_22573,High_Endothelial_Venules,6
19_22575,M1_macrophages,7
19_22576,High_Endothelial_Venules,6
19_22578,M1_macrophages,7
19_22580,Tumor,12
19_22584,Fibroblasts,4
19_22586,Tumor,12
19_22587,CAF,0
19_22588,Plasma_IgG,10
19_22589,CAM,1
19_22596,Plasma_IgG,10
19_22601,Germinal_Center_Plasma_IgM_B_cell,5
19_22602,CAF,0
19_22603,Tumor,12
19_22604,Tumor,12
19_22605,CAM,1
19_22607,M1_macrophages,7
19_22608,High_Endothelial_Venules,6
19_22609,T_cell,11
19_22610,Tumor,12
19_22611,Tumor,12
19_22616,M1_macrophages,7
19_22618,Tumor,12
19_22619,CAM,1
19_22621,Tumor,12
19_22622,Tumor,12
19_22623,CAF,0
19_22631,M1_macrophages,7
19_22632,High_Endothelial_Venules,6
19_22633,Plasma_IgG,10
19_22634,Fibroblasts,4
19_22635,CAF,0
19_22636,Tumor,12
19_22639,Plasma_IgG,10
19_22640,Tumor,12
19_22643,Plasma_IgG,10
19_22646,Plasma_IgA,9
19_22647,Tumor,12
19_22651,unknown,14
19_22652,Tumor,12
19_22654,Tumor,12
19_22656,Tumor,12
19_22657,Tumor,12
19_22658,Tumor,12
19_22659,Tumor,12
19_22664,T_cell,11
19_22665,Germinal_Center_Plasma_IgM_B_cell,5
19_22667,Tumor,12
19_22668,Tumor,12
19_22669,Tumor,12
19_22671,CAF,0
19_22672,Tumor,12
19_22678,M1_macrophages,7
19_22680,Tumor,12
19_22681,CAF,0
19_22682,Tumor,12
19_22683,Tumor,12
19_22684,Tumor,12
19_22687,M1_macrophages,7
19_22688,M1_macrophages,7
19_22689,Tumor,12
19_22690,Tumor,12
19_22693,Tumor,12
19_22697,Tumor,12
19_22698,Tumor,12
19_22701,M1_macrophages,7
19_22704,Tumor,12
19_22705,Tumor,12
19_22706,Tumor,12
19_22707,unknown,14
19_22708,Tumor,12
19_22710,Tumor,12
19_22711,Tumor,12
19_22713,Tumor,12
19_22714,Tumor,12
19_22715,Tumor,12
19_22717,Tumor,12
19_22718,Tumor,12
19_22720,M1_macrophages,7
19_22721,Tumor,12
19_22722,Plasma_IgG,10
19_22726,Tumor,12
19_22727,Plasma_IgA,9
19_22728,Fibroblasts,4
19_22729,Tumor,12
19_22730,Tumor,12
19_22732,Fibroblasts,4
19_22733,Tumor,12
19_22735,M1_macrophages,7
19_22738,Plasma_IgG,10
19_22739,Tumor,12
19_22740,Tumor,12
19_22741,Tumor,12
19_22743,M1_macrophages,7
19_22744,Tumor,12
19_22746,CAF,0
19_22747,CAF,0
19_22750,M1_macrophages,7
19_22751,M1_macrophages,7
19_22752,Tumor,12
19_22754,Tumor,12
19_22756,Tumor,12
19_22757,Tumor,12
19_22760,High_Endothelial_Venules,6
19_22761,Plasma_IgG,10
19_22762,Tumor,12
19_22763,Tumor,12
19_22764,Plasma_IgG,10
19_22765,Tumor,12
19_22766,Tumor,12
19_22767,Tumor,12
19_22770,Tumor,12
19_22771,Tumor,12
19_22772,CAF,0
19_22773,Tumor,12
19_22774,Tumor,12
19_22775,Tumor,12
19_22776,Tumor,12
19_22779,Tumor,12
19_22780,Tumor,12
19_22781,Tumor,12
19_22784,Fibroblasts,4
19_22785,Tumor,12
19_22786,Tumor,12
19_22789,Plasma_IgG,10
19_22790,High_Endothelial_Venules,6
19_22791,Fibroblasts,4
19_22792,Tumor,12
19_22793,Tumor,12
19_22794,Tumor,12
19_22797,M1_macrophages,7
19_22798,Tumor,12
19_22799,Tumor,12
19_22801,Tumor,12
19_22802,Tumor,12
19_22803,Plasma_IgG,10
19_22807,CAF,0
19_22810,Tumor,12
19_22812,Plasma_IgG,10
19_22816,M1_macrophages,7
19_22817,High_Endothelial_Venules,6
19_22819,High_Endothelial_Venules,6
19_22820,Tumor,12
19_22821,Fibroblasts,4
19_22822,Tumor,12
19_22823,Tumor,12
19_22824,Tumor,12
19_22826,Tumor,12
19_22827,Tumor,12
19_22828,Tumor,12
19_22834,M1_macrophages,7
19_22836,Tumor,12
19_22837,Tumor,12
19_22838,Tumor,12
19_22839,High_Endothelial_Venules,6
19_22840,Tumor,12
19_22842,High_Endothelial_Venules,6
19_22843,High_Endothelial_Venules,6
19_22844,Plasma_IgG,10
19_22845,Tumor,12
19_22846,Tumor,12
19_22847,Tumor,12
19_22848,Tumor,12
19_22849,CAF,0
19_22850,Tumor,12
19_22851,Tumor,12
19_22852,CAM,1
19_22853,Tumor,12
19_22855,Tumor,12
19_22859,Tumor,12
19_22860,Tumor,12
19_22863,Tumor,12
19_22864,Tumor,12
19_22865,Tumor,12
19_22866,Tumor,12
19_22870,High_Endothelial_Venules,6
19_22871,Tumor,12
19_22872,Tumor,12
19_22874,Tumor,12
19_22877,High_Endothelial_Venules,6
19_22879,Tumor,12
19_22880,Tumor,12
19_22883,Tumor,12
19_22884,CAM,1
19_22888,Tumor,12
19_22890,Tumor,12
19_22891,Tumor,12
19_22892,M1_macrophages,7
19_22893,CAF,0
19_22894,Tumor,12
19_22896,High_Endothelial_Venules,6
19_22897,High_Endothelial_Venules,6
19_22901,Tumor,12
19_22902,Tumor,12
19_22903,CAF,0
19_22904,Tumor,12
19_22905,Tumor,12
19_22910,Tumor,12
19_22912,Fibroblasts,4
19_22914,Tumor,12
19_22917,High_Endothelial_Venules,6
19_22918,Tumor,12
19_22919,Tumor,12
19_22921,Plasma_IgG,10
19_22922,Tumor,12
19_22923,CAM,1
19_22924,Tumor,12
19_22926,Fibroblasts,4
19_22927,CAF,0
19_22928,Tumor,12
19_22930,Tumor,12
19_22933,Tumor,12
19_22934,Tumor,12
19_22938,Plasma_IgG,10
19_22939,Tumor,12
19_22940,Tumor,12
19_22942,CAF,0
19_22943,Fibroblasts,4
19_22945,Tumor,12
19_22946,Tumor,12
19_22951,Plasma_IgG,10
19_22955,Plasma_IgG,10
19_22956,CAF,0
19_22960,CAF,0
19_22961,Tumor,12
19_22964,Tumor,12
19_22965,Tumor,12
19_22967,Tumor,12
19_22968,Tumor,12
19_22969,Tumor,12
19_22970,CAM,1
19_22971,Tumor,12
19_22973,Tumor,12
19_22975,unknown,14
19_22976,Fibroblasts,4
19_22980,Tumor,12
19_22981,Tumor,12
19_22982,Plasma_IgG,10
19_22983,Plasma_IgG,10
19_22984,Tumor,12
19_22985,CAM,1
19_22989,CAF,0
19_22991,Tumor,12
19_22993,Tumor,12
19_22994,Tumor,12
19_22996,Plasma_IgG,10
19_22997,M1_macrophages,7
19_22998,Tumor,12
19_23000,M1_macrophages,7
19_23001,Tumor,12
19_23004,Tumor,12
19_23008,Plasma_IgG,10
19_23009,CAF,0
19_23010,Tumor,12
19_23013,Tumor,12
19_23015,Tumor,12
19_23016,Tumor,12
19_23021,CAF,0
19_23023,Tumor,12
19_23024,Tumor,12
19_23027,Tumor,12
19_23034,High_Endothelial_Venules,6
19_23035,Tumor,12
19_23036,Tumor,12
19_23038,Tumor,12
19_23039,Plasma_IgG,10
19_23040,Tumor,12
19_23041,Tumor,12
19_23046,M1_macrophages,7
19_23050,Plasma_IgG,10
19_23051,Tumor,12
19_23052,Tumor,12
19_23054,Plasma_IgG,10
19_23055,Tumor,12
19_23060,Plasma_IgG,10
19_23063,Plasma_IgG,10
19_23067,Plasma_IgG,10
19_23068,Plasma_IgG,10
19_23069,M1_macrophages,7
19_23070,Tumor,12
19_23071,Tumor,12
19_23073,Fibroblasts,4
19_23075,Fibroblasts,4
19_23076,Plasma_IgG,10
19_23078,Germinal_Center_Plasma_IgM_B_cell,5
19_23079,M1_macrophages,7
19_23081,CAF,0
19_23083,Tumor,12
19_23084,Plasma_IgG,10
19_23085,Tumor,12
19_23086,CAF,0
19_23087,Tumor,12
19_23088,Tumor,12
19_23089,Tumor,12
19_23091,CAF,0
19_23092,Tumor,12
19_23093,Tumor,12
19_23094,Tumor,12
19_23095,Tumor,12
19_23096,Tumor,12
19_23103,Fibroblasts,4
19_23104,Tumor,12
19_23105,Tumor,12
19_23106,Tumor,12
19_23107,Tumor,12
19_23109,Fibroblasts,4
19_23110,High_Endothelial_Venules,6
19_23111,CAF,0
19_23112,Tumor,12
19_23115,Fibroblasts,4
19_23116,Fibroblasts,4
19_23117,Tumor,12
19_23118,Tumor,12
19_23119,Tumor,12
19_23120,Tumor,12
19_23121,Tumor,12
19_23122,Tumor,12
19_23125,Tumor,12
19_23126,Tumor,12
19_23128,Tumor,12
19_23130,Plasma_IgG,10
19_23132,High_Endothelial_Venules,6
19_23137,Tumor,12
19_23143,Tumor,12
19_23144,Tumor,12
19_23145,Tumor,12
19_23147,M1_macrophages,7
19_23148,Tumor,12
19_23149,CAF,0
19_23150,Tumor,12
19_23154,Tumor,12
19_23155,Tumor,12
19_23156,CAM,1
19_23158,Tumor,12
19_23159,Tumor,12
19_23162,M1_macrophages,7
19_23167,Tumor,12
19_23168,Tumor,12
19_23175,High_Endothelial_Venules,6
19_23176,Tumor,12
19_23177,Tumor,12
19_23180,Tumor,12
19_23181,Tumor,12
19_23182,Tumor,12
19_23183,Tumor,12
19_23186,M1_macrophages,7
19_23187,Tumor,12
19_23188,Tumor,12
19_23190,Fibroblasts,4
19_23191,Tumor,12
19_23192,Tumor,12
19_23194,Tumor,12
19_23198,CAF,0
19_23204,Plasma_IgG,10
19_23205,Fibroblasts,4
19_23208,unknown,14
19_23213,High_Endothelial_Venules,6
19_23214,Tumor,12
19_23215,Tumor,12
19_23216,Tumor,12
19_23218,Tumor,12
19_23220,High_Endothelial_Venules,6
19_23221,High_Endothelial_Venules,6
19_23222,Tumor,12
19_23226,M1_macrophages,7
19_23227,Tumor,12
19_23228,Tumor,12
19_23229,Tumor,12
19_23232,M1_macrophages,7
19_23233,Tumor,12
19_23234,Tumor,12
19_23238,M1_macrophages,7
19_23239,Tumor,12
19_23240,Tumor,12
19_23242,Tumor,12
19_23243,Tumor,12
19_23244,Tumor,12
19_23245,Tumor,12
19_23248,Tumor,12
19_23252,High_Endothelial_Venules,6
19_23253,Fibroblasts,4
19_23254,Tumor,12
19_23255,CAM,1
19_23257,Plasma_IgG,10
19_23259,Tumor,12
19_23263,High_Endothelial_Venules,6
19_23264,Tumor,12
19_23267,Tumor,12
19_23268,CAF,0
19_23274,T_cell,11
19_23275,Tumor,12
19_23276,Tumor,12
19_23278,Tumor,12
19_23279,Tumor,12
19_23280,Tumor,12
19_23281,Tumor,12
19_23282,Tumor,12
19_23289,M1_macrophages,7
19_23290,Plasma_IgG,10
19_23293,Tumor,12
19_23297,Plasma_IgG,10
19_23298,Fibroblasts,4
19_23299,Tumor,12
19_23300,CAF,0
19_23301,Plasma_IgG,10
19_23302,Plasma_IgG,10
19_23303,Tumor,12
19_23304,Tumor,12
19_23306,Tumor,12
19_23307,Plasma_IgG,10
19_23308,Fibroblasts,4
19_23310,Tumor,12
19_23311,Tumor,12
19_23315,CAF,0
19_23316,Tumor,12
19_23320,Fibroblasts,4
19_23321,Tumor,12
19_23322,Tumor,12
19_23323,Tumor,12
19_23325,Tumor,12
19_23327,Tumor,12
19_23335,Tumor,12
19_23337,Tumor,12
19_23339,Plasma_IgG,10
19_23340,Tumor,12
19_23341,M1_macrophages,7
19_23342,Tumor,12
19_23343,unknown,14
19_23347,M1_macrophages,7
19_23349,Tumor,12
19_23353,Tumor,12
19_23360,CAF,0
19_23361,Tumor,12
19_23362,Tumor,12
19_23363,Tumor,12
19_23365,unknown,14
19_23366,Tumor,12
19_23369,Fibroblasts,4
19_23370,Tumor,12
19_23372,Fibroblasts,4
19_23373,Tumor,12
19_23374,Plasma_IgG,10
19_23375,Tumor,12
19_23376,Tumor,12
19_23380,unknown,14
19_23381,Fibroblasts,4
19_23382,Tumor,12
19_23383,Tumor,12
19_23385,M1_macrophages,7
19_23387,Tumor,12
19_23390,Fibroblasts,4
19_23391,Tumor,12
19_23394,Plasma_IgG,10
19_23395,Plasma_IgG,10
19_23396,Tumor,12
19_23397,Tumor,12
19_23398,Tumor,12
19_23399,Tumor,12
19_23400,Tumor,12
19_23403,M1_macrophages,7
19_23405,Tumor,12
19_23406,Tumor,12
19_23408,Fibroblasts,4
19_23409,Tumor,12
19_23410,CAF,0
19_23411,Tumor,12
19_23416,Tumor,12
19_23417,Fibroblasts,4
19_23418,CAF,0
19_23419,High_Endothelial_Venules,6
19_23420,Tumor,12
19_23421,CAF,0
19_23422,CAF,0
19_23423,Tumor,12
19_23424,Tumor,12
19_23427,Tumor,12
19_23429,Plasma_IgG,10
19_23430,Tumor,12
19_23431,Tumor,12
19_23432,Tumor,12
19_23438,Tumor,12
19_23441,Fibroblasts,4
19_23442,Tumor,12
19_23444,Tumor,12
19_23448,Tumor,12
19_23451,Tumor,12
19_23452,Tumor,12
19_23456,Tumor,12
19_23463,Tumor,12
19_23468,unknown,14
19_23469,M1_macrophages,7
19_23470,CAF,0
19_23474,High_Endothelial_Venules,6
19_23475,Tumor,12
19_23476,Tumor,12
19_23477,Tumor,12
19_23478,Tumor,12
19_23479,Tumor,12
19_23481,Tumor,12
19_23484,Plasma_IgG,10
19_23485,Plasma_IgG,10
19_23486,Tumor,12
19_23487,Tumor,12
19_23489,Tumor,12
19_23491,Tumor,12
19_23492,Tumor,12
19_23497,CAF,0
19_23498,Fibroblasts,4
19_23499,Tumor,12
19_23500,Tumor,12
19_23501,M1_macrophages,7
19_23502,Fibroblasts,4
19_23503,Tumor,12
19_23507,Plasma_IgG,10
19_23510,Tumor,12
19_23513,M1_macrophages,7
19_23514,Tumor,12
19_23519,M1_macrophages,7
19_23520,Tumor,12
19_23521,Tumor,12
19_23523,Tumor,12
19_23524,Tumor,12
19_23530,M1_macrophages,7
19_23531,Tumor,12
19_23532,CAF,0
19_23533,Tumor,12
19_23534,Plasma_IgG,10
19_23535,M1_macrophages,7
19_23537,Tumor,12
19_23541,Tumor,12
19_23542,Tumor,12
19_23543,Tumor,12
19_23547,Tumor,12
19_23548,Tumor,12
19_23552,unknown,14
19_23553,M1_macrophages,7
19_23554,Tumor,12
19_23555,Tumor,12
19_23558,Tumor,12
19_23559,Tumor,12
19_23560,Tumor,12
19_23561,Tumor,12
19_23562,Tumor,12
19_23564,Plasma_IgG,10
19_23565,Tumor,12
19_23566,Tumor,12
19_23567,Tumor,12
19_23569,Tumor,12
19_23570,Tumor,12
19_23571,Tumor,12
19_23572,Tumor,12
19_23573,Tumor,12
19_23574,Tumor,12
19_23575,Tumor,12
19_23578,Tumor,12
19_23581,Fibroblasts,4
19_23582,High_Endothelial_Venules,6
19_23583,M1_macrophages,7
19_23584,Tumor,12
19_23587,Tumor,12
19_23588,Tumor,12
19_23589,Tumor,12
19_23591,Tumor,12
19_23592,Tumor,12
19_23595,Fibroblasts,4
19_23596,Plasma_IgG,10
19_23600,Tumor,12
19_23601,Tumor,12
19_23602,Fibroblasts,4
19_23603,Tumor,12
19_23604,Tumor,12
19_23605,Tumor,12
19_23608,Tumor,12
19_23609,Tumor,12
19_23611,Tumor,12
19_23612,Tumor,12
19_23616,High_Endothelial_Venules,6
19_23618,Tumor,12
19_23619,Tumor,12
19_23620,CAF,0
19_23622,Tumor,12
19_23627,Tumor,12
19_23628,Tumor,12
19_23634,M1_macrophages,7
19_23637,Tumor,12
19_23638,Tumor,12
19_23640,Plasma_IgG,10
19_23641,Tumor,12
19_23642,Tumor,12
19_23643,Tumor,12
19_23645,High_Endothelial_Venules,6
19_23646,Plasma_IgG,10
19_23647,Tumor,12
19_23648,Tumor,12
19_23649,Tumor,12
19_23650,Tumor,12
19_23655,Tumor,12
19_23656,Tumor,12
19_23658,Tumor,12
19_23659,Plasma_IgG,10
19_23660,Tumor,12
19_23662,High_Endothelial_Venules,6
19_23663,Tumor,12
19_23664,Tumor,12
19_23669,M1_macrophages,7
19_23670,Tumor,12
19_23674,Fibroblasts,4
19_23675,Tumor,12
19_23677,CAF,0
19_23682,M1_macrophages,7
19_23683,Tumor,12
19_23684,Tumor,12
19_23687,M1_macrophages,7
19_23688,Tumor,12
19_23689,Tumor,12
19_23690,Tumor,12
19_23693,M1_macrophages,7
19_23694,M1_macrophages,7
19_23695,Tumor,12
19_23703,CAM,1
19_23704,Tumor,12
19_23705,Tumor,12
19_23712,CAF,0
19_23713,CAM,1
19_23714,CAM,1
19_23715,Tumor,12
19_23720,CAF,0
19_23721,Tumor,12
19_23722,Tumor,12
19_23723,M1_macrophages,7
19_23724,unknown,14
19_23725,Tumor,12
19_23726,Tumor,12
19_23727,Tumor,12
19_23728,Tumor,12
19_23731,Fibroblasts,4
19_23732,Fibroblasts,4
19_23735,M1_macrophages,7
19_23736,Tumor,12
19_23737,Tumor,12
19_23739,Plasma_IgG,10
19_23740,Tumor,12
19_23744,Tumor,12
19_23745,CAM,1
19_23746,Tumor,12
19_23749,Tumor,12
19_23753,Tumor,12
19_23754,Tumor,12
19_23756,Tumor,12
19_23757,Tumor,12
19_23760,Tumor,12
19_23761,Tumor,12
19_23762,Tumor,12
19_23763,Tumor,12
19_23764,Tumor,12
19_23766,unknown,14
19_23768,Fibroblasts,4
19_23769,Tumor,12
19_23770,CAF,0
19_23771,Tumor,12
19_23774,unknown,14
19_23775,Tumor,12
19_23776,Tumor,12
19_23780,Fibroblasts,4
19_23781,Tumor,12
19_23782,Tumor,12
19_23785,M1_macrophages,7
19_23790,Tumor,12
19_23791,Tumor,12
19_23795,CAF,0
19_23796,Tumor,12
19_23797,Tumor,12
19_23798,Tumor,12
19_23800,Tumor,12
19_23801,Tumor,12
19_23803,Tumor,12
19_23805,Fibroblasts,4
19_23806,Tumor,12
19_23807,Tumor,12
19_23809,Tumor,12
19_23810,Tumor,12
19_23813,Plasma_IgG,10
19_23815,High_Endothelial_Venules,6
19_23818,Tumor,12
19_23821,Tumor,12
19_23824,Plasma_IgG,10
19_23825,Tumor,12
19_23828,M1_macrophages,7
19_23829,Tumor,12
19_23830,Tumor,12
19_23831,Tumor,12
19_23833,M1_macrophages,7
19_23834,Tumor,12
19_23836,Tumor,12
19_23837,Tumor,12
19_23838,Tumor,12
19_23842,Tumor,12
19_23844,Tumor,12
19_23846,CAF,0
19_23849,Plasma_IgG,10
19_23850,Tumor,12
19_23851,Tumor,12
19_23853,Fibroblasts,4
19_23855,Tumor,12
19_23856,CAF,0
19_23861,Fibroblasts,4
19_23862,Tumor,12
19_23863,Tumor,12
19_23864,Tumor,12
19_23868,unknown,14
19_23869,CAF,0
19_23870,Tumor,12
19_23871,Tumor,12
19_23873,Tumor,12
19_23874,Tumor,12
19_23878,M1_macrophages,7
19_23879,Tumor,12
19_23880,Tumor,12
19_23881,Tumor,12
19_23884,Plasma_IgG,10
19_23885,Tumor,12
19_23886,Tumor,12
19_23887,Tumor,12
19_23888,Tumor,12
19_23889,Tumor,12
19_23890,Tumor,12
19_23893,Tumor,12
19_23894,Plasma_IgG,10
19_23895,Tumor,12
19_23899,M1_macrophages,7
19_23901,Tumor,12
19_23905,Tumor,12
19_23906,Plasma_IgG,10
19_23911,Tumor,12
19_23912,Tumor,12
19_23913,Tumor,12
19_23916,Tumor,12
19_23917,Plasma_IgG,10
19_23919,Tumor,12
19_23931,unknown,14
19_23932,Tumor,12
19_23933,Tumor,12
19_23934,Tumor,12
19_23935,Tumor,12
19_23936,Tumor,12
19_23938,Tumor,12
19_23939,CAF,0
19_23942,Tumor,12
19_23945,M1_macrophages,7
19_23947,Tumor,12
19_23948,Tumor,12
19_23951,Tumor,12
19_23952,Fibroblasts,4
19_23953,unknown,14
19_23954,Tumor,12
19_23955,Tumor,12
19_23956,Tumor,12
19_23961,Tumor,12
19_23964,Tumor,12
19_23965,Tumor,12
19_23967,Tumor,12
19_23969,Fibroblasts,4
19_23970,Tumor,12
19_23972,M1_macrophages,7
19_23973,Tumor,12
19_23974,Tumor,12
19_23977,M1_macrophages,7
19_23979,Tumor,12
19_23983,Tumor,12
19_23984,Tumor,12
19_23985,Tumor,12
19_23987,CAF,0
19_23988,Fibroblasts,4
19_23989,Tumor,12
19_23990,Tumor,12
19_23991,Tumor,12
19_23992,Tumor,12
19_23993,Tumor,12
19_23996,M1_macrophages,7
19_23997,CAM,1
19_23998,CAF,0
19_24005,M1_macrophages,7
19_24006,Plasma_IgG,10
19_24007,Tumor,12
19_24009,Tumor,12
19_24010,Tumor,12
19_24011,Tumor,12
19_24012,Tumor,12
19_24013,Plasma_IgG,10
19_24014,Tumor,12
19_24015,High_Endothelial_Venules,6
19_24016,unknown,14
19_24017,Tumor,12
19_24018,Tumor,12
19_24020,Tumor,12
19_24021,Tumor,12
19_24025,Plasma_IgG,10
19_24026,Tumor,12
19_24028,High_Endothelial_Venules,6
19_24031,CAF,0
19_24032,Tumor,12
19_24037,Fibroblasts,4
19_24038,Tumor,12
19_24039,Tumor,12
19_24040,Plasma_IgG,10
19_24041,Plasma_IgG,10
19_24044,Tumor,12
19_24046,M1_macrophages,7
19_24047,Plasma_IgG,10
19_24048,Tumor,12
19_24049,Tumor,12
19_24052,M1_macrophages,7
19_24053,CAF,0
19_24054,Tumor,12
19_24056,Tumor,12
19_24057,Tumor,12
19_24058,Tumor,12
19_24059,Tumor,12
19_24065,CAF,0
19_24066,Tumor,12
19_24067,Tumor,12
19_24068,CAF,0
19_24069,Tumor,12
19_24070,Tumor,12
19_24072,Tumor,12
19_24074,Tumor,12
19_24075,Tumor,12
19_24077,Tumor,12
19_24080,Tumor,12
19_24081,Tumor,12
19_24086,unknown,14
19_24087,Tumor,12
19_24089,Tumor,12
19_24092,Tumor,12
19_24093,Fibroblasts,4
19_24095,Tumor,12
19_24097,Tumor,12
19_24099,CAF,0
19_24100,Tumor,12
19_24102,Tumor,12
19_24103,Tumor,12
19_24104,Tumor,12
19_24107,Plasma_IgG,10
19_24108,Tumor,12
19_24109,CAF,0
19_24111,Tumor,12
19_24112,Tumor,12
19_24113,Tumor,12
19_24115,Tumor,12
19_24116,Tumor,12
19_24117,Tumor,12
19_24118,Tumor,12
19_24119,Tumor,12
19_24125,Fibroblasts,4
19_24126,Tumor,12
19_24127,Tumor,12
19_24128,Tumor,12
19_24130,Plasma_IgG,10
19_24131,Tumor,12
19_24132,Tumor,12
19_24136,Tumor,12
19_24137,Tumor,12
19_24138,Tumor,12
19_24142,Plasma_IgG,10
19_24143,Tumor,12
19_24145,CAF,0
19_24147,Tumor,12
19_24148,Tumor,12
19_24149,High_Endothelial_Venules,6
19_24150,Tumor,12
19_24151,Tumor,12
19_24152,CAF,0
19_24153,CAF,0
19_24156,CAF,0
19_24157,Plasma_IgG,10
19_24160,M1_macrophages,7
19_24161,Tumor,12
19_24163,CAF,0
19_24164,Tumor,12
19_24165,Tumor,12
19_24167,Plasma_IgG,10
19_24168,Tumor,12
19_24169,unknown,14
19_24170,Plasma_IgG,10
19_24171,CAF,0
19_24174,Fibroblasts,4
19_24175,M1_macrophages,7
19_24176,Tumor,12
19_24178,Tumor,12
19_24181,High_Endothelial_Venules,6
19_24182,unknown,14
19_24183,Tumor,12
19_24185,Tumor,12
19_24187,Tumor,12
19_24188,M1_macrophages,7
19_24189,Tumor,12
19_24192,Tumor,12
19_24193,Tumor,12
19_24194,Plasma_IgG,10
19_24195,Tumor,12
19_24198,Tumor,12
19_24199,Tumor,12
19_24200,M1_macrophages,7
19_24205,Tumor,12
19_24208,Plasma_IgG,10
19_24210,Tumor,12
19_24211,Tumor,12
19_24213,Plasma_IgG,10
19_24214,Tumor,12
19_24215,Plasma_IgG,10
19_24216,Tumor,12
19_24218,M1_macrophages,7
19_24219,M1_macrophages,7
19_24220,T_cell,11
19_24221,CAF,0
19_24225,Tumor,12
19_24226,Tumor,12
19_24228,Tumor,12
19_24230,Tumor,12
19_24232,Plasma_IgG,10
19_24233,Plasma_IgG,10
19_24234,Tumor,12
19_24235,High_Endothelial_Venules,6
19_24236,Tumor,12
19_24237,Tumor,12
19_24240,Plasma_IgG,10
19_24247,M1_macrophages,7
19_24248,Plasma_IgG,10
19_24250,Tumor,12
19_24252,Plasma_IgG,10
19_24253,Tumor,12
19_24255,Plasma_IgG,10
19_24256,CAF,0
19_24257,Tumor,12
19_24258,Tumor,12
19_24259,Tumor,12
19_24260,Tumor,12
19_24261,Tumor,12
19_24262,Tumor,12
19_24264,Plasma_IgG,10
19_24265,Plasma_IgG,10
19_24266,Tumor,12
19_24267,Tumor,12
19_24268,Tumor,12
19_24269,Tumor,12
19_24270,CAF,0
19_24271,Plasma_IgG,10
19_24273,unknown,14
19_24274,Tumor,12
19_24275,M1_macrophages,7
19_24276,Plasma_IgG,10
19_24277,CAF,0
19_24282,Tumor,12
19_24284,Plasma_IgG,10
19_24286,Plasma_IgG,10
19_24287,Tumor,12
19_24288,M1_macrophages,7
19_24289,Plasma_IgG,10
19_24290,CAF,0
19_24291,Tumor,12
19_24292,Tumor,12
19_24293,Plasma_IgG,10
19_24295,Tumor,12
19_24296,High_Endothelial_Venules,6
19_24297,CAF,0
19_24298,Tumor,12
19_24300,Tumor,12
19_24302,Tumor,12
19_24303,Tumor,12
19_24304,Plasma_IgG,10
19_24305,Tumor,12
19_24307,M1_macrophages,7
19_24308,Plasma_IgG,10
19_24309,Tumor,12
19_24312,Tumor,12
19_24314,Plasma_IgG,10
19_24315,Plasma_IgG,10
19_24317,M1_macrophages,7
19_24318,Plasma_IgG,10
19_24320,Tumor,12
19_24325,Fibroblasts,4
19_24326,Plasma_IgG,10
19_24327,Tumor,12
19_24329,Tumor,12
19_24330,High_Endothelial_Venules,6
19_24331,Plasma_IgG,10
19_24332,Tumor,12
19_24334,Plasma_IgG,10
19_24335,Tumor,12
19_24336,CAM,1
19_24337,High_Endothelial_Venules,6
19_24339,Plasma_IgG,10
19_24340,Tumor,12
19_24341,CAF,0
19_24342,Tumor,12
19_24343,Tumor,12
19_24344,Tumor,12
19_24346,High_Endothelial_Venules,6
19_24347,Plasma_IgG,10
19_24348,Tumor,12
19_24349,Plasma_IgG,10
19_24350,CAM,1
19_24352,M1_macrophages,7
19_24353,Tumor,12
19_24355,Tumor,12
19_24356,Plasma_IgG,10
19_24357,CAF,0
19_24358,Tumor,12
19_24359,Tumor,12
19_24361,Tumor,12
19_24362,Tumor,12
19_24363,Tumor,12
19_24365,Tumor,12
19_24367,Tumor,12
19_24368,Plasma_IgG,10
19_24369,CAF,0
19_24371,Plasma_IgG,10
19_24372,Tumor,12
19_24373,Plasma_IgG,10
19_24376,CAF,0
19_24377,Plasma_IgG,10
19_24378,Tumor,12
19_24381,Plasma_IgG,10
19_24384,Tumor,12
19_24385,Tumor,12
19_24386,M1_macrophages,7
19_24387,Tumor,12
19_24390,Plasma_IgG,10
19_24391,Tumor,12
19_24392,Tumor,12
19_24393,Tumor,12
19_24394,Fibroblasts,4
19_24395,CAF,0
19_24396,Tumor,12
19_24397,Tumor,12
19_24398,High_Endothelial_Venules,6
19_24399,Plasma_IgG,10
19_24400,Tumor,12
19_24401,Tumor,12
19_24402,Tumor,12
19_24403,Tumor,12
19_24406,CAF,0
19_24407,Plasma_IgG,10
19_24408,Tumor,12
19_24410,M1_macrophages,7
19_24413,M1_macrophages,7
19_24414,Tumor,12
19_24416,Plasma_IgG,10
19_24418,Tumor,12
19_24419,Tumor,12
19_24420,Tumor,12
19_24422,M1_macrophages,7
19_24423,Plasma_IgG,10
19_24425,Tumor,12
19_24426,Tumor,12
19_24427,Tumor,12
19_24428,Tumor,12
19_24430,Tumor,12
19_24431,Tumor,12
19_24433,Plasma_IgG,10
19_24434,Plasma_IgG,10
19_24435,CAF,0
19_24437,Tumor,12
19_24439,CAF,0
19_24440,Plasma_IgG,10
19_24441,Tumor,12
19_24445,M1_macrophages,7
19_24446,Plasma_IgG,10
19_24447,Tumor,12
19_24449,M1_macrophages,7
19_24450,Tumor,12
19_24451,Tumor,12
19_24454,Plasma_IgG,10
19_24455,Tumor,12
19_24456,CAF,0
19_24457,Plasma_IgG,10
19_24458,Plasma_IgG,10
19_24463,CAM,1
19_24464,Tumor,12
19_24465,CAF,0
19_24466,Tumor,12
19_24467,CAF,0
19_24468,Tumor,12
19_24470,Tumor,12
19_24474,High_Endothelial_Venules,6
19_24475,Tumor,12
19_24478,Tumor,12
19_24479,Plasma_IgG,10
19_24480,Tumor,12
19_24483,Plasma_IgG,10
19_24484,Tumor,12
19_24486,Tumor,12
19_24487,Tumor,12
19_24488,Tumor,12
19_24493,M1_macrophages,7
19_24494,Tumor,12
19_24495,Plasma_IgG,10
19_24496,CAF,0
19_24497,Tumor,12
19_24498,Tumor,12
19_24499,Tumor,12
19_24502,Tumor,12
19_24503,Tumor,12
19_24504,Plasma_IgG,10
19_24508,Plasma_IgG,10
19_24509,High_Endothelial_Venules,6
19_24510,Plasma_IgG,10
19_24511,Tumor,12
19_24514,Fibroblasts,4
19_24515,CAF,0
19_24516,Tumor,12
19_24518,CAF,0
19_24519,Tumor,12
19_24522,CAF,0
19_24523,Tumor,12
19_24525,High_Endothelial_Venules,6
19_24526,Plasma_IgG,10
19_24527,Tumor,12
19_24528,CAF,0
19_24530,Fibroblasts,4
19_24531,M1_macrophages,7
19_24532,Plasma_IgG,10
19_24534,Plasma_IgG,10
19_24535,Tumor,12
19_24536,Tumor,12
19_24538,unknown,14
19_24540,unknown,14
19_24543,Plasma_IgG,10
19_24544,Tumor,12
19_24545,Tumor,12
19_24546,Tumor,12
19_24549,Plasma_IgG,10
19_24550,Tumor,12
19_24551,Tumor,12
19_24555,M1_macrophages,7
19_24556,CAM,1
19_24559,Plasma_IgG,10
19_24560,Tumor,12
19_24562,Tumor,12
19_24563,Tumor,12
19_24564,Tumor,12
19_24565,Tumor,12
19_24566,Tumor,12
19_24567,Tumor,12
19_24568,Tumor,12
19_24569,Tumor,12
19_24570,CAF,0
19_24573,Tumor,12
19_24574,Tumor,12
19_24575,Tumor,12
19_24578,CAF,0
19_24579,Tumor,12
19_24580,Tumor,12
19_24582,Tumor,12
19_24583,Plasma_IgG,10
19_24584,Tumor,12
19_24586,Tumor,12
19_24587,Tumor,12
19_24590,Plasma_IgG,10
19_24591,Tumor,12
19_24593,Tumor,12
19_24594,Tumor,12
19_24597,CAF,0
19_24598,Tumor,12
19_24600,Tumor,12
19_24604,Tumor,12
19_24605,Plasma_IgG,10
19_24606,CAF,0
19_24609,High_Endothelial_Venules,6
19_24610,Plasma_IgG,10
19_24611,Tumor,12
19_24612,Tumor,12
19_24613,Tumor,12
19_24615,Fibroblasts,4
19_24616,Tumor,12
19_24618,Tumor,12
19_24619,Tumor,12
19_24620,Plasma_IgG,10
19_24621,Tumor,12
19_24623,Plasma_IgG,10
19_24624,Tumor,12
19_24627,M1_macrophages,7
19_24628,Plasma_IgG,10
19_24633,CAF,0
19_24634,Tumor,12
19_24637,Tumor,12
19_24638,Tumor,12
19_24639,Tumor,12
19_24640,Tumor,12
19_24641,Tumor,12
19_24642,Tumor,12
19_24643,Tumor,12
19_24649,M1_macrophages,7
19_24656,Tumor,12
19_24658,Fibroblasts,4
19_24660,unknown,14
19_24661,Tumor,12
19_24662,Tumor,12
19_24663,Plasma_IgG,10
19_24664,Tumor,12
19_24665,Tumor,12
19_24666,Tumor,12
19_24668,CAF,0
19_24669,Tumor,12
19_24670,Tumor,12
19_24672,Tumor,12
19_24675,CAM,1
19_24676,Plasma_IgG,10
19_24677,CAF,0
19_24678,Tumor,12
19_24680,Fibroblasts,4
19_24681,Tumor,12
19_24683,CAF,0
19_24685,Tumor,12
19_24686,Tumor,12
19_24688,Plasma_IgG,10
19_24689,Tumor,12
19_24692,M1_macrophages,7
19_24693,Tumor,12
19_24694,Tumor,12
19_24696,Tumor,12
19_24697,CAM,1
19_24698,Tumor,12
19_24700,Tumor,12
19_24703,CAF,0
19_24704,Plasma_IgG,10
19_24705,Plasma_IgG,10
19_24706,Tumor,12
19_24707,Tumor,12
19_24712,Tumor,12
19_24715,Tumor,12
19_24716,Tumor,12
19_24717,CAF,0
19_24718,High_Endothelial_Venules,6
19_24719,Tumor,12
19_24720,Tumor,12
19_24721,Tumor,12
19_24722,Tumor,12
19_24725,CAF,0
19_24726,Tumor,12
19_24727,Tumor,12
19_24728,Tumor,12
19_24729,Tumor,12
19_24731,M1_macrophages,7
19_24732,Tumor,12
19_24733,M1_macrophages,7
19_24735,Tumor,12
19_24736,M1_macrophages,7
19_24737,Plasma_IgG,10
19_24738,Tumor,12
19_24739,High_Endothelial_Venules,6
19_24740,Plasma_IgG,10
19_24741,unknown,14
19_24742,Plasma_IgG,10
19_24745,Tumor,12
19_24749,M1_macrophages,7
19_24750,CAF,0
19_24751,Tumor,12
19_24752,Tumor,12
19_24753,CAF,0
19_24754,unknown,14
19_24757,Tumor,12
19_24758,Tumor_Keratin_Pearl,13
19_24759,CAF,0
19_24762,Tumor,12
19_24763,CAM,1
19_24767,Germinal_Center_Plasma_IgM_B_cell,5
19_24768,Plasma_IgG,10
19_24769,Tumor,12
19_24770,Tumor,12
19_24771,Tumor,12
19_24775,CAF,0
19_24776,Tumor,12
19_24777,Tumor,12
19_24778,Tumor,12
19_24779,Tumor_Keratin_Pearl,13
19_24781,Tumor_Keratin_Pearl,13
19_24783,Tumor,12
19_24784,Tumor,12
19_24790,Tumor,12
19_24792,Tumor,12
19_24793,Tumor_Keratin_Pearl,13
19_24797,CAF,0
19_24798,Tumor,12
19_24799,Plasma_IgG,10
19_24800,Tumor,12
19_24802,Tumor,12
19_24807,Plasma_IgG,10
19_24808,Tumor,12
19_24809,Tumor,12
19_24810,Tumor,12
19_24812,Tumor,12
19_24813,Tumor,12
19_24814,CAM,1
19_24817,Tumor,12
19_24818,Tumor,12
19_24821,Plasma_IgG,10
19_24822,Tumor,12
19_24823,Tumor,12
19_24825,Tumor,12
19_24826,Tumor,12
19_24827,CAF,0
19_24828,Plasma_IgG,10
19_24829,Tumor,12
19_24831,Tumor,12
19_24832,CAF,0
19_24833,Tumor,12
19_24837,CAF,0
19_24839,Tumor,12
19_24841,Tumor,12
19_24842,CAF,0
19_24843,Plasma_IgG,10
19_24844,Tumor,12
19_24845,Tumor,12
19_24846,unknown,14
19_24848,Plasma_IgG,10
19_24849,CAF,0
19_24851,M1_macrophages,7
19_24856,Fibroblasts,4
19_24857,Tumor,12
19_24858,M1_macrophages,7
19_24859,Tumor,12
19_24860,Tumor,12
19_24864,unknown,14
19_24865,Germinal_Center_Plasma_IgM_B_cell,5
19_24866,Tumor,12
19_24869,M1_macrophages,7
19_24870,Tumor,12
19_24871,Tumor,12
19_24872,CAF,0
19_24873,Tumor,12
19_24874,Tumor,12
19_24875,Tumor,12
19_24876,Plasma_IgG,10
19_24877,CAF,0
19_24878,Tumor,12
19_24879,Tumor,12
19_24880,CAF,0
19_24882,Tumor,12
19_24883,Tumor,12
19_24885,Tumor,12
19_24888,CAF,0
19_24889,High_Endothelial_Venules,6
19_24890,Tumor,12
19_24891,CAF,0
19_24894,Plasma_IgG,10
19_24895,Tumor,12
19_24896,Tumor_Keratin_Pearl,13
19_24897,Tumor,12
19_24898,Tumor,12
19_24900,Plasma_IgG,10
19_24901,Tumor,12
19_24902,Tumor,12
19_24905,Fibroblasts,4
19_24906,Tumor,12
19_24907,Tumor,12
19_24908,Tumor,12
19_24909,Tumor,12
19_24910,Tumor,12
19_24911,Tumor,12
19_24914,CAF,0
19_24915,Plasma_IgG,10
19_24916,Plasma_IgG,10
19_24918,Tumor,12
19_24920,Tumor,12
19_24921,Tumor,12
19_24922,Tumor,12
19_24924,Plasma_IgG,10
19_24925,Tumor,12
19_24929,CAF,0
19_24930,Tumor,12
19_24932,Plasma_IgG,10
19_24934,Tumor,12
19_24938,CAF,0
19_24939,Tumor,12
19_24943,Germinal_Center_Plasma_IgM_B_cell,5
19_24945,Tumor,12
19_24948,unknown,14
19_24950,Tumor,12
19_24951,Tumor,12
19_24952,CAF,0
19_24953,Tumor,12
19_24955,Tumor,12
19_24956,Tumor,12
19_24958,Tumor,12
19_24959,CAF,0
19_24960,Tumor,12
19_24965,Plasma_IgG,10
19_24966,Tumor,12
19_24967,Tumor,12
19_24968,CAF,0
19_24969,Tumor_Keratin_Pearl,13
19_24973,Plasma_IgG,10
19_24974,Tumor,12
19_24976,Plasma_IgG,10
19_24978,Tumor,12
19_24980,M1_macrophages,7
19_24981,CAF,0
19_24982,CAF,0
19_24985,Tumor,12
19_24990,Tumor,12
19_24991,Tumor,12
19_24992,Tumor,12
19_24993,Tumor,12
19_24994,Tumor,12
19_24995,Tumor,12
19_24996,Tumor,12
19_24999,Fibroblasts,4
19_25000,Tumor,12
19_25002,Plasma_IgG,10
19_25003,Plasma_IgG,10
19_25004,Tumor,12
19_25007,Tumor,12
19_25008,Tumor,12
19_25009,CAF,0
19_25010,Tumor,12
19_25014,Fibroblasts,4
19_25016,Plasma_IgG,10
19_25017,Tumor,12
19_25018,CAM,1
19_25023,Tumor,12
19_25027,CAM,1
19_25028,Plasma_IgG,10
19_25031,Plasma_IgG,10
19_25036,unknown,14
19_25037,Tumor,12
19_25038,Tumor,12
19_25039,Tumor,12
19_25040,Tumor,12
19_25041,Tumor,12
19_25043,T_cell,11
19_25044,Plasma_IgG,10
19_25045,Plasma_IgG,10
19_25049,Plasma_IgG,10
19_25050,Tumor,12
19_25051,unknown,14
19_25054,High_Endothelial_Venules,6
19_25055,Tumor,12
19_25056,CAM,1
19_25057,Tumor,12
19_25059,Fibroblasts,4
19_25060,Tumor,12
19_25062,Tumor,12
19_25064,Tumor,12
19_25065,Tumor,12
19_25069,Fibroblasts,4
19_25070,Tumor,12
19_25071,Tumor_Keratin_Pearl,13
19_25074,Tumor,12
19_25077,Tumor,12
19_25078,Tumor,12
19_25080,Tumor,12
19_25086,Fibroblasts,4
19_25087,Tumor,12
19_25088,CAF,0
19_25090,CAF,0
19_25091,Tumor,12
19_25092,Tumor,12
19_25095,Tumor,12
19_25096,Plasma_IgG,10
19_25097,Tumor,12
19_25098,Tumor,12
19_25099,unknown,14
19_25101,Tumor,12
19_25108,unknown,14
19_25109,Tumor,12
19_25112,Tumor,12
19_25113,Tumor,12
19_25115,Tumor,12
19_25116,CAF,0
19_25117,Tumor,12
19_25119,Tumor,12
19_25120,CAF,0
19_25124,Tumor,12
19_25125,Tumor,12
19_25127,Plasma_IgG,10
19_25128,Tumor,12
19_25130,Tumor,12
19_25135,Plasma_IgG,10
19_25136,Tumor,12
19_25137,Tumor,12
19_25139,Tumor,12
19_25140,CAF,0
19_25142,M1_macrophages,7
19_25148,Tumor,12
19_25149,Tumor,12
19_25151,T_cell,11
19_25154,unknown,14
19_25155,Tumor,12
19_25159,CAF,0
19_25160,Tumor_Keratin_Pearl,13
19_25161,Tumor,12
19_25162,Tumor,12
19_25163,Tumor,12
19_25166,unknown,14
19_25172,CAF,0
19_25173,Tumor,12
19_25177,unknown,14
19_25178,Tumor,12
19_25180,unknown,14
19_25181,CAF,0
19_25182,Tumor,12
19_25183,unknown,14
19_25184,Tumor,12
19_25185,Tumor,12
19_25186,Tumor,12
19_25187,Germinal_Center_Plasma_IgM_B_cell,5
19_25188,unknown,14
19_25189,Plasma_IgG,10
19_25190,Tumor,12
19_25191,Tumor,12
19_25198,Tumor_Keratin_Pearl,13
19_25200,Tumor,12
19_25201,Tumor,12
19_25202,CAF,0
19_25204,High_Endothelial_Venules,6
19_25205,Tumor,12
19_25206,Tumor,12
19_25209,M1_macrophages,7
19_25210,Tumor,12
19_25211,Tumor,12
19_25213,Tumor,12
19_25215,Plasma_IgG,10
19_25216,Tumor,12
19_25217,Tumor,12
19_25218,Tumor,12
19_25219,Tumor,12
19_25220,CAF,0
19_25222,Plasma_IgG,10
19_25223,Plasma_IgG,10
19_25224,Tumor,12
19_25225,Tumor,12
19_25229,Tumor,12
19_25230,Tumor,12
19_25232,unknown,14
19_25233,Plasma_IgG,10
19_25234,Tumor,12
19_25235,Tumor,12
19_25238,Tumor,12
19_25239,Tumor,12
19_25243,Plasma_IgG,10
19_25244,Tumor,12
19_25245,Tumor,12
19_25247,Tumor,12
19_25248,Tumor,12
19_25249,Tumor,12
19_25251,Tumor,12
19_25254,Germinal_Center_Plasma_IgM_B_cell,5
19_25255,Plasma_IgG,10
19_25256,unknown,14
19_25257,Tumor,12
19_25258,Tumor,12
19_25260,Tumor,12
19_25264,Tumor,12
19_25267,Plasma_IgG,10
19_25271,M1_macrophages,7
19_25272,CAF,0
19_25273,Tumor,12
19_25274,Tumor,12
19_25279,unknown,14
19_25280,Tumor,12
19_25281,M1_macrophages,7
19_25282,CAF,0
19_25283,CAF,0
19_25288,M1_macrophages,7
19_25292,Tumor,12
19_25293,Tumor,12
19_25295,High_Endothelial_Venules,6
19_25296,Tumor,12
19_25297,Tumor,12
19_25299,M1_macrophages,7
19_25300,Tumor,12
19_25301,Plasma_IgG,10
19_25302,Tumor,12
19_25303,Tumor,12
19_25304,unknown,14
19_25305,M1_macrophages,7
19_25306,Tumor,12
19_25307,Tumor,12
19_25310,High_Endothelial_Venules,6
19_25311,Tumor,12
19_25315,Tumor,12
19_25316,Plasma_IgG,10
19_25318,Tumor,12
19_25319,unknown,14
19_25320,Tumor,12
19_25322,Plasma_IgG,10
19_25323,Tumor,12
19_25324,Tumor,12
19_25326,Tumor,12
19_25328,unknown,14
19_25329,Tumor,12
19_25330,Tumor,12
19_25331,Tumor,12
19_25332,Tumor,12
19_25335,Tumor,12
19_25337,Plasma_IgG,10
19_25340,Tumor,12
19_25341,Tumor,12
19_25342,Tumor,12
19_25346,Plasma_IgG,10
19_25348,Tumor,12
19_25350,Tumor,12
19_25351,Tumor,12
19_25352,T_cell,11
19_25354,unknown,14
19_25356,Germinal_Center_Plasma_IgM_B_cell,5
19_25357,T_cell,11
19_25359,M1_macrophages,7
19_25360,Germinal_Center_Plasma_IgM_B_cell,5
19_25362,Tumor,12
19_25366,M1_macrophages,7
19_25367,High_Endothelial_Venules,6
19_25368,Plasma_IgG,10
19_25371,Tumor,12
19_25375,Tumor,12
19_25376,Tumor,12
19_25377,Tumor,12
19_25378,Tumor,12
19_25384,Tumor,12
19_25385,Tumor,12
19_25386,Tumor,12
19_25387,Tumor,12
19_25389,unknown,14
19_25390,High_Endothelial_Venules,6
19_25393,Tumor,12
19_25395,M1_macrophages,7
19_25396,M1_macrophages,7
19_25398,Tumor,12
19_25399,unknown,14
19_25400,Tumor,12
19_25402,M1_macrophages,7
19_25403,Tumor,12
19_25404,CAM,1
19_25405,Tumor,12
19_25406,Tumor,12
19_25407,Germinal_Center_Plasma_IgM_B_cell,5
19_25408,Plasma_IgG,10
19_25409,Tumor,12
19_25412,Germinal_Center_Plasma_IgM_B_cell,5
19_25414,Plasma_IgG,10
19_25416,M1_macrophages,7
19_25423,unknown,14
19_25424,Tumor,12
19_25426,Tumor,12
19_25427,Tumor,12
19_25431,Tumor,12
19_25432,Tumor,12
19_25433,Tumor,12
19_25434,Tumor,12
19_25435,Tumor,12
19_25436,unknown,14
19_25437,Tumor,12
19_25438,Tumor,12
19_25441,Tumor,12
19_25442,Tumor,12
19_25444,Tumor,12
19_25445,Tumor,12
19_25448,M1_macrophages,7
19_25449,High_Endothelial_Venules,6
19_25450,Tumor,12
19_25451,Tumor,12
19_25452,Tumor,12
19_25453,Tumor,12
19_25456,Tumor,12
19_25460,M1_macrophages,7
19_25461,Plasma_IgG,10
19_25462,Tumor,12
19_25463,Tumor,12
19_25464,Tumor,12
19_25466,Tumor,12
19_25467,Tumor,12
19_25469,Tumor,12
19_25470,Tumor,12
19_25472,CAF,0
19_25473,Tumor,12
19_25475,unknown,14
19_25476,Germinal_Center_Plasma_IgM_B_cell,5
19_25477,unknown,14
19_25478,M1_macrophages,7
19_25479,Tumor,12
19_25482,Tumor,12
19_25485,Tumor,12
19_25486,Tumor,12
19_25490,Tumor,12
19_25491,Tumor,12
19_25492,Plasma_IgG,10
19_25493,Tumor,12
19_25496,Tumor,12
19_25497,unknown,14
19_25500,Tumor,12
19_25501,Tumor,12
19_25504,CAF,0
19_25505,Tumor,12
19_25506,Tumor,12
19_25509,Tumor,12
19_25510,Tumor,12
19_25512,M1_macrophages,7
19_25513,Tumor,12
19_25514,Plasma_IgG,10
19_25515,Tumor,12
19_25516,Tumor,12
19_25517,Tumor,12
19_25522,Tumor,12
19_25523,Tumor,12
19_25524,Tumor,12
19_25526,Tumor,12
19_25528,unknown,14
19_25530,Tumor,12
19_25533,Tumor,12
19_25535,Tumor,12
19_25536,Tumor,12
19_25537,Tumor,12
19_25539,M1_macrophages,7
19_25540,Tumor,12
19_25541,Tumor,12
19_25542,Tumor,12
19_25545,Tumor,12
19_25546,Tumor,12
19_25547,Tumor,12
19_25549,M1_macrophages,7
19_25550,Germinal_Center_Plasma_IgM_B_cell,5
19_25551,Germinal_Center_Plasma_IgM_B_cell,5
19_25552,Tumor,12
19_25555,High_Endothelial_Venules,6
19_25556,Tumor,12
19_25560,Tumor,12
19_25561,Tumor,12
19_25562,unknown,14
19_25566,Tumor,12
19_25567,Tumor,12
19_25568,Tumor,12
19_25569,Tumor,12
19_25570,Tumor,12
19_25571,Plasma_IgG,10
19_25573,M1_macrophages,7
19_25574,Plasma_IgG,10
19_25575,Tumor,12
19_25576,Tumor,12
19_25577,Tumor,12
19_25578,Tumor,12
19_25580,Tumor,12
19_25581,Tumor,12
19_25582,CAF,0
19_25586,Germinal_Center_Plasma_IgM_B_cell,5
19_25589,Tumor,12
19_25592,Tumor,12
19_25593,Tumor,12
19_25594,CAM,1
19_25595,Tumor,12
19_25600,M1_macrophages,7
19_25601,Tumor,12
19_25602,Tumor,12
19_25607,Tumor,12
19_25609,Germinal_Center_Plasma_IgM_B_cell,5
19_25610,Tumor,12
19_25611,Tumor,12
19_25612,Tumor,12
19_25613,Tumor,12
19_25614,Plasma_IgG,10
19_25615,Tumor,12
19_25616,Tumor,12
19_25617,Tumor,12
19_25619,T_cell,11
19_25620,Tumor,12
19_25621,Tumor,12
19_25622,Tumor,12
19_25623,Tumor,12
19_25624,Tumor,12
19_25626,unknown,14
19_25628,unknown,14
19_25629,M1_macrophages,7
19_25630,Tumor,12
19_25631,Tumor,12
19_25632,Tumor,12
19_25633,Tumor,12
19_25634,CAF,0
19_25637,unknown,14
19_25638,High_Endothelial_Venules,6
19_25640,Tumor,12
19_25642,M1_macrophages,7
19_25644,Tumor,12
19_25645,Tumor,12
19_25646,Tumor,12
19_25649,Germinal_Center_Plasma_IgM_B_cell,5
19_25652,CAF,0
19_25653,Tumor,12
19_25654,CAF,0
19_25655,Tumor,12
19_25657,Tumor,12
19_25658,Fibroblasts,4
19_25659,Tumor,12
19_25660,Tumor,12
19_25662,unknown,14
19_25663,CAF,0
19_25664,Tumor,12
19_25667,Tumor,12
19_25669,Germinal_Center_Plasma_IgM_B_cell,5
19_25672,Tumor,12
19_25677,Tumor,12
19_25679,Plasma_IgG,10
19_25680,Tumor,12
19_25683,Fibroblasts,4
19_25684,Tumor,12
19_25685,CAF,0
19_25686,Tumor,12
19_25688,Tumor,12
19_25691,unknown,14
19_25692,Tumor,12
19_25693,Tumor,12
19_25694,Tumor,12
19_25698,Fibroblasts,4
19_25699,Plasma_IgG,10
19_25702,Germinal_Center_Plasma_IgM_B_cell,5
19_25703,Tumor,12
19_25706,Plasma_IgG,10
19_25707,Tumor,12
19_25708,Tumor,12
19_25709,Tumor,12
19_25711,unknown,14
19_25712,Tumor,12
19_25714,Tumor,12
19_25715,Germinal_Center_Plasma_IgM_B_cell,5
19_25716,Tumor,12
19_25717,Tumor,12
19_25718,Tumor,12
19_25719,Tumor,12
19_25721,Tumor,12
19_25723,Tumor,12
19_25727,Fibroblasts,4
19_25728,Tumor,12
19_25729,Tumor,12
19_25731,M1_macrophages,7
19_25732,Plasma_IgG,10
19_25733,Tumor,12
19_25734,Germinal_Center_Plasma_IgM_B_cell,5
19_25735,Tumor,12
19_25736,Tumor,12
19_25738,Tumor,12
19_25739,Tumor,12
19_25742,Tumor,12
19_25743,CAM,1
19_25745,Tumor,12
19_25747,T_cell,11
19_25748,Germinal_Center_Plasma_IgM_B_cell,5
19_25749,Plasma_IgA,9
19_25750,Tumor,12
19_25751,Tumor,12
19_25753,Tumor,12
19_25755,M1_macrophages,7
19_25756,Tumor,12
19_25757,Tumor,12
19_25759,unknown,14
19_25760,Tumor,12
19_25761,Tumor,12
19_25762,Tumor,12
19_25763,Tumor,12
19_25764,Tumor,12
19_25766,unknown,14
19_25767,Tumor,12
19_25768,Tumor,12
19_25771,Tumor,12
19_25772,Tumor,12
19_25775,unknown,14
19_25776,Tumor,12
19_25777,Tumor,12
19_25778,Tumor,12
19_25783,Germinal_Center_Plasma_IgM_B_cell,5
19_25784,M1_macrophages,7
19_25785,Tumor,12
19_25788,Tumor,12
19_25789,Plasma_IgG,10
19_25790,Tumor,12
19_25793,Plasma_IgG,10
19_25795,Tumor,12
19_25796,Tumor,12
19_25799,Plasma_IgG,10
19_25801,unknown,14
19_25804,CAF,0
19_25808,Fibroblasts,4
19_25810,Tumor,12
19_25811,High_Endothelial_Venules,6
19_25812,Tumor,12
19_25813,Tumor,12
19_25814,Tumor,12
19_25815,Tumor,12
19_25826,Germinal_Center_Plasma_IgM_B_cell,5
19_25830,Germinal_Center_Plasma_IgM_B_cell,5
19_25831,Tumor,12
19_25832,Tumor,12
19_25836,Germinal_Center_Plasma_IgM_B_cell,5
19_25838,Tumor,12
19_25839,Tumor,12
19_25842,Tumor,12
19_25843,Tumor,12
19_25844,Tumor,12
19_25845,Tumor,12
19_25846,Tumor,12
19_25847,Plasma_IgG,10
19_25848,Tumor,12
19_25850,Tumor,12
19_25851,Tumor,12
19_25854,Fibroblasts,4
19_25855,Plasma_IgG,10
19_25856,Tumor,12
19_25857,Tumor,12
19_25859,CAF,0
19_25861,Fibroblasts,4
19_25862,Tumor,12
19_25863,Tumor,12
19_25864,Plasma_IgG,10
19_25865,Germinal_Center_Plasma_IgM_B_cell,5
19_25867,Tumor,12
19_25868,Tumor,12
19_25869,Tumor,12
19_25871,Tumor,12
19_25874,Tumor,12
19_25877,Tumor,12
19_25879,Tumor,12
19_25882,Germinal_Center_Plasma_IgM_B_cell,5
19_25885,Tumor,12
19_25887,Tumor,12
19_25888,Tumor,12
19_25890,Tumor_Keratin_Pearl,13
19_25893,Tumor,12
19_25894,Tumor,12
19_25895,Tumor,12
19_25896,Tumor,12
19_25897,Plasma_IgG,10
19_25900,High_Endothelial_Venules,6
19_25901,Tumor,12
19_25903,Germinal_Center_Plasma_IgM_B_cell,5
19_25904,Plasma_IgG,10
19_25907,Tumor,12
19_25908,Plasma_IgG,10
19_25911,Tumor,12
19_25915,unknown,14
19_25916,Plasma_IgG,10
19_25917,Tumor,12
19_25918,Tumor,12
19_25920,unknown,14
19_25921,Macrophages,8
19_25925,M1_macrophages,7
19_25928,Plasma_IgG,10
19_25929,Tumor,12
19_25930,Tumor,12
19_25931,Tumor,12
19_25934,Plasma_IgG,10
19_25935,Tumor,12
19_25936,Tumor,12
19_25938,Tumor,12
19_25941,Tumor,12
19_25942,Tumor,12
19_25943,Tumor,12
19_25945,Tumor,12
19_25946,Plasma_IgG,10
19_25947,unknown,14
19_25950,CAM,1
19_25951,Tumor,12
19_25952,Tumor,12
19_25955,Tumor,12
19_25956,Tumor,12
19_25959,Tumor,12
19_25963,Tumor,12
19_25964,Tumor,12
19_25965,Tumor,12
19_25966,Tumor,12
19_25967,Tumor,12
19_25968,Tumor,12
19_25969,Tumor,12
19_25970,Tumor,12
19_25972,Germinal_Center_Plasma_IgM_B_cell,5
19_25974,Tumor,12
19_25975,Tumor,12
19_25979,Plasma_IgG,10
19_25980,Tumor,12
19_25981,Tumor,12
19_25982,Germinal_Center_Plasma_IgM_B_cell,5
19_25983,Tumor,12
19_25984,Tumor,12
19_25985,Tumor,12
19_25986,Tumor,12
19_25988,Tumor,12
19_25992,Tumor,12
19_25995,Tumor,12
19_25996,Germinal_Center_Plasma_IgM_B_cell,5
19_25998,Tumor,12
19_25999,Tumor,12
19_26000,Tumor,12
19_26001,Fibroblasts,4
19_26004,Tumor,12
19_26007,Germinal_Center_Plasma_IgM_B_cell,5
19_26008,Tumor,12
19_26011,M1_macrophages,7
19_26012,Tumor,12
19_26014,M1_macrophages,7
19_26015,Tumor,12
19_26016,Plasma_IgG,10
19_26017,M1_macrophages,7
19_26018,Tumor_Keratin_Pearl,13
19_26019,Germinal_Center_Plasma_IgM_B_cell,5
19_26023,Tumor,12
19_26024,High_Endothelial_Venules,6
19_26025,Tumor,12
19_26026,Plasma_IgG,10
19_26027,Tumor,12
19_26028,Tumor,12
19_26030,CAF,0
19_26031,Tumor,12
19_26032,Tumor,12
19_26033,Tumor,12
19_26036,Tumor,12
19_26037,Tumor,12
19_26038,Fibroblasts,4
19_26041,Germinal_Center_Plasma_IgM_B_cell,5
19_26042,Tumor,12
19_26043,unknown,14
19_26044,Tumor,12
19_26045,Tumor,12
19_26048,CAF,0
19_26049,Tumor,12
19_26050,Tumor,12
19_26053,unknown,14
19_26055,Plasma_IgG,10
19_26056,Tumor_Keratin_Pearl,13
19_26059,Tumor,12
19_26060,Tumor,12
19_26061,Tumor,12
19_26062,unknown,14
19_26066,Tumor,12
19_26067,CAM,1
19_26070,Tumor,12
19_26072,Tumor,12
19_26073,Tumor,12
19_26074,Tumor,12
19_26075,Tumor,12
19_26077,Tumor,12
19_26078,Tumor,12
19_26079,Tumor,12
19_26081,Tumor,12
19_26082,Tumor,12
19_26085,Tumor,12
19_26086,Tumor,12
19_26087,Plasma_IgG,10
19_26088,CAF,0
19_26090,M1_macrophages,7
19_26091,Tumor,12
19_26092,Tumor,12
19_26093,Tumor,12
19_26094,Tumor,12
19_26098,Tumor,12
19_26101,Germinal_Center_Plasma_IgM_B_cell,5
19_26106,unknown,14
19_26107,M1_macrophages,7
19_26108,Tumor,12
19_26109,Tumor,12
19_26111,Tumor,12
19_26112,Tumor,12
19_26113,Tumor,12
19_26114,Tumor,12
19_26115,CAF,0
19_26117,Tumor,12
19_26118,Tumor,12
19_26119,Tumor,12
19_26121,Germinal_Center_Plasma_IgM_B_cell,5
19_26122,M1_macrophages,7
19_26124,Tumor,12
19_26127,Plasma_IgG,10
19_26128,Plasma_IgG,10
19_26129,CAF,0
19_26130,CAF,0
19_26131,Plasma_IgG,10
19_26135,Tumor,12
19_26138,unknown,14
19_26139,Plasma_IgG,10
19_26140,Tumor,12
19_26143,Germinal_Center_Plasma_IgM_B_cell,5
19_26145,CAF,0
19_26147,Tumor,12
19_26148,Tumor,12
19_26151,Germinal_Center_Plasma_IgM_B_cell,5
19_26152,Plasma_IgG,10
19_26153,Tumor,12
19_26155,Tumor,12
19_26158,High_Endothelial_Venules,6
19_26159,Plasma_IgG,10
19_26160,Germinal_Center_Plasma_IgM_B_cell,5
19_26161,Tumor,12
19_26162,Tumor,12
19_26165,Tumor,12
19_26166,Tumor,12
19_26168,High_Endothelial_Venules,6
19_26169,Tumor,12
19_26171,CAF,0
19_26179,M1_macrophages,7
19_26180,Tumor,12
19_26181,Tumor,12
19_26182,Tumor,12
19_26183,Tumor,12
19_26185,Tumor,12
19_26186,Germinal_Center_Plasma_IgM_B_cell,5
19_26187,Plasma_IgG,10
19_26188,CAF,0
19_26194,Germinal_Center_Plasma_IgM_B_cell,5
19_26195,Tumor,12
19_26197,Tumor,12
19_26198,Tumor,12
19_26199,Tumor,12
19_26206,Tumor,12
19_26207,Tumor,12
19_26208,M1_macrophages,7
19_26209,Tumor,12
19_26211,CAF,0
19_26213,Tumor,12
19_26214,Tumor,12
19_26215,Tumor,12
19_26216,Tumor,12
19_26218,Germinal_Center_Plasma_IgM_B_cell,5
19_26219,CAM,1
19_26222,M1_macrophages,7
19_26225,Tumor,12
19_26226,Tumor,12
19_26228,M1_macrophages,7
19_26229,Tumor,12
19_26230,Plasma_IgG,10
19_26231,Tumor,12
19_26233,High_Endothelial_Venules,6
19_26234,Tumor,12
19_26235,Tumor,12
19_26239,T_cell,11
19_26241,Tumor,12
19_26244,Tumor,12
19_26251,Tumor,12
19_26254,Germinal_Center_Plasma_IgM_B_cell,5
19_26256,Plasma_IgG,10
19_26258,Tumor,12
19_26259,Tumor,12
19_26260,Tumor,12
19_26262,unknown,14
19_26263,High_Endothelial_Venules,6
19_26264,Plasma_IgG,10
19_26265,Tumor,12
19_26266,Tumor,12
19_26267,Tumor,12
19_26270,Plasma_IgG,10
19_26271,unknown,14
19_26275,Plasma_IgG,10
19_26279,High_Endothelial_Venules,6
19_26284,unknown,14
19_26285,CAF,0
19_26286,Tumor,12
19_26287,Tumor,12
19_26288,Tumor,12
19_26289,Tumor,12
19_26291,unknown,14
19_26293,Tumor,12
19_26294,Tumor,12
19_26295,Tumor,12
19_26299,Germinal_Center_Plasma_IgM_B_cell,5
19_26300,unknown,14
19_26301,Tumor,12
19_26302,Tumor,12
19_26303,CAF,0
19_26304,Plasma_IgG,10
19_26309,M1_macrophages,7
19_26310,Tumor,12
19_26311,Tumor,12
19_26312,Plasma_IgG,10
19_26318,Tumor,12
19_26321,Tumor,12
19_26322,Tumor,12
19_26323,Tumor,12
19_26326,Germinal_Center_Plasma_IgM_B_cell,5
19_26327,CAF,0
19_26328,Tumor,12
19_26329,Tumor,12
19_26331,Tumor,12
19_26332,Tumor,12
19_26335,Tumor,12
19_26336,Tumor,12
19_26340,Germinal_Center_Plasma_IgM_B_cell,5
19_26341,High_Endothelial_Venules,6
19_26342,Tumor,12
19_26346,High_Endothelial_Venules,6
19_26348,T_cell,11
19_26349,Tumor,12
19_26350,Plasma_IgG,10
19_26351,M1_macrophages,7
19_26352,Tumor,12
19_26353,Tumor,12
19_26354,Tumor,12
19_26355,Tumor,12
19_26356,CAF,0
19_26359,Tumor,12
19_26362,Germinal_Center_Plasma_IgM_B_cell,5
19_26363,Tumor,12
19_26365,Tumor,12
19_26368,Germinal_Center_Plasma_IgM_B_cell,5
19_26369,M1_macrophages,7
19_26372,Tumor,12
19_26374,Tumor,12
19_26375,Tumor,12
19_26376,CAM,1
19_26377,T_cell,11
19_26378,Tumor,12
19_26379,Tumor,12
19_26382,High_Endothelial_Venules,6
19_26383,Tumor,12
19_26384,unknown,14
19_26385,M1_macrophages,7
19_26386,Tumor,12
19_26387,Plasma_IgG,10
19_26391,Tumor,12
19_26393,Tumor,12
19_26395,Tumor,12
19_26396,Plasma_IgG,10
19_26397,Tumor,12
19_26398,Tumor,12
19_26400,Tumor,12
19_26404,Tumor,12
19_26405,Tumor,12
19_26406,M1_macrophages,7
19_26407,Germinal_Center_Plasma_IgM_B_cell,5
19_26408,Germinal_Center_Plasma_IgM_B_cell,5
19_26409,Tumor,12
19_26410,Tumor,12
19_26411,Tumor,12
19_26412,Tumor,12
19_26421,Tumor,12
19_26426,Germinal_Center_Plasma_IgM_B_cell,5
19_26427,Germinal_Center_Plasma_IgM_B_cell,5
19_26430,T_cell,11
19_26431,Tumor,12
19_26432,Tumor,12
19_26433,Tumor,12
19_26439,Tumor,12
19_26440,M1_macrophages,7
19_26441,Tumor,12
19_26445,Germinal_Center_Plasma_IgM_B_cell,5
19_26446,Tumor,12
19_26448,Tumor,12
19_26451,unknown,14
19_26452,Tumor,12
19_26455,High_Endothelial_Venules,6
19_26458,M1_macrophages,7
19_26459,M1_macrophages,7
19_26460,Tumor,12
19_26461,Germinal_Center_Plasma_IgM_B_cell,5
19_26462,Tumor,12
19_26463,Tumor,12
19_26464,Tumor,12
19_26469,Tumor,12
19_26472,Tumor,12
19_26473,Tumor,12
19_26474,Tumor,12
19_26475,Tumor,12
19_26477,Tumor,12
19_26478,Tumor,12
19_26483,M1_macrophages,7
19_26484,Germinal_Center_Plasma_IgM_B_cell,5
19_26485,Tumor,12
19_26487,M1_macrophages,7
19_26488,CAF,0
19_26489,Plasma_IgG,10
19_26491,Germinal_Center_Plasma_IgM_B_cell,5
19_26493,Tumor,12
19_26495,unknown,14
19_26497,CAF,0
19_26501,Tumor,12
19_26502,Tumor,12
19_26503,Tumor,12
19_26506,Tumor,12
19_26509,M1_macrophages,7
19_26511,M1_macrophages,7
19_26512,unknown,14
19_26513,Tumor,12
19_26514,Tumor,12
19_26516,CAF,0
19_26520,Tumor,12
19_26522,Germinal_Center_Plasma_IgM_B_cell,5
19_26524,unknown,14
19_26525,High_Endothelial_Venules,6
19_26526,Tumor,12
19_26527,Tumor,12
19_26530,Tumor,12
19_26531,Tumor,12
19_26533,Germinal_Center_Plasma_IgM_B_cell,5
19_26534,Fibroblasts,4
19_26536,CAF,0
19_26537,Tumor,12
19_26538,Tumor,12
19_26540,Tumor,12
19_26543,Germinal_Center_Plasma_IgM_B_cell,5
19_26546,M1_macrophages,7
19_26547,M1_macrophages,7
19_26548,Tumor,12
19_26549,Tumor,12
19_26550,Tumor,12
19_26554,Tumor,12
19_26555,Tumor,12
19_26556,Tumor,12
19_26557,unknown,14
19_26560,unknown,14
19_26562,Tumor,12
19_26563,Tumor,12
19_26564,Tumor,12
19_26565,Tumor,12
19_26566,Tumor,12
19_26571,Germinal_Center_Plasma_IgM_B_cell,5
19_26572,Tumor,12
19_26573,Tumor,12
19_26576,unknown,14
19_26578,Plasma_IgG,10
19_26580,T_cell,11
19_26581,T_cell,11
19_26582,Tumor,12
19_26583,Plasma_IgG,10
19_26589,Tumor,12
19_26591,Tumor,12
19_26593,Germinal_Center_Plasma_IgM_B_cell,5
19_26594,Tumor,12
19_26595,Tumor,12
19_26596,Tumor,12
19_26597,Tumor,12
19_26598,Tumor,12
19_26600,Germinal_Center_Plasma_IgM_B_cell,5
19_26601,Germinal_Center_Plasma_IgM_B_cell,5
19_26603,Germinal_Center_Plasma_IgM_B_cell,5
19_26604,unknown,14
19_26605,Tumor,12
19_26606,Tumor,12
19_26608,Tumor,12
19_26609,Tumor,12
19_26612,Germinal_Center_Plasma_IgM_B_cell,5
19_26613,Tumor,12
19_26614,High_Endothelial_Venules,6
19_26615,M1_macrophages,7
19_26618,Tumor,12
19_26619,Tumor,12
19_26620,Tumor,12
19_26622,M1_macrophages,7
19_26624,Tumor,12
19_26628,Tumor,12
19_26629,Tumor,12
19_26633,High_Endothelial_Venules,6
19_26634,Tumor,12
19_26635,Plasma_IgG,10
19_26636,Tumor,12
19_26638,High_Endothelial_Venules,6
19_26640,Tumor,12
19_26641,Tumor,12
19_26642,Tumor,12
19_26643,Tumor,12
19_26644,Tumor,12
19_26646,High_Endothelial_Venules,6
19_26647,unknown,14
19_26648,Tumor,12
19_26650,Tumor,12
19_26651,CAF,0
19_26653,M1_macrophages,7
19_26654,Tumor,12
19_26655,Tumor,12
19_26657,Tumor,12
19_26658,CAF,0
19_26659,Tumor,12
19_26662,Tumor,12
19_26665,unknown,14
19_26666,M1_macrophages,7
19_26668,Tumor,12
19_26671,M1_macrophages,7
19_26672,Tumor,12
19_26673,Tumor,12
19_26674,Tumor,12
19_26675,Tumor,12
19_26676,High_Endothelial_Venules,6
19_26677,unknown,14
19_26678,Tumor,12
19_26679,Tumor,12
19_26682,Tumor,12
19_26683,Plasma_IgG,10
19_26686,Tumor,12
19_26687,Tumor,12
19_26690,Tumor,12
19_26692,Tumor,12
19_26693,Tumor,12
19_26696,Tumor,12
19_26697,Tumor,12
19_26698,Tumor,12
19_26701,Germinal_Center_Plasma_IgM_B_cell,5
19_26702,Tumor,12
19_26703,Tumor,12
19_26704,Tumor,12
19_26705,Tumor,12
19_26706,Tumor,12
19_26707,Tumor,12
19_26708,Tumor,12
19_26709,Tumor,12
19_26710,High_Endothelial_Venules,6
19_26711,Tumor,12
19_26712,Tumor,12
19_26713,Tumor,12
19_26714,T_cell,11
19_26715,Plasma_IgG,10
19_26716,M1_macrophages,7
19_26717,Tumor,12
19_26718,Tumor,12
19_26719,Tumor,12
19_26721,Tumor,12
19_26723,Germinal_Center_Plasma_IgM_B_cell,5
19_26724,Tumor,12
19_26726,Tumor,12
19_26727,Germinal_Center_Plasma_IgM_B_cell,5
19_26728,unknown,14
19_26729,M1_macrophages,7
19_26730,Tumor,12
19_26731,Tumor,12
19_26732,Tumor,12
19_26735,Tumor,12
19_26736,Tumor,12
19_26737,Tumor,12
19_26738,Tumor,12
19_26739,unknown,14
19_26741,Tumor,12
19_26742,Tumor,12
19_26748,Tumor,12
19_26753,Tumor,12
19_26754,Tumor,12
19_26755,Tumor,12
19_26758,unknown,14
19_26759,Tumor,12
19_26761,CAF,0
19_26762,Tumor,12
19_26763,Germinal_Center_Plasma_IgM_B_cell,5
19_26764,Tumor,12
19_26765,Tumor,12
19_26767,Tumor,12
19_26768,Tumor,12
19_26770,unknown,14
19_26771,T_cell,11
19_26772,Germinal_Center_Plasma_IgM_B_cell,5
19_26773,Tumor,12
19_26775,Tumor,12
19_26778,Tumor,12
19_26779,Tumor,12
19_26780,Tumor,12
19_26781,Tumor,12
19_26784,Tumor,12
19_26786,High_Endothelial_Venules,6
19_26787,CAF,0
19_26789,Tumor,12
19_26790,Germinal_Center_Plasma_IgM_B_cell,5
19_26792,Germinal_Center_Plasma_IgM_B_cell,5
19_26794,Tumor,12
19_26795,Tumor,12
19_26799,Plasma_IgG,10
19_26801,Tumor,12
19_26805,Tumor,12
19_26806,Tumor,12
19_26807,Tumor,12
19_26808,unknown,14
19_26809,unknown,14
19_26810,Germinal_Center_Plasma_IgM_B_cell,5
19_26811,M1_macrophages,7
19_26812,M1_macrophages,7
19_26818,CAF,0
19_26819,Tumor,12
19_26820,Tumor,12
19_26821,Tumor,12
19_26825,Tumor,12
19_26826,Tumor,12
19_26828,Germinal_Center_Plasma_IgM_B_cell,5
19_26829,Tumor,12
19_26830,Tumor,12
19_26831,Germinal_Center_Plasma_IgM_B_cell,5
19_26832,CAF,0
19_26833,Tumor,12
19_26834,M1_macrophages,7
19_26835,Tumor,12
19_26836,Tumor,12
19_26837,M1_macrophages,7
19_26838,unknown,14
19_26839,Tumor,12
19_26843,Tumor,12
19_26844,Tumor,12
19_26845,Tumor,12
19_26846,CAF,0
19_26847,Tumor,12
19_26848,Tumor,12
19_26852,Tumor,12
19_26853,Tumor,12
19_26855,High_Endothelial_Venules,6
19_26856,unknown,14
19_26859,Tumor,12
19_26860,Tumor,12
19_26861,Tumor,12
19_26863,T_cell,11
19_26864,Germinal_Center_Plasma_IgM_B_cell,5
19_26866,Tumor,12
19_26869,Germinal_Center_Plasma_IgM_B_cell,5
19_26870,Tumor,12
19_26874,Germinal_Center_Plasma_IgM_B_cell,5
19_26875,T_cell,11
19_26876,Tumor,12
19_26881,CAF,0
19_26882,Tumor,12
19_26883,Tumor,12
19_26885,Tumor,12
19_26886,Tumor,12
19_26887,Tumor,12
19_26889,High_Endothelial_Venules,6
19_26892,unknown,14
19_26893,Tumor,12
19_26894,Tumor,12
19_26895,Tumor,12
19_26896,Tumor,12
19_26897,CAM,1
19_26901,CAF,0
19_26902,Tumor,12
19_26903,Tumor,12
19_26904,Tumor,12
19_26905,T_cell,11
19_26906,Tumor,12
19_26909,Germinal_Center_Plasma_IgM_B_cell,5
19_26910,Germinal_Center_Plasma_IgM_B_cell,5
19_26913,Germinal_Center_Plasma_IgM_B_cell,5
19_26914,Tumor,12
19_26915,Tumor,12
19_26916,Tumor,12
19_26917,Tumor,12
19_26921,Tumor,12
19_26922,unknown,14
19_26923,unknown,14
19_26924,Fibroblasts,4
19_26925,Tumor,12
19_26926,Tumor,12
19_26927,Tumor,12
19_26929,Germinal_Center_Plasma_IgM_B_cell,5
19_26930,Germinal_Center_Plasma_IgM_B_cell,5
19_26931,M1_macrophages,7
19_26932,Plasma_IgG,10
19_26933,Tumor,12
19_26936,Tumor,12
19_26940,unknown,14
19_26941,Tumor,12
19_26943,Tumor,12
19_26945,Tumor,12
19_26946,Tumor,12
19_26947,Tumor,12
19_26948,Tumor,12
19_26950,Tumor,12
19_26951,Germinal_Center_Plasma_IgM_B_cell,5
19_26952,Tumor,12
19_26953,Tumor,12
19_26954,Tumor,12
19_26955,unknown,14
19_26956,Tumor,12
19_26957,T_cell,11
19_26959,Plasma_IgG,10
19_26961,Tumor,12
19_26962,Tumor,12
19_26963,CAM,1
19_26966,T_cell,11
19_26968,unknown,14
19_26969,Plasma_IgG,10
19_26970,Tumor,12
19_26976,Tumor,12
19_26977,Tumor,12
19_26978,Tumor,12
19_26979,Tumor,12
19_26982,Tumor,12
19_26984,Tumor,12
19_26988,Tumor,12
19_26989,Tumor,12
19_26990,Tumor,12
19_26991,M1_macrophages,7
19_26994,Germinal_Center_Plasma_IgM_B_cell,5
19_26995,M1_macrophages,7
19_26996,Tumor,12
19_26997,Tumor,12
19_26999,Germinal_Center_Plasma_IgM_B_cell,5
19_27005,Tumor,12
19_27006,Tumor,12
19_27007,Tumor,12
19_27009,Germinal_Center_Plasma_IgM_B_cell,5
19_27010,Plasma_IgG,10
19_27011,Tumor,12
19_27012,Tumor,12
19_27013,M1_macrophages,7
19_27014,Tumor,12
19_27015,Tumor,12
19_27016,Tumor,12
19_27017,Tumor,12
19_27024,Tumor,12
19_27025,Tumor,12
19_27028,Tumor,12
19_27031,CAF,0
19_27032,Tumor,12
19_27033,Tumor,12
19_27038,CAF,0
19_27039,Tumor,12
19_27045,Tumor,12
19_27048,Tumor,12
19_27049,Tumor,12
19_27050,Tumor,12
19_27051,Tumor,12
19_27053,Tumor,12
19_27055,CAF,0
19_27056,Tumor,12
19_27057,Tumor,12
19_27059,Tumor,12
19_27063,High_Endothelial_Venules,6
19_27064,Tumor,12
19_27065,Tumor,12
19_27066,unknown,14
19_27067,Tumor,12
19_27068,Tumor,12
19_27069,Tumor,12
19_27070,Tumor,12
19_27074,Germinal_Center_Plasma_IgM_B_cell,5
19_27076,Germinal_Center_Plasma_IgM_B_cell,5
19_27077,unknown,14
19_27078,Tumor,12
19_27080,Tumor,12
19_27082,Germinal_Center_Plasma_IgM_B_cell,5
19_27083,Tumor,12
19_27085,unknown,14
19_27086,Tumor,12
19_27092,Tumor,12
19_27095,T_cell,11
19_27096,Germinal_Center_Plasma_IgM_B_cell,5
19_27097,Tumor,12
19_27098,Plasma_IgG,10
19_27099,Tumor,12
19_27101,Plasma_IgG,10
19_27102,Tumor,12
19_27103,Tumor,12
19_27106,M1_macrophages,7
19_27107,Germinal_Center_Plasma_IgM_B_cell,5
19_27108,M1_macrophages,7
19_27110,Germinal_Center_Plasma_IgM_B_cell,5
19_27111,M1_macrophages,7
19_27112,Tumor,12
19_27114,Tumor,12
19_27115,Tumor,12
19_27118,Tumor,12
19_27119,Tumor,12
19_27121,CAF,0
19_27122,Tumor,12
19_27125,Germinal_Center_Plasma_IgM_B_cell,5
19_27126,CAF,0
19_27127,Tumor,12
19_27128,Plasma_IgG,10
19_27129,CAF,0
19_27131,M1_macrophages,7
19_27136,unknown,14
19_27137,Tumor,12
19_27138,Tumor,12
19_27140,High_Endothelial_Venules,6
19_27141,Plasma_IgG,10
19_27142,Tumor,12
19_27148,unknown,14
19_27149,Tumor,12
19_27150,CAF,0
19_27152,unknown,14
19_27153,Tumor,12
19_27154,Tumor,12
19_27155,Tumor,12
19_27156,Plasma_IgG,10
19_27157,Tumor,12
19_27158,Tumor,12
19_27159,Tumor,12
19_27162,unknown,14
19_27163,T_cell,11
19_27164,Tumor,12
19_27165,Tumor,12
19_27168,CAF,0
19_27169,Tumor,12
19_27170,M1_macrophages,7
19_27171,Tumor,12
19_27172,Tumor,12
19_27173,Tumor,12
19_27177,Germinal_Center_Plasma_IgM_B_cell,5
19_27178,M1_macrophages,7
19_27179,Plasma_IgG,10
19_27180,Tumor,12
19_27182,Tumor,12
19_27184,Tumor,12
19_27187,Germinal_Center_Plasma_IgM_B_cell,5
19_27188,Tumor,12
19_27190,T_cell,11
19_27191,Plasma_IgG,10
19_27192,Tumor,12
19_27195,M1_macrophages,7
19_27196,Plasma_IgG,10
19_27197,Tumor,12
19_27201,Tumor,12
19_27202,Tumor,12
19_27203,unknown,14
19_27206,T_cell,11
19_27207,High_Endothelial_Venules,6
19_27208,High_Endothelial_Venules,6
19_27209,Tumor,12
19_27210,High_Endothelial_Venules,6
19_27211,Plasma_IgA,9
19_27212,Tumor,12
19_27213,Tumor,12
19_27216,unknown,14
19_27217,Tumor,12
19_27218,Tumor,12
19_27220,Germinal_Center_Plasma_IgM_B_cell,5
19_27221,Tumor,12
19_27222,Tumor,12
19_27224,Tumor,12
19_27225,Tumor,12
19_27226,Tumor,12
19_27227,Tumor,12
19_27229,Tumor,12
19_27232,Tumor,12
19_27233,Tumor,12
19_27234,Plasma_IgG,10
19_27235,Tumor,12
19_27238,CAF,0
19_27242,Tumor,12
19_27243,M1_macrophages,7
19_27244,Tumor,12
19_27247,Plasma_IgG,10
19_27248,High_Endothelial_Venules,6
19_27249,Tumor,12
19_27251,Tumor,12
19_27252,Tumor,12
19_27253,Tumor,12
19_27255,unknown,14
19_27259,T_cell,11
19_27264,M1_macrophages,7
19_27265,Tumor,12
19_27268,Tumor,12
19_27269,T_cell,11
19_27271,unknown,14
19_27273,Tumor,12
19_27274,Tumor,12
19_27276,Germinal_Center_Plasma_IgM_B_cell,5
19_27277,T_cell,11
19_27278,unknown,14
19_27279,unknown,14
19_27280,Tumor,12
19_27281,Tumor,12
19_27282,Tumor,12
19_27283,Tumor,12
19_27284,Tumor,12
19_27288,unknown,14
19_27289,Plasma_IgG,10
19_27290,CAF,0
19_27291,Tumor,12
19_27294,M1_macrophages,7
19_27295,Tumor,12
19_27296,Tumor,12
19_27297,Tumor,12
19_27299,Tumor,12
19_27300,Tumor,12
19_27301,Tumor,12
19_27302,Tumor,12
19_27306,Germinal_Center_Plasma_IgM_B_cell,5
19_27307,Tumor,12
19_27308,Tumor,12
19_27309,Tumor,12
19_27313,Plasma_IgG,10
19_27314,T_cell,11
19_27316,Plasma_IgG,10
19_27317,Tumor,12
19_27318,Tumor,12
19_27319,Tumor,12
19_27320,Tumor,12
19_27321,Plasma_IgG,10
19_27322,Tumor,12
19_27325,unknown,14
19_27326,Tumor,12
19_27328,Plasma_IgG,10
19_27329,CAF,0
19_27330,Plasma_IgG,10
19_27331,Tumor,12
19_27332,Tumor,12
19_27335,Germinal_Center_Plasma_IgM_B_cell,5
19_27336,Tumor,12
19_27337,Tumor,12
19_27340,Germinal_Center_Plasma_IgM_B_cell,5
19_27341,Plasma_IgA,9
19_27342,Tumor,12
19_27343,CAF,0
19_27344,Tumor,12
19_27345,High_Endothelial_Venules,6
19_27346,CAF,0
19_27347,Tumor,12
19_27353,M1_macrophages,7
19_27354,Germinal_Center_Plasma_IgM_B_cell,5
19_27355,Germinal_Center_Plasma_IgM_B_cell,5
19_27357,CAF,0
19_27360,Tumor,12
19_27362,unknown,14
19_27363,CAF,0
19_27364,CAF,0
19_27365,unknown,14
19_27366,Tumor,12
19_27367,High_Endothelial_Venules,6
19_27368,M1_macrophages,7
19_27369,Tumor,12
19_27370,Plasma_IgG,10
19_27371,Tumor,12
19_27372,Tumor,12
19_27373,M1_macrophages,7
19_27374,Plasma_IgG,10
19_27375,Plasma_IgG,10
19_27380,Tumor,12
19_27381,Tumor,12
19_27382,Tumor,12
19_27383,Tumor,12
19_27384,Tumor,12
19_27386,High_Endothelial_Venules,6
19_27388,Plasma_IgG,10
19_27390,T_cell,11
19_27391,CAF,0
19_27392,Tumor,12
19_27393,CAM,1
19_27395,Tumor,12
19_27396,Tumor,12
19_27397,Tumor,12
19_27399,High_Endothelial_Venules,6
19_27400,Tumor,12
19_27404,Plasma_IgG,10
19_27405,Tumor,12
19_27406,CAM,1
19_27407,Tumor,12
19_27408,Tumor,12
19_27409,Tumor,12
19_27410,Tumor,12
19_27411,Tumor,12
19_27413,Tumor,12
19_27414,unknown,14
19_27416,Germinal_Center_Plasma_IgM_B_cell,5
19_27417,Plasma_IgG,10
19_27419,Tumor,12
19_27420,Plasma_IgA,9
19_27421,Tumor,12
19_27422,Tumor,12
19_27424,Germinal_Center_Plasma_IgM_B_cell,5
19_27426,Tumor,12
19_27427,Tumor,12
19_27428,CAF,0
19_27429,Plasma_IgG,10
19_27430,CAM,1
19_27431,M1_macrophages,7
19_27432,M1_macrophages,7
19_27433,Plasma_IgA,9
19_27435,CAF,0
19_27436,Tumor,12
19_27437,Tumor,12
19_27438,Germinal_Center_Plasma_IgM_B_cell,5
19_27439,Plasma_IgA,9
19_27440,Tumor,12
19_27443,High_Endothelial_Venules,6
19_27444,Plasma_IgG,10
19_27445,Plasma_IgG,10
19_27446,Tumor,12
19_27447,Tumor,12
19_27451,unknown,14
19_27452,High_Endothelial_Venules,6
19_27453,Plasma_IgG,10
19_27454,Tumor,12
19_27455,Tumor,12
19_27458,Germinal_Center_Plasma_IgM_B_cell,5
19_27459,M1_macrophages,7
19_27460,M1_macrophages,7
19_27461,Plasma_IgA,9
19_27463,Tumor,12
19_27464,Tumor,12
19_27466,Tumor,12
19_27467,Plasma_IgG,10
19_27468,Plasma_IgG,10
19_27471,T_cell,11
19_27472,unknown,14
19_27474,Tumor,12
19_27475,Tumor,12
19_27476,Plasma_IgA,9
19_27477,Tumor,12
19_27478,Tumor,12
19_27479,Tumor,12
19_27483,Tumor,12
19_27484,Tumor,12
19_27485,Tumor,12
19_27488,Plasma_IgG,10
19_27490,Germinal_Center_Plasma_IgM_B_cell,5
19_27491,High_Endothelial_Venules,6
19_27493,unknown,14
19_27494,Tumor,12
19_27495,Plasma_IgG,10
19_27496,Tumor,12
19_27497,unknown,14
19_27499,Tumor,12
19_27500,High_Endothelial_Venules,6
19_27505,Tumor,12
19_27506,Germinal_Center_Plasma_IgM_B_cell,5
19_27507,T_cell,11
19_27508,M1_macrophages,7
19_27509,unknown,14
19_27510,Tumor,12
19_27511,Cytotoxic_IFN_signaling,3
19_27512,Tumor,12
19_27513,Tumor,12
19_27514,Tumor,12
19_27519,Plasma_IgG,10
19_27520,Tumor,12
19_27524,Tumor,12
19_27525,CAM,1
19_27529,Tumor,12
19_27530,Tumor,12
19_27531,Tumor,12
19_27532,Tumor,12
19_27534,Plasma_IgG,10
19_27535,Tumor,12
19_27539,Plasma_IgG,10
19_27541,High_Endothelial_Venules,6
19_27542,Tumor,12
19_27543,Tumor,12
19_27544,Tumor,12
19_27545,Tumor,12
19_27549,M1_macrophages,7
19_27551,Plasma_IgG,10
19_27554,High_Endothelial_Venules,6
19_27556,Plasma_IgG,10
19_27557,CAF,0
19_27558,Tumor,12
19_27559,Plasma_IgG,10
19_27560,Tumor,12
19_27562,Germinal_Center_Plasma_IgM_B_cell,5
19_27563,Plasma_IgG,10
19_27564,Tumor,12
19_27566,Plasma_IgG,10
19_27568,unknown,14
19_27569,High_Endothelial_Venules,6
19_27570,M1_macrophages,7
19_27572,Tumor,12
19_27575,Tumor,12
19_27581,Tumor,12
19_27582,Tumor,12
19_27583,Tumor,12
19_27584,Tumor,12
19_27585,Tumor,12
19_27586,Tumor,12
19_27587,T_cell,11
19_27588,T_cell,11
19_27589,Tumor,12
19_27590,Tumor,12
19_27593,High_Endothelial_Venules,6
19_27594,High_Endothelial_Venules,6
19_27595,Tumor,12
19_27597,Tumor,12
19_27598,High_Endothelial_Venules,6
19_27599,M1_macrophages,7
19_27600,Plasma_IgG,10
19_27601,Tumor,12
19_27608,Tumor,12
19_27609,Plasma_IgG,10
19_27610,Tumor,12
19_27611,Tumor,12
19_27613,M1_macrophages,7
19_27614,T_cell,11
19_27616,unknown,14
19_27620,Plasma_IgG,10
19_27621,Tumor,12
19_27622,Tumor,12
19_27624,M1_macrophages,7
19_27625,Plasma_IgG,10
19_27626,Tumor,12
19_27627,Tumor,12
19_27629,Plasma_IgG,10
19_27630,Tumor,12
19_27631,Tumor,12
19_27632,High_Endothelial_Venules,6
19_27634,High_Endothelial_Venules,6
19_27635,High_Endothelial_Venules,6
19_27637,CAF,0
19_27638,Germinal_Center_Plasma_IgM_B_cell,5
19_27641,unknown,14
19_27642,Plasma_IgG,10
19_27643,T_cell,11
19_27645,CAF,0
19_27646,Tumor,12
19_27647,Tumor,12
19_27648,Tumor,12
19_27649,Tumor,12
19_27650,Plasma_IgG,10
19_27651,Tumor,12
19_27652,unknown,14
19_27653,Tumor,12
19_27658,Tumor,12
19_27661,Plasma_IgG,10
19_27662,M1_macrophages,7
19_27665,M1_macrophages,7
19_27667,Tumor,12
19_27670,T_cell,11
19_27671,Tumor,12
19_27673,Plasma_IgA,9
19_27674,Plasma_IgG,10
19_27675,Tumor,12
19_27677,unknown,14
19_27678,Tumor,12
19_27679,Tumor,12
19_27680,CAF,0
19_27681,Tumor,12
19_27682,Tumor,12
19_27685,Tumor,12
19_27686,Plasma_IgG,10
19_27687,Tumor,12
19_27690,Tumor,12
19_27695,Tumor,12
19_27696,Tumor,12
19_27698,Plasma_IgG,10
19_27699,Tumor,12
19_27700,Tumor,12
19_27702,unknown,14
19_27703,T_cell,11
19_27704,Tumor,12
19_27705,CAM,1
19_27707,High_Endothelial_Venules,6
19_27708,Tumor,12
19_27709,Tumor,12
19_27711,Tumor,12
19_27713,Plasma_IgG,10
19_27714,Tumor,12
19_27719,Tumor,12
19_27723,Tumor,12
19_27724,Plasma_IgG,10
19_27725,Tumor,12
19_27726,Plasma_IgG,10
19_27731,Plasma_IgG,10
19_27732,Tumor,12
19_27733,High_Endothelial_Venules,6
19_27737,Tumor,12
19_27739,Tumor,12
19_27740,Tumor,12
19_27741,unknown,14
19_27742,Tumor,12
19_27743,Tumor,12
19_27747,Plasma_IgG,10
19_27749,Plasma_IgA,9
19_27750,CAF,0
19_27751,Tumor,12
19_27755,Plasma_IgG,10
19_27756,Tumor,12
19_27758,High_Endothelial_Venules,6
19_27762,Plasma_IgG,10
19_27763,High_Endothelial_Venules,6
19_27765,Tumor,12
19_27766,Tumor,12
19_27769,T_cell,11
19_27770,M1_macrophages,7
19_27771,Tumor,12
19_27774,CAF,0
19_27776,T_cell,11
19_27777,Tumor,12
19_27778,Tumor,12
19_27780,Tumor,12
19_27781,unknown,14
19_27782,CAF,0
19_27783,M1_macrophages,7
19_27784,Tumor,12
19_27785,M1_macrophages,7
19_27787,High_Endothelial_Venules,6
19_27791,unknown,14
19_27793,unknown,14
19_27795,Tumor,12
19_27796,Tumor,12
19_27798,Tumor,12
19_27799,Plasma_IgG,10
19_27800,Plasma_IgG,10
19_27802,T_cell,11
19_27803,unknown,14
19_27804,M1_macrophages,7
19_27805,Plasma_IgG,10
19_27806,Tumor,12
19_27807,unknown,14
19_27808,Germinal_Center_Plasma_IgM_B_cell,5
19_27809,CAF,0
19_27810,Plasma_IgG,10
19_27811,Tumor,12
19_27816,CAF,0
19_27817,Tumor,12
19_27818,Tumor,12
19_27819,Tumor,12
19_27820,M1_macrophages,7
19_27822,Plasma_IgG,10
19_27823,Tumor,12
19_27824,Plasma_IgG,10
19_27825,Tumor,12
19_27828,M1_macrophages,7
19_27830,unknown,14
19_27831,Plasma_IgG,10
19_27833,T_cell,11
19_27834,T_cell,11
19_27836,unknown,14
19_27837,M1_macrophages,7
19_27839,Tumor,12
19_27840,Plasma_IgG,10
19_27841,Tumor,12
19_27842,Germinal_Center_Plasma_IgM_B_cell,5
19_27844,Tumor,12
19_27845,Tumor,12
19_27846,Tumor,12
19_27847,M1_macrophages,7
19_27848,CAF,0
19_27849,Tumor,12
19_27850,Tumor,12
19_27855,Tumor,12
19_27856,Tumor,12
19_27859,Tumor,12
19_27860,M1_macrophages,7
19_27861,T_cell,11
19_27862,M1_macrophages,7
19_27863,Tumor,12
19_27864,Tumor,12
19_27869,unknown,14
19_27870,unknown,14
19_27872,M1_macrophages,7
19_27873,Plasma_IgG,10
19_27874,Plasma_IgG,10
19_27876,unknown,14
19_27877,Tumor,12
19_27879,M1_macrophages,7
19_27880,Plasma_IgG,10
19_27881,Tumor,12
19_27883,High_Endothelial_Venules,6
19_27884,T_cell,11
19_27885,High_Endothelial_Venules,6
19_27886,T_cell,11
19_27889,Tumor,12
19_27890,Tumor,12
19_27892,unknown,14
19_27893,M1_macrophages,7
19_27896,Plasma_IgG,10
19_27897,Tumor,12
19_27898,Tumor,12
19_27899,Tumor,12
19_27902,unknown,14
19_27903,M1_macrophages,7
19_27904,Plasma_IgG,10
19_27906,Tumor,12
19_27907,Tumor,12
19_27910,High_Endothelial_Venules,6
19_27911,M1_macrophages,7
19_27912,High_Endothelial_Venules,6
19_27913,CAF,0
19_27914,CAF,0
19_27916,Tumor,12
19_27917,Tumor,12
19_27919,M1_macrophages,7
19_27921,High_Endothelial_Venules,6
19_27922,Plasma_IgG,10
19_27923,Tumor,12
19_27924,Tumor,12
19_27931,Plasma_IgG,10
19_27932,Tumor,12
19_27935,T_cell,11
19_27936,CAF,0
19_27937,Plasma_IgG,10
19_27939,Tumor,12
19_27940,Tumor,12
19_27941,unknown,14
19_27943,Tumor,12
19_27945,Tumor,12
19_27947,T_cell,11
19_27949,Tumor,12
19_27950,CAF,0
19_27951,Tumor,12
19_27952,Tumor,12
19_27954,Plasma_IgG,10
19_27955,Plasma_IgG,10
19_27956,Tumor,12
19_27960,Tumor,12
19_27961,CAF,0
19_27962,Plasma_IgG,10
19_27963,Tumor,12
19_27964,Tumor,12
19_27966,High_Endothelial_Venules,6
19_27968,Plasma_IgG,10
19_27969,Plasma_IgG,10
19_27970,Tumor,12
19_27971,CAF,0
19_27972,Tumor,12
19_27973,Tumor,12
19_27975,M1_macrophages,7
19_27977,unknown,14
19_27978,unknown,14
19_27980,High_Endothelial_Venules,6
19_27981,Plasma_IgG,10
19_27983,Tumor,12
19_27987,High_Endothelial_Venules,6
19_27988,T_cell,11
19_27990,Plasma_IgG,10
19_27991,Plasma_IgG,10
19_27994,unknown,14
19_27995,M1_macrophages,7
19_27996,CAF,0
19_27997,Plasma_IgG,10
19_27998,Tumor,12
19_27999,Plasma_IgG,10
19_28001,Tumor,12
19_28002,Plasma_IgG,10
19_28003,Plasma_IgG,10
19_28006,Plasma_IgG,10
19_28008,T_cell,11
19_28009,T_cell,11
19_28010,CAF,0
19_28011,unknown,14
19_28012,Tumor,12
19_28013,Tumor,12
19_28015,unknown,14
19_28016,M1_macrophages,7
19_28018,Plasma_IgG,10
19_28019,Plasma_IgG,10
19_28020,Plasma_IgG,10
19_28021,Tumor,12
19_28022,Tumor,12
19_28023,Tumor,12
19_28025,Plasma_IgG,10
19_28026,CAF,0
19_28027,CAM,1
19_28028,Tumor,12
19_28030,T_cell,11
19_28031,High_Endothelial_Venules,6
19_28032,unknown,14
19_28033,Plasma_IgG,10
19_28034,Tumor,12
19_28035,Plasma_IgG,10
19_28036,Tumor,12
19_28038,Plasma_IgA,9
19_28039,Tumor,12
19_28043,Plasma_IgG,10
19_28044,Tumor,12
19_28045,Plasma_IgG,10
19_28046,Plasma_IgG,10
19_28047,Tumor,12
19_28053,T_cell,11
19_28054,Plasma_IgG,10
19_28055,CAF,0
19_28056,High_Endothelial_Venules,6
19_28058,Plasma_IgG,10
19_28059,Tumor,12
19_28062,Plasma_IgG,10
19_28067,High_Endothelial_Venules,6
19_28068,T_cell,11
19_28069,Plasma_IgG,10
19_28072,unknown,14
19_28073,unknown,14
19_28074,M1_macrophages,7
19_28075,CAF,0
19_28077,unknown,14
19_28078,CAF,0
19_28079,Plasma_IgG,10
19_28083,T_cell,11
19_28084,T_cell,11
19_28085,Plasma_IgG,10
19_28086,Tumor,12
19_28088,T_cell,11
19_28089,Plasma_IgG,10
19_28091,Tumor,12
19_28094,CAF,0
19_28095,Plasma_IgG,10
19_28098,Tumor,12
19_28101,Fibroblasts,4
19_28102,M1_macrophages,7
19_28104,Tumor,12
19_28105,Tumor,12
19_28106,Tumor,12
19_28108,High_Endothelial_Venules,6
19_28109,Tumor,12
19_28111,High_Endothelial_Venules,6
19_28113,Tumor,12
19_28114,Tumor,12
19_28116,Tumor,12
19_28118,unknown,14
19_28120,Plasma_IgG,10
19_28121,Plasma_IgG,10
19_28124,Plasma_IgG,10
19_28125,CAM,1
19_28128,Germinal_Center_Plasma_IgM_B_cell,5
19_28129,High_Endothelial_Venules,6
19_28131,Tumor,12
19_28132,Tumor,12
19_28133,Tumor,12
19_28135,Tumor,12
19_28138,Tumor,12
19_28139,Plasma_IgG,10
19_28140,Tumor,12
19_28141,Tumor,12
19_28142,Plasma_IgG,10
19_28143,Plasma_IgG,10
19_28144,Tumor,12
19_28145,Tumor,12
19_28146,Plasma_IgG,10
19_28147,Tumor,12
19_28149,Tumor,12
19_28150,High_Endothelial_Venules,6
19_28151,unknown,14
19_28154,Plasma_IgG,10
19_28155,Tumor,12
19_28156,Tumor,12
19_28157,unknown,14
19_28161,M1_macrophages,7
19_28162,CAF,0
19_28164,Tumor,12
19_28166,M1_macrophages,7
19_28168,High_Endothelial_Venules,6
19_28169,Plasma_IgG,10
19_28170,Tumor,12
19_28173,Plasma_IgG,10
19_28174,Tumor,12
19_28175,unknown,14
19_28177,Germinal_Center_Plasma_IgM_B_cell,5
19_28178,Tumor,12
19_28180,Plasma_IgG,10
19_28181,Plasma_IgG,10
19_28184,Tumor,12
19_28185,Tumor,12
19_28190,T_cell,11
19_28192,Plasma_IgG,10
19_28193,Plasma_IgG,10
19_28194,Tumor,12
19_28195,Tumor,12
19_28198,Plasma_IgA,9
19_28199,Plasma_IgG,10
19_28200,Plasma_IgG,10
19_28201,Plasma_IgG,10
19_28202,unknown,14
19_28203,Tumor,12
19_28206,Plasma_IgG,10
19_28207,Tumor,12
19_28208,Plasma_IgG,10
19_28209,Tumor,12
19_28211,Germinal_Center_Plasma_IgM_B_cell,5
19_28212,M1_macrophages,7
19_28215,Plasma_IgG,10
19_28217,unknown,14
19_28218,unknown,14
19_28219,unknown,14
19_28220,Tumor,12
19_28221,Tumor,12
19_28223,M1_macrophages,7
19_28224,T_cell,11
19_28225,Tumor,12
19_28226,Plasma_IgG,10
19_28227,Tumor,12
19_28230,T_cell,11
19_28232,Tumor,12
19_28236,Tumor,12
19_28239,Plasma_IgG,10
19_28242,Germinal_Center_Plasma_IgM_B_cell,5
19_28244,T_cell,11
19_28245,unknown,14
19_28246,Plasma_IgG,10
19_28247,Tumor,12
19_28248,Tumor,12
19_28250,Plasma_IgG,10
19_28251,Plasma_IgG,10
19_28252,Plasma_IgG,10
19_28253,Tumor,12
19_28254,Tumor,12
19_28255,Plasma_IgG,10
19_28256,Tumor,12
19_28260,M1_macrophages,7
19_28264,Plasma_IgG,10
19_28265,Plasma_IgG,10
19_28266,Tumor,12
19_28267,Tumor,12
19_28271,unknown,14
19_28273,unknown,14
19_28274,M1_macrophages,7
19_28275,M1_macrophages,7
19_28276,Plasma_IgG,10
19_28279,Plasma_IgG,10
19_28280,Tumor,12
19_28281,Tumor,12
19_28284,Plasma_IgG,10
19_28285,Plasma_IgG,10
19_28287,T_cell,11
19_28289,High_Endothelial_Venules,6
19_28290,Plasma_IgG,10
19_28291,Tumor,12
19_28292,Tumor,12
19_28296,M1_macrophages,7
19_28297,unknown,14
19_28299,Tumor,12
19_28300,Tumor,12
19_28301,Tumor,12
19_28305,High_Endothelial_Venules,6
19_28306,Germinal_Center_Plasma_IgM_B_cell,5
19_28307,Plasma_IgG,10
19_28308,Plasma_IgG,10
19_28309,Plasma_IgG,10
19_28310,Plasma_IgG,10
19_28311,Tumor,12
19_28315,CAF,0
19_28316,Tumor,12
19_28317,M1_macrophages,7
19_28320,Plasma_IgG,10
19_28321,Tumor,12
19_28326,Plasma_IgG,10
19_28327,M1_macrophages,7
19_28329,Plasma_IgG,10
19_28330,Tumor,12
19_28331,T_cell,11
19_28335,unknown,14
19_28336,Plasma_IgG,10
19_28337,Tumor,12
19_28339,Plasma_IgA,9
19_28342,Plasma_IgG,10
19_28343,Tumor,12
19_28344,Plasma_IgG,10
19_28346,Tumor,12
19_28349,M1_macrophages,7
19_28350,Tumor,12
19_28354,Tumor,12
19_28356,unknown,14
19_28357,Plasma_IgG,10
19_28358,Plasma_IgG,10
19_28359,Tumor,12
19_28363,High_Endothelial_Venules,6
19_28364,unknown,14
19_28365,Cortex_CCL21,2
19_28368,High_Endothelial_Venules,6
19_28369,Plasma_IgG,10
19_28370,Tumor,12
19_28371,Tumor,12
19_28377,unknown,14
19_28378,M1_macrophages,7
19_28379,Tumor,12
19_28381,High_Endothelial_Venules,6
19_28382,High_Endothelial_Venules,6
19_28383,M1_macrophages,7
19_28385,Tumor,12
19_28386,Plasma_IgG,10
19_28390,Plasma_IgG,10
19_28391,Plasma_IgG,10
19_28392,Tumor,12
19_28393,Tumor,12
19_28395,Germinal_Center_Plasma_IgM_B_cell,5
19_28396,unknown,14
19_28399,Tumor,12
19_28400,Tumor,12
19_28402,Plasma_IgG,10
19_28403,Tumor,12
19_28406,unknown,14
19_28407,M1_macrophages,7
19_28408,CAF,0
19_28409,Tumor,12
19_28410,Plasma_IgG,10
19_28415,Plasma_IgA,9
19_28418,Plasma_IgG,10
19_28422,High_Endothelial_Venules,6
19_28423,Tumor,12
19_28425,Tumor,12
19_28429,High_Endothelial_Venules,6
19_28430,Plasma_IgG,10
19_28431,Tumor,12
19_28432,Tumor,12
19_28435,Plasma_IgG,10
19_28436,Plasma_IgG,10
19_28437,Tumor,12
19_28439,Plasma_IgG,10
19_28440,Tumor,12
19_28445,M1_macrophages,7
19_28446,unknown,14
19_28449,Plasma_IgG,10
19_28450,Plasma_IgG,10
19_28451,Tumor,12
19_28453,unknown,14
19_28454,M1_macrophages,7
19_28455,Tumor,12
19_28456,Plasma_IgG,10
19_28457,Plasma_IgG,10
19_28458,Tumor,12
19_28464,T_cell,11
19_28465,unknown,14
19_28466,Tumor,12
19_28467,Tumor,12
19_28468,Plasma_IgG,10
19_28469,Plasma_IgG,10
19_28470,Tumor,12
19_28473,Tumor,12
19_28474,High_Endothelial_Venules,6
19_28475,High_Endothelial_Venules,6
19_28476,unknown,14
19_28477,Tumor,12
19_28478,Tumor,12
19_28479,Plasma_IgG,10
19_28480,Germinal_Center_Plasma_IgM_B_cell,5
19_28481,Tumor,12
19_28484,unknown,14
19_28485,Plasma_IgG,10
19_28486,Plasma_IgG,10
19_28487,Tumor,12
19_28488,M1_macrophages,7
19_28489,Tumor,12
19_28493,High_Endothelial_Venules,6
19_28494,Plasma_IgG,10
19_28495,Plasma_IgG,10
19_28496,Plasma_IgG,10
19_28498,T_cell,11
19_28499,Plasma_IgG,10
19_28500,Plasma_IgG,10
19_28501,Tumor,12
19_28502,Tumor,12
19_28503,Tumor,12
19_28505,CAF,0
19_28506,Plasma_IgG,10
19_28507,Plasma_IgG,10
19_28511,High_Endothelial_Venules,6
19_28513,Fibroblasts,4
19_28514,Plasma_IgG,10
19_28515,Tumor,12
19_28516,Tumor,12
19_28517,Tumor,12
19_28521,Tumor,12
19_28523,unknown,14
19_28524,Tumor,12
19_28525,Tumor,12
19_28526,Plasma_IgG,10
19_28527,Plasma_IgG,10
19_28528,Plasma_IgG,10
19_28529,Plasma_IgG,10
19_28532,unknown,14
19_28533,Plasma_IgG,10
19_28534,M1_macrophages,7
19_28535,Plasma_IgG,10
19_28543,Plasma_IgG,10
19_28544,Plasma_IgG,10
19_28545,Tumor,12
19_28547,unknown,14
19_28550,Germinal_Center_Plasma_IgM_B_cell,5
19_28551,M1_macrophages,7
19_28553,Tumor,12
19_28554,Plasma_IgG,10
19_28555,Tumor,12
19_28556,Tumor,12
19_28559,Plasma_IgG,10
19_28561,CAM,1
19_28562,Tumor,12
19_28564,unknown,14
19_28565,Plasma_IgG,10
19_28566,Tumor,12
19_28568,Plasma_IgG,10
19_28569,Plasma_IgG,10
19_28570,T_cell,11
19_28571,CAF,0
19_28573,Tumor,12
19_28574,Tumor,12
19_28577,M1_macrophages,7
19_28579,Germinal_Center_Plasma_IgM_B_cell,5
19_28580,Plasma_IgG,10
19_28581,Plasma_IgG,10
19_28582,Plasma_IgG,10
19_28583,Tumor,12
19_28587,M1_macrophages,7
19_28588,unknown,14
19_28589,Germinal_Center_Plasma_IgM_B_cell,5
19_28592,Plasma_IgG,10
19_28593,Tumor,12
19_28597,unknown,14
19_28599,CAF,0
19_28600,unknown,14
19_28601,Tumor,12
19_28602,Tumor,12
19_28604,Plasma_IgG,10
19_28605,Plasma_IgG,10
19_28606,Tumor,12
19_28607,Tumor,12
19_28608,Tumor,12
19_28610,CAF,0
19_28611,Tumor,12
19_28612,Tumor,12
19_28615,Plasma_IgA,9
19_28616,Tumor,12
19_28617,Tumor,12
19_28618,Plasma_IgG,10
19_28620,Tumor,12
19_28621,Tumor,12
19_28623,unknown,14
19_28625,Plasma_IgG,10
19_28626,Tumor,12
19_28631,unknown,14
19_28632,Plasma_IgG,10
19_28634,Germinal_Center_Plasma_IgM_B_cell,5
19_28635,Plasma_IgG,10
19_28636,Tumor,12
19_28637,Plasma_IgG,10
19_28638,Plasma_IgG,10
19_28639,Tumor,12
19_28640,Tumor,12
19_28643,Tumor,12
19_28644,unknown,14
19_28645,Plasma_IgG,10
19_28648,CAF,0
19_28649,Plasma_IgG,10
19_28650,Plasma_IgG,10
19_28651,Plasma_IgG,10
19_28652,Tumor,12
19_28653,Tumor,12
19_28657,unknown,14
19_28658,Germinal_Center_Plasma_IgM_B_cell,5
19_28659,Plasma_IgG,10
19_28660,Plasma_IgG,10
19_28661,High_Endothelial_Venules,6
19_28662,CAM,1
19_28666,Plasma_IgG,10
19_28668,Plasma_IgG,10
19_28670,Plasma_IgG,10
19_28672,Plasma_IgG,10
19_28673,Plasma_IgG,10
19_28676,Plasma_IgG,10
19_28677,Plasma_IgG,10
19_28678,Plasma_IgG,10
19_28679,Tumor,12
19_28680,Tumor,12
19_28682,Tumor,12
19_28683,Plasma_IgG,10
19_28685,M1_macrophages,7
19_28686,Tumor,12
19_28687,Plasma_IgG,10
19_28689,Plasma_IgG,10
19_28690,Tumor,12
19_28691,Tumor,12
19_28692,unknown,14
19_28693,High_Endothelial_Venules,6
19_28694,Plasma_IgG,10
19_28695,Plasma_IgG,10
19_28697,High_Endothelial_Venules,6
19_28698,T_cell,11
19_28699,Plasma_IgG,10
19_28700,CAF,0
19_28703,Plasma_IgG,10
19_28708,Plasma_IgG,10
19_28709,Plasma_IgG,10
19_28710,Tumor,12
19_28712,High_Endothelial_Venules,6
19_28715,Plasma_IgG,10
19_28716,M1_macrophages,7
19_28717,Plasma_IgG,10
19_28718,Plasma_IgG,10
19_28721,Tumor,12
19_28722,Plasma_IgG,10
19_28727,High_Endothelial_Venules,6
19_28728,Tumor,12
19_28729,Tumor,12
19_28730,Tumor,12
19_28731,Tumor,12
19_28734,T_cell,11
19_28735,Cortex_CCL21,2
19_28736,Plasma_IgG,10
19_28737,Tumor,12
19_28738,Plasma_IgG,10
19_28741,Tumor,12
19_28746,M1_macrophages,7
19_28747,Tumor,12
19_28748,Plasma_IgG,10
19_28749,Tumor,12
19_28750,CAF,0
19_28751,Tumor,12
19_28753,unknown,14
19_28754,T_cell,11
19_28756,Plasma_IgG,10
19_28757,Plasma_IgG,10
19_28758,Tumor,12
19_28759,CAM,1
19_28761,Plasma_IgG,10
19_28762,Tumor,12
19_28763,Tumor,12
19_28764,Tumor,12
19_28765,Tumor,12
19_28767,Tumor,12
19_28768,Tumor,12
19_28770,High_Endothelial_Venules,6
19_28772,Plasma_IgG,10
19_28773,Tumor,12
19_28774,Plasma_IgG,10
19_28775,Tumor,12
19_28780,T_cell,11
19_28781,unknown,14
19_28782,Plasma_IgG,10
19_28783,Tumor,12
19_28784,Tumor,12
19_28787,Plasma_IgG,10
19_28788,Plasma_IgG,10
19_28789,Plasma_IgG,10
19_28792,M1_macrophages,7
19_28793,M1_macrophages,7
19_28794,Tumor,12
19_28795,Tumor,12
19_28796,Tumor,12
19_28797,Germinal_Center_Plasma_IgM_B_cell,5
19_28801,High_Endothelial_Venules,6
19_28803,Plasma_IgG,10
19_28804,CAF,0
19_28805,Tumor,12
19_28807,Tumor,12
19_28809,M1_macrophages,7
19_28810,Plasma_IgG,10
19_28811,Plasma_IgG,10
19_28813,Tumor,12
19_28814,Tumor,12
19_28818,Plasma_IgG,10
19_28819,Tumor,12
19_28821,unknown,14
19_28822,Tumor,12
19_28823,Plasma_IgG,10
19_28824,Plasma_IgG,10
19_28826,Plasma_IgA,9
19_28827,High_Endothelial_Venules,6
19_28829,Plasma_IgG,10
19_28831,Tumor,12
19_28832,Plasma_IgG,10
19_28833,Plasma_IgG,10
19_28834,Plasma_IgG,10
19_28836,Plasma_IgG,10
19_28837,Tumor,12
19_28843,High_Endothelial_Venules,6
19_28844,High_Endothelial_Venules,6
19_28846,Tumor,12
19_28847,Plasma_IgG,10
19_28849,Plasma_IgG,10
19_28850,Tumor,12
19_28852,Germinal_Center_Plasma_IgM_B_cell,5
19_28853,Tumor,12
19_28854,Plasma_IgG,10
19_28855,unknown,14
19_28856,unknown,14
19_28858,unknown,14
19_28860,Plasma_IgG,10
19_28862,Plasma_IgG,10
19_28864,Tumor,12
19_28865,Tumor,12
19_28868,M1_macrophages,7
19_28870,Plasma_IgG,10
19_28874,unknown,14
19_28875,Tumor,12
19_28880,unknown,14
19_28882,Plasma_IgG,10
19_28883,Tumor,12
19_28885,Tumor_Keratin_Pearl,13
19_28887,M1_macrophages,7
19_28888,Plasma_IgG,10
19_28889,Plasma_IgG,10
19_28891,T_cell,11
19_28893,unknown,14
19_28894,M1_macrophages,7
19_28895,Plasma_IgG,10
19_28897,High_Endothelial_Venules,6
19_28898,Tumor,12
19_28900,Tumor,12
19_28901,Tumor,12
19_28902,Tumor,12
19_28903,unknown,14
19_28905,Tumor,12
19_28906,Tumor,12
19_28910,Plasma_IgG,10
19_28911,Plasma_IgG,10
19_28912,Plasma_IgG,10
19_28913,Tumor,12
19_28914,Tumor,12
19_28915,Tumor,12
19_28920,M1_macrophages,7
19_28921,M1_macrophages,7
19_28923,Plasma_IgG,10
19_28924,Tumor,12
19_28925,Tumor,12
19_28926,M1_macrophages,7
19_28927,unknown,14
19_28928,M1_macrophages,7
19_28929,Plasma_IgG,10
19_28930,Tumor,12
19_28935,High_Endothelial_Venules,6
19_28937,Plasma_IgG,10
19_28938,Plasma_IgG,10
19_28940,Fibroblasts,4
19_28942,High_Endothelial_Venules,6
19_28944,Plasma_IgG,10
19_28946,Tumor,12
19_28947,Tumor,12
19_28948,Tumor,12
19_28949,Tumor,12
19_28950,Plasma_IgG,10
19_28951,unknown,14
19_28954,T_cell,11
19_28958,Tumor,12
19_28959,Plasma_IgG,10
19_28960,Plasma_IgG,10
19_28961,Tumor,12
19_28962,Tumor,12
19_28965,Fibroblasts,4
19_28966,Tumor,12
19_28967,CAF,0
19_28969,Tumor,12
19_28971,Tumor,12
19_28973,T_cell,11
19_28974,Tumor,12
19_28978,Plasma_IgG,10
19_28979,Tumor,12
19_28983,T_cell,11
19_28984,Tumor,12
19_28985,Plasma_IgG,10
19_28986,Plasma_IgG,10
19_28987,Tumor,12
19_28989,Tumor,12
19_28990,Plasma_IgG,10
19_28991,Plasma_IgG,10
19_28994,unknown,14
19_28995,Plasma_IgG,10
19_28998,High_Endothelial_Venules,6
19_28999,unknown,14
19_29000,T_cell,11
19_29001,Plasma_IgG,10
19_29003,Tumor,12
19_29007,Plasma_IgG,10
19_29008,Tumor,12
19_29009,unknown,14
19_29010,Plasma_IgG,10
19_29011,Tumor,12
19_29013,unknown,14
19_29014,Tumor,12
19_29015,Tumor,12
19_29018,Tumor,12
19_29020,Plasma_IgG,10
19_29021,Tumor,12
19_29025,High_Endothelial_Venules,6
19_29027,High_Endothelial_Venules,6
19_29030,Tumor,12
19_29031,M1_macrophages,7
19_29032,Plasma_IgG,10
19_29033,Plasma_IgG,10
19_29034,Tumor,12
19_29037,Plasma_IgA,9
19_29038,Plasma_IgG,10
19_29040,Tumor,12
19_29041,Germinal_Center_Plasma_IgM_B_cell,5
19_29042,Tumor,12
19_29043,Tumor,12
19_29045,M1_macrophages,7
19_29047,High_Endothelial_Venules,6
19_29048,T_cell,11
19_29049,M1_macrophages,7
19_29050,Tumor,12
19_29051,Tumor,12
19_29054,High_Endothelial_Venules,6
19_29055,High_Endothelial_Venules,6
19_29056,unknown,14
19_29057,M1_macrophages,7
19_29058,T_cell,11
19_29059,unknown,14
19_29060,Plasma_IgG,10
19_29061,Tumor,12
19_29063,Tumor,12
19_29064,Plasma_IgG,10
19_29065,High_Endothelial_Venules,6
19_29066,Tumor,12
19_29069,CAM,1
19_29070,unknown,14
19_29072,Plasma_IgG,10
19_29073,CAF,0
19_29074,Plasma_IgG,10
19_29075,Tumor,12
19_29076,T_cell,11
19_29077,Tumor,12
19_29078,Plasma_IgG,10
19_29079,Plasma_IgG,10
19_29081,Plasma_IgG,10
19_29083,Tumor,12
19_29086,Plasma_IgG,10
19_29087,Plasma_IgG,10
19_29089,Tumor,12
19_29095,Plasma_IgG,10
19_29096,Plasma_IgG,10
19_29097,Plasma_IgA,9
19_29098,Tumor,12
19_29104,Plasma_IgG,10
19_29106,unknown,14
19_29107,Tumor,12
19_29108,Tumor,12
19_29109,Tumor,12
19_29111,CAF,0
19_29113,Plasma_IgA,9
19_29114,unknown,14
19_29115,T_cell,11
19_29116,Plasma_IgG,10
19_29118,Germinal_Center_Plasma_IgM_B_cell,5
19_29120,Tumor,12
19_29121,unknown,14
19_29122,High_Endothelial_Venules,6
19_29123,M1_macrophages,7
19_29124,Plasma_IgG,10
19_29126,Plasma_IgG,10
19_29128,Tumor,12
19_29129,Tumor,12
19_29131,Tumor,12
19_29133,unknown,14
19_29134,Plasma_IgG,10
19_29135,Plasma_IgG,10
19_29136,Plasma_IgG,10
19_29137,Plasma_IgG,10
19_29138,Tumor,12
19_29140,Plasma_IgG,10
19_29141,Tumor,12
19_29144,Macrophages,8
19_29145,Tumor,12
19_29146,Plasma_IgG,10
19_29147,Plasma_IgG,10
19_29148,Tumor,12
19_29150,High_Endothelial_Venules,6
19_29151,M1_macrophages,7
19_29152,High_Endothelial_Venules,6
19_29153,Tumor,12
19_29154,Plasma_IgG,10
19_29155,Plasma_IgG,10
19_29156,T_cell,11
19_29157,Tumor,12
19_29158,CAM,1
19_29160,Germinal_Center_Plasma_IgM_B_cell,5
19_29161,unknown,14
19_29163,Plasma_IgG,10
19_29164,Plasma_IgG,10
19_29165,Plasma_IgG,10
19_29168,Fibroblasts,4
19_29170,CAF,0
19_29171,Plasma_IgG,10
19_29172,Plasma_IgG,10
19_29173,Tumor,12
19_29174,Tumor,12
19_29175,Tumor,12
19_29177,Fibroblasts,4
19_29178,Plasma_IgG,10
19_29179,Plasma_IgA,9
19_29180,Germinal_Center_Plasma_IgM_B_cell,5
19_29185,M1_macrophages,7
19_29186,unknown,14
19_29187,Tumor,12
19_29192,Plasma_IgG,10
19_29193,Plasma_IgG,10
19_29194,Plasma_IgG,10
19_29195,Germinal_Center_Plasma_IgM_B_cell,5
19_29196,Tumor,12
19_29200,unknown,14
19_29201,Plasma_IgG,10
19_29207,unknown,14
19_29208,Plasma_IgG,10
19_29209,Tumor,12
19_29210,Tumor,12
19_29214,T_cell,11
19_29216,M1_macrophages,7
19_29219,unknown,14
19_29220,T_cell,11
19_29221,M1_macrophages,7
19_29223,CAF,0
19_29225,Tumor,12
19_29229,T_cell,11
19_29230,Tumor,12
19_29231,Plasma_IgG,10
19_29232,Plasma_IgG,10
19_29236,Tumor,12
19_29237,Plasma_IgG,10
19_29238,Germinal_Center_Plasma_IgM_B_cell,5
19_29239,Tumor,12
19_29240,Tumor,12
19_29243,unknown,14
19_29244,Plasma_IgG,10
19_29246,High_Endothelial_Venules,6
19_29247,Plasma_IgG,10
19_29248,Tumor,12
19_29250,Plasma_IgG,10
19_29252,Plasma_IgG,10
19_29253,Tumor,12
19_29254,Plasma_IgG,10
19_29259,M1_macrophages,7
19_29260,High_Endothelial_Venules,6
19_29261,Tumor,12
19_29263,Fibroblasts,4
19_29264,unknown,14
19_29265,Plasma_IgG,10
19_29266,Tumor,12
19_29267,Plasma_IgG,10
19_29268,Plasma_IgG,10
19_29273,Plasma_IgG,10
19_29274,Plasma_IgG,10
19_29275,Tumor,12
19_29276,Tumor,12
19_29279,Plasma_IgA,9
19_29280,Tumor,12
19_29281,Plasma_IgA,9
19_29282,High_Endothelial_Venules,6
19_29283,M1_macrophages,7
19_29284,Plasma_IgG,10
19_29288,High_Endothelial_Venules,6
19_29289,Plasma_IgG,10
19_29290,Tumor,12
19_29291,Plasma_IgG,10
19_29294,Plasma_IgG,10
19_29295,Tumor,12
19_29298,Tumor,12
19_29299,Plasma_IgG,10
19_29300,Plasma_IgG,10
19_29301,Tumor,12
19_29302,Tumor,12
19_29304,unknown,14
19_29306,Plasma_IgG,10
19_29307,M1_macrophages,7
19_29308,Tumor,12
19_29312,T_cell,11
19_29313,Plasma_IgG,10
19_29315,T_cell,11
19_29316,Germinal_Center_Plasma_IgM_B_cell,5
19_29317,unknown,14
19_29318,Tumor,12
19_29320,T_cell,11
19_29321,T_cell,11
19_29322,unknown,14
19_29323,Plasma_IgA,9
19_29327,unknown,14
19_29329,Plasma_IgG,10
19_29330,Tumor,12
19_29334,Plasma_IgG,10
19_29335,unknown,14
19_29337,Tumor,12
19_29339,Germinal_Center_Plasma_IgM_B_cell,5
19_29340,Tumor,12
19_29347,High_Endothelial_Venules,6
19_29348,Plasma_IgG,10
19_29349,Tumor,12
19_29351,Tumor,12
19_29352,M1_macrophages,7
19_29354,M1_macrophages,7
19_29356,Plasma_IgG,10
19_29357,unknown,14
19_29359,Plasma_IgG,10
19_29360,Plasma_IgG,10
19_29361,Plasma_IgG,10
19_29362,Tumor,12
19_29365,Germinal_Center_Plasma_IgM_B_cell,5
19_29366,unknown,14
19_29367,Plasma_IgG,10
19_29368,Plasma_IgG,10
19_29373,unknown,14
19_29374,T_cell,11
19_29375,Tumor,12
19_29376,Tumor,12
19_29377,Tumor,12
19_29380,High_Endothelial_Venules,6
19_29381,Tumor,12
19_29382,Tumor,12
19_29384,CAF,0
19_29387,Plasma_IgG,10
19_29393,M1_macrophages,7
19_29395,Tumor,12
19_29397,Tumor,12
19_29399,T_cell,11
19_29400,High_Endothelial_Venules,6
19_29402,Germinal_Center_Plasma_IgM_B_cell,5
19_29403,Tumor,12
19_29408,T_cell,11
19_29409,Plasma_IgG,10
19_29410,T_cell,11
19_29411,Tumor,12
19_29412,Plasma_IgG,10
19_29417,CAF,0
19_29418,unknown,14
19_29420,unknown,14
19_29421,M1_macrophages,7
19_29423,Plasma_IgG,10
19_29424,Tumor,12
19_29425,Tumor,12
19_29429,unknown,14
19_29434,Tumor,12
19_29435,Plasma_IgG,10
19_29436,Plasma_IgG,10
19_29437,Plasma_IgG,10
19_29438,Plasma_IgG,10
19_29439,Germinal_Center_Plasma_IgM_B_cell,5
19_29440,Germinal_Center_Plasma_IgM_B_cell,5
19_29441,Germinal_Center_Plasma_IgM_B_cell,5
19_29442,Tumor,12
19_29444,unknown,14
19_29445,unknown,14
19_29447,Plasma_IgG,10
19_29448,Plasma_IgG,10
19_29449,Plasma_IgG,10
19_29450,Tumor,12
19_29452,Tumor,12
19_29453,Plasma_IgG,10
19_29454,Tumor,12
19_29455,High_Endothelial_Venules,6
19_29457,M1_macrophages,7
19_29458,M1_macrophages,7
19_29459,T_cell,11
19_29461,Plasma_IgG,10
19_29469,CAF,0
19_29470,Plasma_IgG,10
19_29471,Plasma_IgG,10
19_29472,Tumor,12
19_29476,Plasma_IgG,10
19_29477,Plasma_IgA,9
19_29478,Tumor,12
19_29483,unknown,14
19_29484,Plasma_IgA,9
19_29485,Plasma_IgG,10
19_29490,Plasma_IgG,10
19_29491,T_cell,11
19_29492,Tumor,12
19_29493,Tumor,12
19_29494,Tumor,12
19_29495,Tumor,12
19_29501,Germinal_Center_Plasma_IgM_B_cell,5
19_29504,Plasma_IgG,10
19_29505,M1_macrophages,7
19_29508,Plasma_IgG,10
19_29509,Tumor,12
19_29514,Germinal_Center_Plasma_IgM_B_cell,5
19_29518,Germinal_Center_Plasma_IgM_B_cell,5
19_29519,Tumor,12
19_29520,Tumor,12
19_29526,unknown,14
19_29527,Tumor,12
19_29528,Tumor,12
19_29530,unknown,14
19_29531,M1_macrophages,7
19_29532,Plasma_IgG,10
19_29533,Tumor,12
19_29535,High_Endothelial_Venules,6
19_29537,Plasma_IgG,10
19_29538,Plasma_IgG,10
19_29539,unknown,14
19_29545,Germinal_Center_Plasma_IgM_B_cell,5
19_29548,Plasma_IgG,10
19_29551,Plasma_IgG,10
19_29554,T_cell,11
19_29555,High_Endothelial_Venules,6
19_29557,Tumor,12
19_29561,Plasma_IgA,9
19_29562,High_Endothelial_Venules,6
19_29566,M1_macrophages,7
19_29567,T_cell,11
19_29568,Cytotoxic_IFN_signaling,3
19_29569,unknown,14
19_29570,Plasma_IgG,10
19_29571,Germinal_Center_Plasma_IgM_B_cell,5
19_29573,Plasma_IgG,10
19_29574,Tumor,12
19_29575,Tumor,12
19_29581,T_cell,11
19_29582,Plasma_IgG,10
19_29583,Tumor,12
19_29584,Tumor,12
19_29585,Plasma_IgG,10
19_29587,Plasma_IgG,10
19_29588,Tumor,12
19_29594,Plasma_IgG,10
19_29595,Plasma_IgG,10
19_29598,Fibroblasts,4
19_29600,M1_macrophages,7
19_29601,M1_macrophages,7
19_29604,Plasma_IgG,10
19_29605,Germinal_Center_Plasma_IgM_B_cell,5
19_29606,High_Endothelial_Venules,6
19_29607,T_cell,11
19_29608,Plasma_IgG,10
19_29612,Plasma_IgG,10
19_29614,T_cell,11
19_29615,M1_macrophages,7
19_29618,Plasma_IgG,10
19_29619,Germinal_Center_Plasma_IgM_B_cell,5
19_29620,Plasma_IgG,10
19_29621,Plasma_IgG,10
19_29623,Tumor,12
19_29625,Plasma_IgG,10
19_29626,High_Endothelial_Venules,6
19_29627,unknown,14
19_29628,High_Endothelial_Venules,6
19_29629,T_cell,11
19_29630,Plasma_IgG,10
19_29631,Tumor,12
19_29633,unknown,14
19_29634,M1_macrophages,7
19_29635,CAM,1
19_29636,Tumor,12
19_29637,Tumor,12
19_29641,Plasma_IgG,10
19_29642,unknown,14
19_29643,Plasma_IgG,10
19_29647,Plasma_IgG,10
19_29648,Plasma_IgG,10
19_29654,Plasma_IgG,10
19_29655,Plasma_IgG,10
19_29658,M1_macrophages,7
19_29659,Germinal_Center_Plasma_IgM_B_cell,5
19_29660,unknown,14
19_29663,Plasma_IgG,10
19_29664,Plasma_IgG,10
19_29665,unknown,14
19_29666,Germinal_Center_Plasma_IgM_B_cell,5
19_29667,Germinal_Center_Plasma_IgM_B_cell,5
19_29669,unknown,14
19_29670,Fibroblasts,4
19_29671,Tumor,12
19_29672,Plasma_IgG,10
19_29675,Tumor,12
19_29676,Plasma_IgG,10
19_29679,Plasma_IgG,10
19_29680,Plasma_IgG,10
19_29682,High_Endothelial_Venules,6
19_29684,Germinal_Center_Plasma_IgM_B_cell,5
19_29685,Tumor,12
19_29686,Tumor,12
19_29689,Tumor,12
19_29690,unknown,14
19_29692,unknown,14
19_29693,unknown,14
19_29694,Plasma_IgA,9
19_29695,High_Endothelial_Venules,6
19_29697,M1_macrophages,7
19_29698,Plasma_IgG,10
19_29699,Plasma_IgG,10
19_29701,High_Endothelial_Venules,6
19_29702,Plasma_IgA,9
19_29703,Plasma_IgG,10
19_29704,unknown,14
19_29705,Tumor,12
19_29706,M1_macrophages,7
19_29708,T_cell,11
19_29710,Plasma_IgG,10
19_29711,Plasma_IgG,10
19_29714,T_cell,11
19_29715,Germinal_Center_Plasma_IgM_B_cell,5
19_29717,Plasma_IgG,10
19_29719,Plasma_IgG,10
19_29720,Tumor,12
19_29721,Tumor,12
19_29723,Plasma_IgG,10
19_29724,Plasma_IgG,10
19_29728,Germinal_Center_Plasma_IgM_B_cell,5
19_29729,T_cell,11
19_29730,Plasma_IgG,10
19_29731,Tumor,12
19_29735,Plasma_IgG,10
19_29736,Plasma_IgG,10
19_29740,unknown,14
19_29741,unknown,14
19_29744,T_cell,11
19_29745,Plasma_IgG,10
19_29746,Tumor,12
19_29747,Tumor,12
19_29751,Tumor,12
19_29753,Tumor,12
19_29756,unknown,14
19_29758,High_Endothelial_Venules,6
19_29759,T_cell,11
19_29760,Tumor,12
19_29766,Plasma_IgG,10
19_29767,Plasma_IgG,10
19_29768,Tumor,12
19_29769,Tumor,12
19_29770,Tumor,12
19_29773,High_Endothelial_Venules,6
19_29774,T_cell,11
19_29775,T_cell,11
19_29776,unknown,14
19_29777,Plasma_IgG,10
19_29779,unknown,14
19_29780,Plasma_IgA,9
19_29781,Tumor,12
19_29782,Plasma_IgG,10
19_29785,M1_macrophages,7
19_29786,T_cell,11
19_29787,Tumor,12
19_29788,Plasma_IgG,10
19_29790,T_cell,11
19_29791,Plasma_IgG,10
19_29792,CAM,1
19_29795,unknown,14
19_29796,Germinal_Center_Plasma_IgM_B_cell,5
19_29797,Plasma_IgG,10
19_29798,Plasma_IgG,10
19_29799,Tumor,12
19_29800,Germinal_Center_Plasma_IgM_B_cell,5
19_29801,Plasma_IgG,10
19_29802,Plasma_IgG,10
19_29803,Tumor,12
19_29806,unknown,14
19_29808,Plasma_IgG,10
19_29809,Tumor,12
19_29812,M1_macrophages,7
19_29813,Plasma_IgG,10
19_29814,Tumor,12
19_29818,Plasma_IgG,10
19_29821,Plasma_IgG,10
19_29823,M1_macrophages,7
19_29824,Tumor,12
19_29827,Germinal_Center_Plasma_IgM_B_cell,5
19_29828,Tumor,12
19_29829,Tumor,12
19_29832,Germinal_Center_Plasma_IgM_B_cell,5
19_29833,Tumor,12
19_29836,High_Endothelial_Venules,6
19_29837,M1_macrophages,7
19_29838,Plasma_IgG,10
19_29839,Plasma_IgG,10
19_29840,Tumor,12
19_29842,Fibroblasts,4
19_29843,Plasma_IgG,10
19_29849,High_Endothelial_Venules,6
19_29850,unknown,14
19_29851,M1_macrophages,7
19_29852,M1_macrophages,7
19_29856,Plasma_IgG,10
19_29857,Tumor,12
19_29861,Tumor,12
19_29864,Plasma_IgG,10
19_29865,Tumor,12
19_29867,Germinal_Center_Plasma_IgM_B_cell,5
19_29868,unknown,14
19_29870,Plasma_IgG,10
19_29876,Plasma_IgG,10
19_29877,Plasma_IgG,10
19_29878,Plasma_IgG,10
19_29879,CAM,1
19_29880,CAM,1
19_29882,T_cell,11
19_29883,Plasma_IgG,10
19_29886,Plasma_IgG,10
19_29888,Germinal_Center_Plasma_IgM_B_cell,5
19_29889,Tumor,12
19_29890,Tumor,12
19_29891,unknown,14
19_29893,Plasma_IgG,10
19_29894,unknown,14
19_29895,unknown,14
19_29896,Tumor,12
19_29897,Tumor,12
19_29898,Plasma_IgG,10
19_29899,Tumor,12
19_29900,Tumor,12
19_29901,Plasma_IgG,10
19_29902,unknown,14
19_29903,Plasma_IgG,10
19_29904,M1_macrophages,7
19_29905,Plasma_IgG,10
19_29908,Tumor,12
19_29910,Plasma_IgG,10
19_29911,Plasma_IgG,10
19_29912,M1_macrophages,7
19_29913,Tumor,12
19_29914,Tumor,12
19_29916,unknown,14
19_29917,Tumor,12
19_29920,Plasma_IgG,10
19_29921,unknown,14
19_29922,unknown,14
19_29923,Tumor,12
19_29927,unknown,14
19_29930,unknown,14
19_29931,unknown,14
19_29933,M1_macrophages,7
19_29934,unknown,14
19_29935,M1_macrophages,7
19_29936,Plasma_IgG,10
19_29938,Plasma_IgG,10
19_29941,Plasma_IgG,10
19_29942,Plasma_IgG,10
19_29943,Tumor,12
19_29945,Tumor,12
19_29948,Plasma_IgG,10
19_29950,M1_macrophages,7
19_29951,Germinal_Center_Plasma_IgM_B_cell,5
19_29956,T_cell,11
19_29960,Plasma_IgG,10
19_29961,Plasma_IgG,10
19_29963,Plasma_IgG,10
19_29964,Tumor,12
19_29965,Tumor,12
19_29967,M1_macrophages,7
19_29969,unknown,14
19_29971,CAF,0
19_29972,Plasma_IgG,10
19_29973,Tumor,12
19_29975,unknown,14
19_29976,Plasma_IgG,10
19_29977,CAM,1
19_29978,Plasma_IgG,10
19_29979,Plasma_IgG,10
19_29980,High_Endothelial_Venules,6
19_29981,High_Endothelial_Venules,6
19_29983,High_Endothelial_Venules,6
19_29984,unknown,14
19_29985,T_cell,11
19_29986,Plasma_IgG,10
19_29987,Plasma_IgG,10
19_29988,T_cell,11
19_29991,Fibroblasts,4
19_29992,Plasma_IgG,10
19_29994,T_cell,11
19_29995,Tumor,12
19_29996,Plasma_IgG,10
19_29997,Plasma_IgG,10
19_30000,High_Endothelial_Venules,6
19_30001,unknown,14
19_30002,Germinal_Center_Plasma_IgM_B_cell,5
19_30003,M1_macrophages,7
19_30005,High_Endothelial_Venules,6
19_30006,unknown,14
19_30008,Plasma_IgG,10
19_30009,CAM,1
19_30010,unknown,14
19_30011,Plasma_IgG,10
19_30013,Tumor,12
19_30015,unknown,14
19_30016,Plasma_IgG,10
19_30018,Tumor,12
19_30019,Plasma_IgG,10
19_30020,unknown,14
19_30021,High_Endothelial_Venules,6
19_30027,unknown,14
19_30028,Plasma_IgG,10
19_30030,Plasma_IgG,10
19_30031,Macrophages,8
19_30033,High_Endothelial_Venules,6
19_30034,Plasma_IgG,10
19_30038,High_Endothelial_Venules,6
19_30039,Plasma_IgG,10
19_30043,unknown,14
19_30045,unknown,14
19_30046,M1_macrophages,7
19_30047,Plasma_IgG,10
19_30048,Plasma_IgG,10
19_30049,Plasma_IgG,10
19_30050,Tumor,12
19_30052,Plasma_IgG,10
19_30053,unknown,14
19_30054,Plasma_IgG,10
19_30055,Tumor,12
19_30057,unknown,14
19_30058,Tumor,12
19_30059,Plasma_IgG,10
19_30060,Tumor,12
19_30063,Plasma_IgG,10
19_30064,High_Endothelial_Venules,6
19_30065,Plasma_IgA,9
19_30067,Tumor,12
19_30069,T_cell,11
19_30070,unknown,14
19_30072,unknown,14
19_30075,Plasma_IgG,10
19_30076,Plasma_IgG,10
19_30077,Plasma_IgG,10
19_30078,Plasma_IgG,10
19_30083,Germinal_Center_Plasma_IgM_B_cell,5
19_30084,Plasma_IgG,10
19_30086,unknown,14
19_30088,Plasma_IgG,10
19_30089,Plasma_IgG,10
19_30091,Tumor,12
19_30094,T_cell,11
19_30095,High_Endothelial_Venules,6
19_30096,Tumor,12
19_30098,High_Endothelial_Venules,6
19_30099,T_cell,11
19_30100,High_Endothelial_Venules,6
19_30101,Tumor,12
19_30102,High_Endothelial_Venules,6
19_30105,T_cell,11
19_30107,Plasma_IgG,10
19_30108,Germinal_Center_Plasma_IgM_B_cell,5
19_30109,Plasma_IgG,10
19_30111,Tumor,12
19_30113,Plasma_IgG,10
19_30115,Tumor,12
19_30119,unknown,14
19_30123,M1_macrophages,7
19_30124,Germinal_Center_Plasma_IgM_B_cell,5
19_30125,Tumor,12
19_30126,Tumor,12
19_30130,Plasma_IgG,10
19_30133,unknown,14
19_30135,Plasma_IgG,10
19_30136,unknown,14
19_30137,M1_macrophages,7
19_30140,Plasma_IgG,10
19_30141,unknown,14
19_30144,unknown,14
19_30145,High_Endothelial_Venules,6
19_30146,unknown,14
19_30147,Germinal_Center_Plasma_IgM_B_cell,5
19_30148,Plasma_IgG,10
19_30149,Tumor,12
19_30154,Plasma_IgG,10
19_30155,Plasma_IgG,10
19_30156,Plasma_IgG,10
19_30157,Plasma_IgG,10
19_30158,Tumor,12
19_30159,Tumor,12
19_30162,unknown,14
19_30163,M1_macrophages,7
19_30164,Tumor,12
19_30167,Plasma_IgG,10
19_30168,Plasma_IgG,10
19_30169,Tumor,12
19_30170,Tumor,12
19_30172,Plasma_IgG,10
19_30173,Plasma_IgG,10
19_30174,M1_macrophages,7
19_30175,Plasma_IgG,10
19_30176,M1_macrophages,7
19_30183,Tumor,12
19_30184,T_cell,11
19_30186,Plasma_IgG,10
19_30187,Plasma_IgG,10
19_30190,T_cell,11
19_30191,Plasma_IgG,10
19_30192,Tumor,12
19_30194,Plasma_IgG,10
19_30195,Fibroblasts,4
19_30196,Germinal_Center_Plasma_IgM_B_cell,5
19_30198,Tumor,12
19_30202,High_Endothelial_Venules,6
19_30203,Plasma_IgG,10
19_30205,Plasma_IgG,10
19_30207,M1_macrophages,7
19_30209,unknown,14
19_30211,Germinal_Center_Plasma_IgM_B_cell,5
19_30212,Plasma_IgG,10
19_30217,unknown,14
19_30218,T_cell,11
19_30219,Tumor,12
19_30220,M1_macrophages,7
19_30221,Tumor,12
19_30223,unknown,14
19_30224,unknown,14
19_30225,Plasma_IgG,10
19_30227,Plasma_IgG,10
19_30228,unknown,14
19_30231,Tumor,12
19_30234,CAF,0
19_30235,Plasma_IgG,10
19_30236,Tumor,12
19_30239,Plasma_IgG,10
19_30240,High_Endothelial_Venules,6
19_30241,Plasma_IgG,10
19_30248,CAF,0
19_30249,Tumor,12
19_30250,M1_macrophages,7
19_30252,Tumor,12
19_30253,Tumor,12
19_30254,T_cell,11
19_30256,Tumor,12
19_30258,Plasma_IgG,10
19_30259,Plasma_IgG,10
19_30260,Plasma_IgG,10
19_30261,Tumor,12
19_30264,M1_macrophages,7
19_30265,unknown,14
19_30267,Plasma_IgG,10
19_30268,Plasma_IgG,10
19_30269,Plasma_IgG,10
19_30270,Tumor,12
19_30271,Tumor,12
19_30273,Tumor,12
19_30274,M1_macrophages,7
19_30275,Germinal_Center_Plasma_IgM_B_cell,5
19_30276,CAF,0
19_30277,Tumor,12
19_30280,Plasma_IgG,10
19_30281,Plasma_IgG,10
19_30282,Plasma_IgG,10
19_30283,Tumor,12
19_30287,unknown,14
19_30288,T_cell,11
19_30289,Plasma_IgG,10
19_30290,Tumor,12
19_30293,unknown,14
19_30294,High_Endothelial_Venules,6
19_30295,Tumor,12
19_30296,High_Endothelial_Venules,6
19_30297,Plasma_IgG,10
19_30298,Plasma_IgG,10
19_30302,Plasma_IgG,10
19_30303,M1_macrophages,7
19_30304,High_Endothelial_Venules,6
19_30305,Plasma_IgG,10
19_30306,Plasma_IgG,10
19_30310,Plasma_IgG,10
19_30313,M1_macrophages,7
19_30314,Plasma_IgG,10
19_30317,Plasma_IgG,10
19_30318,Plasma_IgG,10
19_30319,Plasma_IgG,10
19_30322,unknown,14
19_30323,M1_macrophages,7
19_30324,M1_macrophages,7
19_30325,Plasma_IgG,10
19_30327,High_Endothelial_Venules,6
19_30328,Plasma_IgG,10
19_30329,Tumor,12
19_30332,Plasma_IgG,10
19_30333,M1_macrophages,7
19_30334,Germinal_Center_Plasma_IgM_B_cell,5
19_30335,High_Endothelial_Venules,6
19_30336,Germinal_Center_Plasma_IgM_B_cell,5
19_30340,Fibroblasts,4
19_30341,unknown,14
19_30342,Plasma_IgG,10
19_30343,Tumor,12
19_30344,Plasma_IgG,10
19_30346,M1_macrophages,7
19_30347,Tumor,12
19_30349,Plasma_IgG,10
19_30350,T_cell,11
19_30352,Tumor,12
19_30353,M1_macrophages,7
19_30354,Tumor,12
19_30356,Plasma_IgG,10
19_30357,Tumor,12
19_30358,Tumor,12
19_30360,Plasma_IgG,10
19_30361,Plasma_IgG,10
19_30362,Tumor,12
19_30363,Tumor,12
19_30364,Tumor,12
19_30368,High_Endothelial_Venules,6
19_30370,unknown,14
19_30371,Tumor,12
19_30373,unknown,14
19_30374,T_cell,11
19_30376,unknown,14
19_30377,High_Endothelial_Venules,6
19_30378,Plasma_IgG,10
19_30379,Plasma_IgG,10
19_30380,Tumor,12
19_30381,Tumor,12
19_30384,M1_macrophages,7
19_30386,Germinal_Center_Plasma_IgM_B_cell,5
19_30387,M1_macrophages,7
19_30388,Tumor,12
19_30391,Plasma_IgG,10
19_30392,unknown,14
19_30393,High_Endothelial_Venules,6
19_30396,Plasma_IgA,9
19_30397,unknown,14
19_30398,M1_macrophages,7
19_30400,M1_macrophages,7
19_30401,Plasma_IgG,10
19_30402,Plasma_IgG,10
19_30403,Plasma_IgG,10
19_30407,M1_macrophages,7
19_30408,unknown,14
19_30412,Tumor,12
19_30414,Tumor,12
19_30418,Tumor,12
19_30419,High_Endothelial_Venules,6
19_30421,Germinal_Center_Plasma_IgM_B_cell,5
19_30422,M1_macrophages,7
19_30423,Germinal_Center_Plasma_IgM_B_cell,5
19_30425,Tumor,12
19_30429,unknown,14
19_30430,Plasma_IgG,10
19_30431,High_Endothelial_Venules,6
19_30432,Tumor,12
19_30433,Tumor,12
19_30434,unknown,14
19_30436,Plasma_IgG,10
19_30438,Plasma_IgG,10
19_30439,Plasma_IgG,10
19_30441,unknown,14
19_30442,T_cell,11
19_30443,High_Endothelial_Venules,6
19_30444,unknown,14
19_30448,Plasma_IgG,10
19_30449,Plasma_IgG,10
19_30450,Plasma_IgG,10
19_30451,Plasma_IgG,10
19_30453,Plasma_IgG,10
19_30456,M1_macrophages,7
19_30457,CAF,0
19_30458,Tumor,12
19_30459,Tumor,12
19_30460,Tumor,12
19_30463,T_cell,11
19_30465,M1_macrophages,7
19_30466,unknown,14
19_30467,Plasma_IgG,10
19_30468,Plasma_IgG,10
19_30469,Plasma_IgG,10
19_30470,Tumor,12
19_30471,Tumor,12
19_30475,unknown,14
19_30476,Plasma_IgG,10
19_30481,Plasma_IgG,10
19_30483,unknown,14
19_30484,Germinal_Center_Plasma_IgM_B_cell,5
19_30485,M1_macrophages,7
19_30486,Plasma_IgG,10
19_30487,Plasma_IgG,10
19_30489,T_cell,11
19_30491,M1_macrophages,7
19_30492,Plasma_IgG,10
19_30493,Plasma_IgG,10
19_30494,Tumor,12
19_30496,Plasma_IgA,9
19_30497,unknown,14
19_30499,Germinal_Center_Plasma_IgM_B_cell,5
19_30500,M1_macrophages,7
19_30504,Germinal_Center_Plasma_IgM_B_cell,5
19_30505,Plasma_IgG,10
19_30510,unknown,14
19_30511,High_Endothelial_Venules,6
19_30512,unknown,14
19_30514,Tumor,12
19_30516,unknown,14
19_30518,High_Endothelial_Venules,6
19_30519,M1_macrophages,7
19_30520,Germinal_Center_Plasma_IgM_B_cell,5
19_30521,Tumor,12
19_30522,Tumor,12
19_30526,High_Endothelial_Venules,6
19_30527,Plasma_IgG,10
19_30531,Tumor,12
19_30534,Tumor,12
19_30538,unknown,14
19_30540,High_Endothelial_Venules,6
19_30541,M1_macrophages,7
19_30542,Plasma_IgG,10
19_30543,Tumor,12
19_30544,Tumor,12
19_30548,Plasma_IgG,10
19_30549,Plasma_IgG,10
19_30550,High_Endothelial_Venules,6
19_30551,M1_macrophages,7
19_30552,Plasma_IgG,10
19_30553,Plasma_IgG,10
19_30558,M1_macrophages,7
19_30559,High_Endothelial_Venules,6
19_30561,M1_macrophages,7
19_30562,Plasma_IgG,10
19_30564,M1_macrophages,7
19_30565,Plasma_IgG,10
19_30567,Tumor,12
19_30570,Plasma_IgG,10
19_30572,Plasma_IgG,10
19_30573,Plasma_IgG,10
19_30574,Tumor,12
19_30575,Tumor,12
19_30576,Plasma_IgG,10
19_30579,unknown,14
19_30580,Tumor,12
19_30582,Plasma_IgG,10
19_30583,Plasma_IgG,10
19_30584,T_cell,11
19_30587,unknown,14
19_30589,Plasma_IgG,10
19_30590,unknown,14
19_30591,T_cell,11
19_30592,Germinal_Center_Plasma_IgM_B_cell,5
19_30593,Plasma_IgG,10
19_30598,unknown,14
19_30599,High_Endothelial_Venules,6
19_30600,High_Endothelial_Venules,6
19_30601,T_cell,11
19_30602,Germinal_Center_Plasma_IgM_B_cell,5
19_30603,Plasma_IgG,10
19_30604,M1_macrophages,7
19_30606,unknown,14
19_30607,M1_macrophages,7
19_30609,T_cell,11
19_30610,Plasma_IgG,10
19_30611,Plasma_IgG,10
19_30612,Tumor,12
19_30616,M1_macrophages,7
19_30618,Plasma_IgG,10
19_30619,Plasma_IgG,10
19_30622,unknown,14
19_30624,Plasma_IgG,10
19_30625,Tumor,12
19_30626,Tumor_Keratin_Pearl,13
19_30629,T_cell,11
19_30631,M1_macrophages,7
19_30632,Plasma_IgG,10
19_30633,M1_macrophages,7
19_30634,High_Endothelial_Venules,6
19_30635,Plasma_IgG,10
19_30636,Tumor,12
19_30637,High_Endothelial_Venules,6
19_30638,unknown,14
19_30639,M1_macrophages,7
19_30640,Plasma_IgG,10
19_30641,Tumor,12
19_30642,Plasma_IgG,10
19_30643,Plasma_IgG,10
19_30644,Plasma_IgG,10
19_30645,M1_macrophages,7
19_30646,Plasma_IgG,10
19_30647,Plasma_IgG,10
19_30648,Tumor,12
19_30649,Plasma_IgG,10
19_30650,Tumor,12
19_30653,Plasma_IgG,10
19_30654,Plasma_IgG,10
19_30655,Tumor,12
19_30658,Plasma_IgG,10
19_30659,High_Endothelial_Venules,6
19_30660,Plasma_IgG,10
19_30661,Plasma_IgG,10
19_30662,Plasma_IgG,10
19_30663,Plasma_IgG,10
19_30667,Plasma_IgG,10
19_30669,Germinal_Center_Plasma_IgM_B_cell,5
19_30671,M1_macrophages,7
19_30672,Plasma_IgA,9
19_30674,Plasma_IgG,10
19_30675,Plasma_IgG,10
19_30678,unknown,14
19_30680,M1_macrophages,7
19_30681,Tumor,12
19_30682,Tumor,12
19_30683,Tumor,12
19_30688,Tumor,12
19_30691,M1_macrophages,7
19_30693,Tumor,12
19_30694,High_Endothelial_Venules,6
19_30695,T_cell,11
19_30697,T_cell,11
19_30698,Plasma_IgG,10
19_30699,M1_macrophages,7
19_30701,M1_macrophages,7
19_30703,M1_macrophages,7
19_30704,Plasma_IgG,10
19_30705,Germinal_Center_Plasma_IgM_B_cell,5
19_30706,unknown,14
19_30707,Plasma_IgG,10
19_30708,Tumor,12
19_30714,M1_macrophages,7
19_30715,High_Endothelial_Venules,6
19_30718,Plasma_IgG,10
19_30719,Germinal_Center_Plasma_IgM_B_cell,5
19_30720,Tumor,12
19_30726,M1_macrophages,7
19_30727,Plasma_IgG,10
19_30728,Tumor,12
19_30729,Tumor,12
19_30731,Plasma_IgG,10
19_30732,M1_macrophages,7
19_30733,Plasma_IgG,10
19_30736,M1_macrophages,7
19_30737,unknown,14
19_30738,unknown,14
19_30739,High_Endothelial_Venules,6
19_30740,unknown,14
19_30742,Germinal_Center_Plasma_IgM_B_cell,5
19_30744,Plasma_IgG,10
19_30745,Tumor,12
19_30746,Tumor,12
19_30747,Tumor,12
19_30748,Plasma_IgG,10
19_30750,Germinal_Center_Plasma_IgM_B_cell,5
19_30753,Plasma_IgA,9
19_30754,M1_macrophages,7
19_30755,M1_macrophages,7
19_30756,Plasma_IgG,10
19_30758,High_Endothelial_Venules,6
19_30760,Germinal_Center_Plasma_IgM_B_cell,5
19_30761,Plasma_IgG,10
19_30762,Plasma_IgG,10
19_30767,Plasma_IgG,10
19_30768,High_Endothelial_Venules,6
19_30769,unknown,14
19_30770,Plasma_IgG,10
19_30771,Plasma_IgG,10
19_30774,Plasma_IgG,10
19_30775,M1_macrophages,7
19_30776,unknown,14
19_30777,Plasma_IgG,10
19_30780,T_cell,11
19_30781,M1_macrophages,7
19_30782,unknown,14
19_30783,Plasma_IgG,10
19_30784,Plasma_IgG,10
19_30785,High_Endothelial_Venules,6
19_30786,Tumor,12
19_30790,M1_macrophages,7
19_30791,Tumor,12
19_30795,Germinal_Center_Plasma_IgM_B_cell,5
19_30796,unknown,14
19_30797,Tumor,12
19_30799,Plasma_IgG,10
19_30800,unknown,14
19_30801,Germinal_Center_Plasma_IgM_B_cell,5
19_30802,M1_macrophages,7
19_30803,Tumor,12
19_30806,M1_macrophages,7
19_30807,T_cell,11
19_30808,unknown,14
19_30809,Tumor,12
19_30810,Tumor,12
19_30812,Plasma_IgG,10
19_30813,Plasma_IgG,10
19_30814,High_Endothelial_Venules,6
19_30815,T_cell,11
19_30816,M1_macrophages,7
19_30817,Tumor,12
19_30818,Tumor,12
19_30819,Tumor,12
19_30825,M1_macrophages,7
19_30826,Plasma_IgG,10
19_30827,Plasma_IgG,10
19_30828,Plasma_IgG,10
19_30829,Tumor,12
19_30830,Tumor,12
19_30834,M1_macrophages,7
19_30835,unknown,14
19_30836,Plasma_IgG,10
19_30837,Plasma_IgG,10
19_30838,Tumor,12
19_30839,unknown,14
19_30840,High_Endothelial_Venules,6
19_30841,Plasma_IgA,9
19_30842,Plasma_IgG,10
19_30843,Plasma_IgA,9
19_30844,unknown,14
19_30845,M1_macrophages,7
19_30846,M1_macrophages,7
19_30850,Plasma_IgG,10
19_30851,unknown,14
19_30853,Plasma_IgG,10
19_30854,Plasma_IgG,10
19_30855,Germinal_Center_Plasma_IgM_B_cell,5
19_30856,Tumor,12
19_30857,Plasma_IgG,10
19_30859,Plasma_IgG,10
19_30860,Plasma_IgG,10
19_30861,Plasma_IgG,10
19_30863,Tumor,12
19_30864,CAF,0
19_30865,Tumor,12
19_30866,Plasma_IgG,10
19_30867,High_Endothelial_Venules,6
19_30869,Plasma_IgG,10
19_30870,Plasma_IgG,10
19_30871,Tumor,12
19_30875,unknown,14
19_30876,unknown,14
19_30877,M1_macrophages,7
19_30881,Plasma_IgG,10
19_30883,T_cell,11
19_30885,Plasma_IgG,10
19_30886,Tumor,12
19_30888,unknown,14
19_30891,Plasma_IgG,10
19_30892,Plasma_IgG,10
19_30895,Plasma_IgG,10
19_30896,Plasma_IgG,10
19_30897,Plasma_IgG,10
19_30898,Tumor,12
19_30901,unknown,14
19_30902,Plasma_IgG,10
19_30903,Plasma_IgG,10
19_30906,Plasma_IgG,10
19_30907,Plasma_IgG,10
19_30908,Plasma_IgG,10
19_30910,Plasma_IgG,10
19_30911,High_Endothelial_Venules,6
19_30914,High_Endothelial_Venules,6
19_30915,Plasma_IgG,10
19_30916,Plasma_IgG,10
19_30919,T_cell,11
19_30920,unknown,14
19_30925,M1_macrophages,7
19_30927,Germinal_Center_Plasma_IgM_B_cell,5
19_30928,Germinal_Center_Plasma_IgM_B_cell,5
19_30929,Germinal_Center_Plasma_IgM_B_cell,5
19_30930,M1_macrophages,7
19_30933,Plasma_IgG,10
19_30934,Tumor,12
19_30938,unknown,14
19_30939,T_cell,11
19_30940,Tumor,12
19_30942,unknown,14
19_30943,unknown,14
19_30944,M1_macrophages,7
19_30946,Plasma_IgG,10
19_30947,Plasma_IgG,10
19_30948,CAM,1
19_30949,Plasma_IgG,10
19_30951,T_cell,11
19_30953,Germinal_Center_Plasma_IgM_B_cell,5
19_30956,Plasma_IgG,10
19_30957,Tumor,12
19_30958,Tumor,12
19_30961,unknown,14
19_30962,unknown,14
19_30963,Plasma_IgA,9
19_30965,Tumor,12
19_30966,Tumor,12
19_30972,Plasma_IgA,9
19_30977,M1_macrophages,7
19_30978,Plasma_IgG,10
19_30979,Tumor,12
19_30980,Plasma_IgG,10
19_30985,M1_macrophages,7
19_30987,M1_macrophages,7
19_30992,M1_macrophages,7
19_30993,Plasma_IgG,10
19_30994,Tumor,12
19_30998,M1_macrophages,7
19_30999,Plasma_IgG,10
19_31000,Plasma_IgG,10
19_31001,unknown,14
19_31003,M1_macrophages,7
19_31006,Plasma_IgG,10
19_31009,M1_macrophages,7
19_31011,Plasma_IgG,10
19_31012,Plasma_IgG,10
19_31018,unknown,14
19_31019,Plasma_IgG,10
19_31021,Plasma_IgG,10
19_31023,unknown,14
19_31025,High_Endothelial_Venules,6
19_31027,Germinal_Center_Plasma_IgM_B_cell,5
19_31028,Germinal_Center_Plasma_IgM_B_cell,5
19_31029,Plasma_IgG,10
19_31030,Tumor,12
19_31031,Tumor,12
19_31036,High_Endothelial_Venules,6
19_31038,Tumor,12
19_31039,Tumor,12
19_31040,Germinal_Center_Plasma_IgM_B_cell,5
19_31041,Plasma_IgG,10
19_31042,Plasma_IgG,10
19_31043,Plasma_IgG,10
19_31046,T_cell,11
19_31047,T_cell,11
19_31048,Plasma_IgG,10
19_31049,Plasma_IgG,10
19_31050,Plasma_IgG,10
19_31051,Tumor,12
19_31054,Plasma_IgG,10
19_31058,unknown,14
19_31059,Plasma_IgG,10
19_31060,Plasma_IgG,10
19_31061,unknown,14
19_31062,Plasma_IgG,10
19_31063,Plasma_IgG,10
19_31065,Plasma_IgG,10
19_31066,unknown,14
19_31067,Tumor,12
19_31070,M1_macrophages,7
19_31072,Germinal_Center_Plasma_IgM_B_cell,5
19_31073,Plasma_IgG,10
19_31075,Tumor,12
19_31076,unknown,14
19_31082,M1_macrophages,7
19_31083,unknown,14
19_31084,Plasma_IgG,10
19_31087,Plasma_IgG,10
19_31088,M1_macrophages,7
19_31091,Plasma_IgG,10
19_31093,Germinal_Center_Plasma_IgM_B_cell,5
19_31094,Plasma_IgG,10
19_31095,Plasma_IgG,10
19_31096,Tumor,12
19_31098,T_cell,11
19_31099,Tumor,12
19_31108,Plasma_IgG,10
19_31109,Tumor,12
19_31110,Tumor,12
19_31113,T_cell,11
19_31117,High_Endothelial_Venules,6
19_31118,unknown,14
19_31121,Tumor,12
19_31126,High_Endothelial_Venules,6
19_31128,Plasma_IgG,10
19_31133,Germinal_Center_Plasma_IgM_B_cell,5
19_31134,Plasma_IgG,10
19_31135,M1_macrophages,7
19_31137,T_cell,11
19_31138,M1_macrophages,7
19_31140,Germinal_Center_Plasma_IgM_B_cell,5
19_31141,Plasma_IgG,10
19_31143,Plasma_IgG,10
19_31144,unknown,14
19_31147,T_cell,11
19_31148,T_cell,11
19_31149,M1_macrophages,7
19_31150,Plasma_IgG,10
19_31153,Plasma_IgG,10
19_31154,Plasma_IgG,10
19_31156,Plasma_IgG,10
19_31157,Plasma_IgG,10
19_31158,Plasma_IgG,10
19_31159,Tumor,12
19_31162,Plasma_IgG,10
19_31163,unknown,14
19_31165,unknown,14
19_31168,Tumor,12
19_31169,M1_macrophages,7
19_31170,T_cell,11
19_31173,High_Endothelial_Venules,6
19_31175,Tumor,12
19_31178,Plasma_IgG,10
19_31179,Plasma_IgG,10
19_31182,High_Endothelial_Venules,6
19_31183,Plasma_IgG,10
19_31186,unknown,14
19_31188,Germinal_Center_Plasma_IgM_B_cell,5
19_31189,M1_macrophages,7
19_31190,unknown,14
19_31193,M1_macrophages,7
19_31197,Germinal_Center_Plasma_IgM_B_cell,5
19_31198,Plasma_IgG,10
19_31199,Plasma_IgG,10
19_31200,Tumor,12
19_31201,Tumor,12
19_31202,M1_macrophages,7
19_31205,T_cell,11
19_31207,Plasma_IgG,10
19_31208,unknown,14
19_31210,M1_macrophages,7
19_31212,unknown,14
19_31214,Plasma_IgG,10
19_31215,unknown,14
19_31216,T_cell,11
19_31218,Plasma_IgG,10
19_31223,unknown,14
19_31224,unknown,14
19_31225,unknown,14
19_31228,M1_macrophages,7
19_31229,Plasma_IgG,10
19_31232,unknown,14
19_31233,unknown,14
19_31234,unknown,14
19_31235,Germinal_Center_Plasma_IgM_B_cell,5
19_31236,High_Endothelial_Venules,6
19_31239,unknown,14
19_31242,Germinal_Center_Plasma_IgM_B_cell,5
19_31243,Plasma_IgA,9
19_31245,Plasma_IgG,10
19_31249,T_cell,11
19_31252,Plasma_IgG,10
19_31253,Plasma_IgG,10
19_31254,Tumor,12
19_31258,Germinal_Center_Plasma_IgM_B_cell,5
19_31259,unknown,14
19_31261,Tumor,12
19_31264,T_cell,11
19_31266,Tumor,12
19_31271,M1_macrophages,7
19_31272,High_Endothelial_Venules,6
19_31273,M1_macrophages,7
19_31274,Plasma_IgG,10
19_31275,High_Endothelial_Venules,6
19_31277,M1_macrophages,7
19_31278,Plasma_IgG,10
19_31280,Plasma_IgG,10
19_31281,Plasma_IgG,10
19_31282,Tumor,12
19_31283,Tumor,12
19_31284,Tumor,12
19_31291,Plasma_IgG,10
19_31293,Plasma_IgG,10
19_31294,Plasma_IgG,10
19_31295,Tumor,12
19_31296,Tumor,12
19_31297,Plasma_IgG,10
19_31298,Tumor,12
19_31304,T_cell,11
19_31306,Plasma_IgG,10
19_31307,Germinal_Center_Plasma_IgM_B_cell,5
19_31311,T_cell,11
19_31313,Plasma_IgG,10
19_31314,Tumor,12
19_31316,unknown,14
19_31318,unknown,14
19_31320,Plasma_IgG,10
19_31321,Plasma_IgG,10
19_31323,High_Endothelial_Venules,6
19_31324,unknown,14
19_31325,Tumor,12
19_31326,Tumor,12
19_31328,Plasma_IgG,10
19_31329,Plasma_IgG,10
19_31331,unknown,14
19_31332,unknown,14
19_31334,Plasma_IgG,10
19_31337,Plasma_IgG,10
19_31338,Germinal_Center_Plasma_IgM_B_cell,5
19_31339,High_Endothelial_Venules,6
19_31340,Plasma_IgG,10
19_31341,Plasma_IgG,10
19_31342,Tumor,12
19_31343,Tumor,12
19_31345,unknown,14
19_31346,M1_macrophages,7
19_31350,Germinal_Center_Plasma_IgM_B_cell,5
19_31351,Plasma_IgG,10
19_31353,Tumor,12
19_31356,Germinal_Center_Plasma_IgM_B_cell,5
19_31357,Plasma_IgG,10
19_31359,Plasma_IgG,10
19_31360,T_cell,11
19_31361,Plasma_IgG,10
19_31362,Plasma_IgG,10
19_31363,Tumor,12
19_31364,Tumor,12
19_31365,Plasma_IgG,10
19_31369,M1_macrophages,7
19_31371,M1_macrophages,7
19_31372,Tumor,12
19_31375,High_Endothelial_Venules,6
19_31376,unknown,14
19_31378,Germinal_Center_Plasma_IgM_B_cell,5
19_31379,M1_macrophages,7
19_31380,Plasma_IgG,10
19_31383,Plasma_IgG,10
19_31385,T_cell,11
19_31386,Germinal_Center_Plasma_IgM_B_cell,5
19_31387,M1_macrophages,7
19_31388,Germinal_Center_Plasma_IgM_B_cell,5
19_31391,Plasma_IgG,10
19_31392,Plasma_IgG,10
19_31394,T_cell,11
19_31397,M1_macrophages,7
19_31398,unknown,14
19_31399,unknown,14
19_31401,unknown,14
19_31402,Plasma_IgG,10
19_31403,Plasma_IgG,10
19_31407,T_cell,11
19_31408,Plasma_IgG,10
19_31413,M1_macrophages,7
19_31414,M1_macrophages,7
19_31415,Tumor,12
19_31417,Plasma_IgG,10
19_31419,Plasma_IgG,10
19_31420,M1_macrophages,7
19_31421,unknown,14
19_31422,M1_macrophages,7
19_31423,M1_macrophages,7
19_31424,Germinal_Center_Plasma_IgM_B_cell,5
19_31425,Plasma_IgG,10
19_31428,unknown,14
19_31429,T_cell,11
19_31432,unknown,14
19_31435,Plasma_IgG,10
19_31436,Plasma_IgG,10
19_31437,Plasma_IgG,10
19_31438,Plasma_IgG,10
19_31439,Tumor,12
19_31442,unknown,14
19_31443,unknown,14
19_31444,Germinal_Center_Plasma_IgM_B_cell,5
19_31447,Plasma_IgG,10
19_31449,High_Endothelial_Venules,6
19_31451,Germinal_Center_Plasma_IgM_B_cell,5
19_31452,Plasma_IgG,10
19_31454,T_cell,11
19_31455,M1_macrophages,7
19_31456,Tumor,12
19_31459,Tumor,12
19_31460,unknown,14
19_31461,unknown,14
19_31462,Germinal_Center_Plasma_IgM_B_cell,5
19_31463,Tumor,12
19_31464,Plasma_IgG,10
19_31465,Tumor,12
19_31467,Germinal_Center_Plasma_IgM_B_cell,5
19_31469,unknown,14
19_31470,Germinal_Center_Plasma_IgM_B_cell,5
19_31471,unknown,14
19_31472,Plasma_IgG,10
19_31473,Plasma_IgG,10
19_31474,Tumor,12
19_31476,Germinal_Center_Plasma_IgM_B_cell,5
19_31477,High_Endothelial_Venules,6
19_31478,M1_macrophages,7
19_31480,Plasma_IgG,10
19_31481,Tumor,12
19_31482,Tumor,12
19_31484,Tumor,12
19_31486,Germinal_Center_Plasma_IgM_B_cell,5
19_31487,T_cell,11
19_31488,Tumor,12
19_31494,Plasma_IgG,10
19_31495,Plasma_IgG,10
19_31496,Tumor,12
19_31497,Plasma_IgG,10
19_31498,Plasma_IgG,10
19_31499,T_cell,11
19_31500,Plasma_IgG,10
19_31504,unknown,14
19_31505,Tumor,12
19_31510,High_Endothelial_Venules,6
19_31511,Tumor,12
19_31512,Tumor,12
19_31513,Tumor,12
19_31518,Plasma_IgG,10
19_31519,T_cell,11
19_31520,unknown,14
19_31522,unknown,14
19_31526,M1_macrophages,7
19_31527,Germinal_Center_Plasma_IgM_B_cell,5
19_31535,M1_macrophages,7
19_31536,unknown,14
19_31537,M1_macrophages,7
19_31538,Plasma_IgG,10
19_31539,Plasma_IgG,10
19_31540,Tumor,12
19_31541,CAM,1
19_31545,unknown,14
19_31546,unknown,14
19_31547,Tumor,12
19_31549,T_cell,11
19_31550,Germinal_Center_Plasma_IgM_B_cell,5
19_31552,unknown,14
19_31553,Germinal_Center_Plasma_IgM_B_cell,5
19_31554,Germinal_Center_Plasma_IgM_B_cell,5
19_31555,Plasma_IgG,10
19_31556,High_Endothelial_Venules,6
19_31557,Tumor,12
19_31561,M1_macrophages,7
19_31562,unknown,14
19_31564,M1_macrophages,7
19_31565,Plasma_IgG,10
19_31566,Tumor,12
19_31573,unknown,14
19_31577,unknown,14
19_31578,Tumor,12
19_31579,Tumor,12
19_31581,Plasma_IgG,10
19_31585,T_cell,11
19_31586,unknown,14
19_31587,Germinal_Center_Plasma_IgM_B_cell,5
19_31588,unknown,14
19_31592,unknown,14
19_31593,T_cell,11
19_31594,T_cell,11
19_31595,T_cell,11
19_31598,High_Endothelial_Venules,6
19_31599,Plasma_IgG,10
19_31600,Plasma_IgG,10
19_31601,Plasma_IgG,10
19_31605,M1_macrophages,7
19_31607,Germinal_Center_Plasma_IgM_B_cell,5
19_31608,Germinal_Center_Plasma_IgM_B_cell,5
19_31609,unknown,14
19_31610,Plasma_IgG,10
19_31614,T_cell,11
19_31616,Tumor,12
19_31620,M1_macrophages,7
19_31621,Germinal_Center_Plasma_IgM_B_cell,5
19_31622,Tumor,12
19_31623,Tumor,12
19_31624,Tumor,12
19_31626,Germinal_Center_Plasma_IgM_B_cell,5
19_31627,Germinal_Center_Plasma_IgM_B_cell,5
19_31628,Tumor,12
19_31629,Tumor,12
19_31630,Tumor,12
19_31631,M1_macrophages,7
19_31632,Plasma_IgG,10
19_31633,Plasma_IgG,10
19_31634,Tumor,12
19_31638,M1_macrophages,7
19_31640,Germinal_Center_Plasma_IgM_B_cell,5
19_31641,unknown,14
19_31642,Plasma_IgG,10
19_31643,Tumor,12
19_31645,T_cell,11
19_31646,unknown,14
19_31647,Tumor,12
19_31648,Plasma_IgG,10
19_31649,Tumor,12
19_31650,Tumor,12
19_31653,Plasma_IgG,10
19_31654,unknown,14
19_31655,M1_macrophages,7
19_31656,unknown,14
19_31657,M1_macrophages,7
19_31658,unknown,14
19_31659,T_cell,11
19_31660,High_Endothelial_Venules,6
19_31661,unknown,14
19_31662,Tumor,12
19_31663,Tumor,12
19_31669,Germinal_Center_Plasma_IgM_B_cell,5
19_31670,T_cell,11
19_31671,Plasma_IgG,10
19_31673,Tumor,12
19_31678,M1_macrophages,7
19_31679,T_cell,11
19_31680,M1_macrophages,7
19_31681,Tumor,12
19_31684,M1_macrophages,7
19_31685,M1_macrophages,7
19_31686,High_Endothelial_Venules,6
19_31687,Plasma_IgG,10
19_31692,Plasma_IgG,10
19_31693,High_Endothelial_Venules,6
19_31695,Tumor,12
19_31698,Plasma_IgG,10
19_31700,unknown,14
19_31701,Germinal_Center_Plasma_IgM_B_cell,5
19_31703,Plasma_IgG,10
19_31704,M1_macrophages,7
19_31705,Tumor,12
19_31706,Tumor,12
19_31707,Tumor,12
19_31709,unknown,14
19_31711,Germinal_Center_Plasma_IgM_B_cell,5
19_31712,Germinal_Center_Plasma_IgM_B_cell,5
19_31713,Germinal_Center_Plasma_IgM_B_cell,5
19_31715,Tumor,12
19_31719,unknown,14
19_31720,T_cell,11
19_31721,Plasma_IgG,10
19_31722,Plasma_IgG,10
19_31723,unknown,14
19_31724,Tumor,12
19_31729,Germinal_Center_Plasma_IgM_B_cell,5
19_31730,Germinal_Center_Plasma_IgM_B_cell,5
19_31731,Plasma_IgA,9
19_31732,M1_macrophages,7
19_31733,Plasma_IgG,10
19_31734,Plasma_IgG,10
19_31735,Plasma_IgG,10
19_31736,Tumor,12
19_31737,M1_macrophages,7
19_31738,Germinal_Center_Plasma_IgM_B_cell,5
19_31739,Germinal_Center_Plasma_IgM_B_cell,5
19_31744,Tumor,12
19_31745,Plasma_IgG,10
19_31751,T_cell,11
19_31753,M1_macrophages,7
19_31754,Plasma_IgG,10
19_31755,Tumor,12
19_31760,unknown,14
19_31761,unknown,14
19_31762,M1_macrophages,7
19_31764,Plasma_IgG,10
19_31765,Plasma_IgG,10
19_31768,unknown,14
19_31770,Plasma_IgG,10
19_31771,M1_macrophages,7
19_31772,Plasma_IgG,10
19_31775,Germinal_Center_Plasma_IgM_B_cell,5
19_31778,Tumor,12
19_31779,Plasma_IgG,10
19_31781,Germinal_Center_Plasma_IgM_B_cell,5
19_31782,High_Endothelial_Venules,6
19_31783,Plasma_IgG,10
19_31784,Macrophages,8
19_31785,Tumor,12
19_31789,Plasma_IgG,10
19_31790,unknown,14
19_31791,Germinal_Center_Plasma_IgM_B_cell,5
19_31792,Plasma_IgA,9
19_31793,M1_macrophages,7
19_31794,Tumor,12
19_31797,High_Endothelial_Venules,6
19_31802,M1_macrophages,7
19_31803,Tumor,12
19_31804,Tumor,12
19_31807,Plasma_IgG,10
19_31808,unknown,14
19_31810,Plasma_IgG,10
19_31811,M1_macrophages,7
19_31813,High_Endothelial_Venules,6
19_31814,Plasma_IgG,10
19_31815,Tumor,12
19_31816,unknown,14
19_31817,Tumor,12
19_31819,unknown,14
19_31820,unknown,14
19_31821,M1_macrophages,7
19_31822,M1_macrophages,7
19_31823,Plasma_IgG,10
19_31824,Plasma_IgG,10
19_31826,Tumor,12
19_31829,unknown,14
19_31830,T_cell,11
19_31831,M1_macrophages,7
19_31832,Tumor,12
19_31833,M1_macrophages,7
19_31835,Tumor,12
19_31840,Tumor,12
19_31843,Plasma_IgG,10
19_31844,T_cell,11
19_31846,M1_macrophages,7
19_31847,M1_macrophages,7
19_31850,Plasma_IgG,10
19_31855,Plasma_IgG,10
19_31856,T_cell,11
19_31858,Germinal_Center_Plasma_IgM_B_cell,5
19_31859,M1_macrophages,7
19_31860,Plasma_IgG,10
19_31861,Plasma_IgG,10
19_31862,Tumor,12
19_31866,unknown,14
19_31867,High_Endothelial_Venules,6
19_31868,Germinal_Center_Plasma_IgM_B_cell,5
19_31869,Plasma_IgG,10
19_31871,High_Endothelial_Venules,6
19_31874,Germinal_Center_Plasma_IgM_B_cell,5
19_31875,Tumor,12
19_31876,Germinal_Center_Plasma_IgM_B_cell,5
19_31877,Plasma_IgG,10
19_31878,Tumor,12
19_31879,M1_macrophages,7
19_31882,unknown,14
19_31883,unknown,14
19_31884,unknown,14
19_31885,unknown,14
19_31887,Plasma_IgG,10
19_31888,Tumor,12
19_31890,Tumor,12
19_31893,unknown,14
19_31894,Germinal_Center_Plasma_IgM_B_cell,5
19_31895,Tumor,12
19_31900,unknown,14
19_31901,unknown,14
19_31902,Tumor,12
19_31903,Tumor,12
19_31904,unknown,14
19_31906,High_Endothelial_Venules,6
19_31907,Germinal_Center_Plasma_IgM_B_cell,5
19_31908,Germinal_Center_Plasma_IgM_B_cell,5
19_31909,M1_macrophages,7
19_31912,Germinal_Center_Plasma_IgM_B_cell,5
19_31913,M1_macrophages,7
19_31914,Germinal_Center_Plasma_IgM_B_cell,5
19_31915,Plasma_IgG,10
19_31916,Tumor,12
19_31917,Tumor,12
19_31918,Tumor,12
19_31919,unknown,14
19_31920,Plasma_IgG,10
19_31923,unknown,14
19_31924,Plasma_IgG,10
19_31925,Germinal_Center_Plasma_IgM_B_cell,5
19_31926,M1_macrophages,7
19_31927,T_cell,11
19_31928,unknown,14
19_31930,unknown,14
19_31931,M1_macrophages,7
19_31933,T_cell,11
19_31934,High_Endothelial_Venules,6
19_31935,Plasma_IgG,10
19_31936,CAM,1
19_31938,M1_macrophages,7
19_31939,Germinal_Center_Plasma_IgM_B_cell,5
19_31940,unknown,14
19_31941,T_cell,11
19_31944,Germinal_Center_Plasma_IgM_B_cell,5
19_31945,unknown,14
19_31946,High_Endothelial_Venules,6
19_31947,Tumor,12
19_31951,unknown,14
19_31952,Germinal_Center_Plasma_IgM_B_cell,5
19_31953,Germinal_Center_Plasma_IgM_B_cell,5
19_31957,unknown,14
19_31958,Germinal_Center_Plasma_IgM_B_cell,5
19_31959,M1_macrophages,7
19_31960,Tumor,12
19_31961,Tumor,12
19_31962,Tumor,12
19_31963,High_Endothelial_Venules,6
19_31964,M1_macrophages,7
19_31965,Tumor,12
19_31968,M1_macrophages,7
19_31969,M1_macrophages,7
19_31970,Plasma_IgG,10
19_31971,Tumor,12
19_31972,Tumor,12
19_31973,Tumor,12
19_31975,Plasma_IgG,10
19_31976,unknown,14
19_31977,unknown,14
19_31978,Plasma_IgG,10
19_31979,M1_macrophages,7
19_31983,Germinal_Center_Plasma_IgM_B_cell,5
19_31984,T_cell,11
19_31990,Plasma_IgG,10
19_31993,Germinal_Center_Plasma_IgM_B_cell,5
19_31994,M1_macrophages,7
19_31995,M1_macrophages,7
19_31996,Tumor,12
19_31997,Tumor,12
19_31998,Tumor,12
19_31999,M1_macrophages,7
19_32006,T_cell,11
19_32007,unknown,14
19_32008,Germinal_Center_Plasma_IgM_B_cell,5
19_32010,Tumor,12
19_32012,Plasma_IgG,10
19_32013,T_cell,11
19_32014,T_cell,11
19_32015,High_Endothelial_Venules,6
19_32016,Tumor,12
19_32020,Germinal_Center_Plasma_IgM_B_cell,5
19_32021,Tumor,12
19_32026,unknown,14
19_32027,Germinal_Center_Plasma_IgM_B_cell,5
19_32028,T_cell,11
19_32029,M1_macrophages,7
19_32030,High_Endothelial_Venules,6
19_32034,High_Endothelial_Venules,6
19_32035,High_Endothelial_Venules,6
19_32037,T_cell,11
19_32040,unknown,14
19_32042,M1_macrophages,7
19_32043,Plasma_IgG,10
19_32044,Tumor,12
19_32045,M1_macrophages,7
19_32046,Tumor,12
19_32047,Tumor,12
19_32048,Tumor,12
19_32052,M1_macrophages,7
19_32054,Germinal_Center_Plasma_IgM_B_cell,5
19_32055,High_Endothelial_Venules,6
19_32056,High_Endothelial_Venules,6
19_32059,T_cell,11
19_32061,T_cell,11
19_32062,Germinal_Center_Plasma_IgM_B_cell,5
19_32063,Tumor,12
19_32064,Tumor,12
19_32066,Germinal_Center_Plasma_IgM_B_cell,5
19_32068,High_Endothelial_Venules,6
19_32069,Plasma_IgG,10
19_32074,unknown,14
19_32075,unknown,14
19_32076,High_Endothelial_Venules,6
19_32077,High_Endothelial_Venules,6
19_32078,Germinal_Center_Plasma_IgM_B_cell,5
19_32079,M1_macrophages,7
19_32080,Plasma_IgG,10
19_32081,Tumor,12
19_32084,M1_macrophages,7
19_32085,Germinal_Center_Plasma_IgM_B_cell,5
19_32086,Plasma_IgG,10
19_32087,Tumor,12
19_32088,Tumor,12
19_32090,Germinal_Center_Plasma_IgM_B_cell,5
19_32091,unknown,14
19_32094,unknown,14
19_32095,Germinal_Center_Plasma_IgM_B_cell,5
19_32099,T_cell,11
19_32100,Plasma_IgG,10
19_32101,M1_macrophages,7
19_32102,Plasma_IgG,10
19_32103,Tumor,12
19_32108,M1_macrophages,7
19_32109,M1_macrophages,7
19_32110,unknown,14
19_32111,M1_macrophages,7
19_32112,CAM,1
19_32114,Germinal_Center_Plasma_IgM_B_cell,5
19_32115,unknown,14
19_32118,Germinal_Center_Plasma_IgM_B_cell,5
19_32120,Tumor,12
19_32123,Plasma_IgG,10
19_32125,unknown,14
19_32126,Germinal_Center_Plasma_IgM_B_cell,5
19_32128,unknown,14
19_32129,T_cell,11
19_32130,Plasma_IgG,10
19_32135,Plasma_IgG,10
19_32136,Germinal_Center_Plasma_IgM_B_cell,5
19_32137,Plasma_IgG,10
19_32138,unknown,14
19_32139,Tumor,12
19_32142,T_cell,11
19_32143,unknown,14
19_32145,unknown,14
19_32146,unknown,14
19_32147,Germinal_Center_Plasma_IgM_B_cell,5
19_32148,M1_macrophages,7
19_32149,High_Endothelial_Venules,6
19_32150,Tumor,12
19_32154,Plasma_IgG,10
19_32162,M1_macrophages,7
19_32163,Germinal_Center_Plasma_IgM_B_cell,5
19_32164,M1_macrophages,7
19_32165,Tumor,12
19_32167,Germinal_Center_Plasma_IgM_B_cell,5
19_32168,unknown,14
19_32169,Tumor,12
19_32173,Plasma_IgG,10
19_32176,unknown,14
19_32178,unknown,14
19_32179,Germinal_Center_Plasma_IgM_B_cell,5
19_32180,Plasma_IgG,10
19_32181,Plasma_IgG,10
19_32182,Tumor,12
19_32187,M1_macrophages,7
19_32188,Germinal_Center_Plasma_IgM_B_cell,5
19_32194,Germinal_Center_Plasma_IgM_B_cell,5
19_32195,Germinal_Center_Plasma_IgM_B_cell,5
19_32196,Germinal_Center_Plasma_IgM_B_cell,5
19_32197,High_Endothelial_Venules,6
19_32198,Plasma_IgA,9
19_32199,High_Endothelial_Venules,6
19_32203,unknown,14
19_32204,unknown,14
19_32205,Germinal_Center_Plasma_IgM_B_cell,5
19_32207,Germinal_Center_Plasma_IgM_B_cell,5
19_32208,Germinal_Center_Plasma_IgM_B_cell,5
19_32209,High_Endothelial_Venules,6
19_32210,T_cell,11
19_32211,Plasma_IgG,10
19_32212,Tumor,12
19_32214,unknown,14
19_32215,unknown,14
19_32219,Plasma_IgG,10
19_32220,T_cell,11
19_32225,Tumor,12
19_32227,Germinal_Center_Plasma_IgM_B_cell,5
19_32228,unknown,14
19_32229,Germinal_Center_Plasma_IgM_B_cell,5
19_32230,High_Endothelial_Venules,6
19_32231,High_Endothelial_Venules,6
19_32232,Tumor,12
19_32236,Plasma_IgG,10
19_32237,Germinal_Center_Plasma_IgM_B_cell,5
19_32241,Germinal_Center_Plasma_IgM_B_cell,5
19_32242,Tumor,12
19_32247,Germinal_Center_Plasma_IgM_B_cell,5
19_32248,High_Endothelial_Venules,6
19_32249,Tumor,12
19_32251,Plasma_IgG,10
19_32252,Germinal_Center_Plasma_IgM_B_cell,5
19_32253,Plasma_IgG,10
19_32254,Tumor,12
19_32257,Plasma_IgG,10
19_32258,M1_macrophages,7
19_32259,unknown,14
19_32260,Germinal_Center_Plasma_IgM_B_cell,5
19_32261,Germinal_Center_Plasma_IgM_B_cell,5
19_32262,M1_macrophages,7
19_32264,Tumor,12
19_32265,Tumor,12
19_32268,T_cell,11
19_32270,Germinal_Center_Plasma_IgM_B_cell,5
19_32271,High_Endothelial_Venules,6
19_32272,High_Endothelial_Venules,6
19_32274,Tumor,12
19_32276,Germinal_Center_Plasma_IgM_B_cell,5
19_32277,Tumor,12
19_32278,Tumor,12
19_32282,T_cell,11
19_32283,Germinal_Center_Plasma_IgM_B_cell,5
19_32284,Germinal_Center_Plasma_IgM_B_cell,5
19_32285,Tumor,12
19_32288,T_cell,11
19_32289,T_cell,11
19_32290,High_Endothelial_Venules,6
19_32291,Plasma_IgG,10
19_32292,Germinal_Center_Plasma_IgM_B_cell,5
19_32296,Plasma_IgG,10
19_32297,Tumor,12
19_32298,Tumor,12
19_32299,Tumor,12
19_32300,Tumor,12
19_32303,Tumor,12
19_32307,Germinal_Center_Plasma_IgM_B_cell,5
19_32308,Plasma_IgA,9
19_32309,Germinal_Center_Plasma_IgM_B_cell,5
19_32310,Germinal_Center_Plasma_IgM_B_cell,5
19_32312,Tumor,12
19_32313,Tumor,12
19_32315,Plasma_IgG,10
19_32317,Germinal_Center_Plasma_IgM_B_cell,5
19_32318,High_Endothelial_Venules,6
19_32319,M1_macrophages,7
19_32320,Plasma_IgG,10
19_32321,Tumor,12
19_32326,High_Endothelial_Venules,6
19_32327,Germinal_Center_Plasma_IgM_B_cell,5
19_32328,Germinal_Center_Plasma_IgM_B_cell,5
19_32329,T_cell,11
19_32330,M1_macrophages,7
19_32334,unknown,14
19_32335,unknown,14
19_32339,High_Endothelial_Venules,6
19_32340,Tumor,12
19_32344,unknown,14
19_32345,Plasma_IgG,10
19_32348,Plasma_IgG,10
19_32350,unknown,14
19_32351,Germinal_Center_Plasma_IgM_B_cell,5
19_32352,Germinal_Center_Plasma_IgM_B_cell,5
19_32353,Germinal_Center_Plasma_IgM_B_cell,5
19_32354,Germinal_Center_Plasma_IgM_B_cell,5
19_32355,High_Endothelial_Venules,6
19_32358,Plasma_IgA,9
19_32359,Germinal_Center_Plasma_IgM_B_cell,5
19_32360,unknown,14
19_32362,Tumor,12
19_32363,Tumor,12
19_32369,Plasma_IgG,10
19_32370,Tumor,12
19_32374,Germinal_Center_Plasma_IgM_B_cell,5
19_32375,M1_macrophages,7
19_32376,unknown,14
19_32377,Germinal_Center_Plasma_IgM_B_cell,5
19_32380,T_cell,11
19_32382,M1_macrophages,7
19_32383,Plasma_IgG,10
19_32385,Tumor,12
19_32386,T_cell,11
19_32387,Germinal_Center_Plasma_IgM_B_cell,5
19_32388,Tumor,12
19_32389,M1_macrophages,7
19_32390,T_cell,11
19_32392,M1_macrophages,7
19_32393,CAM,1
19_32396,T_cell,11
19_32397,High_Endothelial_Venules,6
19_32398,CAF,0
19_32399,unknown,14
19_32401,Germinal_Center_Plasma_IgM_B_cell,5
19_32402,unknown,14
19_32403,Plasma_IgG,10
19_32404,Plasma_IgG,10
19_32405,T_cell,11
19_32406,T_cell,11
19_32407,unknown,14
19_32408,unknown,14
19_32409,Tumor,12
19_32410,Tumor,12
19_32411,CAM,1
19_32417,unknown,14
19_32419,unknown,14
19_32420,Germinal_Center_Plasma_IgM_B_cell,5
19_32421,Plasma_IgG,10
19_32422,Plasma_IgG,10
19_32423,Tumor,12
19_32426,unknown,14
19_32427,Germinal_Center_Plasma_IgM_B_cell,5
19_32429,unknown,14
19_32435,T_cell,11
19_32437,Germinal_Center_Plasma_IgM_B_cell,5
19_32438,Tumor,12
19_32440,Tumor,12
19_32441,M1_macrophages,7
19_32442,Plasma_IgG,10
19_32446,T_cell,11
19_32447,Germinal_Center_Plasma_IgM_B_cell,5
19_32449,Tumor,12
19_32451,M1_macrophages,7
19_32452,unknown,14
19_32453,Germinal_Center_Plasma_IgM_B_cell,5
19_32454,Germinal_Center_Plasma_IgM_B_cell,5
19_32455,High_Endothelial_Venules,6
19_32456,Plasma_IgG,10
19_32457,Plasma_IgG,10
19_32458,M1_macrophages,7
19_32459,Tumor,12
19_32461,unknown,14
19_32462,M1_macrophages,7
19_32463,Tumor,12
19_32466,Plasma_IgG,10
19_32467,Plasma_IgG,10
19_32468,High_Endothelial_Venules,6
19_32469,High_Endothelial_Venules,6
19_32471,High_Endothelial_Venules,6
19_32472,Plasma_IgG,10
19_32474,Tumor,12
19_32475,Tumor,12
19_32478,High_Endothelial_Venules,6
19_32479,High_Endothelial_Venules,6
19_32480,Tumor,12
19_32485,High_Endothelial_Venules,6
19_32486,Germinal_Center_Plasma_IgM_B_cell,5
19_32487,High_Endothelial_Venules,6
19_32488,Tumor,12
19_32492,Germinal_Center_Plasma_IgM_B_cell,5
19_32494,Germinal_Center_Plasma_IgM_B_cell,5
19_32496,Tumor,12
19_32499,T_cell,11
19_32500,Germinal_Center_Plasma_IgM_B_cell,5
19_32501,T_cell,11
19_32502,unknown,14
19_32503,Plasma_IgG,10
19_32506,T_cell,11
19_32507,Germinal_Center_Plasma_IgM_B_cell,5
19_32508,High_Endothelial_Venules,6
19_32513,High_Endothelial_Venules,6
19_32516,Germinal_Center_Plasma_IgM_B_cell,5
19_32517,M1_macrophages,7
19_32518,Germinal_Center_Plasma_IgM_B_cell,5
19_32519,Tumor,12
19_32523,Plasma_IgG,10
19_32525,Germinal_Center_Plasma_IgM_B_cell,5
19_32527,Germinal_Center_Plasma_IgM_B_cell,5
19_32528,Tumor,12
19_32529,Tumor,12
19_32531,unknown,14
19_32532,Germinal_Center_Plasma_IgM_B_cell,5
19_32533,M1_macrophages,7
19_32539,unknown,14
19_32540,Plasma_IgG,10
19_32544,unknown,14
19_32545,unknown,14
19_32546,Germinal_Center_Plasma_IgM_B_cell,5
19_32547,Tumor,12
19_32548,Tumor,12
19_32551,Germinal_Center_Plasma_IgM_B_cell,5
19_32552,unknown,14
19_32553,unknown,14
19_32554,Plasma_IgG,10
19_32555,Tumor,12
19_32557,Germinal_Center_Plasma_IgM_B_cell,5
19_32558,Germinal_Center_Plasma_IgM_B_cell,5
19_32560,unknown,14
19_32563,Germinal_Center_Plasma_IgM_B_cell,5
19_32564,M1_macrophages,7
19_32565,Germinal_Center_Plasma_IgM_B_cell,5
19_32566,unknown,14
19_32567,Germinal_Center_Plasma_IgM_B_cell,5
19_32570,Plasma_IgG,10
19_32571,unknown,14
19_32573,Germinal_Center_Plasma_IgM_B_cell,5
19_32574,M1_macrophages,7
19_32575,Tumor,12
19_32576,Germinal_Center_Plasma_IgM_B_cell,5
19_32577,Tumor,12
19_32579,Germinal_Center_Plasma_IgM_B_cell,5
19_32582,Germinal_Center_Plasma_IgM_B_cell,5
19_32583,Tumor,12
19_32587,unknown,14
19_32588,unknown,14
19_32589,unknown,14
19_32591,Tumor,12
19_32592,Tumor,12
19_32594,Germinal_Center_Plasma_IgM_B_cell,5
19_32598,Germinal_Center_Plasma_IgM_B_cell,5
19_32600,Tumor,12
19_32602,Germinal_Center_Plasma_IgM_B_cell,5
19_32603,Tumor,12
19_32604,Tumor,12
19_32609,unknown,14
19_32610,unknown,14
19_32611,T_cell,11
19_32613,Germinal_Center_Plasma_IgM_B_cell,5
19_32614,M1_macrophages,7
19_32615,Tumor,12
19_32624,T_cell,11
19_32625,M1_macrophages,7
19_32629,T_cell,11
19_32631,Germinal_Center_Plasma_IgM_B_cell,5
19_32632,unknown,14
19_32633,M1_macrophages,7
19_32634,Plasma_IgG,10
19_32635,Tumor,12
19_32640,T_cell,11
19_32644,Germinal_Center_Plasma_IgM_B_cell,5
19_32645,Germinal_Center_Plasma_IgM_B_cell,5
19_32646,Germinal_Center_Plasma_IgM_B_cell,5
19_32647,Germinal_Center_Plasma_IgM_B_cell,5
19_32648,T_cell,11
19_32649,Plasma_IgA,9
19_32652,unknown,14
19_32654,T_cell,11
19_32655,Germinal_Center_Plasma_IgM_B_cell,5
19_32656,Germinal_Center_Plasma_IgM_B_cell,5
19_32657,Germinal_Center_Plasma_IgM_B_cell,5
19_32658,Tumor,12
19_32659,Tumor,12
19_32660,Tumor,12
19_32661,M1_macrophages,7
19_32662,T_cell,11
19_32665,M1_macrophages,7
19_32666,Germinal_Center_Plasma_IgM_B_cell,5
19_32667,High_Endothelial_Venules,6
19_32668,Plasma_IgG,10
19_32670,Tumor,12
19_32673,Germinal_Center_Plasma_IgM_B_cell,5
19_32674,Plasma_IgG,10
19_32676,High_Endothelial_Venules,6
19_32678,T_cell,11
19_32679,Germinal_Center_Plasma_IgM_B_cell,5
19_32681,Tumor,12
19_32682,Tumor,12
19_32683,unknown,14
19_32684,Tumor,12
19_32686,T_cell,11
19_32687,Plasma_IgG,10
19_32688,Tumor,12
19_32689,Tumor,12
19_32692,Germinal_Center_Plasma_IgM_B_cell,5
19_32693,T_cell,11
19_32694,Plasma_IgA,9
19_32695,Tumor,12
19_32696,Tumor,12
19_32697,Tumor,12
19_32700,Tumor,12
19_32702,T_cell,11
19_32704,unknown,14
19_32705,Tumor,12
19_32707,Plasma_IgG,10
19_32709,Germinal_Center_Plasma_IgM_B_cell,5
19_32710,Plasma_IgA,9
19_32711,Tumor,12
19_32716,High_Endothelial_Venules,6
19_32719,Tumor,12
19_32723,Germinal_Center_Plasma_IgM_B_cell,5
19_32724,Germinal_Center_Plasma_IgM_B_cell,5
19_32725,Plasma_IgG,10
19_32726,Tumor,12
19_32727,Tumor,12
19_32731,Plasma_IgG,10
19_32734,Plasma_IgG,10
19_32735,Germinal_Center_Plasma_IgM_B_cell,5
19_32736,M1_macrophages,7
19_32737,Plasma_IgG,10
19_32738,Tumor,12
19_32743,Plasma_IgG,10
19_32744,Plasma_IgG,10
19_32745,T_cell,11
19_32747,Germinal_Center_Plasma_IgM_B_cell,5
19_32748,High_Endothelial_Venules,6
19_32749,Tumor,12
19_32754,Germinal_Center_Plasma_IgM_B_cell,5
19_32755,unknown,14
19_32756,Germinal_Center_Plasma_IgM_B_cell,5
19_32757,Germinal_Center_Plasma_IgM_B_cell,5
19_32758,Germinal_Center_Plasma_IgM_B_cell,5
19_32759,Germinal_Center_Plasma_IgM_B_cell,5
19_32760,T_cell,11
19_32761,Plasma_IgG,10
19_32762,Tumor,12
19_32763,Tumor,12
19_32764,Tumor,12
19_32767,T_cell,11
19_32771,Tumor,12
19_32775,Germinal_Center_Plasma_IgM_B_cell,5
19_32776,Tumor,12
19_32777,Tumor,12
19_32778,Tumor,12
19_32781,unknown,14
19_32782,unknown,14
19_32783,Germinal_Center_Plasma_IgM_B_cell,5
19_32784,Plasma_IgG,10
19_32785,Tumor,12
19_32786,Tumor,12
19_32787,Tumor,12
19_32790,High_Endothelial_Venules,6
19_32792,Plasma_IgG,10
19_32793,Tumor,12
19_32795,Plasma_IgG,10
19_32800,unknown,14
19_32802,Germinal_Center_Plasma_IgM_B_cell,5
19_32803,unknown,14
19_32804,Tumor,12
19_32806,Plasma_IgG,10
19_32808,Germinal_Center_Plasma_IgM_B_cell,5
19_32809,Germinal_Center_Plasma_IgM_B_cell,5
19_32812,unknown,14
19_32813,unknown,14
19_32814,CAM,1
19_32815,Tumor,12
19_32817,Plasma_IgG,10
19_32820,unknown,14
19_32821,T_cell,11
19_32823,M1_macrophages,7
19_32824,Plasma_IgG,10
19_32826,T_cell,11
19_32827,Germinal_Center_Plasma_IgM_B_cell,5
19_32828,unknown,14
19_32829,unknown,14
19_32830,unknown,14
19_32831,Germinal_Center_Plasma_IgM_B_cell,5
19_32832,M1_macrophages,7
19_32833,T_cell,11
19_32835,Plasma_IgG,10
19_32836,Plasma_IgG,10
19_32837,Plasma_IgG,10
19_32838,Plasma_IgG,10
19_32839,Tumor,12
19_32842,Plasma_IgG,10
19_32843,M1_macrophages,7
19_32845,Plasma_IgG,10
19_32851,unknown,14
19_32854,Plasma_IgG,10
19_32855,Plasma_IgG,10
19_32857,Germinal_Center_Plasma_IgM_B_cell,5
19_32858,unknown,14
19_32859,Tumor,12
19_32860,Plasma_IgG,10
19_32861,M1_macrophages,7
19_32863,Germinal_Center_Plasma_IgM_B_cell,5
19_32864,Plasma_IgG,10
19_32865,M1_macrophages,7
19_32866,Tumor,12
19_32867,unknown,14
19_32868,T_cell,11
19_32869,Germinal_Center_Plasma_IgM_B_cell,5
19_32874,T_cell,11
19_32875,Germinal_Center_Plasma_IgM_B_cell,5
19_32876,T_cell,11
19_32877,unknown,14
19_32879,T_cell,11
19_32880,unknown,14
19_32881,Germinal_Center_Plasma_IgM_B_cell,5
19_32882,Germinal_Center_Plasma_IgM_B_cell,5
19_32883,Plasma_IgG,10
19_32887,unknown,14
19_32888,unknown,14
19_32889,Germinal_Center_Plasma_IgM_B_cell,5
19_32890,Plasma_IgG,10
19_32891,Tumor,12
19_32894,M1_macrophages,7
19_32895,Germinal_Center_Plasma_IgM_B_cell,5
19_32896,T_cell,11
19_32898,High_Endothelial_Venules,6
19_32902,Plasma_IgG,10
19_32904,unknown,14
19_32905,unknown,14
19_32906,Germinal_Center_Plasma_IgM_B_cell,5
19_32908,Plasma_IgG,10
19_32909,unknown,14
19_32911,M1_macrophages,7
19_32912,Germinal_Center_Plasma_IgM_B_cell,5
19_32913,Germinal_Center_Plasma_IgM_B_cell,5
19_32914,T_cell,11
19_32915,Tumor,12
19_32916,Tumor,12
19_32922,unknown,14
19_32923,T_cell,11
19_32924,Germinal_Center_Plasma_IgM_B_cell,5
19_32925,M1_macrophages,7
19_32926,High_Endothelial_Venules,6
19_32927,Plasma_IgA,9
19_32931,Germinal_Center_Plasma_IgM_B_cell,5
19_32932,Germinal_Center_Plasma_IgM_B_cell,5
19_32933,Germinal_Center_Plasma_IgM_B_cell,5
19_32934,Germinal_Center_Plasma_IgM_B_cell,5
19_32935,Plasma_IgG,10
19_32936,Plasma_IgG,10
19_32937,Tumor,12
19_32938,unknown,14
19_32939,Plasma_IgG,10
19_32940,Tumor,12
19_32941,Tumor,12
19_32947,unknown,14
19_32948,High_Endothelial_Venules,6
19_32949,Tumor,12
19_32950,Tumor,12
19_32954,M1_macrophages,7
19_32955,Tumor,12
19_32957,unknown,14
19_32958,Germinal_Center_Plasma_IgM_B_cell,5
19_32960,T_cell,11
19_32961,Tumor,12
19_32963,M1_macrophages,7
19_32964,High_Endothelial_Venules,6
19_32967,Germinal_Center_Plasma_IgM_B_cell,5
19_32968,Germinal_Center_Plasma_IgM_B_cell,5
19_32969,Germinal_Center_Plasma_IgM_B_cell,5
19_32973,Germinal_Center_Plasma_IgM_B_cell,5
19_32974,Germinal_Center_Plasma_IgM_B_cell,5
19_32975,Tumor,12
19_32976,Tumor,12
19_32981,Germinal_Center_Plasma_IgM_B_cell,5
19_32984,unknown,14
19_32985,unknown,14
19_32986,unknown,14
19_32987,Germinal_Center_Plasma_IgM_B_cell,5
19_32988,Germinal_Center_Plasma_IgM_B_cell,5
19_32989,unknown,14
19_32990,M1_macrophages,7
19_32991,Germinal_Center_Plasma_IgM_B_cell,5
19_32992,Tumor,12
19_32994,Plasma_IgG,10
19_32996,Germinal_Center_Plasma_IgM_B_cell,5
19_32998,M1_macrophages,7
19_33001,T_cell,11
19_33002,Germinal_Center_Plasma_IgM_B_cell,5
19_33003,Germinal_Center_Plasma_IgM_B_cell,5
19_33005,High_Endothelial_Venules,6
19_33006,unknown,14
19_33007,M1_macrophages,7
19_33011,unknown,14
19_33012,Germinal_Center_Plasma_IgM_B_cell,5
19_33013,Germinal_Center_Plasma_IgM_B_cell,5
19_33014,High_Endothelial_Venules,6
19_33022,High_Endothelial_Venules,6
19_33023,Plasma_IgG,10
19_33024,Plasma_IgG,10
19_33030,Tumor,12
19_33034,Germinal_Center_Plasma_IgM_B_cell,5
19_33036,unknown,14
19_33037,unknown,14
19_33039,Tumor,12
19_33040,Tumor,12
19_33046,T_cell,11
19_33048,Tumor,12
19_33049,Tumor,12
19_33050,Tumor,12
19_33055,T_cell,11
19_33056,Plasma_IgG,10
19_33058,unknown,14
19_33059,Tumor,12
19_33060,Tumor,12
19_33061,Tumor,12
19_33066,Germinal_Center_Plasma_IgM_B_cell,5
19_33067,Germinal_Center_Plasma_IgM_B_cell,5
19_33068,Tumor,12
19_33069,Tumor,12
19_33070,Tumor,12
19_33071,Tumor,12
19_33072,unknown,14
19_33074,Germinal_Center_Plasma_IgM_B_cell,5
19_33075,Plasma_IgA,9
19_33076,Plasma_IgG,10
19_33077,Tumor,12
19_33080,Tumor,12
19_33084,Plasma_IgA,9
19_33085,unknown,14
19_33087,Tumor,12
19_33088,Tumor,12
19_33089,Tumor,12
19_33092,M1_macrophages,7
19_33093,M1_macrophages,7
19_33099,Plasma_IgG,10
19_33101,Germinal_Center_Plasma_IgM_B_cell,5
19_33102,unknown,14
19_33103,Germinal_Center_Plasma_IgM_B_cell,5
19_33104,unknown,14
19_33106,unknown,14
19_33107,Plasma_IgA,9
19_33111,Plasma_IgA,9
19_33112,Germinal_Center_Plasma_IgM_B_cell,5
19_33114,Plasma_IgA,9
19_33115,Plasma_IgG,10
19_33117,Tumor,12
19_33121,Plasma_IgG,10
19_33124,Tumor,12
19_33130,unknown,14
19_33131,Germinal_Center_Plasma_IgM_B_cell,5
19_33132,Plasma_IgG,10
19_33133,Tumor,12
19_33138,M1_macrophages,7
19_33139,Germinal_Center_Plasma_IgM_B_cell,5
19_33140,Germinal_Center_Plasma_IgM_B_cell,5
19_33141,Tumor,12
19_33142,Tumor,12
19_33143,Tumor,12
19_33145,T_cell,11
19_33147,Germinal_Center_Plasma_IgM_B_cell,5
19_33148,Germinal_Center_Plasma_IgM_B_cell,5
19_33149,Tumor,12
19_33150,Tumor,12
19_33154,Plasma_IgG,10
19_33155,Plasma_IgG,10
19_33156,Plasma_IgG,10
19_33157,Plasma_IgG,10
19_33158,High_Endothelial_Venules,6
19_33159,unknown,14
19_33160,Germinal_Center_Plasma_IgM_B_cell,5
19_33161,Germinal_Center_Plasma_IgM_B_cell,5
19_33162,Germinal_Center_Plasma_IgM_B_cell,5
19_33163,Plasma_IgG,10
19_33165,M1_macrophages,7
19_33166,T_cell,11
19_33167,unknown,14
19_33168,Germinal_Center_Plasma_IgM_B_cell,5
19_33169,Germinal_Center_Plasma_IgM_B_cell,5
19_33172,Plasma_IgG,10
19_33173,Tumor,12
19_33179,T_cell,11
19_33180,M1_macrophages,7
19_33181,Germinal_Center_Plasma_IgM_B_cell,5
19_33183,M1_macrophages,7
19_33184,Tumor,12
19_33185,CAM,1
19_33186,Tumor,12
19_33189,M1_macrophages,7
19_33190,Germinal_Center_Plasma_IgM_B_cell,5
19_33191,T_cell,11
19_33192,unknown,14
19_33193,Germinal_Center_Plasma_IgM_B_cell,5
19_33194,unknown,14
19_33197,Germinal_Center_Plasma_IgM_B_cell,5
19_33198,High_Endothelial_Venules,6
19_33199,Tumor,12
19_33200,Tumor,12
19_33205,Germinal_Center_Plasma_IgM_B_cell,5
19_33206,Germinal_Center_Plasma_IgM_B_cell,5
19_33207,Germinal_Center_Plasma_IgM_B_cell,5
19_33208,Germinal_Center_Plasma_IgM_B_cell,5
19_33209,Tumor,12
19_33211,Plasma_IgG,10
19_33214,Plasma_IgG,10
19_33219,Germinal_Center_Plasma_IgM_B_cell,5
19_33220,Plasma_IgA,9
19_33222,Tumor,12
19_33224,unknown,14
19_33228,unknown,14
19_33229,M1_macrophages,7
19_33231,Tumor,12
19_33234,Plasma_IgG,10
19_33235,T_cell,11
19_33238,T_cell,11
19_33240,M1_macrophages,7
19_33246,Germinal_Center_Plasma_IgM_B_cell,5
19_33247,Germinal_Center_Plasma_IgM_B_cell,5
19_33249,High_Endothelial_Venules,6
19_33251,Tumor,12
19_33254,unknown,14
19_33256,M1_macrophages,7
19_33257,Germinal_Center_Plasma_IgM_B_cell,5
19_33258,Germinal_Center_Plasma_IgM_B_cell,5
19_33259,Tumor,12
19_33261,M1_macrophages,7
19_33263,Plasma_IgA,9
19_33264,Plasma_IgG,10
19_33266,Tumor,12
19_33271,Germinal_Center_Plasma_IgM_B_cell,5
19_33273,Plasma_IgG,10
19_33274,unknown,14
19_33275,High_Endothelial_Venules,6
19_33276,M1_macrophages,7
19_33277,Tumor,12
19_33278,Tumor,12
19_33279,Tumor,12
19_33280,Tumor,12
19_33281,Tumor,12
19_33282,Tumor,12
19_33285,Germinal_Center_Plasma_IgM_B_cell,5
19_33287,M1_macrophages,7
19_33288,Plasma_IgA,9
19_33289,Tumor,12
19_33290,Tumor,12
19_33293,M1_macrophages,7
19_33294,Germinal_Center_Plasma_IgM_B_cell,5
19_33295,Germinal_Center_Plasma_IgM_B_cell,5
19_33296,High_Endothelial_Venules,6
19_33297,Plasma_IgG,10
19_33298,Tumor,12
19_33299,Tumor,12
19_33302,unknown,14
19_33305,unknown,14
19_33306,unknown,14
19_33307,T_cell,11
19_33308,High_Endothelial_Venules,6
19_33312,T_cell,11
19_33313,Germinal_Center_Plasma_IgM_B_cell,5
19_33314,Germinal_Center_Plasma_IgM_B_cell,5
19_33315,Plasma_IgG,10
19_33317,Tumor,12
19_33320,T_cell,11
19_33321,Germinal_Center_Plasma_IgM_B_cell,5
19_33322,Germinal_Center_Plasma_IgM_B_cell,5
19_33324,Plasma_IgG,10
19_33325,Tumor,12
19_33330,High_Endothelial_Venules,6
19_33332,unknown,14
19_33333,Germinal_Center_Plasma_IgM_B_cell,5
19_33334,Tumor,12
19_33336,Germinal_Center_Plasma_IgM_B_cell,5
19_33337,Germinal_Center_Plasma_IgM_B_cell,5
19_33338,M1_macrophages,7
19_33339,M1_macrophages,7
19_33344,M1_macrophages,7
19_33345,Germinal_Center_Plasma_IgM_B_cell,5
19_33347,Germinal_Center_Plasma_IgM_B_cell,5
19_33348,Plasma_IgA,9
19_33349,unknown,14
19_33351,M1_macrophages,7
19_33352,Tumor,12
19_33355,unknown,14
19_33356,CAF,0
19_33357,Tumor,12
19_33359,M1_macrophages,7
19_33360,High_Endothelial_Venules,6
19_33361,Germinal_Center_Plasma_IgM_B_cell,5
19_33364,Tumor,12
19_33365,Tumor,12
19_33368,unknown,14
19_33371,T_cell,11
19_33372,Germinal_Center_Plasma_IgM_B_cell,5
19_33373,Tumor,12
19_33379,Germinal_Center_Plasma_IgM_B_cell,5
19_33380,unknown,14
19_33382,Tumor,12
19_33383,CAF,0
19_33386,T_cell,11
19_33388,unknown,14
19_33397,M1_macrophages,7
19_33398,M1_macrophages,7
19_33401,M1_macrophages,7
19_33402,Plasma_IgG,10
19_33403,Tumor,12
19_33406,Plasma_IgG,10
19_33407,Germinal_Center_Plasma_IgM_B_cell,5
19_33408,T_cell,11
19_33414,T_cell,11
19_33415,Germinal_Center_Plasma_IgM_B_cell,5
19_33416,Germinal_Center_Plasma_IgM_B_cell,5
19_33417,Plasma_IgA,9
19_33419,T_cell,11
19_33420,unknown,14
19_33421,Cortex_CCL21,2
19_33424,Germinal_Center_Plasma_IgM_B_cell,5
19_33425,Plasma_IgG,10
19_33427,Tumor,12
19_33428,unknown,14
19_33430,M1_macrophages,7
19_33431,Tumor,12
19_33434,T_cell,11
19_33435,unknown,14
19_33437,High_Endothelial_Venules,6
19_33438,Plasma_IgG,10
19_33440,unknown,14
19_33441,Tumor,12
19_33442,Tumor,12
19_33445,Plasma_IgG,10
19_33447,T_cell,11
19_33449,Germinal_Center_Plasma_IgM_B_cell,5
19_33450,Plasma_IgG,10
19_33451,Plasma_IgG,10
19_33454,T_cell,11
19_33455,M1_macrophages,7
19_33456,T_cell,11
19_33457,T_cell,11
19_33458,M1_macrophages,7
19_33459,M1_macrophages,7
19_33460,High_Endothelial_Venules,6
19_33462,M1_macrophages,7
19_33464,unknown,14
19_33465,unknown,14
19_33468,Germinal_Center_Plasma_IgM_B_cell,5
19_33470,Tumor,12
19_33474,Germinal_Center_Plasma_IgM_B_cell,5
19_33475,Germinal_Center_Plasma_IgM_B_cell,5
19_33476,Tumor,12
19_33479,unknown,14
19_33481,T_cell,11
19_33482,Germinal_Center_Plasma_IgM_B_cell,5
19_33483,Plasma_IgA,9
19_33484,High_Endothelial_Venules,6
19_33485,Tumor,12
19_33487,T_cell,11
19_33488,Germinal_Center_Plasma_IgM_B_cell,5
19_33489,Germinal_Center_Plasma_IgM_B_cell,5
19_33490,unknown,14
19_33491,T_cell,11
19_33492,Germinal_Center_Plasma_IgM_B_cell,5
19_33493,High_Endothelial_Venules,6
19_33494,Tumor,12
19_33496,Germinal_Center_Plasma_IgM_B_cell,5
19_33497,Germinal_Center_Plasma_IgM_B_cell,5
19_33498,Germinal_Center_Plasma_IgM_B_cell,5
19_33499,Germinal_Center_Plasma_IgM_B_cell,5
19_33500,Plasma_IgG,10
19_33502,Tumor,12
19_33503,T_cell,11
19_33505,unknown,14
19_33506,Germinal_Center_Plasma_IgM_B_cell,5
19_33507,T_cell,11
19_33519,unknown,14
19_33520,T_cell,11
19_33521,Germinal_Center_Plasma_IgM_B_cell,5
19_33522,M1_macrophages,7
19_33523,Tumor,12
19_33524,Tumor,12
19_33525,Plasma_IgG,10
19_33527,Plasma_IgG,10
19_33528,Germinal_Center_Plasma_IgM_B_cell,5
19_33529,Germinal_Center_Plasma_IgM_B_cell,5
19_33530,unknown,14
19_33531,M1_macrophages,7
19_33533,T_cell,11
19_33536,High_Endothelial_Venules,6
19_33537,Plasma_IgA,9
19_33538,Plasma_IgA,9
19_33541,T_cell,11
19_33542,unknown,14
19_33544,T_cell,11
19_33545,Tumor,12
19_33548,High_Endothelial_Venules,6
19_33549,Tumor,12
19_33550,Tumor,12
19_33555,Plasma_IgA,9
19_33559,Germinal_Center_Plasma_IgM_B_cell,5
19_33560,Germinal_Center_Plasma_IgM_B_cell,5
19_33561,T_cell,11
19_33562,Plasma_IgG,10
19_33563,T_cell,11
19_33564,Plasma_IgG,10
19_33568,Germinal_Center_Plasma_IgM_B_cell,5
19_33569,Germinal_Center_Plasma_IgM_B_cell,5
19_33571,Germinal_Center_Plasma_IgM_B_cell,5
19_33572,M1_macrophages,7
19_33574,Plasma_IgA,9
19_33575,Plasma_IgG,10
19_33576,Tumor,12
19_33580,Germinal_Center_Plasma_IgM_B_cell,5
19_33581,Germinal_Center_Plasma_IgM_B_cell,5
19_33583,Plasma_IgG,10
19_33584,Plasma_IgG,10
19_33585,unknown,14
19_33586,T_cell,11
19_33587,unknown,14
19_33589,M1_macrophages,7
19_33592,unknown,14
19_33593,High_Endothelial_Venules,6
19_33594,Tumor,12
19_33595,High_Endothelial_Venules,6
19_33596,Germinal_Center_Plasma_IgM_B_cell,5
19_33597,Germinal_Center_Plasma_IgM_B_cell,5
19_33598,M1_macrophages,7
19_33599,Plasma_IgA,9
19_33600,Plasma_IgA,9
19_33601,Plasma_IgG,10
19_33602,Tumor,12
19_33606,M1_macrophages,7
19_33607,M1_macrophages,7
19_33609,Plasma_IgG,10
19_33610,Tumor,12
19_33612,unknown,14
19_33613,M1_macrophages,7
19_33614,Tumor,12
19_33619,unknown,14
19_33620,Germinal_Center_Plasma_IgM_B_cell,5
19_33621,Germinal_Center_Plasma_IgM_B_cell,5
19_33623,Tumor,12
19_33624,Tumor,12
19_33626,Plasma_IgG,10
19_33627,T_cell,11
19_33630,unknown,14
19_33635,M1_macrophages,7
19_33636,T_cell,11
19_33637,Plasma_IgG,10
19_33640,Plasma_IgG,10
19_33641,unknown,14
19_33642,unknown,14
19_33643,High_Endothelial_Venules,6
19_33645,Germinal_Center_Plasma_IgM_B_cell,5
19_33646,Plasma_IgA,9
19_33647,Tumor,12
19_33648,Tumor,12
19_33649,Tumor,12
19_33650,M1_macrophages,7
19_33652,Germinal_Center_Plasma_IgM_B_cell,5
19_33653,Germinal_Center_Plasma_IgM_B_cell,5
19_33654,High_Endothelial_Venules,6
19_33655,High_Endothelial_Venules,6
19_33656,Plasma_IgG,10
19_33657,CAM,1
19_33660,Plasma_IgG,10
19_33662,Germinal_Center_Plasma_IgM_B_cell,5
19_33663,T_cell,11
19_33664,Plasma_IgG,10
19_33665,Tumor,12
19_33666,Tumor,12
19_33667,Tumor,12
19_33671,Germinal_Center_Plasma_IgM_B_cell,5
19_33672,Germinal_Center_Plasma_IgM_B_cell,5
19_33673,unknown,14
19_33674,Germinal_Center_Plasma_IgM_B_cell,5
19_33675,unknown,14
19_33676,Plasma_IgA,9
19_33677,Germinal_Center_Plasma_IgM_B_cell,5
19_33681,T_cell,11
19_33683,Germinal_Center_Plasma_IgM_B_cell,5
19_33684,M1_macrophages,7
19_33685,Plasma_IgG,10
19_33687,Tumor,12
19_33690,Tumor,12
19_33691,Tumor,12
19_33694,T_cell,11
19_33695,Germinal_Center_Plasma_IgM_B_cell,5
19_33697,Germinal_Center_Plasma_IgM_B_cell,5
19_33698,Germinal_Center_Plasma_IgM_B_cell,5
19_33699,unknown,14
19_33700,Plasma_IgG,10
19_33701,Tumor,12
19_33704,unknown,14
19_33705,High_Endothelial_Venules,6
19_33706,Tumor,12
19_33708,M1_macrophages,7
19_33710,Germinal_Center_Plasma_IgM_B_cell,5
19_33712,unknown,14
19_33713,T_cell,11
19_33715,Germinal_Center_Plasma_IgM_B_cell,5
19_33716,Plasma_IgA,9
19_33718,Plasma_IgG,10
19_33719,M1_macrophages,7
19_33722,Germinal_Center_Plasma_IgM_B_cell,5
19_33723,Tumor,12
19_33728,Germinal_Center_Plasma_IgM_B_cell,5
19_33729,Germinal_Center_Plasma_IgM_B_cell,5
19_33730,Germinal_Center_Plasma_IgM_B_cell,5
19_33731,M1_macrophages,7
19_33734,unknown,14
19_33735,Germinal_Center_Plasma_IgM_B_cell,5
19_33736,Tumor,12
19_33740,Plasma_IgA,9
19_33743,M1_macrophages,7
19_33744,Tumor,12
19_33745,Tumor,12
19_33747,Germinal_Center_Plasma_IgM_B_cell,5
19_33748,unknown,14
19_33749,Plasma_IgA,9
19_33751,Tumor,12
19_33755,unknown,14
19_33758,Tumor,12
19_33759,unknown,14
19_33760,Tumor,12
19_33766,Germinal_Center_Plasma_IgM_B_cell,5
19_33767,unknown,14
19_33770,Germinal_Center_Plasma_IgM_B_cell,5
19_33773,unknown,14
19_33774,Germinal_Center_Plasma_IgM_B_cell,5
19_33775,High_Endothelial_Venules,6
19_33776,Tumor,12
19_33778,Germinal_Center_Plasma_IgM_B_cell,5
19_33779,Plasma_IgA,9
19_33780,Plasma_IgG,10
19_33781,Plasma_IgG,10
19_33783,T_cell,11
19_33784,M1_macrophages,7
19_33787,Plasma_IgA,9
19_33791,Plasma_IgA,9
19_33794,T_cell,11
19_33795,Plasma_IgA,9
19_33796,T_cell,11
19_33797,unknown,14
19_33798,unknown,14
19_33799,Plasma_IgA,9
19_33800,Plasma_IgG,10
19_33804,Germinal_Center_Plasma_IgM_B_cell,5
19_33806,Plasma_IgG,10
19_33810,Plasma_IgG,10
19_33811,unknown,14
19_33813,Germinal_Center_Plasma_IgM_B_cell,5
19_33814,M1_macrophages,7
19_33815,Tumor,12
19_33818,M1_macrophages,7
19_33819,Germinal_Center_Plasma_IgM_B_cell,5
19_33820,unknown,14
19_33821,Germinal_Center_Plasma_IgM_B_cell,5
19_33822,Tumor,12
19_33823,Plasma_IgG,10
19_33826,Germinal_Center_Plasma_IgM_B_cell,5
19_33827,Germinal_Center_Plasma_IgM_B_cell,5
19_33830,M1_macrophages,7
19_33832,M1_macrophages,7
19_33833,unknown,14
19_33834,Germinal_Center_Plasma_IgM_B_cell,5
19_33835,Germinal_Center_Plasma_IgM_B_cell,5
19_33837,Plasma_IgG,10
19_33840,unknown,14
19_33843,Germinal_Center_Plasma_IgM_B_cell,5
19_33845,High_Endothelial_Venules,6
19_33847,M1_macrophages,7
19_33848,Germinal_Center_Plasma_IgM_B_cell,5
19_33849,Plasma_IgA,9
19_33850,Tumor,12
19_33853,Plasma_IgG,10
19_33854,Tumor,12
19_33855,M1_macrophages,7
19_33858,T_cell,11
19_33859,Germinal_Center_Plasma_IgM_B_cell,5
19_33860,M1_macrophages,7
19_33861,Tumor,12
19_33863,Plasma_IgA,9
19_33864,unknown,14
19_33865,unknown,14
19_33866,M1_macrophages,7
19_33869,T_cell,11
19_33871,unknown,14
19_33873,Germinal_Center_Plasma_IgM_B_cell,5
19_33874,Germinal_Center_Plasma_IgM_B_cell,5
19_33877,T_cell,11
19_33879,T_cell,11
19_33880,unknown,14
19_33881,Germinal_Center_Plasma_IgM_B_cell,5
19_33882,M1_macrophages,7
19_33883,T_cell,11
19_33884,Plasma_IgA,9
19_33885,Plasma_IgA,9
19_33886,Plasma_IgG,10
19_33889,T_cell,11
19_33891,M1_macrophages,7
19_33892,Germinal_Center_Plasma_IgM_B_cell,5
19_33893,T_cell,11
19_33894,Plasma_IgA,9
19_33895,High_Endothelial_Venules,6
19_33896,unknown,14
19_33898,Plasma_IgG,10
19_33902,T_cell,11
19_33903,Germinal_Center_Plasma_IgM_B_cell,5
19_33904,M1_macrophages,7
19_33905,M1_macrophages,7
19_33906,Plasma_IgG,10
19_33907,Germinal_Center_Plasma_IgM_B_cell,5
19_33908,M1_macrophages,7
19_33909,High_Endothelial_Venules,6
19_33910,Plasma_IgA,9
19_33912,Plasma_IgG,10
19_33913,Tumor,12
19_33914,CAM,1
19_33917,Plasma_IgA,9
19_33918,T_cell,11
19_33919,M1_macrophages,7
19_33920,Germinal_Center_Plasma_IgM_B_cell,5
19_33921,unknown,14
19_33923,Tumor,12
19_33924,Tumor,12
19_33925,Plasma_IgG,10
19_33926,unknown,14
19_33927,M1_macrophages,7
19_33928,unknown,14
19_33929,Plasma_IgG,10
19_33930,Plasma_IgG,10
19_33931,Tumor,12
19_33932,Tumor,12
19_33936,M1_macrophages,7
19_33938,T_cell,11
19_33939,Germinal_Center_Plasma_IgM_B_cell,5
19_33946,Germinal_Center_Plasma_IgM_B_cell,5
19_33948,unknown,14
19_33949,Tumor,12
19_33950,Plasma_IgG,10
19_33954,Germinal_Center_Plasma_IgM_B_cell,5
19_33955,Plasma_IgG,10
19_33959,unknown,14
19_33960,unknown,14
19_33961,Germinal_Center_Plasma_IgM_B_cell,5
19_33962,Germinal_Center_Plasma_IgM_B_cell,5
19_33963,unknown,14
19_33970,unknown,14
19_33972,unknown,14
19_33974,Tumor,12
19_33978,T_cell,11
19_33979,Germinal_Center_Plasma_IgM_B_cell,5
19_33980,Germinal_Center_Plasma_IgM_B_cell,5
19_33981,M1_macrophages,7
19_33982,Tumor,12
19_33984,Germinal_Center_Plasma_IgM_B_cell,5
19_33985,Germinal_Center_Plasma_IgM_B_cell,5
19_33986,Germinal_Center_Plasma_IgM_B_cell,5
19_33987,M1_macrophages,7
19_33989,Plasma_IgG,10
19_33993,M1_macrophages,7
19_33996,Plasma_IgG,10
19_34000,T_cell,11
19_34001,Germinal_Center_Plasma_IgM_B_cell,5
19_34002,Germinal_Center_Plasma_IgM_B_cell,5
19_34003,M1_macrophages,7
19_34004,Tumor,12
19_34005,Tumor,12
19_34010,T_cell,11
19_34011,Germinal_Center_Plasma_IgM_B_cell,5
19_34012,Germinal_Center_Plasma_IgM_B_cell,5
19_34016,Germinal_Center_Plasma_IgM_B_cell,5
19_34017,Germinal_Center_Plasma_IgM_B_cell,5
19_34018,Plasma_IgA,9
19_34019,Plasma_IgG,10
19_34020,Tumor,12
19_34024,unknown,14
19_34028,M1_macrophages,7
19_34030,Germinal_Center_Plasma_IgM_B_cell,5
19_34031,Plasma_IgG,10
19_34033,Plasma_IgG,10
19_34034,CAF,0
19_34036,T_cell,11
19_34037,Germinal_Center_Plasma_IgM_B_cell,5
19_34038,unknown,14
19_34041,M1_macrophages,7
19_34042,M1_macrophages,7
19_34043,Plasma_IgG,10
19_34044,Tumor,12
19_34046,T_cell,11
19_34047,T_cell,11
19_34049,Germinal_Center_Plasma_IgM_B_cell,5
19_34050,Plasma_IgG,10
19_34053,High_Endothelial_Venules,6
19_34054,M1_macrophages,7
19_34055,Germinal_Center_Plasma_IgM_B_cell,5
19_34056,High_Endothelial_Venules,6
19_34063,T_cell,11
19_34064,Tumor,12
19_34068,T_cell,11
19_34069,Germinal_Center_Plasma_IgM_B_cell,5
19_34070,Plasma_IgA,9
19_34071,Tumor,12
19_34076,Germinal_Center_Plasma_IgM_B_cell,5
19_34078,unknown,14
19_34080,unknown,14
19_34082,Germinal_Center_Plasma_IgM_B_cell,5
19_34083,Germinal_Center_Plasma_IgM_B_cell,5
19_34084,Germinal_Center_Plasma_IgM_B_cell,5
19_34085,Plasma_IgG,10
19_34088,M1_macrophages,7
19_34089,unknown,14
19_34090,Plasma_IgA,9
19_34091,Tumor,12
19_34095,unknown,14
19_34097,High_Endothelial_Venules,6
19_34098,Plasma_IgG,10
19_34102,Macrophages,8
19_34105,unknown,14
19_34106,Germinal_Center_Plasma_IgM_B_cell,5
19_34107,Plasma_IgA,9
19_34108,Tumor,12
19_34109,Tumor,12
19_34110,Tumor,12
19_34114,Germinal_Center_Plasma_IgM_B_cell,5
19_34116,Plasma_IgG,10
19_34123,M1_macrophages,7
19_34126,unknown,14
19_34127,M1_macrophages,7
19_34128,Plasma_IgA,9
19_34129,unknown,14
19_34134,T_cell,11
19_34135,T_cell,11
19_34136,unknown,14
19_34139,Tumor,12
19_34142,unknown,14
19_34143,T_cell,11
19_34145,Plasma_IgG,10
19_34150,High_Endothelial_Venules,6
19_34151,T_cell,11
19_34154,Germinal_Center_Plasma_IgM_B_cell,5
19_34155,M1_macrophages,7
19_34156,M1_macrophages,7
19_34162,Germinal_Center_Plasma_IgM_B_cell,5
19_34163,Germinal_Center_Plasma_IgM_B_cell,5
19_34164,Germinal_Center_Plasma_IgM_B_cell,5
19_34165,Germinal_Center_Plasma_IgM_B_cell,5
19_34166,Plasma_IgA,9
19_34167,M1_macrophages,7
19_34168,Tumor,12
19_34169,Tumor,12
19_34175,unknown,14
19_34179,Germinal_Center_Plasma_IgM_B_cell,5
19_34181,M1_macrophages,7
19_34182,Plasma_IgG,10
19_34186,Plasma_IgG,10
19_34188,unknown,14
19_34191,Germinal_Center_Plasma_IgM_B_cell,5
19_34193,unknown,14
19_34194,Germinal_Center_Plasma_IgM_B_cell,5
19_34195,Germinal_Center_Plasma_IgM_B_cell,5
19_34196,unknown,14
19_34197,Tumor,12
19_34198,Plasma_IgG,10
19_34202,Germinal_Center_Plasma_IgM_B_cell,5
19_34203,Germinal_Center_Plasma_IgM_B_cell,5
19_34204,unknown,14
19_34205,Plasma_IgA,9
19_34206,Plasma_IgG,10
19_34207,Plasma_IgG,10
19_34208,Tumor,12
19_34213,unknown,14
19_34215,M1_macrophages,7
19_34216,Plasma_IgG,10
19_34220,Germinal_Center_Plasma_IgM_B_cell,5
19_34224,Plasma_IgA,9
19_34226,Tumor,12
19_34228,Tumor,12
19_34229,Tumor,12
19_34230,Plasma_IgG,10
19_34233,unknown,14
19_34234,unknown,14
19_34235,Plasma_IgG,10
19_34236,M1_macrophages,7
19_34238,Germinal_Center_Plasma_IgM_B_cell,5
19_34239,M1_macrophages,7
19_34240,Tumor,12
19_34242,T_cell,11
19_34243,High_Endothelial_Venules,6
19_34244,Germinal_Center_Plasma_IgM_B_cell,5
19_34245,Germinal_Center_Plasma_IgM_B_cell,5
19_34246,Germinal_Center_Plasma_IgM_B_cell,5
19_34247,Germinal_Center_Plasma_IgM_B_cell,5
19_34248,Tumor,12
19_34251,High_Endothelial_Venules,6
19_34252,unknown,14
19_34253,Germinal_Center_Plasma_IgM_B_cell,5
19_34254,Germinal_Center_Plasma_IgM_B_cell,5
19_34255,M1_macrophages,7
19_34258,Tumor,12
19_34263,Plasma_IgA,9
19_34264,unknown,14
19_34266,Germinal_Center_Plasma_IgM_B_cell,5
19_34267,Tumor,12
19_34268,Tumor,12
19_34269,Plasma_IgG,10
19_34272,Germinal_Center_Plasma_IgM_B_cell,5
19_34273,Plasma_IgG,10
19_34276,M1_macrophages,7
19_34278,M1_macrophages,7
19_34279,Plasma_IgG,10
19_34280,Tumor,12
19_34281,Tumor,12
19_34286,M1_macrophages,7
19_34287,Germinal_Center_Plasma_IgM_B_cell,5
19_34288,Germinal_Center_Plasma_IgM_B_cell,5
19_34289,Germinal_Center_Plasma_IgM_B_cell,5
19_34290,High_Endothelial_Venules,6
19_34292,M1_macrophages,7
19_34293,Plasma_IgA,9
19_34294,Plasma_IgA,9
19_34295,Tumor,12
19_34299,High_Endothelial_Venules,6
19_34300,Plasma_IgA,9
19_34301,Tumor,12
19_34303,Germinal_Center_Plasma_IgM_B_cell,5
19_34304,Germinal_Center_Plasma_IgM_B_cell,5
19_34305,Germinal_Center_Plasma_IgM_B_cell,5
19_34307,Plasma_IgA,9
19_34308,Plasma_IgG,10
19_34309,Plasma_IgG,10
19_34310,Plasma_IgG,10
19_34317,Plasma_IgG,10
19_34318,Tumor,12
19_34319,Plasma_IgG,10
19_34321,unknown,14
19_34322,unknown,14
19_34323,Germinal_Center_Plasma_IgM_B_cell,5
19_34324,Germinal_Center_Plasma_IgM_B_cell,5
19_34325,Plasma_IgA,9
19_34326,Plasma_IgA,9
19_34327,Plasma_IgG,10
19_34328,Tumor,12
19_34330,T_cell,11
19_34331,unknown,14
19_34332,High_Endothelial_Venules,6
19_34333,unknown,14
19_34334,Plasma_IgG,10
19_34335,Tumor,12
19_34341,T_cell,11
19_34343,T_cell,11
19_34344,unknown,14
19_34345,unknown,14
19_34346,Plasma_IgG,10
19_34347,Plasma_IgG,10
19_34350,Germinal_Center_Plasma_IgM_B_cell,5
19_34352,unknown,14
19_34362,Plasma_IgG,10
19_34363,Plasma_IgG,10
19_34367,T_cell,11
19_34368,Germinal_Center_Plasma_IgM_B_cell,5
19_34369,Germinal_Center_Plasma_IgM_B_cell,5
19_34370,unknown,14
19_34371,T_cell,11
19_34372,High_Endothelial_Venules,6
19_34373,Tumor,12
19_34374,Plasma_IgG,10
19_34375,Macrophages,8
19_34376,Plasma_IgG,10
19_34377,unknown,14
19_34378,unknown,14
19_34380,Tumor,12
19_34381,Plasma_IgG,10
19_34389,Plasma_IgA,9
19_34390,unknown,14
19_34391,Germinal_Center_Plasma_IgM_B_cell,5
19_34392,Germinal_Center_Plasma_IgM_B_cell,5
19_34397,Plasma_IgA,9
19_34398,M1_macrophages,7
19_34402,Germinal_Center_Plasma_IgM_B_cell,5
19_34403,Plasma_IgG,10
19_34405,Tumor,12
19_34407,unknown,14
19_34409,T_cell,11
19_34410,High_Endothelial_Venules,6
19_34411,unknown,14
19_34412,Germinal_Center_Plasma_IgM_B_cell,5
19_34413,High_Endothelial_Venules,6
19_34414,Plasma_IgG,10
19_34415,Plasma_IgG,10
19_34416,Tumor,12
19_34419,unknown,14
19_34420,High_Endothelial_Venules,6
19_34422,Tumor,12
19_34423,Tumor,12
19_34426,High_Endothelial_Venules,6
19_34427,M1_macrophages,7
19_34432,M1_macrophages,7
19_34435,Germinal_Center_Plasma_IgM_B_cell,5
19_34436,Germinal_Center_Plasma_IgM_B_cell,5
19_34437,Plasma_IgG,10
19_34438,M1_macrophages,7
19_34439,Tumor,12
19_34442,unknown,14
19_34443,Germinal_Center_Plasma_IgM_B_cell,5
19_34446,Germinal_Center_Plasma_IgM_B_cell,5
19_34447,unknown,14
19_34448,Germinal_Center_Plasma_IgM_B_cell,5
19_34449,Germinal_Center_Plasma_IgM_B_cell,5
19_34450,Germinal_Center_Plasma_IgM_B_cell,5
19_34451,High_Endothelial_Venules,6
19_34452,High_Endothelial_Venules,6
19_34453,Plasma_IgA,9
19_34456,T_cell,11
19_34457,unknown,14
19_34459,Germinal_Center_Plasma_IgM_B_cell,5
19_34460,High_Endothelial_Venules,6
19_34461,M1_macrophages,7
19_34463,Germinal_Center_Plasma_IgM_B_cell,5
19_34464,High_Endothelial_Venules,6
19_34465,Plasma_IgG,10
19_34471,M1_macrophages,7
19_34472,Germinal_Center_Plasma_IgM_B_cell,5
19_34473,Tumor,12
19_34474,Tumor,12
19_34477,unknown,14
19_34479,Germinal_Center_Plasma_IgM_B_cell,5
19_34480,Germinal_Center_Plasma_IgM_B_cell,5
19_34481,Germinal_Center_Plasma_IgM_B_cell,5
19_34482,Germinal_Center_Plasma_IgM_B_cell,5
19_34486,T_cell,11
19_34487,High_Endothelial_Venules,6
19_34488,unknown,14
19_34489,Plasma_IgG,10
19_34490,Tumor,12
19_34495,Germinal_Center_Plasma_IgM_B_cell,5
19_34496,Germinal_Center_Plasma_IgM_B_cell,5
19_34497,unknown,14
19_34498,M1_macrophages,7
19_34499,Tumor,12
19_34500,Plasma_IgG,10
19_34505,Plasma_IgG,10
19_34510,T_cell,11
19_34512,Germinal_Center_Plasma_IgM_B_cell,5
19_34513,Tumor,12
19_34514,Tumor,12
19_34519,Plasma_IgG,10
19_34520,Tumor,12
19_34521,Tumor,12
19_34522,Germinal_Center_Plasma_IgM_B_cell,5
19_34523,unknown,14
19_34525,M1_macrophages,7
19_34527,M1_macrophages,7
19_34528,M1_macrophages,7
19_34529,unknown,14
19_34530,M1_macrophages,7
19_34531,Plasma_IgG,10
19_34536,unknown,14
19_34537,unknown,14
19_34539,unknown,14
19_34540,M1_macrophages,7
19_34541,Germinal_Center_Plasma_IgM_B_cell,5
19_34544,Tumor,12
19_34549,Germinal_Center_Plasma_IgM_B_cell,5
19_34550,unknown,14
19_34551,unknown,14
19_34553,Tumor,12
19_34554,Plasma_IgG,10
19_34559,Tumor,12
19_34560,Plasma_IgG,10
19_34562,Germinal_Center_Plasma_IgM_B_cell,5
19_34563,Plasma_IgG,10
19_34564,Tumor,12
19_34565,Plasma_IgG,10
19_34569,High_Endothelial_Venules,6
19_34571,M1_macrophages,7
19_34577,Germinal_Center_Plasma_IgM_B_cell,5
19_34578,Germinal_Center_Plasma_IgM_B_cell,5
19_34579,T_cell,11
19_34580,High_Endothelial_Venules,6
19_34589,unknown,14
19_34591,M1_macrophages,7
19_34592,Plasma_IgG,10
19_34596,M1_macrophages,7
19_34597,unknown,14
19_34598,Germinal_Center_Plasma_IgM_B_cell,5
19_34600,T_cell,11
19_34601,Plasma_IgG,10
19_34604,Germinal_Center_Plasma_IgM_B_cell,5
19_34605,High_Endothelial_Venules,6
19_34608,Tumor,12
19_34614,Germinal_Center_Plasma_IgM_B_cell,5
19_34615,T_cell,11
19_34616,unknown,14
19_34618,Plasma_IgG,10
19_34620,CAM,1
19_34623,Plasma_IgG,10
19_34625,Tumor,12
19_34628,Plasma_IgA,9
19_34629,Germinal_Center_Plasma_IgM_B_cell,5
19_34630,Plasma_IgA,9
19_34631,High_Endothelial_Venules,6
19_34632,Tumor,12
19_34635,Germinal_Center_Plasma_IgM_B_cell,5
19_34636,High_Endothelial_Venules,6
19_34637,Plasma_IgG,10
19_34638,Plasma_IgG,10
19_34639,Plasma_IgG,10
19_34640,Tumor,12
19_34641,Plasma_IgG,10
19_34642,Plasma_IgG,10
19_34647,Germinal_Center_Plasma_IgM_B_cell,5
19_34648,Germinal_Center_Plasma_IgM_B_cell,5
19_34649,T_cell,11
19_34650,Germinal_Center_Plasma_IgM_B_cell,5
19_34654,unknown,14
19_34656,Plasma_IgG,10
19_34657,Tumor,12
19_34659,unknown,14
19_34660,High_Endothelial_Venules,6
19_34661,Tumor,12
19_34662,Tumor,12
19_34667,T_cell,11
19_34668,High_Endothelial_Venules,6
19_34669,unknown,14
19_34670,Germinal_Center_Plasma_IgM_B_cell,5
19_34671,High_Endothelial_Venules,6
19_34675,Germinal_Center_Plasma_IgM_B_cell,5
19_34676,unknown,14
19_34678,Germinal_Center_Plasma_IgM_B_cell,5
19_34681,Plasma_IgG,10
19_34683,M1_macrophages,7
19_34684,Germinal_Center_Plasma_IgM_B_cell,5
19_34685,Tumor,12
19_34689,Germinal_Center_Plasma_IgM_B_cell,5
19_34692,High_Endothelial_Venules,6
19_34693,Tumor,12
19_34698,unknown,14
19_34699,unknown,14
19_34700,High_Endothelial_Venules,6
19_34703,unknown,14
19_34704,Germinal_Center_Plasma_IgM_B_cell,5
19_34705,unknown,14
19_34711,T_cell,11
19_34713,Germinal_Center_Plasma_IgM_B_cell,5
19_34714,Germinal_Center_Plasma_IgM_B_cell,5
19_34715,unknown,14
19_34720,T_cell,11
19_34721,T_cell,11
19_34722,T_cell,11
19_34723,unknown,14
19_34724,Plasma_IgA,9
19_34725,Plasma_IgA,9
19_34730,Germinal_Center_Plasma_IgM_B_cell,5
19_34731,unknown,14
19_34732,Germinal_Center_Plasma_IgM_B_cell,5
19_34734,M1_macrophages,7
19_34736,Tumor,12
19_34737,Tumor,12
19_34738,unknown,14
19_34739,unknown,14
19_34741,Germinal_Center_Plasma_IgM_B_cell,5
19_34742,Germinal_Center_Plasma_IgM_B_cell,5
19_34743,Plasma_IgG,10
19_34744,M1_macrophages,7
19_34745,CAF,0
19_34752,Plasma_IgA,9
19_34755,T_cell,11
19_34756,Tumor,12
19_34758,T_cell,11
19_34759,Germinal_Center_Plasma_IgM_B_cell,5
19_34762,Tumor,12
19_34770,Plasma_IgG,10
19_34771,Plasma_IgG,10
19_34772,High_Endothelial_Venules,6
19_34779,Germinal_Center_Plasma_IgM_B_cell,5
19_34782,Plasma_IgG,10
19_34783,M1_macrophages,7
19_34784,Tumor,12
19_34786,Plasma_IgG,10
19_34790,unknown,14
19_34792,Germinal_Center_Plasma_IgM_B_cell,5
19_34793,unknown,14
19_34794,M1_macrophages,7
19_34795,High_Endothelial_Venules,6
19_34796,Plasma_IgG,10
19_34801,Germinal_Center_Plasma_IgM_B_cell,5
19_34802,T_cell,11
19_34803,Tumor,12
19_34804,Tumor,12
19_34808,unknown,14
19_34809,M1_macrophages,7
19_34810,Germinal_Center_Plasma_IgM_B_cell,5
19_34811,Tumor,12
19_34815,T_cell,11
19_34818,M1_macrophages,7
19_34819,Plasma_IgG,10
19_34820,Germinal_Center_Plasma_IgM_B_cell,5
19_34821,Plasma_IgG,10
19_34829,M1_macrophages,7
19_34830,High_Endothelial_Venules,6
19_34832,Plasma_IgG,10
19_34836,M1_macrophages,7
19_34838,unknown,14
19_34843,M1_macrophages,7
19_34844,T_cell,11
19_34845,Germinal_Center_Plasma_IgM_B_cell,5
19_34846,Germinal_Center_Plasma_IgM_B_cell,5
19_34847,Germinal_Center_Plasma_IgM_B_cell,5
19_34848,Tumor,12
19_34849,Tumor,12
19_34853,Germinal_Center_Plasma_IgM_B_cell,5
19_34854,High_Endothelial_Venules,6
19_34855,CAF,0
19_34858,Germinal_Center_Plasma_IgM_B_cell,5
19_34859,M1_macrophages,7
19_34863,Tumor,12
19_34864,Plasma_IgG,10
19_34870,M1_macrophages,7
19_34871,unknown,14
19_34872,Germinal_Center_Plasma_IgM_B_cell,5
19_34873,M1_macrophages,7
19_34874,Plasma_IgA,9
19_34878,Plasma_IgG,10
19_34879,M1_macrophages,7
19_34880,Plasma_IgG,10
19_34881,Tumor,12
19_34882,T_cell,11
19_34883,unknown,14
19_34885,unknown,14
19_34886,Germinal_Center_Plasma_IgM_B_cell,5
19_34887,Germinal_Center_Plasma_IgM_B_cell,5
19_34888,Germinal_Center_Plasma_IgM_B_cell,5
19_34889,Germinal_Center_Plasma_IgM_B_cell,5
19_34891,M1_macrophages,7
19_34892,Plasma_IgG,10
19_34893,Tumor,12
19_34898,Plasma_IgG,10
19_34899,Tumor,12
19_34902,Germinal_Center_Plasma_IgM_B_cell,5
19_34903,Plasma_IgG,10
19_34907,Plasma_IgA,9
19_34908,unknown,14
19_34910,Plasma_IgG,10
19_34915,Germinal_Center_Plasma_IgM_B_cell,5
19_34916,M1_macrophages,7
19_34917,Plasma_IgG,10
19_34921,T_cell,11
19_34922,High_Endothelial_Venules,6
19_34927,unknown,14
19_34929,Germinal_Center_Plasma_IgM_B_cell,5
19_34930,Germinal_Center_Plasma_IgM_B_cell,5
19_34931,T_cell,11
19_34932,High_Endothelial_Venules,6
19_34935,High_Endothelial_Venules,6
19_34936,Plasma_IgA,9
19_34937,Plasma_IgA,9
19_34938,unknown,14
19_34939,High_Endothelial_Venules,6
19_34940,Tumor,12
19_34941,Plasma_IgG,10
19_34945,unknown,14
19_34947,Plasma_IgG,10
19_34948,Tumor,12
19_34950,unknown,14
19_34956,Plasma_IgG,10
19_34958,M1_macrophages,7
19_34959,Germinal_Center_Plasma_IgM_B_cell,5
19_34960,unknown,14
19_34961,T_cell,11
19_34962,Plasma_IgG,10
19_34967,T_cell,11
19_34970,M1_macrophages,7
19_34971,Germinal_Center_Plasma_IgM_B_cell,5
19_34972,M1_macrophages,7
19_34973,Tumor,12
19_34974,Tumor_Keratin_Pearl,13
19_34982,M1_macrophages,7
19_34983,M1_macrophages,7
19_34984,Plasma_IgG,10
19_34985,Tumor,12
19_34986,Tumor,12
19_34991,T_cell,11
19_34992,Germinal_Center_Plasma_IgM_B_cell,5
19_34994,High_Endothelial_Venules,6
19_34995,Plasma_IgG,10
19_34997,CAF,0
19_35005,Germinal_Center_Plasma_IgM_B_cell,5
19_35006,Germinal_Center_Plasma_IgM_B_cell,5
19_35007,unknown,14
19_35008,Germinal_Center_Plasma_IgM_B_cell,5
19_35013,M1_macrophages,7
19_35015,Germinal_Center_Plasma_IgM_B_cell,5
19_35016,M1_macrophages,7
19_35017,Plasma_IgG,10
19_35018,Tumor,12
19_35019,Tumor,12
19_35020,Germinal_Center_Plasma_IgM_B_cell,5
19_35022,Germinal_Center_Plasma_IgM_B_cell,5
19_35023,Germinal_Center_Plasma_IgM_B_cell,5
19_35025,Plasma_IgG,10
19_35026,Plasma_IgG,10
19_35027,Plasma_IgA,9
19_35028,Tumor,12
19_35030,CAM,1
19_35031,Tumor,12
19_35032,Tumor,12
19_35034,Germinal_Center_Plasma_IgM_B_cell,5
19_35036,Plasma_IgA,9
19_35037,M1_macrophages,7
19_35041,Germinal_Center_Plasma_IgM_B_cell,5
19_35042,Germinal_Center_Plasma_IgM_B_cell,5
19_35043,Plasma_IgA,9
19_35044,Plasma_IgG,10
19_35045,Plasma_IgG,10
19_35048,Germinal_Center_Plasma_IgM_B_cell,5
19_35049,Germinal_Center_Plasma_IgM_B_cell,5
19_35050,Germinal_Center_Plasma_IgM_B_cell,5
19_35051,Plasma_IgA,9
19_35052,M1_macrophages,7
19_35053,Plasma_IgG,10
19_35054,Plasma_IgG,10
19_35056,Tumor,12
19_35060,unknown,14
19_35061,Germinal_Center_Plasma_IgM_B_cell,5
19_35062,Germinal_Center_Plasma_IgM_B_cell,5
19_35063,Germinal_Center_Plasma_IgM_B_cell,5
19_35064,Plasma_IgA,9
19_35065,Tumor,12
19_35068,unknown,14
19_35069,T_cell,11
19_35070,Germinal_Center_Plasma_IgM_B_cell,5
19_35071,Plasma_IgG,10
19_35076,Germinal_Center_Plasma_IgM_B_cell,5
19_35077,High_Endothelial_Venules,6
19_35081,M1_macrophages,7
19_35082,M1_macrophages,7
19_35083,T_cell,11
19_35084,Plasma_IgA,9
19_35086,T_cell,11
19_35087,M1_macrophages,7
19_35088,M1_macrophages,7
19_35089,Germinal_Center_Plasma_IgM_B_cell,5
19_35090,Tumor,12
19_35094,unknown,14
19_35097,Germinal_Center_Plasma_IgM_B_cell,5
19_35099,unknown,14
19_35100,Germinal_Center_Plasma_IgM_B_cell,5
19_35102,unknown,14
19_35106,unknown,14
19_35107,Germinal_Center_Plasma_IgM_B_cell,5
19_35109,High_Endothelial_Venules,6
19_35110,Germinal_Center_Plasma_IgM_B_cell,5
19_35112,Tumor,12
19_35116,T_cell,11
19_35120,Germinal_Center_Plasma_IgM_B_cell,5
19_35121,unknown,14
19_35122,M1_macrophages,7
19_35123,M1_macrophages,7
19_35126,Germinal_Center_Plasma_IgM_B_cell,5
19_35127,T_cell,11
19_35129,Plasma_IgG,10
19_35133,Germinal_Center_Plasma_IgM_B_cell,5
19_35134,High_Endothelial_Venules,6
19_35135,M1_macrophages,7
19_35139,M1_macrophages,7
19_35140,T_cell,11
19_35147,Germinal_Center_Plasma_IgM_B_cell,5
19_35148,Tumor,12
19_35151,M1_macrophages,7
19_35152,Plasma_IgA,9
19_35153,High_Endothelial_Venules,6
19_35158,M1_macrophages,7
19_35159,High_Endothelial_Venules,6
19_35160,Germinal_Center_Plasma_IgM_B_cell,5
19_35161,Germinal_Center_Plasma_IgM_B_cell,5
19_35162,High_Endothelial_Venules,6
19_35163,M1_macrophages,7
19_35165,unknown,14
19_35167,M1_macrophages,7
19_35168,Plasma_IgG,10
19_35169,Tumor,12
19_35170,CAF,0
19_35174,High_Endothelial_Venules,6
19_35177,Tumor,12
19_35178,Plasma_IgG,10
19_35184,Germinal_Center_Plasma_IgM_B_cell,5
19_35185,Germinal_Center_Plasma_IgM_B_cell,5
19_35188,Plasma_IgG,10
19_35189,Plasma_IgG,10
19_35190,Tumor,12
19_35191,Plasma_IgG,10
19_35194,Germinal_Center_Plasma_IgM_B_cell,5
19_35195,Germinal_Center_Plasma_IgM_B_cell,5
19_35196,Germinal_Center_Plasma_IgM_B_cell,5
19_35197,High_Endothelial_Venules,6
19_35198,T_cell,11
19_35200,Plasma_IgG,10
19_35203,Germinal_Center_Plasma_IgM_B_cell,5
19_35212,High_Endothelial_Venules,6
19_35213,Tumor,12
19_35215,Tumor,12
19_35221,Plasma_IgA,9
19_35222,M1_macrophages,7
19_35223,M1_macrophages,7
19_35225,Tumor,12
19_35227,M1_macrophages,7
19_35229,unknown,14
19_35230,M1_macrophages,7
19_35231,M1_macrophages,7
19_35233,unknown,14
19_35234,Germinal_Center_Plasma_IgM_B_cell,5
19_35235,Germinal_Center_Plasma_IgM_B_cell,5
19_35236,Germinal_Center_Plasma_IgM_B_cell,5
19_35237,unknown,14
19_35238,Germinal_Center_Plasma_IgM_B_cell,5
19_35240,High_Endothelial_Venules,6
19_35241,unknown,14
19_35242,M1_macrophages,7
19_35245,Germinal_Center_Plasma_IgM_B_cell,5
19_35246,Germinal_Center_Plasma_IgM_B_cell,5
19_35247,Plasma_IgA,9
19_35248,M1_macrophages,7
19_35249,Plasma_IgG,10
19_35250,Tumor,12
19_35251,Tumor,12
19_35256,unknown,14
19_35257,Tumor,12
19_35261,Tumor,12
19_35272,Tumor,12
19_35275,High_Endothelial_Venules,6
19_35277,Germinal_Center_Plasma_IgM_B_cell,5
19_35278,unknown,14
19_35279,M1_macrophages,7
19_35281,Tumor,12
19_35282,Plasma_IgG,10
19_35285,unknown,14
19_35287,Germinal_Center_Plasma_IgM_B_cell,5
19_35288,Germinal_Center_Plasma_IgM_B_cell,5
19_35289,unknown,14
19_35290,unknown,14
19_35292,T_cell,11
19_35293,T_cell,11
19_35294,Germinal_Center_Plasma_IgM_B_cell,5
19_35296,M1_macrophages,7
19_35297,M1_macrophages,7
19_35298,Plasma_IgG,10
19_35299,CAF,0
19_35302,Germinal_Center_Plasma_IgM_B_cell,5
19_35303,Germinal_Center_Plasma_IgM_B_cell,5
19_35304,Germinal_Center_Plasma_IgM_B_cell,5
19_35305,unknown,14
19_35306,Plasma_IgG,10
19_35307,Tumor,12
19_35312,Germinal_Center_Plasma_IgM_B_cell,5
19_35313,M1_macrophages,7
19_35314,Plasma_IgA,9
19_35315,Tumor,12
19_35320,unknown,14
19_35321,Plasma_IgG,10
19_35322,unknown,14
19_35323,Plasma_IgA,9
19_35324,Plasma_IgG,10
19_35325,unknown,14
19_35326,Plasma_IgA,9
19_35327,M1_macrophages,7
19_35328,M1_macrophages,7
19_35331,Tumor,12
19_35334,unknown,14
19_35336,Germinal_Center_Plasma_IgM_B_cell,5
19_35337,High_Endothelial_Venules,6
19_35338,Plasma_IgG,10
19_35339,Tumor,12
19_35340,unknown,14
19_35341,Germinal_Center_Plasma_IgM_B_cell,5
19_35342,unknown,14
19_35343,Plasma_IgA,9
19_35344,M1_macrophages,7
19_35345,M1_macrophages,7
19_35346,Tumor,12
19_35347,Tumor,12
19_35349,unknown,14
19_35350,Germinal_Center_Plasma_IgM_B_cell,5
19_35351,T_cell,11
19_35353,Plasma_IgG,10
19_35358,unknown,14
19_35359,Germinal_Center_Plasma_IgM_B_cell,5
19_35360,High_Endothelial_Venules,6
19_35361,Plasma_IgA,9
19_35362,Germinal_Center_Plasma_IgM_B_cell,5
19_35364,unknown,14
19_35365,M1_macrophages,7
19_35366,Germinal_Center_Plasma_IgM_B_cell,5
19_35367,Germinal_Center_Plasma_IgM_B_cell,5
19_35368,unknown,14
19_35369,Plasma_IgG,10
19_35370,T_cell,11
19_35378,unknown,14
19_35379,unknown,14
19_35382,High_Endothelial_Venules,6
19_35383,M1_macrophages,7
19_35384,Tumor,12
19_35386,Plasma_IgG,10
19_35388,Germinal_Center_Plasma_IgM_B_cell,5
19_35389,Germinal_Center_Plasma_IgM_B_cell,5
19_35390,Germinal_Center_Plasma_IgM_B_cell,5
19_35391,Germinal_Center_Plasma_IgM_B_cell,5
19_35393,Tumor,12
19_35394,unknown,14
19_35395,unknown,14
19_35396,unknown,14
19_35397,Plasma_IgG,10
19_35398,Tumor,12
19_35401,M1_macrophages,7
19_35402,Germinal_Center_Plasma_IgM_B_cell,5
19_35403,M1_macrophages,7
19_35405,Tumor,12
19_35406,Tumor,12
19_35407,CAF,0
19_35408,Tumor,12
19_35410,unknown,14
19_35411,M1_macrophages,7
19_35412,Plasma_IgG,10
19_35413,Tumor,12
19_35416,unknown,14
19_35417,unknown,14
19_35419,Germinal_Center_Plasma_IgM_B_cell,5
19_35420,Germinal_Center_Plasma_IgM_B_cell,5
19_35426,High_Endothelial_Venules,6
19_35427,unknown,14
19_35428,M1_macrophages,7
19_35430,Tumor,12
19_35434,T_cell,11
19_35435,High_Endothelial_Venules,6
19_35436,Tumor,12
19_35438,T_cell,11
19_35442,High_Endothelial_Venules,6
19_35444,High_Endothelial_Venules,6
19_35445,T_cell,11
19_35448,Germinal_Center_Plasma_IgM_B_cell,5
19_35449,M1_macrophages,7
19_35451,High_Endothelial_Venules,6
19_35452,Tumor,12
19_35455,M1_macrophages,7
19_35457,Germinal_Center_Plasma_IgM_B_cell,5
19_35458,Germinal_Center_Plasma_IgM_B_cell,5
19_35459,T_cell,11
19_35461,Plasma_IgG,10
19_35463,Plasma_IgG,10
19_35464,Tumor,12
19_35465,Tumor,12
19_35466,CAF,0
19_35472,Germinal_Center_Plasma_IgM_B_cell,5
19_35474,Germinal_Center_Plasma_IgM_B_cell,5
19_35476,Germinal_Center_Plasma_IgM_B_cell,5
19_35478,unknown,14
19_35479,High_Endothelial_Venules,6
19_35482,unknown,14
19_35483,M1_macrophages,7
19_35484,M1_macrophages,7
19_35487,unknown,14
19_35489,Plasma_IgA,9
19_35490,Tumor,12
19_35491,Tumor,12
19_35494,unknown,14
19_35496,unknown,14
19_35499,unknown,14
19_35500,T_cell,11
19_35501,unknown,14
19_35502,unknown,14
19_35504,Germinal_Center_Plasma_IgM_B_cell,5
19_35505,Plasma_IgG,10
19_35506,Plasma_IgG,10
19_35507,Plasma_IgA,9
19_35508,Tumor,12
19_35512,M1_macrophages,7
19_35513,unknown,14
19_35514,Germinal_Center_Plasma_IgM_B_cell,5
19_35515,T_cell,11
19_35516,M1_macrophages,7
19_35517,unknown,14
19_35518,M1_macrophages,7
19_35519,Plasma_IgG,10
19_35522,unknown,14
19_35524,Germinal_Center_Plasma_IgM_B_cell,5
19_35525,T_cell,11
19_35526,High_Endothelial_Venules,6
19_35527,Plasma_IgG,10
19_35530,M1_macrophages,7
19_35533,Germinal_Center_Plasma_IgM_B_cell,5
19_35534,T_cell,11
19_35535,Tumor,12
19_35543,High_Endothelial_Venules,6
19_35544,Tumor,12
19_35545,Germinal_Center_Plasma_IgM_B_cell,5
19_35546,unknown,14
19_35547,Germinal_Center_Plasma_IgM_B_cell,5
19_35548,Plasma_IgG,10
19_35549,Plasma_IgA,9
19_35550,Tumor,12
19_35553,M1_macrophages,7
19_35554,unknown,14
19_35555,Plasma_IgA,9
19_35558,Tumor,12
19_35563,unknown,14
19_35569,unknown,14
19_35570,unknown,14
19_35573,unknown,14
19_35574,Plasma_IgG,10
19_35577,unknown,14
19_35578,M1_macrophages,7
19_35579,unknown,14
19_35581,Plasma_IgA,9
19_35586,Germinal_Center_Plasma_IgM_B_cell,5
19_35587,High_Endothelial_Venules,6
19_35588,Tumor,12
19_35589,CAF,0
19_35594,M1_macrophages,7
19_35595,Plasma_IgG,10
19_35596,M1_macrophages,7
19_35597,Tumor,12
19_35600,unknown,14
19_35601,unknown,14
19_35602,unknown,14
19_35604,T_cell,11
19_35605,M1_macrophages,7
19_35606,High_Endothelial_Venules,6
19_35607,Germinal_Center_Plasma_IgM_B_cell,5
19_35608,Tumor,12
19_35614,unknown,14
19_35615,M1_macrophages,7
19_35616,Tumor,12
19_35621,unknown,14
19_35624,unknown,14
19_35625,Plasma_IgA,9
19_35627,Germinal_Center_Plasma_IgM_B_cell,5
19_35628,Plasma_IgG,10
19_35629,Plasma_IgG,10
19_35630,Tumor,12
19_35631,Plasma_IgG,10
19_35634,unknown,14
19_35636,T_cell,11
19_35637,unknown,14
19_35646,Germinal_Center_Plasma_IgM_B_cell,5
19_35648,unknown,14
19_35649,Tumor,12
19_35650,CAF,0
19_35652,Germinal_Center_Plasma_IgM_B_cell,5
19_35655,unknown,14
19_35656,Germinal_Center_Plasma_IgM_B_cell,5
19_35657,M1_macrophages,7
19_35659,Plasma_IgG,10
19_35666,Germinal_Center_Plasma_IgM_B_cell,5
19_35667,Plasma_IgA,9
19_35668,M1_macrophages,7
19_35669,Tumor,12
19_35672,T_cell,11
19_35675,M1_macrophages,7
19_35676,unknown,14
19_35677,Plasma_IgA,9
19_35678,Tumor,12
19_35679,Germinal_Center_Plasma_IgM_B_cell,5
19_35680,Germinal_Center_Plasma_IgM_B_cell,5
19_35681,unknown,14
19_35682,M1_macrophages,7
19_35683,unknown,14
19_35684,T_cell,11
19_35685,M1_macrophages,7
19_35693,Germinal_Center_Plasma_IgM_B_cell,5
19_35694,unknown,14
19_35695,Germinal_Center_Plasma_IgM_B_cell,5
19_35696,M1_macrophages,7
19_35697,M1_macrophages,7
19_35698,Tumor,12
19_35699,Tumor,12
19_35703,Plasma_IgA,9
19_35704,Germinal_Center_Plasma_IgM_B_cell,5
19_35705,Germinal_Center_Plasma_IgM_B_cell,5
19_35706,Germinal_Center_Plasma_IgM_B_cell,5
19_35707,High_Endothelial_Venules,6
19_35708,Plasma_IgG,10
19_35709,Plasma_IgG,10
19_35710,Plasma_IgG,10
19_35711,Tumor,12
19_35712,Tumor,12
19_35715,Germinal_Center_Plasma_IgM_B_cell,5
19_35716,unknown,14
19_35717,Plasma_IgA,9
19_35723,unknown,14
19_35724,unknown,14
19_35726,M1_macrophages,7
19_35727,unknown,14
19_35728,Germinal_Center_Plasma_IgM_B_cell,5
19_35729,Tumor,12
19_35730,Tumor,12
19_35733,unknown,14
19_35734,unknown,14
19_35735,unknown,14
19_35736,M1_macrophages,7
19_35738,Plasma_IgG,10
19_35739,Tumor,12
19_35741,Tumor,12
19_35744,Germinal_Center_Plasma_IgM_B_cell,5
19_35745,Germinal_Center_Plasma_IgM_B_cell,5
19_35746,unknown,14
19_35747,Plasma_IgG,10
19_35748,Plasma_IgA,9
19_35749,T_cell,11
19_35750,Tumor,12
19_35751,Tumor,12
19_35752,Tumor,12
19_35754,M1_macrophages,7
19_35755,Germinal_Center_Plasma_IgM_B_cell,5
19_35756,Germinal_Center_Plasma_IgM_B_cell,5
19_35757,M1_macrophages,7
19_35758,Plasma_IgA,9
19_35759,Germinal_Center_Plasma_IgM_B_cell,5
19_35760,M1_macrophages,7
19_35761,M1_macrophages,7
19_35764,Tumor,12
19_35765,Tumor,12
19_35767,Germinal_Center_Plasma_IgM_B_cell,5
19_35768,Germinal_Center_Plasma_IgM_B_cell,5
19_35769,T_cell,11
19_35770,Germinal_Center_Plasma_IgM_B_cell,5
19_35771,Macrophages,8
19_35777,unknown,14
19_35778,CAF,0
19_35784,Germinal_Center_Plasma_IgM_B_cell,5
19_35785,unknown,14
19_35787,Plasma_IgA,9
19_35788,T_cell,11
19_35797,Tumor,12
19_35798,M1_macrophages,7
19_35799,CAF,0
19_35805,Germinal_Center_Plasma_IgM_B_cell,5
19_35806,T_cell,11
19_35808,Tumor,12
19_35809,Tumor,12
19_35813,T_cell,11
19_35816,Germinal_Center_Plasma_IgM_B_cell,5
19_35819,unknown,14
19_35820,unknown,14
19_35821,Germinal_Center_Plasma_IgM_B_cell,5
19_35823,M1_macrophages,7
19_35824,Germinal_Center_Plasma_IgM_B_cell,5
19_35825,M1_macrophages,7
19_35826,M1_macrophages,7
19_35827,unknown,14
19_35829,High_Endothelial_Venules,6
19_35830,Plasma_IgA,9
19_35831,Tumor,12
19_35832,Plasma_IgG,10
19_35834,unknown,14
19_35835,unknown,14
19_35838,High_Endothelial_Venules,6
19_35839,M1_macrophages,7
19_35840,unknown,14
19_35841,T_cell,11
19_35842,Germinal_Center_Plasma_IgM_B_cell,5
19_35843,High_Endothelial_Venules,6
19_35844,Tumor,12
19_35845,unknown,14
19_35846,Germinal_Center_Plasma_IgM_B_cell,5
19_35848,Tumor,12
19_35852,Germinal_Center_Plasma_IgM_B_cell,5
19_35853,Germinal_Center_Plasma_IgM_B_cell,5
19_35854,Germinal_Center_Plasma_IgM_B_cell,5
19_35855,M1_macrophages,7
19_35859,Germinal_Center_Plasma_IgM_B_cell,5
19_35860,Germinal_Center_Plasma_IgM_B_cell,5
19_35861,M1_macrophages,7
19_35863,Plasma_IgA,9
19_35864,M1_macrophages,7
19_35865,Tumor,12
19_35872,High_Endothelial_Venules,6
19_35874,Plasma_IgA,9
19_35877,Tumor,12
19_35878,Tumor,12
19_35882,T_cell,11
19_35885,unknown,14
19_35886,unknown,14
19_35887,Plasma_IgA,9
19_35888,M1_macrophages,7
19_35889,Germinal_Center_Plasma_IgM_B_cell,5
19_35890,Tumor,12
19_35891,Tumor,12
19_35895,Germinal_Center_Plasma_IgM_B_cell,5
19_35898,Plasma_IgG,10
19_35900,T_cell,11
19_35901,M1_macrophages,7
19_35902,unknown,14
19_35903,T_cell,11
19_35906,T_cell,11
19_35909,M1_macrophages,7
19_35910,Germinal_Center_Plasma_IgM_B_cell,5
19_35911,Plasma_IgA,9
19_35912,Germinal_Center_Plasma_IgM_B_cell,5
19_35914,Tumor,12
19_35915,Tumor,12
19_35917,Tumor,12
19_35922,unknown,14
19_35923,unknown,14
19_35924,unknown,14
19_35927,M1_macrophages,7
19_35928,M1_macrophages,7
19_35929,unknown,14
19_35930,Plasma_IgG,10
19_35931,Tumor,12
19_35932,Tumor,12
19_35939,Germinal_Center_Plasma_IgM_B_cell,5
19_35941,Germinal_Center_Plasma_IgM_B_cell,5
19_35942,Germinal_Center_Plasma_IgM_B_cell,5
19_35943,Germinal_Center_Plasma_IgM_B_cell,5
19_35944,T_cell,11
19_35945,Plasma_IgA,9
19_35946,M1_macrophages,7
19_35953,Germinal_Center_Plasma_IgM_B_cell,5
19_35954,M1_macrophages,7
19_35956,CAF,0
19_35958,Tumor,12
19_35962,unknown,14
19_35963,Germinal_Center_Plasma_IgM_B_cell,5
19_35964,M1_macrophages,7
19_35965,unknown,14
19_35966,High_Endothelial_Venules,6
19_35967,Germinal_Center_Plasma_IgM_B_cell,5
19_35968,Germinal_Center_Plasma_IgM_B_cell,5
19_35969,Tumor,12
19_35974,T_cell,11
19_35975,unknown,14
19_35976,unknown,14
19_35977,Plasma_IgG,10
19_35978,M1_macrophages,7
19_35979,Plasma_IgA,9
19_35980,Tumor,12
19_35987,Germinal_Center_Plasma_IgM_B_cell,5
19_35991,Tumor,12
19_35995,Germinal_Center_Plasma_IgM_B_cell,5
19_35996,High_Endothelial_Venules,6
19_35997,Plasma_IgA,9
19_35998,High_Endothelial_Venules,6
19_35999,Tumor,12
19_36003,Germinal_Center_Plasma_IgM_B_cell,5
19_36004,Plasma_IgG,10
19_36007,M1_macrophages,7
19_36008,Tumor,12
19_36014,unknown,14
19_36015,M1_macrophages,7
19_36016,Germinal_Center_Plasma_IgM_B_cell,5
19_36017,Plasma_IgA,9
19_36019,Tumor,12
19_36023,unknown,14
19_36025,Germinal_Center_Plasma_IgM_B_cell,5
19_36026,unknown,14
19_36027,unknown,14
19_36028,High_Endothelial_Venules,6
19_36029,Plasma_IgA,9
19_36031,unknown,14
19_36032,Plasma_IgA,9
19_36033,Tumor,12
19_36034,Tumor,12
19_36040,High_Endothelial_Venules,6
19_36041,Germinal_Center_Plasma_IgM_B_cell,5
19_36042,Germinal_Center_Plasma_IgM_B_cell,5
19_36044,M1_macrophages,7
19_36045,M1_macrophages,7
19_36046,Tumor,12
19_36051,Germinal_Center_Plasma_IgM_B_cell,5
19_36052,Germinal_Center_Plasma_IgM_B_cell,5
19_36053,M1_macrophages,7
19_36056,unknown,14
19_36057,T_cell,11
19_36058,unknown,14
19_36059,Plasma_IgG,10
19_36060,Plasma_IgA,9
19_36061,Plasma_IgG,10
19_36066,Germinal_Center_Plasma_IgM_B_cell,5
19_36067,Germinal_Center_Plasma_IgM_B_cell,5
19_36068,Plasma_IgA,9
19_36070,Germinal_Center_Plasma_IgM_B_cell,5
19_36071,T_cell,11
19_36074,Plasma_IgG,10
19_36076,Tumor,12
19_36077,Tumor,12
19_36082,Germinal_Center_Plasma_IgM_B_cell,5
19_36083,Germinal_Center_Plasma_IgM_B_cell,5
19_36085,Germinal_Center_Plasma_IgM_B_cell,5
19_36086,M1_macrophages,7
19_36087,Plasma_IgG,10
19_36090,Germinal_Center_Plasma_IgM_B_cell,5
19_36094,Germinal_Center_Plasma_IgM_B_cell,5
19_36095,unknown,14
19_36097,T_cell,11
19_36098,M1_macrophages,7
19_36099,Tumor,12
19_36104,unknown,14
19_36105,Plasma_IgA,9
19_36107,Plasma_IgG,10
19_36108,Tumor,12
19_36112,High_Endothelial_Venules,6
19_36113,M1_macrophages,7
19_36114,Tumor,12
19_36118,Germinal_Center_Plasma_IgM_B_cell,5
19_36119,High_Endothelial_Venules,6
19_36120,Germinal_Center_Plasma_IgM_B_cell,5
19_36121,Plasma_IgA,9
19_36122,Plasma_IgG,10
19_36128,Germinal_Center_Plasma_IgM_B_cell,5
19_36130,M1_macrophages,7
19_36131,Plasma_IgG,10
19_36135,unknown,14
19_36137,Plasma_IgA,9
19_36138,M1_macrophages,7
19_36140,T_cell,11
19_36141,unknown,14
19_36142,M1_macrophages,7
19_36143,unknown,14
19_36148,Germinal_Center_Plasma_IgM_B_cell,5
19_36149,unknown,14
19_36150,CAM,1
19_36152,unknown,14
19_36153,Germinal_Center_Plasma_IgM_B_cell,5
19_36154,M1_macrophages,7
19_36155,Plasma_IgG,10
19_36156,M1_macrophages,7
19_36157,High_Endothelial_Venules,6
19_36158,Plasma_IgA,9
19_36159,Plasma_IgG,10
19_36162,T_cell,11
19_36163,M1_macrophages,7
19_36164,T_cell,11
19_36165,M1_macrophages,7
19_36167,Plasma_IgA,9
19_36168,High_Endothelial_Venules,6
19_36169,M1_macrophages,7
19_36170,Plasma_IgG,10
19_36176,Germinal_Center_Plasma_IgM_B_cell,5
19_36177,M1_macrophages,7
19_36178,CAF,0
19_36179,Tumor,12
19_36181,T_cell,11
19_36182,Germinal_Center_Plasma_IgM_B_cell,5
19_36184,T_cell,11
19_36185,T_cell,11
19_36186,T_cell,11
19_36187,unknown,14
19_36188,High_Endothelial_Venules,6
19_36189,Plasma_IgG,10
19_36190,M1_macrophages,7
19_36191,Plasma_IgG,10
19_36194,Tumor,12
19_36195,Tumor,12
19_36196,Tumor,12
19_36197,Tumor,12
19_36203,unknown,14
19_36205,Germinal_Center_Plasma_IgM_B_cell,5
19_36206,unknown,14
19_36207,T_cell,11
19_36208,Plasma_IgA,9
19_36213,unknown,14
19_36216,M1_macrophages,7
19_36217,unknown,14
19_36219,Germinal_Center_Plasma_IgM_B_cell,5
19_36220,Plasma_IgG,10
19_36221,M1_macrophages,7
19_36222,Tumor,12
19_36225,T_cell,11
19_36226,Germinal_Center_Plasma_IgM_B_cell,5
19_36228,Plasma_IgA,9
19_36229,Tumor,12
19_36230,Tumor,12
19_36232,Germinal_Center_Plasma_IgM_B_cell,5
19_36233,Germinal_Center_Plasma_IgM_B_cell,5
19_36235,unknown,14
19_36236,unknown,14
19_36237,M1_macrophages,7
19_36238,Tumor,12
19_36242,unknown,14
19_36243,M1_macrophages,7
19_36244,High_Endothelial_Venules,6
19_36245,Plasma_IgG,10
19_36246,Plasma_IgG,10
19_36247,Tumor,12
19_36248,CAM,1
19_36254,T_cell,11
19_36256,unknown,14
19_36258,M1_macrophages,7
19_36259,Germinal_Center_Plasma_IgM_B_cell,5
19_36261,CAM,1
19_36265,T_cell,11
19_36268,Germinal_Center_Plasma_IgM_B_cell,5
19_36269,T_cell,11
19_36270,High_Endothelial_Venules,6
19_36271,T_cell,11
19_36272,M1_macrophages,7
19_36273,High_Endothelial_Venules,6
19_36274,Tumor,12
19_36275,Tumor,12
19_36280,unknown,14
19_36281,unknown,14
19_36286,unknown,14
19_36287,Germinal_Center_Plasma_IgM_B_cell,5
19_36288,Germinal_Center_Plasma_IgM_B_cell,5
19_36289,Plasma_IgG,10
19_36290,Tumor,12
19_36293,High_Endothelial_Venules,6
19_36294,Germinal_Center_Plasma_IgM_B_cell,5
19_36295,unknown,14
19_36296,M1_macrophages,7
19_36297,T_cell,11
19_36298,Macrophages,8
19_36299,Plasma_IgG,10
19_36300,CAM,1
19_36305,Germinal_Center_Plasma_IgM_B_cell,5
19_36308,Tumor,12
19_36310,unknown,14
19_36313,unknown,14
19_36314,unknown,14
19_36316,unknown,14
19_36317,High_Endothelial_Venules,6
19_36318,Plasma_IgA,9
19_36319,Plasma_IgG,10
19_36320,Tumor,12
19_36323,Germinal_Center_Plasma_IgM_B_cell,5
19_36324,Germinal_Center_Plasma_IgM_B_cell,5
19_36325,T_cell,11
19_36327,High_Endothelial_Venules,6
19_36328,T_cell,11
19_36330,Tumor,12
19_36333,T_cell,11
19_36335,T_cell,11
19_36336,T_cell,11
19_36337,High_Endothelial_Venules,6
19_36338,Germinal_Center_Plasma_IgM_B_cell,5
19_36343,M1_macrophages,7
19_36345,Germinal_Center_Plasma_IgM_B_cell,5
19_36347,Germinal_Center_Plasma_IgM_B_cell,5
19_36350,Tumor,12
19_36358,T_cell,11
19_36360,Germinal_Center_Plasma_IgM_B_cell,5
19_36361,Germinal_Center_Plasma_IgM_B_cell,5
19_36362,T_cell,11
19_36363,Plasma_IgG,10
19_36366,High_Endothelial_Venules,6
19_36367,unknown,14
19_36368,Germinal_Center_Plasma_IgM_B_cell,5
19_36369,unknown,14
19_36372,Germinal_Center_Plasma_IgM_B_cell,5
19_36376,unknown,14
19_36378,Germinal_Center_Plasma_IgM_B_cell,5
19_36379,T_cell,11
19_36381,unknown,14
19_36382,Tumor,12
19_36383,Tumor,12
19_36387,unknown,14
19_36388,Germinal_Center_Plasma_IgM_B_cell,5
19_36389,M1_macrophages,7
19_36390,unknown,14
19_36391,High_Endothelial_Venules,6
19_36392,Plasma_IgG,10
19_36393,M1_macrophages,7
19_36394,Plasma_IgG,10
19_36397,unknown,14
19_36398,unknown,14
19_36399,unknown,14
19_36400,T_cell,11
19_36401,Germinal_Center_Plasma_IgM_B_cell,5
19_36402,unknown,14
19_36403,M1_macrophages,7
19_36405,Tumor,12
19_36406,Tumor,12
19_36409,unknown,14
19_36411,M1_macrophages,7
19_36412,M1_macrophages,7
19_36413,Plasma_IgG,10
19_36414,M1_macrophages,7
19_36415,Tumor,12
19_36416,CAF,0
19_36417,Tumor,12
19_36422,unknown,14
19_36423,Plasma_IgG,10
19_36424,Plasma_IgA,9
19_36425,Tumor,12
19_36432,Plasma_IgG,10
19_36433,Plasma_IgG,10
19_36434,Plasma_IgA,9
19_36435,Tumor,12
19_36436,Tumor,12
19_36440,T_cell,11
19_36442,Tumor,12
19_36444,Germinal_Center_Plasma_IgM_B_cell,5
19_36445,M1_macrophages,7
19_36446,Plasma_IgG,10
19_36447,Plasma_IgG,10
19_36448,Plasma_IgG,10
19_36449,Germinal_Center_Plasma_IgM_B_cell,5
19_36450,Plasma_IgA,9
19_36452,unknown,14
19_36453,unknown,14
19_36454,Plasma_IgG,10
19_36456,CAF,0
19_36458,Germinal_Center_Plasma_IgM_B_cell,5
19_36459,Germinal_Center_Plasma_IgM_B_cell,5
19_36460,Germinal_Center_Plasma_IgM_B_cell,5
19_36463,Tumor,12
19_36468,T_cell,11
19_36469,High_Endothelial_Venules,6
19_36470,Plasma_IgG,10
19_36471,Tumor,12
19_36475,unknown,14
19_36476,M1_macrophages,7
19_36477,M1_macrophages,7
19_36483,T_cell,11
19_36484,unknown,14
19_36485,Germinal_Center_Plasma_IgM_B_cell,5
19_36486,Germinal_Center_Plasma_IgM_B_cell,5
19_36488,T_cell,11
19_36489,unknown,14
19_36490,Germinal_Center_Plasma_IgM_B_cell,5
19_36491,Plasma_IgA,9
19_36492,Tumor,12
19_36499,Germinal_Center_Plasma_IgM_B_cell,5
19_36504,T_cell,11
19_36505,Germinal_Center_Plasma_IgM_B_cell,5
19_36506,Plasma_IgG,10
19_36508,Tumor,12
19_36509,Tumor,12
19_36511,T_cell,11
19_36513,M1_macrophages,7
19_36514,Plasma_IgG,10
19_36515,Plasma_IgG,10
19_36520,T_cell,11
19_36521,M1_macrophages,7
19_36522,High_Endothelial_Venules,6
19_36525,Germinal_Center_Plasma_IgM_B_cell,5
19_36527,unknown,14
19_36528,T_cell,11
19_36530,Tumor,12
19_36532,Germinal_Center_Plasma_IgM_B_cell,5
19_36534,High_Endothelial_Venules,6
19_36535,High_Endothelial_Venules,6
19_36537,High_Endothelial_Venules,6
19_36538,M1_macrophages,7
19_36540,M1_macrophages,7
19_36544,Germinal_Center_Plasma_IgM_B_cell,5
19_36545,Germinal_Center_Plasma_IgM_B_cell,5
19_36546,Germinal_Center_Plasma_IgM_B_cell,5
19_36547,M1_macrophages,7
19_36548,High_Endothelial_Venules,6
19_36549,T_cell,11
19_36550,Germinal_Center_Plasma_IgM_B_cell,5
19_36552,unknown,14
19_36558,unknown,14
19_36559,unknown,14
19_36560,Germinal_Center_Plasma_IgM_B_cell,5
19_36561,Germinal_Center_Plasma_IgM_B_cell,5
19_36562,Germinal_Center_Plasma_IgM_B_cell,5
19_36564,High_Endothelial_Venules,6
19_36565,Tumor,12
19_36567,High_Endothelial_Venules,6
19_36568,High_Endothelial_Venules,6
19_36569,M1_macrophages,7
19_36570,Plasma_IgG,10
19_36571,Plasma_IgA,9
19_36572,Tumor,12
19_36574,Germinal_Center_Plasma_IgM_B_cell,5
19_36575,unknown,14
19_36576,CAF,0
19_36581,unknown,14
19_36582,M1_macrophages,7
19_36583,Plasma_IgG,10
19_36585,Tumor,12
19_36589,Plasma_IgA,9
19_36591,unknown,14
19_36592,Germinal_Center_Plasma_IgM_B_cell,5
19_36593,M1_macrophages,7
19_36594,Germinal_Center_Plasma_IgM_B_cell,5
19_36601,T_cell,11
19_36603,unknown,14
19_36604,High_Endothelial_Venules,6
19_36605,Plasma_IgG,10
19_36610,Germinal_Center_Plasma_IgM_B_cell,5
19_36611,Germinal_Center_Plasma_IgM_B_cell,5
19_36612,Tumor,12
19_36615,M1_macrophages,7
19_36618,M1_macrophages,7
19_36619,M1_macrophages,7
19_36620,Plasma_IgG,10
19_36621,Plasma_IgG,10
19_36624,High_Endothelial_Venules,6
19_36625,Germinal_Center_Plasma_IgM_B_cell,5
19_36626,Germinal_Center_Plasma_IgM_B_cell,5
19_36629,Germinal_Center_Plasma_IgM_B_cell,5
19_36631,M1_macrophages,7
19_36632,Plasma_IgG,10
19_36633,M1_macrophages,7
19_36634,Germinal_Center_Plasma_IgM_B_cell,5
19_36635,CAM,1
19_36636,Tumor,12
19_36641,Germinal_Center_Plasma_IgM_B_cell,5
19_36642,High_Endothelial_Venules,6
19_36646,M1_macrophages,7
19_36647,unknown,14
19_36650,Plasma_IgG,10
19_36651,Tumor,12
19_36654,Germinal_Center_Plasma_IgM_B_cell,5
19_36655,High_Endothelial_Venules,6
19_36656,M1_macrophages,7
19_36660,M1_macrophages,7
19_36661,Germinal_Center_Plasma_IgM_B_cell,5
19_36662,unknown,14
19_36663,Plasma_IgG,10
19_36664,Plasma_IgG,10
19_36666,Plasma_IgG,10
19_36667,Tumor,12
19_36668,Tumor,12
19_36669,Tumor,12
19_36671,Tumor,12
19_36673,Germinal_Center_Plasma_IgM_B_cell,5
19_36674,M1_macrophages,7
19_36675,Plasma_IgG,10
19_36676,Plasma_IgA,9
19_36678,M1_macrophages,7
19_36682,unknown,14
19_36683,Germinal_Center_Plasma_IgM_B_cell,5
19_36685,High_Endothelial_Venules,6
19_36686,Plasma_IgG,10
19_36687,M1_macrophages,7
19_36688,Tumor,12
19_36690,High_Endothelial_Venules,6
19_36691,Plasma_IgG,10
19_36695,unknown,14
19_36696,T_cell,11
19_36697,Germinal_Center_Plasma_IgM_B_cell,5
19_36698,Germinal_Center_Plasma_IgM_B_cell,5
19_36699,Cytotoxic_IFN_signaling,3
19_36700,unknown,14
19_36701,M1_macrophages,7
19_36702,Plasma_IgA,9
19_36703,Tumor,12
19_36704,Tumor,12
19_36708,Plasma_IgG,10
19_36710,Plasma_IgG,10
19_36711,Tumor,12
19_36715,T_cell,11
19_36716,Germinal_Center_Plasma_IgM_B_cell,5
19_36717,T_cell,11
19_36718,High_Endothelial_Venules,6
19_36719,Plasma_IgG,10
19_36722,Tumor,12
19_36725,Germinal_Center_Plasma_IgM_B_cell,5
19_36726,T_cell,11
19_36727,Plasma_IgA,9
19_36728,Germinal_Center_Plasma_IgM_B_cell,5
19_36729,Plasma_IgG,10
19_36730,Tumor,12
19_36732,unknown,14
19_36733,Germinal_Center_Plasma_IgM_B_cell,5
19_36734,M1_macrophages,7
19_36736,M1_macrophages,7
19_36738,Tumor,12
19_36739,Tumor,12
19_36743,T_cell,11
19_36744,T_cell,11
19_36745,Tumor,12
19_36748,unknown,14
19_36750,Germinal_Center_Plasma_IgM_B_cell,5
19_36751,High_Endothelial_Venules,6
19_36752,T_cell,11
19_36753,High_Endothelial_Venules,6
19_36754,unknown,14
19_36755,Tumor,12
19_36756,Tumor,12
19_36758,T_cell,11
19_36759,unknown,14
19_36761,unknown,14
19_36762,T_cell,11
19_36763,Germinal_Center_Plasma_IgM_B_cell,5
19_36764,unknown,14
19_36769,unknown,14
19_36771,Plasma_IgG,10
19_36774,High_Endothelial_Venules,6
19_36779,unknown,14
19_36780,Germinal_Center_Plasma_IgM_B_cell,5
19_36781,Tumor,12
19_36786,Germinal_Center_Plasma_IgM_B_cell,5
19_36792,M1_macrophages,7
19_36794,Germinal_Center_Plasma_IgM_B_cell,5
19_36795,Tumor,12
19_36796,Tumor,12
19_36797,Tumor,12
19_36801,Germinal_Center_Plasma_IgM_B_cell,5
19_36802,High_Endothelial_Venules,6
19_36803,T_cell,11
19_36804,unknown,14
19_36805,High_Endothelial_Venules,6
19_36806,Plasma_IgG,10
19_36810,T_cell,11
19_36811,High_Endothelial_Venules,6
19_36812,unknown,14
19_36813,Germinal_Center_Plasma_IgM_B_cell,5
19_36814,Germinal_Center_Plasma_IgM_B_cell,5
19_36815,unknown,14
19_36816,M1_macrophages,7
19_36818,Plasma_IgA,9
19_36819,Plasma_IgG,10
19_36822,Germinal_Center_Plasma_IgM_B_cell,5
19_36823,High_Endothelial_Venules,6
19_36827,Tumor,12
19_36828,Tumor,12
19_36833,Germinal_Center_Plasma_IgM_B_cell,5
19_36834,High_Endothelial_Venules,6
19_36835,Tumor,12
19_36842,Germinal_Center_Plasma_IgM_B_cell,5
19_36843,Plasma_IgG,10
19_36847,unknown,14
19_36849,unknown,14
19_36850,Germinal_Center_Plasma_IgM_B_cell,5
19_36851,Plasma_IgG,10
19_36852,M1_macrophages,7
19_36853,CAF,0
19_36856,T_cell,11
19_36857,Germinal_Center_Plasma_IgM_B_cell,5
19_36858,Plasma_IgG,10
19_36859,Tumor,12
19_36862,Germinal_Center_Plasma_IgM_B_cell,5
19_36863,M1_macrophages,7
19_36864,M1_macrophages,7
19_36865,Plasma_IgG,10
19_36866,Tumor,12
19_36870,High_Endothelial_Venules,6
19_36872,M1_macrophages,7
19_36874,Germinal_Center_Plasma_IgM_B_cell,5
19_36875,unknown,14
19_36876,unknown,14
19_36877,Plasma_IgG,10
19_36879,CAM,1
19_36880,Tumor,12
19_36886,unknown,14
19_36888,unknown,14
19_36889,Plasma_IgG,10
19_36890,Tumor,12
19_36892,Tumor,12
19_36896,M1_macrophages,7
19_36897,High_Endothelial_Venules,6
19_36899,Plasma_IgG,10
19_36900,M1_macrophages,7
19_36901,Plasma_IgG,10
19_36902,Tumor_Keratin_Pearl,13
19_36906,Germinal_Center_Plasma_IgM_B_cell,5
19_36908,M1_macrophages,7
19_36909,M1_macrophages,7
19_36910,Germinal_Center_Plasma_IgM_B_cell,5
19_36911,T_cell,11
19_36917,M1_macrophages,7
19_36918,unknown,14
19_36919,Germinal_Center_Plasma_IgM_B_cell,5
19_36921,Macrophages,8
19_36922,M1_macrophages,7
19_36923,Tumor,12
19_36924,Tumor,12
19_36926,Germinal_Center_Plasma_IgM_B_cell,5
19_36927,Plasma_IgG,10
19_36928,Plasma_IgG,10
19_36929,Plasma_IgA,9
19_36930,Tumor,12
19_36933,M1_macrophages,7
19_36934,Plasma_IgG,10
19_36935,M1_macrophages,7
19_36937,T_cell,11
19_36938,M1_macrophages,7
19_36939,Plasma_IgG,10
19_36940,Germinal_Center_Plasma_IgM_B_cell,5
19_36942,CAM,1
19_36943,Tumor,12
19_36946,Fibroblasts,4
19_36947,unknown,14
19_36948,Germinal_Center_Plasma_IgM_B_cell,5
19_36949,M1_macrophages,7
19_36950,High_Endothelial_Venules,6
19_36952,unknown,14
19_36954,Germinal_Center_Plasma_IgM_B_cell,5
19_36955,unknown,14
19_36956,M1_macrophages,7
19_36957,Germinal_Center_Plasma_IgM_B_cell,5
19_36958,unknown,14
19_36960,unknown,14
19_36961,T_cell,11
19_36962,unknown,14
19_36963,Plasma_IgA,9
19_36964,Plasma_IgG,10
19_36965,Tumor,12
19_36966,Tumor,12
19_36967,Tumor,12
19_36969,T_cell,11
19_36970,M1_macrophages,7
19_36971,Germinal_Center_Plasma_IgM_B_cell,5
19_36972,Germinal_Center_Plasma_IgM_B_cell,5
19_36973,Germinal_Center_Plasma_IgM_B_cell,5
19_36975,Germinal_Center_Plasma_IgM_B_cell,5
19_36976,High_Endothelial_Venules,6
19_36977,M1_macrophages,7
19_36979,M1_macrophages,7
19_36980,unknown,14
19_36981,unknown,14
19_36983,unknown,14
19_36984,Plasma_IgG,10
19_36987,T_cell,11
19_36988,Plasma_IgA,9
19_36990,Germinal_Center_Plasma_IgM_B_cell,5
19_36991,High_Endothelial_Venules,6
19_36993,High_Endothelial_Venules,6
19_36994,unknown,14
19_36995,M1_macrophages,7
19_36996,Tumor,12
19_37001,High_Endothelial_Venules,6
19_37002,Germinal_Center_Plasma_IgM_B_cell,5
19_37003,High_Endothelial_Venules,6
19_37008,High_Endothelial_Venules,6
19_37009,M1_macrophages,7
19_37013,Germinal_Center_Plasma_IgM_B_cell,5
19_37015,unknown,14
19_37016,Plasma_IgA,9
19_37019,T_cell,11
19_37020,M1_macrophages,7
19_37021,Plasma_IgG,10
19_37024,T_cell,11
19_37025,M1_macrophages,7
19_37026,Plasma_IgG,10
19_37027,M1_macrophages,7
19_37028,Plasma_IgG,10
19_37032,M1_macrophages,7
19_37034,Germinal_Center_Plasma_IgM_B_cell,5
19_37035,Tumor,12
19_37036,Tumor,12
19_37040,M1_macrophages,7
19_37041,Cytotoxic_IFN_signaling,3
19_37043,Germinal_Center_Plasma_IgM_B_cell,5
19_37044,unknown,14
19_37047,M1_macrophages,7
19_37048,unknown,14
19_37049,Plasma_IgA,9
19_37050,Tumor,12
19_37052,M1_macrophages,7
19_37053,Plasma_IgG,10
19_37054,unknown,14
19_37055,T_cell,11
19_37056,Plasma_IgG,10
19_37057,Plasma_IgG,10
19_37060,M1_macrophages,7
19_37061,M1_macrophages,7
19_37062,Plasma_IgG,10
19_37066,M1_macrophages,7
19_37067,Germinal_Center_Plasma_IgM_B_cell,5
19_37068,Germinal_Center_Plasma_IgM_B_cell,5
19_37071,High_Endothelial_Venules,6
19_37072,Germinal_Center_Plasma_IgM_B_cell,5
19_37073,Tumor,12
19_37077,unknown,14
19_37078,unknown,14
19_37080,unknown,14
19_37081,Plasma_IgG,10
19_37082,Plasma_IgG,10
19_37083,High_Endothelial_Venules,6
19_37084,High_Endothelial_Venules,6
19_37086,Germinal_Center_Plasma_IgM_B_cell,5
19_37090,Plasma_IgG,10
19_37095,Germinal_Center_Plasma_IgM_B_cell,5
19_37096,M1_macrophages,7
19_37097,T_cell,11
19_37098,M1_macrophages,7
19_37103,unknown,14
19_37104,Germinal_Center_Plasma_IgM_B_cell,5
19_37106,Tumor,12
19_37109,Germinal_Center_Plasma_IgM_B_cell,5
19_37110,unknown,14
19_37111,M1_macrophages,7
19_37116,M1_macrophages,7
19_37117,T_cell,11
19_37119,High_Endothelial_Venules,6
19_37120,Plasma_IgG,10
19_37121,Plasma_IgG,10
19_37126,T_cell,11
19_37127,unknown,14
19_37128,High_Endothelial_Venules,6
19_37129,Plasma_IgG,10
19_37131,CAM,1
19_37139,Plasma_IgA,9
19_37142,M1_macrophages,7
19_37144,Germinal_Center_Plasma_IgM_B_cell,5
19_37145,Tumor,12
19_37149,M1_macrophages,7
19_37150,Plasma_IgG,10
19_37153,unknown,14
19_37154,unknown,14
19_37155,unknown,14
19_37157,Germinal_Center_Plasma_IgM_B_cell,5
19_37158,T_cell,11
19_37159,M1_macrophages,7
19_37162,M1_macrophages,7
19_37163,unknown,14
19_37164,Plasma_IgA,9
19_37166,Tumor,12
19_37168,Plasma_IgA,9
19_37169,unknown,14
19_37170,T_cell,11
19_37171,High_Endothelial_Venules,6
19_37172,Germinal_Center_Plasma_IgM_B_cell,5
19_37173,Plasma_IgG,10
19_37175,Tumor,12
19_37179,M1_macrophages,7
19_37181,Tumor,12
19_37183,Germinal_Center_Plasma_IgM_B_cell,5
19_37186,Tumor,12
19_37189,unknown,14
19_37190,unknown,14
19_37191,Germinal_Center_Plasma_IgM_B_cell,5
19_37192,M1_macrophages,7
19_37197,unknown,14
19_37198,T_cell,11
19_37199,unknown,14
19_37200,Plasma_IgG,10
19_37201,Plasma_IgG,10
19_37202,Tumor,12
19_37205,Fibroblasts,4
19_37208,M1_macrophages,7
19_37209,CAM,1
19_37210,Tumor,12
19_37213,unknown,14
19_37214,unknown,14
19_37215,Plasma_IgA,9
19_37216,High_Endothelial_Venules,6
19_37217,unknown,14
19_37218,M1_macrophages,7
19_37219,Plasma_IgG,10
19_37220,CAM,1
19_37227,Germinal_Center_Plasma_IgM_B_cell,5
19_37229,Plasma_IgG,10
19_37230,Plasma_IgA,9
19_37231,Plasma_IgG,10
19_37233,Tumor,12
19_37234,Tumor,12
19_37239,Plasma_IgG,10
19_37241,M1_macrophages,7
19_37244,Germinal_Center_Plasma_IgM_B_cell,5
19_37245,T_cell,11
19_37246,Tumor,12
19_37247,Tumor,12
19_37248,Tumor,12
19_37253,unknown,14
19_37254,unknown,14
19_37255,M1_macrophages,7
19_37256,Plasma_IgG,10
19_37257,M1_macrophages,7
19_37258,M1_macrophages,7
19_37265,unknown,14
19_37266,Plasma_IgG,10
19_37271,Germinal_Center_Plasma_IgM_B_cell,5
19_37272,Germinal_Center_Plasma_IgM_B_cell,5
19_37273,unknown,14
19_37274,High_Endothelial_Venules,6
19_37275,Tumor,12
19_37276,Tumor,12
19_37280,CAF,0
19_37282,High_Endothelial_Venules,6
19_37283,High_Endothelial_Venules,6
19_37284,High_Endothelial_Venules,6
19_37287,High_Endothelial_Venules,6
19_37288,High_Endothelial_Venules,6
19_37289,M1_macrophages,7
19_37290,M1_macrophages,7
19_37291,Tumor,12
19_37296,T_cell,11
19_37297,unknown,14
19_37300,Tumor,12
19_37301,Tumor,12
19_37302,Tumor,12
19_37305,unknown,14
19_37306,unknown,14
19_37307,Plasma_IgA,9
19_37309,M1_macrophages,7
19_37310,Plasma_IgG,10
19_37312,unknown,14
19_37314,T_cell,11
19_37316,High_Endothelial_Venules,6
19_37317,Tumor,12
19_37322,T_cell,11
19_37323,M1_macrophages,7
19_37324,Plasma_IgA,9
19_37325,Fibroblasts,4
19_37326,Plasma_IgA,9
19_37327,Plasma_IgA,9
19_37328,Tumor,12
19_37335,High_Endothelial_Venules,6
19_37336,Germinal_Center_Plasma_IgM_B_cell,5
19_37337,Germinal_Center_Plasma_IgM_B_cell,5
19_37338,High_Endothelial_Venules,6
19_37339,M1_macrophages,7
19_37346,unknown,14
19_37347,unknown,14
19_37348,Germinal_Center_Plasma_IgM_B_cell,5
19_37349,Plasma_IgA,9
19_37350,Plasma_IgG,10
19_37352,Tumor,12
19_37357,unknown,14
19_37358,unknown,14
19_37359,T_cell,11
19_37360,High_Endothelial_Venules,6
19_37362,unknown,14
19_37363,unknown,14
19_37364,Germinal_Center_Plasma_IgM_B_cell,5
19_37366,M1_macrophages,7
19_37367,Plasma_IgG,10
19_37368,M1_macrophages,7
19_37369,M1_macrophages,7
19_37372,unknown,14
19_37373,High_Endothelial_Venules,6
19_37374,M1_macrophages,7
19_37375,M1_macrophages,7
19_37376,Plasma_IgA,9
19_37378,Tumor,12
19_37384,unknown,14
19_37387,M1_macrophages,7
19_37388,M1_macrophages,7
19_37393,T_cell,11
19_37394,Plasma_IgG,10
19_37395,Tumor,12
19_37399,M1_macrophages,7
19_37400,Germinal_Center_Plasma_IgM_B_cell,5
19_37401,Germinal_Center_Plasma_IgM_B_cell,5
19_37402,unknown,14
19_37403,M1_macrophages,7
19_37404,unknown,14
19_37406,unknown,14
19_37407,unknown,14
19_37408,unknown,14
19_37409,High_Endothelial_Venules,6
19_37410,Germinal_Center_Plasma_IgM_B_cell,5
19_37416,Germinal_Center_Plasma_IgM_B_cell,5
19_37417,unknown,14
19_37418,M1_macrophages,7
19_37421,Plasma_IgA,9
19_37422,High_Endothelial_Venules,6
19_37426,M1_macrophages,7
19_37427,Germinal_Center_Plasma_IgM_B_cell,5
19_37428,unknown,14
19_37429,T_cell,11
19_37430,M1_macrophages,7
19_37431,Plasma_IgG,10
19_37433,Tumor,12
19_37434,Germinal_Center_Plasma_IgM_B_cell,5
19_37435,M1_macrophages,7
19_37436,Germinal_Center_Plasma_IgM_B_cell,5
19_37437,Plasma_IgA,9
19_37438,Plasma_IgG,10
19_37442,M1_macrophages,7
19_37443,Germinal_Center_Plasma_IgM_B_cell,5
19_37444,High_Endothelial_Venules,6
19_37445,unknown,14
19_37446,M1_macrophages,7
19_37448,unknown,14
19_37449,unknown,14
19_37450,M1_macrophages,7
19_37451,T_cell,11
19_37452,unknown,14
19_37453,M1_macrophages,7
19_37454,High_Endothelial_Venules,6
19_37455,Cortex_CCL21,2
19_37457,Tumor,12
19_37463,unknown,14
19_37464,Germinal_Center_Plasma_IgM_B_cell,5
19_37465,unknown,14
19_37466,Plasma_IgG,10
19_37472,unknown,14
19_37473,M1_macrophages,7
19_37474,M1_macrophages,7
19_37475,High_Endothelial_Venules,6
19_37481,Fibroblasts,4
19_37482,M1_macrophages,7
19_37486,T_cell,11
19_37488,T_cell,11
19_37489,T_cell,11
19_37490,Germinal_Center_Plasma_IgM_B_cell,5
19_37491,M1_macrophages,7
19_37492,Tumor,12
19_37495,High_Endothelial_Venules,6
19_37496,T_cell,11
19_37497,unknown,14
19_37498,T_cell,11
19_37499,Plasma_IgG,10
19_37501,Plasma_IgA,9
19_37503,CAF,0
19_37505,High_Endothelial_Venules,6
19_37506,unknown,14
19_37507,High_Endothelial_Venules,6
19_37508,Plasma_IgA,9
19_37509,M1_macrophages,7
19_37510,Plasma_IgG,10
19_37515,M1_macrophages,7
19_37516,Tumor,12
19_37519,Fibroblasts,4
19_37521,T_cell,11
19_37525,T_cell,11
19_37531,High_Endothelial_Venules,6
19_37532,Plasma_IgG,10
19_37533,High_Endothelial_Venules,6
19_37534,Plasma_IgA,9
19_37535,High_Endothelial_Venules,6
19_37536,Plasma_IgG,10
19_37539,M1_macrophages,7
19_37541,Germinal_Center_Plasma_IgM_B_cell,5
19_37542,Germinal_Center_Plasma_IgM_B_cell,5
19_37543,Plasma_IgA,9
19_37544,Plasma_IgG,10
19_37545,Plasma_IgG,10
19_37548,T_cell,11
19_37549,unknown,14
19_37551,unknown,14
19_37552,M1_macrophages,7
19_37553,unknown,14
19_37554,High_Endothelial_Venules,6
19_37555,M1_macrophages,7
19_37557,Tumor,12
19_37558,Tumor,12
19_37559,Tumor,12
19_37560,T_cell,11
19_37562,T_cell,11
19_37563,M1_macrophages,7
19_37564,High_Endothelial_Venules,6
19_37565,Plasma_IgA,9
19_37567,Germinal_Center_Plasma_IgM_B_cell,5
19_37568,unknown,14
19_37569,unknown,14
19_37570,M1_macrophages,7
19_37571,Plasma_IgG,10
19_37572,Tumor,12
19_37576,unknown,14
19_37577,Plasma_IgG,10
19_37581,Plasma_IgA,9
19_37582,unknown,14
19_37583,T_cell,11
19_37584,Plasma_IgA,9
19_37587,unknown,14
19_37588,unknown,14
19_37589,T_cell,11
19_37590,Plasma_IgA,9
19_37591,unknown,14
19_37592,M1_macrophages,7
19_37595,Tumor,12
19_37596,Tumor,12
19_37601,unknown,14
19_37602,M1_macrophages,7
19_37603,unknown,14
19_37604,unknown,14
19_37605,Plasma_IgA,9
19_37607,Germinal_Center_Plasma_IgM_B_cell,5
19_37609,T_cell,11
19_37615,Plasma_IgG,10
19_37619,Plasma_IgG,10
19_37621,unknown,14
19_37623,T_cell,11
19_37624,M1_macrophages,7
19_37627,High_Endothelial_Venules,6
19_37628,Plasma_IgG,10
19_37631,unknown,14
19_37632,High_Endothelial_Venules,6
19_37635,Plasma_IgG,10
19_37640,Fibroblasts,4
19_37641,T_cell,11
19_37642,unknown,14
19_37644,Germinal_Center_Plasma_IgM_B_cell,5
19_37645,Germinal_Center_Plasma_IgM_B_cell,5
19_37646,Plasma_IgG,10
19_37649,M1_macrophages,7
19_37653,unknown,14
19_37654,M1_macrophages,7
19_37655,unknown,14
19_37658,M1_macrophages,7
19_37659,Plasma_IgA,9
19_37660,unknown,14
19_37663,Plasma_IgG,10
19_37665,Tumor,12
19_37668,unknown,14
19_37671,T_cell,11
19_37672,Germinal_Center_Plasma_IgM_B_cell,5
19_37673,unknown,14
19_37674,M1_macrophages,7
19_37675,M1_macrophages,7
19_37676,Plasma_IgG,10
19_37678,Tumor,12
19_37680,Plasma_IgA,9
19_37681,M1_macrophages,7
19_37683,Plasma_IgG,10
19_37684,Tumor,12
19_37688,unknown,14
19_37689,Plasma_IgG,10
19_37690,Tumor,12
19_37692,unknown,14
19_37693,Plasma_IgG,10
19_37694,Plasma_IgA,9
19_37695,Plasma_IgG,10
19_37697,Germinal_Center_Plasma_IgM_B_cell,5
19_37698,T_cell,11
19_37699,T_cell,11
19_37700,M1_macrophages,7
19_37703,unknown,14
19_37708,M1_macrophages,7
19_37710,Plasma_IgA,9
19_37711,unknown,14
19_37713,High_Endothelial_Venules,6
19_37715,CAM,1
19_37716,Tumor,12
19_37721,M1_macrophages,7
19_37722,High_Endothelial_Venules,6
19_37723,Germinal_Center_Plasma_IgM_B_cell,5
19_37724,Germinal_Center_Plasma_IgM_B_cell,5
19_37725,M1_macrophages,7
19_37726,Germinal_Center_Plasma_IgM_B_cell,5
19_37727,High_Endothelial_Venules,6
19_37728,Tumor,12
19_37729,Tumor,12
19_37734,Germinal_Center_Plasma_IgM_B_cell,5
19_37735,unknown,14
19_37737,M1_macrophages,7
19_37740,M1_macrophages,7
19_37741,Plasma_IgG,10
19_37746,unknown,14
19_37748,T_cell,11
19_37749,unknown,14
19_37750,unknown,14
19_37751,T_cell,11
19_37752,unknown,14
19_37754,Germinal_Center_Plasma_IgM_B_cell,5
19_37755,M1_macrophages,7
19_37756,unknown,14
19_37757,unknown,14
19_37759,unknown,14
19_37760,High_Endothelial_Venules,6
19_37765,M1_macrophages,7
19_37768,High_Endothelial_Venules,6
19_37769,unknown,14
19_37770,Tumor,12
19_37773,unknown,14
19_37775,T_cell,11
19_37776,M1_macrophages,7
19_37777,High_Endothelial_Venules,6
19_37784,Plasma_IgA,9
19_37786,unknown,14
19_37787,Germinal_Center_Plasma_IgM_B_cell,5
19_37788,Germinal_Center_Plasma_IgM_B_cell,5
19_37789,T_cell,11
19_37790,Plasma_IgG,10
19_37791,Plasma_IgG,10
19_37792,Tumor,12
19_37793,T_cell,11
19_37794,Plasma_IgG,10
19_37795,Plasma_IgG,10
19_37796,Tumor,12
19_37797,Tumor,12
19_37800,Plasma_IgG,10
19_37801,unknown,14
19_37802,M1_macrophages,7
19_37803,unknown,14
19_37804,Plasma_IgA,9
19_37805,Plasma_IgA,9
19_37810,Germinal_Center_Plasma_IgM_B_cell,5
19_37811,unknown,14
19_37812,Plasma_IgG,10
19_37819,Germinal_Center_Plasma_IgM_B_cell,5
19_37820,unknown,14
19_37821,M1_macrophages,7
19_37822,Germinal_Center_Plasma_IgM_B_cell,5
19_37823,High_Endothelial_Venules,6
19_37824,High_Endothelial_Venules,6
19_37825,unknown,14
19_37826,unknown,14
19_37827,M1_macrophages,7
19_37828,Plasma_IgA,9
19_37829,Plasma_IgG,10
19_37830,Plasma_IgG,10
19_37831,Tumor,12
19_37835,Germinal_Center_Plasma_IgM_B_cell,5
19_37836,T_cell,11
19_37837,T_cell,11
19_37838,T_cell,11
19_37840,Plasma_IgG,10
19_37841,Tumor,12
19_37844,unknown,14
19_37845,Germinal_Center_Plasma_IgM_B_cell,5
19_37847,Plasma_IgA,9
19_37848,unknown,14
19_37849,Tumor,12
19_37853,unknown,14
19_37855,Germinal_Center_Plasma_IgM_B_cell,5
19_37856,T_cell,11
19_37857,M1_macrophages,7
19_37862,Germinal_Center_Plasma_IgM_B_cell,5
19_37863,M1_macrophages,7
19_37867,High_Endothelial_Venules,6
19_37868,Germinal_Center_Plasma_IgM_B_cell,5
19_37869,High_Endothelial_Venules,6
19_37870,unknown,14
19_37871,Germinal_Center_Plasma_IgM_B_cell,5
19_37872,Plasma_IgA,9
19_37874,Germinal_Center_Plasma_IgM_B_cell,5
19_37875,T_cell,11
19_37877,unknown,14
19_37878,Plasma_IgA,9
19_37882,T_cell,11
19_37883,unknown,14
19_37884,High_Endothelial_Venules,6
19_37885,Germinal_Center_Plasma_IgM_B_cell,5
19_37886,T_cell,11
19_37887,Germinal_Center_Plasma_IgM_B_cell,5
19_37888,Macrophages,8
19_37889,Plasma_IgG,10
19_37890,Tumor,12
19_37892,Fibroblasts,4
19_37895,unknown,14
19_37896,T_cell,11
19_37899,Tumor,12
19_37903,unknown,14
19_37904,T_cell,11
19_37906,Germinal_Center_Plasma_IgM_B_cell,5
19_37907,T_cell,11
19_37908,CAM,1
19_37909,Tumor,12
19_37911,unknown,14
19_37913,Germinal_Center_Plasma_IgM_B_cell,5
19_37914,M1_macrophages,7
19_37915,Germinal_Center_Plasma_IgM_B_cell,5
19_37916,High_Endothelial_Venules,6
19_37917,M1_macrophages,7
19_37918,Plasma_IgA,9
19_37919,Plasma_IgG,10
19_37920,Tumor,12
19_37922,Plasma_IgG,10
19_37924,T_cell,11
19_37925,Germinal_Center_Plasma_IgM_B_cell,5
19_37926,unknown,14
19_37927,unknown,14
19_37928,T_cell,11
19_37929,T_cell,11
19_37930,Plasma_IgA,9
19_37931,Germinal_Center_Plasma_IgM_B_cell,5
19_37932,Plasma_IgA,9
19_37934,Tumor,12
19_37935,Tumor,12
19_37937,Germinal_Center_Plasma_IgM_B_cell,5
19_37938,T_cell,11
19_37939,M1_macrophages,7
19_37940,Tumor,12
19_37941,High_Endothelial_Venules,6
19_37942,Germinal_Center_Plasma_IgM_B_cell,5
19_37945,unknown,14
19_37946,Germinal_Center_Plasma_IgM_B_cell,5
19_37947,unknown,14
19_37949,M1_macrophages,7
19_37957,High_Endothelial_Venules,6
19_37960,Plasma_IgG,10
19_37967,Germinal_Center_Plasma_IgM_B_cell,5
19_37970,High_Endothelial_Venules,6
19_37971,unknown,14
19_37972,unknown,14
19_37973,unknown,14
19_37975,T_cell,11
19_37976,M1_macrophages,7
19_37977,Tumor,12
19_37980,unknown,14
19_37984,Germinal_Center_Plasma_IgM_B_cell,5
19_37985,T_cell,11
19_37986,unknown,14
19_37987,Plasma_IgA,9
19_37988,Plasma_IgG,10
19_37993,Tumor,12
19_37998,unknown,14
19_37999,M1_macrophages,7
19_38000,Germinal_Center_Plasma_IgM_B_cell,5
19_38001,M1_macrophages,7
19_38002,High_Endothelial_Venules,6
19_38003,Tumor,12
19_38008,unknown,14
19_38010,unknown,14
19_38011,unknown,14
19_38012,T_cell,11
19_38013,M1_macrophages,7
19_38014,Plasma_IgA,9
19_38018,unknown,14
19_38019,unknown,14
19_38021,M1_macrophages,7
19_38023,M1_macrophages,7
19_38024,M1_macrophages,7
19_38026,unknown,14
19_38029,unknown,14
19_38030,T_cell,11
19_38031,unknown,14
19_38032,unknown,14
19_38033,High_Endothelial_Venules,6
19_38034,T_cell,11
19_38035,M1_macrophages,7
19_38036,Plasma_IgG,10
19_38042,M1_macrophages,7
19_38043,M1_macrophages,7
19_38046,Tumor,12
19_38048,unknown,14
19_38050,M1_macrophages,7
19_38051,M1_macrophages,7
19_38055,Tumor,12
19_38060,T_cell,11
19_38061,Germinal_Center_Plasma_IgM_B_cell,5
19_38063,Germinal_Center_Plasma_IgM_B_cell,5
19_38064,M1_macrophages,7
19_38067,M1_macrophages,7
19_38069,Germinal_Center_Plasma_IgM_B_cell,5
19_38070,Germinal_Center_Plasma_IgM_B_cell,5
19_38071,Germinal_Center_Plasma_IgM_B_cell,5
19_38073,High_Endothelial_Venules,6
19_38074,unknown,14
19_38075,unknown,14
19_38076,Germinal_Center_Plasma_IgM_B_cell,5
19_38078,T_cell,11
19_38079,unknown,14
19_38080,High_Endothelial_Venules,6
19_38081,M1_macrophages,7
19_38082,unknown,14
19_38085,Fibroblasts,4
19_38087,Germinal_Center_Plasma_IgM_B_cell,5
19_38088,Plasma_IgG,10
19_38092,T_cell,11
19_38093,High_Endothelial_Venules,6
19_38096,Germinal_Center_Plasma_IgM_B_cell,5
19_38099,Tumor,12
19_38101,Germinal_Center_Plasma_IgM_B_cell,5
19_38102,Germinal_Center_Plasma_IgM_B_cell,5
19_38103,Plasma_IgA,9
19_38104,unknown,14
19_38105,Tumor,12
19_38107,unknown,14
19_38109,T_cell,11
19_38110,unknown,14
19_38112,unknown,14
19_38113,M1_macrophages,7
19_38114,Plasma_IgG,10
19_38117,unknown,14
19_38119,Germinal_Center_Plasma_IgM_B_cell,5
19_38122,M1_macrophages,7
19_38123,High_Endothelial_Venules,6
19_38124,M1_macrophages,7
19_38126,Germinal_Center_Plasma_IgM_B_cell,5
19_38128,High_Endothelial_Venules,6
19_38129,M1_macrophages,7
19_38131,Plasma_IgG,10
19_38134,Plasma_IgG,10
19_38137,High_Endothelial_Venules,6
19_38138,T_cell,11
19_38139,Plasma_IgG,10
19_38140,M1_macrophages,7
19_38141,Plasma_IgG,10
19_38142,Tumor,12
19_38144,M1_macrophages,7
19_38145,T_cell,11
19_38146,M1_macrophages,7
19_38147,M1_macrophages,7
19_38149,Plasma_IgG,10
19_38151,unknown,14
19_38153,Germinal_Center_Plasma_IgM_B_cell,5
19_38154,unknown,14
19_38155,Germinal_Center_Plasma_IgM_B_cell,5
19_38156,Germinal_Center_Plasma_IgM_B_cell,5
19_38158,T_cell,11
19_38159,Plasma_IgA,9
19_38162,T_cell,11
19_38164,T_cell,11
19_38165,Germinal_Center_Plasma_IgM_B_cell,5
19_38166,Plasma_IgG,10
19_38167,Plasma_IgG,10
19_38175,T_cell,11
19_38177,unknown,14
19_38178,Tumor,12
19_38181,unknown,14
19_38182,High_Endothelial_Venules,6
19_38183,High_Endothelial_Venules,6
19_38184,unknown,14
19_38188,M1_macrophages,7
19_38189,M1_macrophages,7
19_38190,Germinal_Center_Plasma_IgM_B_cell,5
19_38192,Tumor,12
19_38196,High_Endothelial_Venules,6
19_38197,High_Endothelial_Venules,6
19_38199,M1_macrophages,7
19_38201,Plasma_IgG,10
19_38207,M1_macrophages,7
19_38209,High_Endothelial_Venules,6
19_38210,M1_macrophages,7
19_38211,CAM,1
19_38214,M1_macrophages,7
19_38215,unknown,14
19_38217,M1_macrophages,7
19_38218,unknown,14
19_38219,Germinal_Center_Plasma_IgM_B_cell,5
19_38220,Plasma_IgA,9
19_38223,High_Endothelial_Venules,6
19_38224,T_cell,11
19_38225,High_Endothelial_Venules,6
19_38226,M1_macrophages,7
19_38227,T_cell,11
19_38229,Plasma_IgG,10
19_38230,Plasma_IgG,10
19_38234,T_cell,11
19_38235,T_cell,11
19_38236,M1_macrophages,7
19_38238,High_Endothelial_Venules,6
19_38240,Tumor,12
19_38241,High_Endothelial_Venules,6
19_38243,High_Endothelial_Venules,6
19_38244,M1_macrophages,7
19_38245,High_Endothelial_Venules,6
19_38246,Tumor,12
19_38247,Tumor,12
19_38252,High_Endothelial_Venules,6
19_38253,unknown,14
19_38255,unknown,14
19_38256,T_cell,11
19_38257,T_cell,11
19_38258,T_cell,11
19_38259,High_Endothelial_Venules,6
19_38260,Plasma_IgA,9
19_38261,Plasma_IgG,10
19_38262,CAM,1
19_38265,Germinal_Center_Plasma_IgM_B_cell,5
19_38267,Germinal_Center_Plasma_IgM_B_cell,5
19_38268,High_Endothelial_Venules,6
19_38269,High_Endothelial_Venules,6
19_38274,M1_macrophages,7
19_38275,High_Endothelial_Venules,6
19_38276,unknown,14
19_38277,M1_macrophages,7
19_38280,T_cell,11
19_38281,T_cell,11
19_38282,High_Endothelial_Venules,6
19_38283,unknown,14
19_38284,Plasma_IgG,10
19_38286,Plasma_IgG,10
19_38288,Plasma_IgG,10
19_38289,Tumor,12
19_38294,unknown,14
19_38295,High_Endothelial_Venules,6
19_38296,Germinal_Center_Plasma_IgM_B_cell,5
19_38297,M1_macrophages,7
19_38299,unknown,14
19_38302,Tumor,12
19_38307,M1_macrophages,7
19_38309,High_Endothelial_Venules,6
19_38313,T_cell,11
19_38314,Plasma_IgA,9
19_38315,T_cell,11
19_38316,M1_macrophages,7
19_38317,Tumor,12
19_38320,unknown,14
19_38321,High_Endothelial_Venules,6
19_38322,Germinal_Center_Plasma_IgM_B_cell,5
19_38323,T_cell,11
19_38324,M1_macrophages,7
19_38325,M1_macrophages,7
19_38326,Plasma_IgG,10
19_38327,Tumor,12
19_38331,T_cell,11
19_38332,High_Endothelial_Venules,6
19_38338,Germinal_Center_Plasma_IgM_B_cell,5
19_38339,unknown,14
19_38340,Plasma_IgG,10
19_38343,High_Endothelial_Venules,6
19_38344,M1_macrophages,7
19_38345,unknown,14
19_38346,High_Endothelial_Venules,6
19_38347,unknown,14
19_38349,Plasma_IgG,10
19_38350,Tumor,12
19_38352,M1_macrophages,7
19_38355,M1_macrophages,7
19_38356,Tumor_Keratin_Pearl,13
19_38357,Tumor,12
19_38358,Tumor,12
19_38362,Germinal_Center_Plasma_IgM_B_cell,5
19_38363,T_cell,11
19_38364,Tumor,12
19_38365,Plasma_IgG,10
19_38366,Tumor,12
19_38368,unknown,14
19_38370,unknown,14
19_38371,M1_macrophages,7
19_38373,T_cell,11
19_38374,Plasma_IgG,10
19_38375,T_cell,11
19_38376,Plasma_IgG,10
19_38381,T_cell,11
19_38382,Macrophages,8
19_38384,M1_macrophages,7
19_38386,M1_macrophages,7
19_38387,High_Endothelial_Venules,6
19_38388,Germinal_Center_Plasma_IgM_B_cell,5
19_38389,unknown,14
19_38390,High_Endothelial_Venules,6
19_38391,High_Endothelial_Venules,6
19_38392,Plasma_IgG,10
19_38395,unknown,14
19_38396,unknown,14
19_38401,unknown,14
19_38402,Germinal_Center_Plasma_IgM_B_cell,5
19_38404,Germinal_Center_Plasma_IgM_B_cell,5
19_38406,Tumor,12
19_38409,T_cell,11
19_38411,CAM,1
19_38413,Plasma_IgG,10
19_38414,unknown,14
19_38415,T_cell,11
19_38416,T_cell,11
19_38417,unknown,14
19_38418,High_Endothelial_Venules,6
19_38419,High_Endothelial_Venules,6
19_38420,M1_macrophages,7
19_38422,Tumor,12
19_38425,unknown,14
19_38426,M1_macrophages,7
19_38427,High_Endothelial_Venules,6
19_38428,unknown,14
19_38429,Germinal_Center_Plasma_IgM_B_cell,5
19_38430,Plasma_IgG,10
19_38436,T_cell,11
19_38437,unknown,14
19_38438,M1_macrophages,7
19_38439,T_cell,11
19_38444,M1_macrophages,7
19_38446,M1_macrophages,7
19_38447,unknown,14
19_38448,M1_macrophages,7
19_38449,T_cell,11
19_38450,Plasma_IgG,10
19_38453,High_Endothelial_Venules,6
19_38454,T_cell,11
19_38455,Plasma_IgG,10
19_38456,Plasma_IgG,10
19_38457,Tumor,12
19_38462,High_Endothelial_Venules,6
19_38463,T_cell,11
19_38466,Tumor,12
19_38473,Germinal_Center_Plasma_IgM_B_cell,5
19_38474,M1_macrophages,7
19_38476,High_Endothelial_Venules,6
19_38477,unknown,14
19_38478,CAM,1
19_38481,Germinal_Center_Plasma_IgM_B_cell,5
19_38482,unknown,14
19_38484,M1_macrophages,7
19_38485,unknown,14
19_38486,T_cell,11
19_38487,T_cell,11
19_38493,Germinal_Center_Plasma_IgM_B_cell,5
19_38494,Germinal_Center_Plasma_IgM_B_cell,5
19_38495,Germinal_Center_Plasma_IgM_B_cell,5
19_38496,M1_macrophages,7
19_38497,Plasma_IgG,10
19_38499,Tumor,12
19_38500,Germinal_Center_Plasma_IgM_B_cell,5
19_38501,M1_macrophages,7
19_38502,M1_macrophages,7
19_38503,unknown,14
19_38509,T_cell,11
19_38510,Plasma_IgA,9
19_38512,Plasma_IgG,10
19_38513,Plasma_IgG,10
19_38518,Germinal_Center_Plasma_IgM_B_cell,5
19_38519,unknown,14
19_38520,T_cell,11
19_38524,unknown,14
19_38525,High_Endothelial_Venules,6
19_38533,M1_macrophages,7
19_38534,Germinal_Center_Plasma_IgM_B_cell,5
19_38537,M1_macrophages,7
19_38538,unknown,14
19_38539,M1_macrophages,7
19_38540,unknown,14
19_38541,M1_macrophages,7
19_38542,Plasma_IgG,10
19_38543,Plasma_IgA,9
19_38544,Plasma_IgG,10
19_38545,Plasma_IgG,10
19_38546,Tumor,12
19_38547,Tumor,12
19_38549,Plasma_IgG,10
19_38550,Germinal_Center_Plasma_IgM_B_cell,5
19_38551,M1_macrophages,7
19_38554,M1_macrophages,7
19_38555,High_Endothelial_Venules,6
19_38556,High_Endothelial_Venules,6
19_38562,T_cell,11
19_38563,High_Endothelial_Venules,6
19_38564,unknown,14
19_38565,Plasma_IgA,9
19_38566,Plasma_IgA,9
19_38568,Plasma_IgG,10
19_38569,Plasma_IgG,10
19_38570,Plasma_IgG,10
19_38573,High_Endothelial_Venules,6
19_38574,T_cell,11
19_38575,Germinal_Center_Plasma_IgM_B_cell,5
19_38576,unknown,14
19_38577,Plasma_IgA,9
19_38582,unknown,14
19_38583,unknown,14
19_38584,Germinal_Center_Plasma_IgM_B_cell,5
19_38585,unknown,14
19_38586,Plasma_IgA,9
19_38587,Plasma_IgA,9
19_38589,T_cell,11
19_38590,T_cell,11
19_38592,M1_macrophages,7
19_38593,Plasma_IgG,10
19_38597,unknown,14
19_38598,unknown,14
19_38599,T_cell,11
19_38601,Tumor,12
19_38604,unknown,14
19_38607,Plasma_IgG,10
19_38608,Plasma_IgG,10
19_38609,Tumor,12
19_38612,unknown,14
19_38613,unknown,14
19_38614,T_cell,11
19_38615,unknown,14
19_38616,unknown,14
19_38617,M1_macrophages,7
19_38618,High_Endothelial_Venules,6
19_38619,CAM,1
19_38620,Tumor,12
19_38624,M1_macrophages,7
19_38625,unknown,14
19_38626,T_cell,11
19_38628,High_Endothelial_Venules,6
19_38629,High_Endothelial_Venules,6
19_38630,Plasma_IgG,10
19_38631,Tumor,12
19_38632,Tumor,12
19_38635,unknown,14
19_38637,Germinal_Center_Plasma_IgM_B_cell,5
19_38638,unknown,14
19_38640,High_Endothelial_Venules,6
19_38641,Tumor,12
19_38647,High_Endothelial_Venules,6
19_38648,unknown,14
19_38649,Germinal_Center_Plasma_IgM_B_cell,5
19_38650,T_cell,11
19_38652,Plasma_IgG,10
19_38653,M1_macrophages,7
19_38654,Tumor,12
19_38661,Plasma_IgA,9
19_38662,Germinal_Center_Plasma_IgM_B_cell,5
19_38665,Tumor,12
19_38671,unknown,14
19_38672,High_Endothelial_Venules,6
19_38674,M1_macrophages,7
19_38675,M1_macrophages,7
19_38676,Germinal_Center_Plasma_IgM_B_cell,5
19_38680,T_cell,11
19_38682,T_cell,11
19_38683,unknown,14
19_38684,unknown,14
19_38685,unknown,14
19_38687,Tumor,12
19_38693,M1_macrophages,7
19_38696,unknown,14
19_38697,T_cell,11
19_38698,M1_macrophages,7
19_38699,Germinal_Center_Plasma_IgM_B_cell,5
19_38702,Plasma_IgG,10
19_38705,Germinal_Center_Plasma_IgM_B_cell,5
19_38706,M1_macrophages,7
19_38707,unknown,14
19_38708,unknown,14
19_38711,Plasma_IgG,10
19_38712,Tumor,12
19_38715,M1_macrophages,7
19_38716,Germinal_Center_Plasma_IgM_B_cell,5
19_38717,Plasma_IgG,10
19_38718,Tumor,12
19_38720,Plasma_IgG,10
19_38721,M1_macrophages,7
19_38723,unknown,14
19_38724,unknown,14
19_38725,T_cell,11
19_38726,High_Endothelial_Venules,6
19_38728,Germinal_Center_Plasma_IgM_B_cell,5
19_38729,T_cell,11
19_38730,T_cell,11
19_38731,Plasma_IgG,10
19_38732,Germinal_Center_Plasma_IgM_B_cell,5
19_38733,Plasma_IgG,10
19_38734,Plasma_IgG,10
19_38735,Plasma_IgG,10
19_38739,Plasma_IgA,9
19_38740,Plasma_IgG,10
19_38741,Plasma_IgG,10
19_38742,Plasma_IgG,10
19_38743,Tumor,12
19_38747,T_cell,11
19_38750,T_cell,11
19_38751,unknown,14
19_38752,T_cell,11
19_38754,Plasma_IgA,9
19_38756,unknown,14
19_38761,Plasma_IgG,10
19_38762,T_cell,11
19_38763,Plasma_IgG,10
19_38764,Tumor,12
19_38773,unknown,14
19_38774,unknown,14
19_38775,Plasma_IgG,10
19_38776,M1_macrophages,7
19_38777,unknown,14
19_38778,Plasma_IgG,10
19_38781,M1_macrophages,7
19_38782,Plasma_IgG,10
19_38790,unknown,14
19_38791,unknown,14
19_38793,Tumor,12
19_38795,unknown,14
19_38796,unknown,14
19_38799,unknown,14
19_38800,High_Endothelial_Venules,6
19_38805,unknown,14
19_38806,M1_macrophages,7
19_38807,High_Endothelial_Venules,6
19_38809,Tumor,12
19_38810,Tumor,12
19_38814,unknown,14
19_38815,T_cell,11
19_38816,T_cell,11
19_38817,M1_macrophages,7
19_38819,Germinal_Center_Plasma_IgM_B_cell,5
19_38820,Plasma_IgG,10
19_38821,unknown,14
19_38826,M1_macrophages,7
19_38827,T_cell,11
19_38828,High_Endothelial_Venules,6
19_38829,M1_macrophages,7
19_38831,High_Endothelial_Venules,6
19_38832,Germinal_Center_Plasma_IgM_B_cell,5
19_38833,High_Endothelial_Venules,6
19_38834,M1_macrophages,7
19_38836,CAM,1
19_38838,unknown,14
19_38840,unknown,14
19_38842,M1_macrophages,7
19_38843,Plasma_IgG,10
19_38845,unknown,14
19_38846,unknown,14
19_38848,unknown,14
19_38854,Germinal_Center_Plasma_IgM_B_cell,5
19_38855,M1_macrophages,7
19_38856,unknown,14
19_38857,Plasma_IgA,9
19_38858,Plasma_IgG,10
19_38859,Tumor,12
19_38861,Germinal_Center_Plasma_IgM_B_cell,5
19_38862,High_Endothelial_Venules,6
19_38863,unknown,14
19_38864,Germinal_Center_Plasma_IgM_B_cell,5
19_38866,unknown,14
19_38867,Germinal_Center_Plasma_IgM_B_cell,5
19_38872,High_Endothelial_Venules,6
19_38874,unknown,14
19_38876,Tumor,12
19_38883,High_Endothelial_Venules,6
19_38884,M1_macrophages,7
19_38885,Plasma_IgA,9
19_38887,Germinal_Center_Plasma_IgM_B_cell,5
19_38891,High_Endothelial_Venules,6
19_38892,High_Endothelial_Venules,6
19_38893,Plasma_IgA,9
19_38894,T_cell,11
19_38895,Tumor,12
19_38901,M1_macrophages,7
19_38903,unknown,14
19_38905,High_Endothelial_Venules,6
19_38906,M1_macrophages,7
19_38907,Tumor,12
19_38908,Tumor,12
19_38912,unknown,14
19_38913,Germinal_Center_Plasma_IgM_B_cell,5
19_38914,Plasma_IgG,10
19_38917,High_Endothelial_Venules,6
19_38918,unknown,14
19_38920,Plasma_IgG,10
19_38921,Tumor,12
19_38926,unknown,14
19_38927,M1_macrophages,7
19_38928,Plasma_IgG,10
19_38929,M1_macrophages,7
19_38930,Tumor,12
19_38932,unknown,14
19_38934,Tumor,12
19_38936,unknown,14
19_38937,High_Endothelial_Venules,6
19_38938,Germinal_Center_Plasma_IgM_B_cell,5
19_38939,Plasma_IgG,10
19_38942,unknown,14
19_38944,Plasma_IgG,10
19_38945,CAM,1
19_38946,Tumor,12
19_38952,T_cell,11
19_38953,unknown,14
19_38954,unknown,14
19_38955,M1_macrophages,7
19_38956,CAF,0
19_38960,unknown,14
19_38961,High_Endothelial_Venules,6
19_38962,T_cell,11
19_38964,unknown,14
19_38965,M1_macrophages,7
19_38968,Plasma_IgG,10
19_38973,unknown,14
19_38974,CAM,1
19_38977,unknown,14
19_38978,Germinal_Center_Plasma_IgM_B_cell,5
19_38979,T_cell,11
19_38980,T_cell,11
19_38981,High_Endothelial_Venules,6
19_38982,CAF,0
19_38985,Plasma_IgA,9
19_38986,T_cell,11
19_38988,High_Endothelial_Venules,6
19_38989,T_cell,11
19_38992,Tumor,12
19_38994,High_Endothelial_Venules,6
19_38995,High_Endothelial_Venules,6
19_38997,M1_macrophages,7
19_38998,unknown,14
19_38999,unknown,14
19_39000,T_cell,11
19_39001,Plasma_IgG,10
19_39002,Plasma_IgA,9
19_39003,Plasma_IgG,10
19_39004,Tumor,12
19_39007,Fibroblasts,4
19_39008,unknown,14
19_39009,High_Endothelial_Venules,6
19_39011,M1_macrophages,7
19_39012,M1_macrophages,7
19_39013,unknown,14
19_39014,Plasma_IgA,9
19_39015,unknown,14
19_39017,unknown,14
19_39018,Plasma_IgG,10
19_39022,M1_macrophages,7
19_39023,T_cell,11
19_39024,M1_macrophages,7
19_39026,High_Endothelial_Venules,6
19_39027,Tumor,12
19_39032,Germinal_Center_Plasma_IgM_B_cell,5
19_39033,Plasma_IgG,10
19_39034,High_Endothelial_Venules,6
19_39035,Plasma_IgA,9
19_39036,unknown,14
19_39037,M1_macrophages,7
19_39038,Plasma_IgG,10
19_39039,Plasma_IgG,10
19_39040,Tumor,12
19_39043,unknown,14
19_39045,High_Endothelial_Venules,6
19_39046,M1_macrophages,7
19_39047,Tumor,12
19_39051,Germinal_Center_Plasma_IgM_B_cell,5
19_39052,unknown,14
19_39053,M1_macrophages,7
19_39054,T_cell,11
19_39055,unknown,14
19_39056,T_cell,11
19_39058,Plasma_IgG,10
19_39059,Germinal_Center_Plasma_IgM_B_cell,5
19_39060,Germinal_Center_Plasma_IgM_B_cell,5
19_39061,T_cell,11
19_39062,Plasma_IgG,10
19_39069,M1_macrophages,7
19_39070,M1_macrophages,7
19_39071,unknown,14
19_39072,T_cell,11
19_39073,T_cell,11
19_39075,Plasma_IgG,10
19_39076,Plasma_IgG,10
19_39077,Tumor,12
19_39079,unknown,14
19_39080,M1_macrophages,7
19_39081,unknown,14
19_39082,Germinal_Center_Plasma_IgM_B_cell,5
19_39084,M1_macrophages,7
19_39085,M1_macrophages,7
19_39086,Plasma_IgA,9
19_39087,Plasma_IgG,10
19_39092,unknown,14
19_39097,unknown,14
19_39098,M1_macrophages,7
19_39099,unknown,14
19_39100,unknown,14
19_39101,T_cell,11
19_39102,unknown,14
19_39103,Plasma_IgG,10
19_39104,Germinal_Center_Plasma_IgM_B_cell,5
19_39109,Plasma_IgG,10
19_39110,Tumor,12
19_39113,Germinal_Center_Plasma_IgM_B_cell,5
19_39114,T_cell,11
19_39115,M1_macrophages,7
19_39117,Plasma_IgA,9
19_39119,Germinal_Center_Plasma_IgM_B_cell,5
19_39124,unknown,14
19_39126,M1_macrophages,7
19_39127,unknown,14
19_39128,M1_macrophages,7
19_39129,unknown,14
19_39130,M1_macrophages,7
19_39132,Germinal_Center_Plasma_IgM_B_cell,5
19_39134,Tumor,12
19_39135,Tumor_Keratin_Pearl,13
19_39137,T_cell,11
19_39138,T_cell,11
19_39145,T_cell,11
19_39146,unknown,14
19_39147,M1_macrophages,7
19_39148,Plasma_IgG,10
19_39155,M1_macrophages,7
19_39158,Tumor,12
19_39159,Tumor,12
19_39162,T_cell,11
19_39163,T_cell,11
19_39164,High_Endothelial_Venules,6
19_39165,High_Endothelial_Venules,6
19_39166,Plasma_IgA,9
19_39167,M1_macrophages,7
19_39168,T_cell,11
19_39169,Plasma_IgA,9
19_39170,Plasma_IgA,9
19_39173,unknown,14
19_39174,M1_macrophages,7
19_39177,unknown,14
19_39178,Germinal_Center_Plasma_IgM_B_cell,5
19_39180,Tumor,12
19_39184,M1_macrophages,7
19_39185,unknown,14
19_39186,T_cell,11
19_39187,Plasma_IgG,10
19_39188,Tumor,12
19_39192,T_cell,11
19_39193,unknown,14
19_39194,High_Endothelial_Venules,6
19_39196,Germinal_Center_Plasma_IgM_B_cell,5
19_39197,M1_macrophages,7
19_39199,unknown,14
19_39201,High_Endothelial_Venules,6
19_39202,unknown,14
19_39203,unknown,14
19_39205,M1_macrophages,7
19_39206,M1_macrophages,7
19_39208,unknown,14
19_39210,Tumor,12
19_39214,M1_macrophages,7
19_39215,unknown,14
19_39216,Germinal_Center_Plasma_IgM_B_cell,5
19_39217,Tumor,12
19_39219,High_Endothelial_Venules,6
19_39220,T_cell,11
19_39221,M1_macrophages,7
19_39222,Plasma_IgG,10
19_39223,CAM,1
19_39224,M1_macrophages,7
19_39225,Plasma_IgG,10
19_39226,unknown,14
19_39227,unknown,14
19_39228,Plasma_IgG,10
19_39229,Plasma_IgG,10
19_39230,Tumor,12
19_39234,unknown,14
19_39235,Plasma_IgG,10
19_39236,T_cell,11
19_39239,Tumor,12
19_39240,Tumor,12
19_39244,Germinal_Center_Plasma_IgM_B_cell,5
19_39246,Germinal_Center_Plasma_IgM_B_cell,5
19_39248,High_Endothelial_Venules,6
19_39249,Plasma_IgG,10
19_39250,M1_macrophages,7
19_39253,T_cell,11
19_39254,unknown,14
19_39255,High_Endothelial_Venules,6
19_39256,Tumor,12
19_39257,Tumor,12
19_39258,Tumor,12
19_39263,High_Endothelial_Venules,6
19_39267,T_cell,11
19_39268,unknown,14
19_39269,Plasma_IgA,9
19_39270,M1_macrophages,7
19_39272,unknown,14
19_39273,M1_macrophages,7
19_39274,unknown,14
19_39277,unknown,14
19_39278,T_cell,11
19_39279,unknown,14
19_39280,Germinal_Center_Plasma_IgM_B_cell,5
19_39281,Plasma_IgA,9
19_39282,unknown,14
19_39283,CAM,1
19_39285,Tumor,12
19_39286,Plasma_IgA,9
19_39288,High_Endothelial_Venules,6
19_39289,unknown,14
19_39290,Plasma_IgG,10
19_39292,Plasma_IgG,10
19_39293,M1_macrophages,7
19_39294,Germinal_Center_Plasma_IgM_B_cell,5
19_39297,Plasma_IgG,10
19_39298,Tumor,12
19_39300,High_Endothelial_Venules,6
19_39301,T_cell,11
19_39302,unknown,14
19_39304,T_cell,11
19_39305,Plasma_IgG,10
19_39306,Plasma_IgA,9
19_39307,M1_macrophages,7
19_39311,M1_macrophages,7
19_39312,Plasma_IgG,10
19_39313,Plasma_IgA,9
19_39315,M1_macrophages,7
19_39316,Plasma_IgA,9
19_39318,Tumor,12
19_39322,M1_macrophages,7
19_39323,High_Endothelial_Venules,6
19_39324,unknown,14
19_39325,M1_macrophages,7
19_39327,M1_macrophages,7
19_39328,T_cell,11
19_39329,Plasma_IgG,10
19_39330,Tumor,12
19_39332,unknown,14
19_39334,Plasma_IgA,9
19_39335,T_cell,11
19_39337,T_cell,11
19_39338,unknown,14
19_39339,unknown,14
19_39341,M1_macrophages,7
19_39342,Plasma_IgA,9
19_39343,Plasma_IgG,10
19_39346,M1_macrophages,7
19_39347,Plasma_IgA,9
19_39348,T_cell,11
19_39349,Plasma_IgG,10
19_39350,Plasma_IgA,9
19_39352,Fibroblasts,4
19_39354,High_Endothelial_Venules,6
19_39356,T_cell,11
19_39357,T_cell,11
19_39358,Tumor,12
19_39359,Tumor,12
19_39362,unknown,14
19_39363,unknown,14
19_39364,Plasma_IgA,9
19_39365,Plasma_IgG,10
19_39366,M1_macrophages,7
19_39369,unknown,14
19_39370,M1_macrophages,7
19_39371,M1_macrophages,7
19_39372,Germinal_Center_Plasma_IgM_B_cell,5
19_39373,Plasma_IgG,10
19_39374,Germinal_Center_Plasma_IgM_B_cell,5
19_39375,Plasma_IgA,9
19_39376,Tumor,12
19_39377,Tumor,12
19_39382,High_Endothelial_Venules,6
19_39383,Plasma_IgA,9
19_39384,Tumor,12
19_39390,unknown,14
19_39391,unknown,14
19_39392,Germinal_Center_Plasma_IgM_B_cell,5
19_39394,M1_macrophages,7
19_39395,CAM,1
19_39397,M1_macrophages,7
19_39398,High_Endothelial_Venules,6
19_39406,unknown,14
19_39407,Plasma_IgG,10
19_39409,unknown,14
19_39410,M1_macrophages,7
19_39412,M1_macrophages,7
19_39413,High_Endothelial_Venules,6
19_39414,Plasma_IgA,9
19_39415,M1_macrophages,7
19_39416,Plasma_IgG,10
19_39421,T_cell,11
19_39422,M1_macrophages,7
19_39427,M1_macrophages,7
19_39430,CAM,1
19_39435,unknown,14
19_39437,unknown,14
19_39441,unknown,14
19_39442,unknown,14
19_39444,unknown,14
19_39446,Plasma_IgA,9
19_39447,Plasma_IgG,10
19_39451,Germinal_Center_Plasma_IgM_B_cell,5
19_39452,Plasma_IgA,9
19_39453,Plasma_IgA,9
19_39454,T_cell,11
19_39455,T_cell,11
19_39458,M1_macrophages,7
19_39459,High_Endothelial_Venules,6
19_39460,High_Endothelial_Venules,6
19_39462,High_Endothelial_Venules,6
19_39463,Germinal_Center_Plasma_IgM_B_cell,5
19_39465,unknown,14
19_39467,High_Endothelial_Venules,6
19_39469,T_cell,11
19_39470,unknown,14
19_39471,unknown,14
19_39472,Plasma_IgG,10
19_39473,CAM,1
19_39474,T_cell,11
19_39475,T_cell,11
19_39482,High_Endothelial_Venules,6
19_39483,unknown,14
19_39484,unknown,14
19_39485,Plasma_IgG,10
19_39486,CAM,1
19_39490,Plasma_IgG,10
19_39491,T_cell,11
19_39492,High_Endothelial_Venules,6
19_39493,High_Endothelial_Venules,6
19_39494,Plasma_IgG,10
19_39495,T_cell,11
19_39496,Germinal_Center_Plasma_IgM_B_cell,5
19_39497,Tumor,12
19_39498,Tumor,12
19_39499,Tumor,12
19_39502,Plasma_IgG,10
19_39503,T_cell,11
19_39504,M1_macrophages,7
19_39505,M1_macrophages,7
19_39506,High_Endothelial_Venules,6
19_39507,M1_macrophages,7
19_39510,CAM,1
19_39511,Tumor,12
19_39515,unknown,14
19_39516,unknown,14
19_39518,unknown,14
19_39523,M1_macrophages,7
19_39524,Plasma_IgG,10
19_39525,High_Endothelial_Venules,6
19_39526,Plasma_IgA,9
19_39527,High_Endothelial_Venules,6
19_39528,Germinal_Center_Plasma_IgM_B_cell,5
19_39534,unknown,14
19_39535,T_cell,11
19_39536,T_cell,11
19_39537,T_cell,11
19_39540,T_cell,11
19_39541,High_Endothelial_Venules,6
19_39542,M1_macrophages,7
19_39543,Plasma_IgG,10
19_39544,Plasma_IgA,9
19_39546,Tumor,12
19_39547,Tumor,12
19_39550,M1_macrophages,7
19_39551,M1_macrophages,7
19_39552,Germinal_Center_Plasma_IgM_B_cell,5
19_39553,M1_macrophages,7
19_39554,unknown,14
19_39555,M1_macrophages,7
19_39556,Plasma_IgA,9
19_39561,Plasma_IgA,9
19_39562,Germinal_Center_Plasma_IgM_B_cell,5
19_39568,M1_macrophages,7
19_39569,High_Endothelial_Venules,6
19_39570,unknown,14
19_39571,Germinal_Center_Plasma_IgM_B_cell,5
19_39572,Germinal_Center_Plasma_IgM_B_cell,5
19_39574,Tumor,12
19_39579,unknown,14
19_39580,High_Endothelial_Venules,6
19_39581,unknown,14
19_39582,M1_macrophages,7
19_39583,Plasma_IgG,10
19_39584,Tumor,12
19_39585,M1_macrophages,7
19_39586,High_Endothelial_Venules,6
19_39587,High_Endothelial_Venules,6
19_39589,Plasma_IgG,10
19_39591,M1_macrophages,7
19_39592,High_Endothelial_Venules,6
19_39594,Plasma_IgG,10
19_39597,Plasma_IgA,9
19_39598,Germinal_Center_Plasma_IgM_B_cell,5
19_39599,T_cell,11
19_39600,M1_macrophages,7
19_39602,High_Endothelial_Venules,6
19_39603,High_Endothelial_Venules,6
19_39604,High_Endothelial_Venules,6
19_39605,T_cell,11
19_39606,Germinal_Center_Plasma_IgM_B_cell,5
19_39607,High_Endothelial_Venules,6
19_39609,unknown,14
19_39610,T_cell,11
19_39613,T_cell,11
19_39614,M1_macrophages,7
19_39615,unknown,14
19_39617,Plasma_IgG,10
19_39618,Plasma_IgG,10
19_39619,Plasma_IgG,10
19_39620,CAM,1
19_39621,M1_macrophages,7
19_39626,M1_macrophages,7
19_39627,unknown,14
19_39628,Fibroblasts,4
19_39629,Germinal_Center_Plasma_IgM_B_cell,5
19_39630,Tumor,12
19_39631,unknown,14
19_39632,T_cell,11
19_39634,T_cell,11
19_39637,Plasma_IgG,10
19_39638,Plasma_IgG,10
19_39639,CAF,0
19_39640,M1_macrophages,7
19_39641,unknown,14
19_39644,M1_macrophages,7
19_39645,unknown,14
19_39646,unknown,14
19_39647,M1_macrophages,7
19_39648,Plasma_IgG,10
19_39649,Tumor,12
19_39651,Plasma_IgA,9
19_39655,T_cell,11
19_39656,unknown,14
19_39657,M1_macrophages,7
19_39659,Germinal_Center_Plasma_IgM_B_cell,5
19_39662,M1_macrophages,7
19_39663,T_cell,11
19_39664,unknown,14
19_39665,M1_macrophages,7
19_39666,Plasma_IgA,9
19_39667,Germinal_Center_Plasma_IgM_B_cell,5
19_39669,Plasma_IgA,9
19_39675,unknown,14
19_39677,Germinal_Center_Plasma_IgM_B_cell,5
19_39678,M1_macrophages,7
19_39681,Germinal_Center_Plasma_IgM_B_cell,5
19_39682,Germinal_Center_Plasma_IgM_B_cell,5
19_39683,M1_macrophages,7
19_39684,T_cell,11
19_39685,M1_macrophages,7
19_39686,M1_macrophages,7
19_39687,M1_macrophages,7
19_39688,Germinal_Center_Plasma_IgM_B_cell,5
19_39689,M1_macrophages,7
19_39690,Germinal_Center_Plasma_IgM_B_cell,5
19_39693,High_Endothelial_Venules,6
19_39694,M1_macrophages,7
19_39695,M1_macrophages,7
19_39696,Plasma_IgG,10
19_39697,CAF,0
19_39699,Tumor,12
19_39705,M1_macrophages,7
19_39706,M1_macrophages,7
19_39707,Plasma_IgA,9
19_39708,Plasma_IgG,10
19_39709,M1_macrophages,7
19_39710,Plasma_IgA,9
19_39711,Tumor,12
19_39712,Plasma_IgG,10
19_39714,unknown,14
19_39715,T_cell,11
19_39716,T_cell,11
19_39717,M1_macrophages,7
19_39718,Plasma_IgA,9
19_39722,M1_macrophages,7
19_39723,M1_macrophages,7
19_39725,CAM,1
19_39728,unknown,14
19_39729,unknown,14
19_39730,T_cell,11
19_39731,Plasma_IgG,10
19_39735,T_cell,11
19_39736,Plasma_IgA,9
19_39737,Tumor,12
19_39738,Plasma_IgG,10
19_39739,Tumor,12
19_39743,Tumor,12
19_39746,unknown,14
19_39748,M1_macrophages,7
19_39749,Germinal_Center_Plasma_IgM_B_cell,5
19_39750,Plasma_IgG,10
19_39751,CAM,1
19_39757,High_Endothelial_Venules,6
19_39761,T_cell,11
19_39762,T_cell,11
19_39763,M1_macrophages,7
19_39764,unknown,14
19_39765,High_Endothelial_Venules,6
19_39766,M1_macrophages,7
19_39767,M1_macrophages,7
19_39768,Plasma_IgG,10
19_39769,Tumor,12
19_39773,unknown,14
19_39774,unknown,14
19_39775,M1_macrophages,7
19_39776,M1_macrophages,7
19_39777,T_cell,11
19_39778,unknown,14
19_39780,Tumor,12
19_39784,M1_macrophages,7
19_39785,High_Endothelial_Venules,6
19_39786,High_Endothelial_Venules,6
19_39789,unknown,14
19_39790,M1_macrophages,7
19_39791,Plasma_IgG,10
19_39792,High_Endothelial_Venules,6
19_39795,unknown,14
19_39800,High_Endothelial_Venules,6
19_39802,High_Endothelial_Venules,6
19_39803,M1_macrophages,7
19_39804,Plasma_IgG,10
19_39805,T_cell,11
19_39806,T_cell,11
19_39807,unknown,14
19_39808,unknown,14
19_39810,M1_macrophages,7
19_39812,unknown,14
19_39813,Plasma_IgA,9
19_39814,Plasma_IgA,9
19_39815,Plasma_IgG,10
19_39818,M1_macrophages,7
19_39820,High_Endothelial_Venules,6
19_39826,T_cell,11
19_39828,unknown,14
19_39829,T_cell,11
19_39830,Plasma_IgG,10
19_39831,unknown,14
19_39832,Plasma_IgA,9
19_39834,M1_macrophages,7
19_39835,T_cell,11
19_39836,Germinal_Center_Plasma_IgM_B_cell,5
19_39838,Germinal_Center_Plasma_IgM_B_cell,5
19_39839,T_cell,11
19_39840,Tumor,12
19_39843,Germinal_Center_Plasma_IgM_B_cell,5
19_39844,Germinal_Center_Plasma_IgM_B_cell,5
19_39845,M1_macrophages,7
19_39846,unknown,14
19_39847,Plasma_IgA,9
19_39848,High_Endothelial_Venules,6
19_39849,CAM,1
19_39852,M1_macrophages,7
19_39854,M1_macrophages,7
19_39855,M1_macrophages,7
19_39856,High_Endothelial_Venules,6
19_39861,T_cell,11
19_39862,M1_macrophages,7
19_39863,M1_macrophages,7
19_39864,M1_macrophages,7
19_39867,Plasma_IgG,10
19_39868,T_cell,11
19_39870,Plasma_IgG,10
19_39872,Plasma_IgG,10
19_39873,T_cell,11
19_39874,Germinal_Center_Plasma_IgM_B_cell,5
19_39875,M1_macrophages,7
19_39882,unknown,14
19_39884,Germinal_Center_Plasma_IgM_B_cell,5
19_39885,T_cell,11
19_39886,unknown,14
19_39888,Germinal_Center_Plasma_IgM_B_cell,5
19_39890,T_cell,11
19_39891,High_Endothelial_Venules,6
19_39894,unknown,14
19_39895,Plasma_IgG,10
19_39900,T_cell,11
19_39901,High_Endothelial_Venules,6
19_39902,High_Endothelial_Venules,6
19_39903,M1_macrophages,7
19_39904,Tumor,12
19_39906,T_cell,11
19_39907,Germinal_Center_Plasma_IgM_B_cell,5
19_39909,Plasma_IgG,10
19_39912,High_Endothelial_Venules,6
19_39913,High_Endothelial_Venules,6
19_39914,unknown,14
19_39916,Plasma_IgA,9
19_39921,High_Endothelial_Venules,6
19_39922,T_cell,11
19_39923,unknown,14
19_39926,T_cell,11
19_39927,unknown,14
19_39928,M1_macrophages,7
19_39929,T_cell,11
19_39935,Plasma_IgA,9
19_39937,High_Endothelial_Venules,6
19_39939,Plasma_IgG,10
19_39943,M1_macrophages,7
19_39946,Tumor,12
19_39947,Tumor,12
19_39949,Germinal_Center_Plasma_IgM_B_cell,5
19_39952,High_Endothelial_Venules,6
19_39953,M1_macrophages,7
19_39954,T_cell,11
19_39956,Tumor,12
19_39959,T_cell,11
19_39960,T_cell,11
19_39962,unknown,14
19_39963,unknown,14
19_39964,Plasma_IgA,9
19_39966,CAM,1
19_39967,Tumor,12
19_39973,M1_macrophages,7
19_39974,Germinal_Center_Plasma_IgM_B_cell,5
19_39975,unknown,14
19_39976,CAM,1
19_39978,Germinal_Center_Plasma_IgM_B_cell,5
19_39979,M1_macrophages,7
19_39981,M1_macrophages,7
19_39982,High_Endothelial_Venules,6
19_39984,unknown,14
19_39985,Tumor,12
19_39986,Tumor,12
19_39990,unknown,14
19_39993,Plasma_IgA,9
19_39994,T_cell,11
19_39995,Tumor,12
19_39997,Tumor,12
19_39998,T_cell,11
19_39999,M1_macrophages,7
19_40000,M1_macrophages,7
19_40001,M1_macrophages,7
19_40003,High_Endothelial_Venules,6
19_40005,M1_macrophages,7
19_40006,CAM,1
19_40007,Tumor,12
19_40012,unknown,14
19_40013,unknown,14
19_40014,Tumor,12
19_40015,Tumor,12
19_40016,unknown,14
19_40017,M1_macrophages,7
19_40018,T_cell,11
19_40019,unknown,14
19_40020,Tumor,12
19_40025,High_Endothelial_Venules,6
19_40026,T_cell,11
19_40027,T_cell,11
19_40030,High_Endothelial_Venules,6
19_40031,unknown,14
19_40032,Germinal_Center_Plasma_IgM_B_cell,5
19_40034,High_Endothelial_Venules,6
19_40035,T_cell,11
19_40036,Plasma_IgA,9
19_40038,Plasma_IgG,10
19_40039,Germinal_Center_Plasma_IgM_B_cell,5
19_40040,High_Endothelial_Venules,6
19_40041,Plasma_IgA,9
19_40044,Tumor,12
19_40045,Tumor,12
19_40046,unknown,14
19_40047,unknown,14
19_40048,unknown,14
19_40049,High_Endothelial_Venules,6
19_40050,unknown,14
19_40056,unknown,14
19_40057,T_cell,11
19_40058,Plasma_IgA,9
19_40059,Plasma_IgA,9
19_40060,M1_macrophages,7
19_40061,Plasma_IgG,10
19_40062,CAM,1
19_40063,Tumor,12
19_40065,High_Endothelial_Venules,6
19_40066,unknown,14
19_40067,M1_macrophages,7
19_40068,unknown,14
19_40069,High_Endothelial_Venules,6
19_40070,High_Endothelial_Venules,6
19_40071,unknown,14
19_40077,unknown,14
19_40078,T_cell,11
19_40079,T_cell,11
19_40080,T_cell,11
19_40081,High_Endothelial_Venules,6
19_40084,T_cell,11
19_40085,Germinal_Center_Plasma_IgM_B_cell,5
19_40086,Tumor,12
19_40089,T_cell,11
19_40091,High_Endothelial_Venules,6
19_40092,Germinal_Center_Plasma_IgM_B_cell,5
19_40093,unknown,14
19_40095,Tumor,12
19_40096,Tumor,12
19_40098,T_cell,11
19_40100,M1_macrophages,7
19_40101,M1_macrophages,7
19_40102,unknown,14
19_40105,unknown,14
19_40106,High_Endothelial_Venules,6
19_40107,T_cell,11
19_40108,Germinal_Center_Plasma_IgM_B_cell,5
19_40109,Tumor,12
19_40111,T_cell,11
19_40112,Germinal_Center_Plasma_IgM_B_cell,5
19_40113,Plasma_IgG,10
19_40114,High_Endothelial_Venules,6
19_40115,High_Endothelial_Venules,6
19_40116,Germinal_Center_Plasma_IgM_B_cell,5
19_40117,CAM,1
19_40119,T_cell,11
19_40120,T_cell,11
19_40122,unknown,14
19_40123,unknown,14
19_40125,T_cell,11
19_40126,Germinal_Center_Plasma_IgM_B_cell,5
19_40129,Tumor,12
19_40132,T_cell,11
19_40133,unknown,14
19_40136,High_Endothelial_Venules,6
19_40137,High_Endothelial_Venules,6
19_40138,High_Endothelial_Venules,6
19_40141,Plasma_IgA,9
19_40142,Tumor,12
19_40143,Tumor,12
19_40147,unknown,14
19_40148,T_cell,11
19_40149,unknown,14
19_40151,Plasma_IgA,9
19_40152,Tumor,12
19_40153,Tumor,12
19_40161,M1_macrophages,7
19_40162,unknown,14
19_40163,High_Endothelial_Venules,6
19_40164,High_Endothelial_Venules,6
19_40166,Plasma_IgG,10
19_40170,unknown,14
19_40171,unknown,14
19_40172,M1_macrophages,7
19_40174,M1_macrophages,7
19_40175,Tumor,12
19_40177,T_cell,11
19_40178,Plasma_IgG,10
19_40179,Tumor,12
19_40181,T_cell,11
19_40182,Plasma_IgG,10
19_40184,Germinal_Center_Plasma_IgM_B_cell,5
19_40185,Plasma_IgA,9
19_40186,Tumor,12
19_40187,unknown,14
19_40189,M1_macrophages,7
19_40190,unknown,14
19_40192,Plasma_IgA,9
19_40193,unknown,14
19_40199,Plasma_IgA,9
19_40206,unknown,14
19_40207,M1_macrophages,7
19_40208,Plasma_IgA,9
19_40210,Tumor,12
19_40215,T_cell,11
19_40217,Plasma_IgA,9
19_40218,T_cell,11
19_40219,High_Endothelial_Venules,6
19_40220,Plasma_IgG,10
19_40223,M1_macrophages,7
19_40224,Germinal_Center_Plasma_IgM_B_cell,5
19_40225,Germinal_Center_Plasma_IgM_B_cell,5
19_40226,Germinal_Center_Plasma_IgM_B_cell,5
19_40227,M1_macrophages,7
19_40228,M1_macrophages,7
19_40229,M1_macrophages,7
19_40230,unknown,14
19_40231,High_Endothelial_Venules,6
19_40234,M1_macrophages,7
19_40235,T_cell,11
19_40236,High_Endothelial_Venules,6
19_40237,Plasma_IgG,10
19_40239,Plasma_IgG,10
19_40240,Plasma_IgG,10
19_40241,Plasma_IgG,10
19_40244,CAM,1
19_40245,Tumor,12
19_40247,unknown,14
19_40248,Plasma_IgA,9
19_40250,M1_macrophages,7
19_40251,unknown,14
19_40256,unknown,14
19_40258,unknown,14
19_40259,Plasma_IgA,9
19_40260,High_Endothelial_Venules,6
19_40261,unknown,14
19_40262,M1_macrophages,7
19_40265,CAF,0
19_40266,unknown,14
19_40267,Germinal_Center_Plasma_IgM_B_cell,5
19_40268,unknown,14
19_40269,High_Endothelial_Venules,6
19_40272,Tumor,12
19_40273,T_cell,11
19_40274,M1_macrophages,7
19_40275,M1_macrophages,7
19_40276,Plasma_IgA,9
19_40278,Germinal_Center_Plasma_IgM_B_cell,5
19_40280,unknown,14
19_40283,Germinal_Center_Plasma_IgM_B_cell,5
19_40284,M1_macrophages,7
19_40285,M1_macrophages,7
19_40286,Germinal_Center_Plasma_IgM_B_cell,5
19_40290,unknown,14
19_40291,unknown,14
19_40292,M1_macrophages,7
19_40293,M1_macrophages,7
19_40303,unknown,14
19_40304,Tumor,12
19_40307,unknown,14
19_40308,Germinal_Center_Plasma_IgM_B_cell,5
19_40309,T_cell,11
19_40315,T_cell,11
19_40316,M1_macrophages,7
19_40317,unknown,14
19_40319,Plasma_IgG,10
19_40323,T_cell,11
19_40324,High_Endothelial_Venules,6
19_40325,T_cell,11
19_40326,High_Endothelial_Venules,6
19_40327,M1_macrophages,7
19_40328,T_cell,11
19_40331,Tumor,12
19_40332,CAM,1
19_40335,Plasma_IgA,9
19_40336,unknown,14
19_40337,unknown,14
19_40339,Tumor,12
19_40343,Plasma_IgA,9
19_40344,unknown,14
19_40345,High_Endothelial_Venules,6
19_40346,unknown,14
19_40353,Plasma_IgA,9
19_40355,M1_macrophages,7
19_40356,M1_macrophages,7
19_40357,Plasma_IgG,10
19_40360,T_cell,11
19_40361,Germinal_Center_Plasma_IgM_B_cell,5
19_40362,unknown,14
19_40364,Germinal_Center_Plasma_IgM_B_cell,5
19_40365,unknown,14
19_40366,Plasma_IgA,9
19_40367,Tumor,12
19_40370,Plasma_IgA,9
19_40371,unknown,14
19_40372,unknown,14
19_40374,Plasma_IgG,10
19_40378,Plasma_IgG,10
19_40379,M1_macrophages,7
19_40383,unknown,14
19_40384,High_Endothelial_Venules,6
19_40385,High_Endothelial_Venules,6
19_40389,M1_macrophages,7
19_40390,Plasma_IgA,9
19_40394,Plasma_IgG,10
19_40396,T_cell,11
19_40398,High_Endothelial_Venules,6
19_40400,Plasma_IgA,9
19_40401,M1_macrophages,7
19_40402,Tumor,12
19_40403,Tumor,12
19_40407,Germinal_Center_Plasma_IgM_B_cell,5
19_40409,M1_macrophages,7
19_40411,T_cell,11
19_40412,High_Endothelial_Venules,6
19_40413,T_cell,11
19_40415,unknown,14
19_40416,Tumor,12
19_40417,CAM,1
19_40420,High_Endothelial_Venules,6
19_40421,unknown,14
19_40422,M1_macrophages,7
19_40425,Plasma_IgA,9
19_40427,M1_macrophages,7
19_40429,Plasma_IgA,9
19_40430,Germinal_Center_Plasma_IgM_B_cell,5
19_40432,Plasma_IgG,10
19_40437,M1_macrophages,7
19_40438,High_Endothelial_Venules,6
19_40440,Plasma_IgA,9
19_40441,M1_macrophages,7
19_40445,unknown,14
19_40446,Plasma_IgA,9
19_40448,Germinal_Center_Plasma_IgM_B_cell,5
19_40449,unknown,14
19_40450,Plasma_IgA,9
19_40452,High_Endothelial_Venules,6
19_40453,T_cell,11
19_40454,T_cell,11
19_40455,unknown,14
19_40458,Tumor,12
19_40464,unknown,14
19_40465,unknown,14
19_40466,High_Endothelial_Venules,6
19_40467,M1_macrophages,7
19_40468,High_Endothelial_Venules,6
19_40470,CAM,1
19_40471,Tumor,12
19_40472,Tumor,12
19_40477,unknown,14
19_40479,High_Endothelial_Venules,6
19_40480,Germinal_Center_Plasma_IgM_B_cell,5
19_40481,T_cell,11
19_40483,M1_macrophages,7
19_40484,T_cell,11
19_40485,unknown,14
19_40486,unknown,14
19_40488,Plasma_IgG,10
19_40495,T_cell,11
19_40496,High_Endothelial_Venules,6
19_40498,Plasma_IgG,10
19_40499,unknown,14
19_40500,High_Endothelial_Venules,6
19_40506,M1_macrophages,7
19_40507,unknown,14
19_40508,T_cell,11
19_40509,M1_macrophages,7
19_40510,T_cell,11
19_40512,Germinal_Center_Plasma_IgM_B_cell,5
19_40513,Tumor,12
19_40515,Plasma_IgA,9
19_40516,Germinal_Center_Plasma_IgM_B_cell,5
19_40517,unknown,14
19_40518,M1_macrophages,7
19_40522,Germinal_Center_Plasma_IgM_B_cell,5
19_40523,unknown,14
19_40524,Plasma_IgA,9
19_40525,Tumor,12
19_40530,High_Endothelial_Venules,6
19_40532,Plasma_IgA,9
19_40534,M1_macrophages,7
19_40535,M1_macrophages,7
19_40536,M1_macrophages,7
19_40537,Tumor,12
19_40543,T_cell,11
19_40545,Germinal_Center_Plasma_IgM_B_cell,5
19_40548,Tumor,12
19_40549,Tumor,12
19_40552,unknown,14
19_40553,unknown,14
19_40555,unknown,14
19_40556,M1_macrophages,7
19_40557,Plasma_IgG,10
19_40558,Germinal_Center_Plasma_IgM_B_cell,5
19_40559,unknown,14
19_40560,Plasma_IgG,10
19_40561,Tumor,12
19_40568,unknown,14
19_40569,unknown,14
19_40570,Plasma_IgA,9
19_40573,Germinal_Center_Plasma_IgM_B_cell,5
19_40574,unknown,14
19_40575,T_cell,11
19_40576,T_cell,11
19_40577,Tumor,12
19_40581,T_cell,11
19_40582,M1_macrophages,7
19_40583,T_cell,11
19_40584,T_cell,11
19_40585,unknown,14
19_40586,unknown,14
19_40589,Plasma_IgG,10
19_40593,unknown,14
19_40594,T_cell,11
19_40595,T_cell,11
19_40596,High_Endothelial_Venules,6
19_40597,M1_macrophages,7
19_40598,M1_macrophages,7
19_40601,Tumor,12
19_40604,High_Endothelial_Venules,6
19_40605,unknown,14
19_40606,Plasma_IgG,10
19_40609,unknown,14
19_40610,M1_macrophages,7
19_40615,M1_macrophages,7
19_40617,Plasma_IgA,9
19_40618,Plasma_IgG,10
19_40620,Plasma_IgA,9
19_40621,Germinal_Center_Plasma_IgM_B_cell,5
19_40622,T_cell,11
19_40623,T_cell,11
19_40624,M1_macrophages,7
19_40628,unknown,14
19_40629,T_cell,11
19_40630,unknown,14
19_40631,unknown,14
19_40632,Tumor,12
19_40633,Tumor,12
19_40636,unknown,14
19_40637,T_cell,11
19_40638,High_Endothelial_Venules,6
19_40640,Plasma_IgA,9
19_40641,Plasma_IgA,9
19_40643,Plasma_IgA,9
19_40647,High_Endothelial_Venules,6
19_40648,Plasma_IgA,9
19_40656,unknown,14
19_40657,unknown,14
19_40658,Germinal_Center_Plasma_IgM_B_cell,5
19_40664,T_cell,11
19_40666,Germinal_Center_Plasma_IgM_B_cell,5
19_40668,Tumor,12
19_40670,unknown,14
19_40672,unknown,14
19_40673,T_cell,11
19_40674,Plasma_IgG,10
19_40676,Plasma_IgA,9
19_40678,Tumor,12
19_40684,unknown,14
19_40687,High_Endothelial_Venules,6
19_40689,unknown,14
19_40690,Plasma_IgA,9
19_40691,High_Endothelial_Venules,6
19_40692,High_Endothelial_Venules,6
19_40693,T_cell,11
19_40695,T_cell,11
19_40696,Tumor,12
19_40699,T_cell,11
19_40700,M1_macrophages,7
19_40701,T_cell,11
19_40702,M1_macrophages,7
19_40703,Tumor,12
19_40704,Tumor,12
19_40705,Tumor,12
19_40708,unknown,14
19_40710,T_cell,11
19_40711,T_cell,11
19_40712,Germinal_Center_Plasma_IgM_B_cell,5
19_40713,unknown,14
19_40714,unknown,14
19_40720,unknown,14
19_40721,M1_macrophages,7
19_40722,unknown,14
19_40723,unknown,14
19_40725,Tumor,12
19_40727,unknown,14
19_40728,unknown,14
19_40729,M1_macrophages,7
19_40730,Germinal_Center_Plasma_IgM_B_cell,5
19_40731,T_cell,11
19_40732,Plasma_IgA,9
19_40733,Germinal_Center_Plasma_IgM_B_cell,5
19_40736,High_Endothelial_Venules,6
19_40737,High_Endothelial_Venules,6
19_40738,High_Endothelial_Venules,6
19_40740,Germinal_Center_Plasma_IgM_B_cell,5
19_40741,unknown,14
19_40742,unknown,14
19_40743,unknown,14
19_40744,T_cell,11
19_40745,Germinal_Center_Plasma_IgM_B_cell,5
19_40746,Plasma_IgG,10
19_40751,High_Endothelial_Venules,6
19_40752,Plasma_IgA,9
19_40756,High_Endothelial_Venules,6
19_40757,Plasma_IgA,9
19_40758,Tumor,12
19_40760,unknown,14
19_40761,unknown,14
19_40762,Plasma_IgG,10
19_40764,Germinal_Center_Plasma_IgM_B_cell,5
19_40765,Germinal_Center_Plasma_IgM_B_cell,5
19_40766,Tumor,12
19_40769,T_cell,11
19_40770,unknown,14
19_40771,Germinal_Center_Plasma_IgM_B_cell,5
19_40772,M1_macrophages,7
19_40773,unknown,14
19_40774,Plasma_IgA,9
19_40777,Plasma_IgG,10
19_40778,Tumor,12
19_40781,M1_macrophages,7
19_40782,unknown,14
19_40783,M1_macrophages,7
19_40784,Tumor,12
19_40785,M1_macrophages,7
19_40786,unknown,14
19_40787,Germinal_Center_Plasma_IgM_B_cell,5
19_40788,T_cell,11
19_40790,M1_macrophages,7
19_40791,Plasma_IgG,10
19_40798,M1_macrophages,7
19_40799,High_Endothelial_Venules,6
19_40801,unknown,14
19_40802,unknown,14
19_40804,Plasma_IgG,10
19_40805,Germinal_Center_Plasma_IgM_B_cell,5
19_40806,unknown,14
19_40807,Plasma_IgG,10
19_40808,Tumor,12
19_40814,unknown,14
19_40815,M1_macrophages,7
19_40816,T_cell,11
19_40817,Plasma_IgA,9
19_40818,Tumor,12
19_40822,High_Endothelial_Venules,6
19_40824,M1_macrophages,7
19_40825,unknown,14
19_40829,Plasma_IgG,10
19_40830,Tumor,12
19_40834,High_Endothelial_Venules,6
19_40835,unknown,14
19_40836,Germinal_Center_Plasma_IgM_B_cell,5
19_40837,unknown,14
19_40842,unknown,14
19_40844,M1_macrophages,7
19_40845,T_cell,11
19_40846,T_cell,11
19_40847,T_cell,11
19_40849,M1_macrophages,7
19_40854,unknown,14
19_40855,M1_macrophages,7
19_40856,Plasma_IgG,10
19_40860,T_cell,11
19_40861,M1_macrophages,7
19_40862,unknown,14
19_40864,unknown,14
19_40865,High_Endothelial_Venules,6
19_40866,Germinal_Center_Plasma_IgM_B_cell,5
19_40867,Plasma_IgG,10
19_40869,Plasma_IgA,9
19_40870,Germinal_Center_Plasma_IgM_B_cell,5
19_40871,High_Endothelial_Venules,6
19_40875,Plasma_IgG,10
19_40876,High_Endothelial_Venules,6
19_40877,Tumor,12
19_40880,unknown,14
19_40886,M1_macrophages,7
19_40888,unknown,14
19_40889,Tumor,12
19_40891,T_cell,11
19_40892,T_cell,11
19_40893,Plasma_IgG,10
19_40895,High_Endothelial_Venules,6
19_40896,Germinal_Center_Plasma_IgM_B_cell,5
19_40897,unknown,14
19_40898,unknown,14
19_40902,unknown,14
19_40904,Plasma_IgG,10
19_40905,Tumor,12
19_40907,T_cell,11
19_40909,unknown,14
19_40912,Plasma_IgG,10
19_40918,Germinal_Center_Plasma_IgM_B_cell,5
19_40924,unknown,14
19_40925,unknown,14
19_40927,Germinal_Center_Plasma_IgM_B_cell,5
19_40936,Plasma_IgG,10
19_40937,High_Endothelial_Venules,6
19_40938,T_cell,11
19_40939,Plasma_IgA,9
19_40940,Plasma_IgA,9
19_40941,M1_macrophages,7
19_40942,Germinal_Center_Plasma_IgM_B_cell,5
19_40943,Germinal_Center_Plasma_IgM_B_cell,5
19_40944,Tumor,12
19_40947,M1_macrophages,7
19_40949,unknown,14
19_40950,T_cell,11
19_40951,High_Endothelial_Venules,6
19_40952,Plasma_IgG,10
19_40959,M1_macrophages,7
19_40960,Plasma_IgG,10
19_40961,Plasma_IgA,9
19_40962,Plasma_IgG,10
19_40963,High_Endothelial_Venules,6
19_40964,Plasma_IgG,10
19_40966,T_cell,11
19_40967,T_cell,11
19_40969,unknown,14
19_40970,T_cell,11
19_40971,T_cell,11
19_40972,Plasma_IgA,9
19_40973,Tumor,12
19_40978,M1_macrophages,7
19_40982,unknown,14
19_40983,Germinal_Center_Plasma_IgM_B_cell,5
19_40984,Tumor,12
19_40987,unknown,14
19_40991,unknown,14
19_40993,M1_macrophages,7
19_40994,M1_macrophages,7
19_40995,Plasma_IgG,10
19_40997,M1_macrophages,7
19_40998,Germinal_Center_Plasma_IgM_B_cell,5
19_40999,Germinal_Center_Plasma_IgM_B_cell,5
19_41000,M1_macrophages,7
19_41001,Plasma_IgG,10
19_41004,unknown,14
19_41006,High_Endothelial_Venules,6
19_41009,Germinal_Center_Plasma_IgM_B_cell,5
19_41010,High_Endothelial_Venules,6
19_41011,Tumor,12
19_41012,unknown,14
19_41013,T_cell,11
19_41017,Germinal_Center_Plasma_IgM_B_cell,5
19_41018,M1_macrophages,7
19_41019,unknown,14
19_41020,Plasma_IgG,10
19_41021,Tumor,12
19_41025,T_cell,11
19_41027,M1_macrophages,7
19_41028,M1_macrophages,7
19_41029,unknown,14
19_41032,Tumor,12
19_41034,unknown,14
19_41035,unknown,14
19_41036,High_Endothelial_Venules,6
19_41037,High_Endothelial_Venules,6
19_41039,T_cell,11
19_41040,Tumor,12
19_41043,High_Endothelial_Venules,6
19_41044,T_cell,11
19_41045,unknown,14
19_41046,Germinal_Center_Plasma_IgM_B_cell,5
19_41047,High_Endothelial_Venules,6
19_41048,High_Endothelial_Venules,6
19_41049,High_Endothelial_Venules,6
19_41050,Tumor,12
19_41052,unknown,14
19_41054,unknown,14
19_41061,Tumor,12
19_41062,unknown,14
19_41063,T_cell,11
19_41064,unknown,14
19_41065,unknown,14
19_41071,unknown,14
19_41072,T_cell,11
19_41075,CAM,1
19_41076,M1_macrophages,7
19_41077,High_Endothelial_Venules,6
19_41079,Germinal_Center_Plasma_IgM_B_cell,5
19_41080,T_cell,11
19_41081,unknown,14
19_41082,Germinal_Center_Plasma_IgM_B_cell,5
19_41083,Germinal_Center_Plasma_IgM_B_cell,5
19_41085,T_cell,11
19_41086,Plasma_IgA,9
19_41087,M1_macrophages,7
19_41088,T_cell,11
19_41089,High_Endothelial_Venules,6
19_41090,High_Endothelial_Venules,6
19_41091,Plasma_IgG,10
19_41092,Plasma_IgG,10
19_41093,unknown,14
19_41095,Germinal_Center_Plasma_IgM_B_cell,5
19_41096,Plasma_IgG,10
19_41098,Tumor,12
19_41101,T_cell,11
19_41102,High_Endothelial_Venules,6
19_41105,M1_macrophages,7
19_41106,unknown,14
19_41107,unknown,14
19_41108,unknown,14
19_41109,unknown,14
19_41110,Germinal_Center_Plasma_IgM_B_cell,5
19_41114,T_cell,11
19_41115,Plasma_IgG,10
19_41116,T_cell,11
19_41117,unknown,14
19_41118,T_cell,11
19_41119,High_Endothelial_Venules,6
19_41120,unknown,14
19_41121,High_Endothelial_Venules,6
19_41122,Tumor,12
19_41125,Plasma_IgA,9
19_41127,Germinal_Center_Plasma_IgM_B_cell,5
19_41131,T_cell,11
19_41132,unknown,14
19_41133,T_cell,11
19_41134,T_cell,11
19_41142,unknown,14
19_41143,CAM,1
19_41144,Plasma_IgG,10
19_41146,unknown,14
19_41147,unknown,14
19_41148,Plasma_IgG,10
19_41149,T_cell,11
19_41152,unknown,14
19_41153,M1_macrophages,7
19_41154,Germinal_Center_Plasma_IgM_B_cell,5
19_41157,unknown,14
19_41159,T_cell,11
19_41160,Tumor,12
19_41161,Tumor,12
19_41164,M1_macrophages,7
19_41166,T_cell,11
19_41170,Plasma_IgG,10
19_41171,Plasma_IgG,10
19_41172,Tumor,12
19_41174,unknown,14
19_41175,unknown,14
19_41177,Plasma_IgG,10
19_41178,Plasma_IgG,10
19_41179,M1_macrophages,7
19_41181,High_Endothelial_Venules,6
19_41183,High_Endothelial_Venules,6
19_41186,Germinal_Center_Plasma_IgM_B_cell,5
19_41189,High_Endothelial_Venules,6
19_41190,unknown,14
19_41195,T_cell,11
19_41196,M1_macrophages,7
19_41198,High_Endothelial_Venules,6
19_41199,unknown,14
19_41200,Plasma_IgG,10
19_41201,Cytotoxic_IFN_signaling,3
19_41202,Plasma_IgA,9
19_41204,Plasma_IgG,10
19_41208,unknown,14
19_41209,unknown,14
19_41212,M1_macrophages,7
19_41213,Germinal_Center_Plasma_IgM_B_cell,5
19_41214,High_Endothelial_Venules,6
19_41215,Tumor,12
19_41222,M1_macrophages,7
19_41225,M1_macrophages,7
19_41226,unknown,14
19_41227,Plasma_IgG,10
19_41230,Germinal_Center_Plasma_IgM_B_cell,5
19_41231,Plasma_IgG,10
19_41232,Plasma_IgG,10
19_41233,Plasma_IgG,10
19_41235,T_cell,11
19_41237,unknown,14
19_41239,unknown,14
19_41241,T_cell,11
19_41242,Germinal_Center_Plasma_IgM_B_cell,5
19_41244,High_Endothelial_Venules,6
19_41246,Tumor,12
19_41252,unknown,14
19_41253,M1_macrophages,7
19_41254,Plasma_IgG,10
19_41255,T_cell,11
19_41257,unknown,14
19_41258,Plasma_IgG,10
19_41259,CAM,1
19_41261,M1_macrophages,7
19_41262,High_Endothelial_Venules,6
19_41263,unknown,14
19_41265,Tumor,12
19_41266,CAM,1
19_41270,Germinal_Center_Plasma_IgM_B_cell,5
19_41271,High_Endothelial_Venules,6
19_41272,unknown,14
19_41273,unknown,14
19_41279,unknown,14
19_41281,Tumor,12
19_41283,Plasma_IgA,9
19_41285,unknown,14
19_41286,Plasma_IgG,10
19_41287,High_Endothelial_Venules,6
19_41288,unknown,14
19_41289,Germinal_Center_Plasma_IgM_B_cell,5
19_41290,Plasma_IgG,10
19_41292,T_cell,11
19_41295,Plasma_IgG,10
19_41296,Germinal_Center_Plasma_IgM_B_cell,5
19_41297,Tumor,12
19_41298,Tumor,12
19_41305,M1_macrophages,7
19_41306,Germinal_Center_Plasma_IgM_B_cell,5
19_41307,T_cell,11
19_41308,M1_macrophages,7
19_41310,Tumor,12
19_41313,T_cell,11
19_41315,unknown,14
19_41316,T_cell,11
19_41317,High_Endothelial_Venules,6
19_41318,T_cell,11
19_41319,M1_macrophages,7
19_41320,Plasma_IgA,9
19_41321,M1_macrophages,7
19_41326,High_Endothelial_Venules,6
19_41329,Germinal_Center_Plasma_IgM_B_cell,5
19_41330,Tumor,12
19_41331,Tumor,12
19_41333,High_Endothelial_Venules,6
19_41334,Plasma_IgA,9
19_41335,T_cell,11
19_41336,unknown,14
19_41337,unknown,14
19_41340,Plasma_IgG,10
19_41341,CAM,1
19_41345,M1_macrophages,7
19_41346,unknown,14
19_41348,Plasma_IgA,9
19_41352,Tumor,12
19_41356,T_cell,11
19_41357,unknown,14
19_41359,M1_macrophages,7
19_41361,Plasma_IgG,10
19_41364,unknown,14
19_41368,Plasma_IgG,10
19_41373,M1_macrophages,7
19_41374,unknown,14
19_41375,T_cell,11
19_41376,T_cell,11
19_41377,High_Endothelial_Venules,6
19_41378,unknown,14
19_41379,unknown,14
19_41380,Germinal_Center_Plasma_IgM_B_cell,5
19_41382,Plasma_IgG,10
19_41383,Tumor,12
19_41384,Tumor,12
19_41385,Tumor,12
19_41386,Tumor,12
19_41389,unknown,14
19_41390,Plasma_IgG,10
19_41391,Plasma_IgG,10
19_41393,unknown,14
19_41394,High_Endothelial_Venules,6
19_41395,Plasma_IgG,10
19_41396,Tumor,12
19_41397,Tumor,12
19_41398,Tumor,12
19_41401,M1_macrophages,7
19_41404,unknown,14
19_41405,Germinal_Center_Plasma_IgM_B_cell,5
19_41413,T_cell,11
19_41414,High_Endothelial_Venules,6
19_41415,High_Endothelial_Venules,6
19_41416,M1_macrophages,7
19_41417,Plasma_IgG,10
19_41418,M1_macrophages,7
19_41420,Germinal_Center_Plasma_IgM_B_cell,5
19_41421,Plasma_IgA,9
19_41422,Tumor,12
19_41423,Tumor,12
19_41426,M1_macrophages,7
19_41427,unknown,14
19_41429,Tumor,12
19_41430,Tumor,12
19_41433,unknown,14
19_41435,M1_macrophages,7
19_41436,High_Endothelial_Venules,6
19_41437,unknown,14
19_41439,Germinal_Center_Plasma_IgM_B_cell,5
19_41441,M1_macrophages,7
19_41442,Germinal_Center_Plasma_IgM_B_cell,5
19_41443,T_cell,11
19_41444,Plasma_IgG,10
19_41446,M1_macrophages,7
19_41450,unknown,14
19_41451,unknown,14
19_41452,unknown,14
19_41454,unknown,14
19_41455,High_Endothelial_Venules,6
19_41459,Tumor,12
19_41468,Plasma_IgA,9
19_41470,T_cell,11
19_41471,Germinal_Center_Plasma_IgM_B_cell,5
19_41472,M1_macrophages,7
19_41473,unknown,14
19_41475,Tumor,12
19_41476,unknown,14
19_41478,M1_macrophages,7
19_41480,Plasma_IgG,10
19_41487,unknown,14
19_41488,Germinal_Center_Plasma_IgM_B_cell,5
19_41490,Plasma_IgG,10
19_41493,Germinal_Center_Plasma_IgM_B_cell,5
19_41494,Germinal_Center_Plasma_IgM_B_cell,5
19_41495,M1_macrophages,7
19_41498,unknown,14
19_41499,Germinal_Center_Plasma_IgM_B_cell,5
19_41500,T_cell,11
19_41502,unknown,14
19_41503,M1_macrophages,7
19_41504,unknown,14
19_41506,unknown,14
19_41507,Tumor,12
19_41510,unknown,14
19_41512,Plasma_IgA,9
19_41513,unknown,14
19_41514,Plasma_IgG,10
19_41515,Germinal_Center_Plasma_IgM_B_cell,5
19_41520,T_cell,11
19_41522,unknown,14
19_41524,Germinal_Center_Plasma_IgM_B_cell,5
19_41527,unknown,14
19_41528,M1_macrophages,7
19_41529,CAM,1
19_41532,High_Endothelial_Venules,6
19_41533,Plasma_IgG,10
19_41539,unknown,14
19_41540,T_cell,11
19_41541,unknown,14
19_41542,High_Endothelial_Venules,6
19_41543,Cortex_CCL21,2
19_41544,Germinal_Center_Plasma_IgM_B_cell,5
19_41545,Plasma_IgG,10
19_41547,Germinal_Center_Plasma_IgM_B_cell,5
19_41548,T_cell,11
19_41550,Germinal_Center_Plasma_IgM_B_cell,5
19_41551,Tumor,12
19_41552,Tumor,12
19_41553,Tumor,12
19_41554,T_cell,11
19_41555,unknown,14
19_41558,M1_macrophages,7
19_41560,Plasma_IgG,10
19_41562,T_cell,11
19_41563,High_Endothelial_Venules,6
19_41564,Germinal_Center_Plasma_IgM_B_cell,5
19_41565,Plasma_IgG,10
19_41566,M1_macrophages,7
19_41567,Germinal_Center_Plasma_IgM_B_cell,5
19_41570,unknown,14
19_41572,Germinal_Center_Plasma_IgM_B_cell,5
19_41573,Germinal_Center_Plasma_IgM_B_cell,5
19_41574,Germinal_Center_Plasma_IgM_B_cell,5
19_41575,unknown,14
19_41582,unknown,14
19_41583,M1_macrophages,7
19_41584,Plasma_IgG,10
19_41586,M1_macrophages,7
19_41588,unknown,14
19_41590,Tumor,12
19_41591,Tumor,12
19_41600,Germinal_Center_Plasma_IgM_B_cell,5
19_41603,Germinal_Center_Plasma_IgM_B_cell,5
19_41604,unknown,14
19_41605,High_Endothelial_Venules,6
19_41607,M1_macrophages,7
19_41609,CAM,1
19_41613,High_Endothelial_Venules,6
19_41616,unknown,14
19_41618,Germinal_Center_Plasma_IgM_B_cell,5
19_41619,Germinal_Center_Plasma_IgM_B_cell,5
19_41622,M1_macrophages,7
19_41623,Plasma_IgG,10
19_41624,Tumor,12
19_41625,Tumor,12
19_41630,unknown,14
19_41631,unknown,14
19_41632,High_Endothelial_Venules,6
19_41635,Germinal_Center_Plasma_IgM_B_cell,5
19_41636,Germinal_Center_Plasma_IgM_B_cell,5
19_41637,Plasma_IgA,9
19_41640,unknown,14
19_41641,Plasma_IgA,9
19_41642,unknown,14
19_41643,Tumor,12
19_41644,Tumor,12
19_41645,Tumor,12
19_41649,High_Endothelial_Venules,6
19_41650,Plasma_IgA,9
19_41651,Tumor,12
19_41658,T_cell,11
19_41661,M1_macrophages,7
19_41662,M1_macrophages,7
19_41664,Plasma_IgG,10
19_41665,Plasma_IgG,10
19_41667,Germinal_Center_Plasma_IgM_B_cell,5
19_41669,Plasma_IgG,10
19_41670,Tumor,12
19_41672,unknown,14
19_41673,Germinal_Center_Plasma_IgM_B_cell,5
19_41674,unknown,14
19_41675,unknown,14
19_41679,M1_macrophages,7
19_41680,Plasma_IgG,10
19_41684,Plasma_IgA,9
19_41685,T_cell,11
19_41686,M1_macrophages,7
19_41687,CAM,1
19_41689,Germinal_Center_Plasma_IgM_B_cell,5
19_41690,unknown,14
19_41691,unknown,14
19_41692,T_cell,11
19_41693,unknown,14
19_41694,T_cell,11
19_41695,unknown,14
19_41698,Tumor,12
19_41704,T_cell,11
19_41705,T_cell,11
19_41706,unknown,14
19_41708,Plasma_IgA,9
19_41709,Tumor,12
19_41710,Plasma_IgG,10
19_41711,T_cell,11
19_41712,unknown,14
19_41713,Plasma_IgG,10
19_41714,unknown,14
19_41721,unknown,14
19_41722,T_cell,11
19_41723,unknown,14
19_41725,Cytotoxic_IFN_signaling,3
19_41727,CAM,1
19_41729,unknown,14
19_41730,T_cell,11
19_41735,unknown,14
19_41736,unknown,14
19_41739,Germinal_Center_Plasma_IgM_B_cell,5
19_41741,T_cell,11
19_41742,M1_macrophages,7
19_41743,unknown,14
19_41744,Germinal_Center_Plasma_IgM_B_cell,5
19_41746,unknown,14
19_41747,Plasma_IgA,9
19_41748,M1_macrophages,7
19_41756,T_cell,11
19_41757,unknown,14
19_41758,unknown,14
19_41759,Plasma_IgA,9
19_41760,Macrophages,8
19_41761,Plasma_IgA,9
19_41762,Germinal_Center_Plasma_IgM_B_cell,5
19_41766,unknown,14
19_41767,Germinal_Center_Plasma_IgM_B_cell,5
19_41770,Plasma_IgG,10
19_41771,Tumor,12
19_41772,Tumor,12
19_41777,High_Endothelial_Venules,6
19_41780,unknown,14
19_41781,Plasma_IgG,10
19_41782,Germinal_Center_Plasma_IgM_B_cell,5
19_41783,M1_macrophages,7
19_41784,M1_macrophages,7
19_41785,Germinal_Center_Plasma_IgM_B_cell,5
19_41788,Germinal_Center_Plasma_IgM_B_cell,5
19_41790,Germinal_Center_Plasma_IgM_B_cell,5
19_41796,Germinal_Center_Plasma_IgM_B_cell,5
19_41798,Plasma_IgG,10
19_41799,T_cell,11
19_41800,Germinal_Center_Plasma_IgM_B_cell,5
19_41805,M1_macrophages,7
19_41806,High_Endothelial_Venules,6
19_41807,T_cell,11
19_41809,M1_macrophages,7
19_41810,unknown,14
19_41812,Plasma_IgA,9
19_41813,T_cell,11
19_41814,unknown,14
19_41815,M1_macrophages,7
19_41817,Germinal_Center_Plasma_IgM_B_cell,5
19_41822,T_cell,11
19_41823,T_cell,11
19_41824,T_cell,11
19_41825,Germinal_Center_Plasma_IgM_B_cell,5
19_41826,Germinal_Center_Plasma_IgM_B_cell,5
19_41827,Plasma_IgG,10
19_41828,Plasma_IgG,10
19_41829,Tumor,12
19_41835,unknown,14
19_41836,Germinal_Center_Plasma_IgM_B_cell,5
19_41838,Plasma_IgA,9
19_41839,Plasma_IgG,10
19_41840,Tumor,12
19_41846,unknown,14
19_41847,unknown,14
19_41848,Germinal_Center_Plasma_IgM_B_cell,5
19_41850,Germinal_Center_Plasma_IgM_B_cell,5
19_41851,Germinal_Center_Plasma_IgM_B_cell,5
19_41852,Plasma_IgG,10
19_41853,Tumor,12
19_41859,unknown,14
19_41860,Plasma_IgG,10
19_41861,T_cell,11
19_41863,High_Endothelial_Venules,6
19_41864,unknown,14
19_41866,M1_macrophages,7
19_41867,Plasma_IgG,10
19_41868,T_cell,11
19_41871,Plasma_IgG,10
19_41876,M1_macrophages,7
19_41877,Germinal_Center_Plasma_IgM_B_cell,5
19_41878,M1_macrophages,7
19_41880,unknown,14
19_41881,Plasma_IgG,10
19_41882,Germinal_Center_Plasma_IgM_B_cell,5
19_41885,Plasma_IgG,10
19_41889,unknown,14
19_41890,unknown,14
19_41891,T_cell,11
19_41892,T_cell,11
19_41893,T_cell,11
19_41894,M1_macrophages,7
19_41895,Plasma_IgG,10
19_41896,unknown,14
19_41897,Germinal_Center_Plasma_IgM_B_cell,5
19_41899,unknown,14
19_41900,Tumor,12
19_41902,Plasma_IgG,10
19_41903,unknown,14
19_41904,T_cell,11
19_41905,Cytotoxic_IFN_signaling,3
19_41909,T_cell,11
19_41912,unknown,14
19_41914,Germinal_Center_Plasma_IgM_B_cell,5
19_41917,Tumor,12
19_41918,CAM,1
19_41919,Tumor,12
19_41921,Germinal_Center_Plasma_IgM_B_cell,5
19_41922,unknown,14
19_41923,M1_macrophages,7
19_41925,Germinal_Center_Plasma_IgM_B_cell,5
19_41926,CAM,1
19_41929,Plasma_IgG,10
19_41930,Germinal_Center_Plasma_IgM_B_cell,5
19_41933,Germinal_Center_Plasma_IgM_B_cell,5
19_41934,High_Endothelial_Venules,6
19_41935,M1_macrophages,7
19_41939,Germinal_Center_Plasma_IgM_B_cell,5
19_41941,Plasma_IgG,10
19_41942,Tumor,12
19_41943,T_cell,11
19_41944,T_cell,11
19_41945,unknown,14
19_41947,M1_macrophages,7
19_41948,High_Endothelial_Venules,6
19_41949,High_Endothelial_Venules,6
19_41950,Tumor,12
19_41952,unknown,14
19_41953,Plasma_IgG,10
19_41954,T_cell,11
19_41956,unknown,14
19_41959,T_cell,11
19_41960,unknown,14
19_41961,unknown,14
19_41962,Plasma_IgG,10
19_41963,M1_macrophages,7
19_41967,unknown,14
19_41968,M1_macrophages,7
19_41970,T_cell,11
19_41971,M1_macrophages,7
19_41972,unknown,14
19_41974,Germinal_Center_Plasma_IgM_B_cell,5
19_41975,Plasma_IgA,9
19_41976,Plasma_IgG,10
19_41979,unknown,14
19_41981,unknown,14
19_41982,Plasma_IgG,10
19_41983,High_Endothelial_Venules,6
19_41984,M1_macrophages,7
19_41988,unknown,14
19_41989,unknown,14
19_41991,Germinal_Center_Plasma_IgM_B_cell,5
19_41992,Tumor,12
19_41995,unknown,14
19_41996,Plasma_IgG,10
19_41997,unknown,14
19_41999,Plasma_IgG,10
19_42000,Tumor,12
19_42002,Plasma_IgA,9
19_42003,unknown,14
19_42004,unknown,14
19_42006,Plasma_IgG,10
19_42008,Plasma_IgA,9
19_42012,Plasma_IgG,10
19_42013,M1_macrophages,7
19_42015,Germinal_Center_Plasma_IgM_B_cell,5
19_42016,Plasma_IgA,9
19_42018,Tumor,12
19_42020,unknown,14
19_42021,T_cell,11
19_42022,Plasma_IgA,9
19_42023,T_cell,11
19_42024,High_Endothelial_Venules,6
19_42025,Germinal_Center_Plasma_IgM_B_cell,5
19_42026,T_cell,11
19_42027,Tumor,12
19_42033,Germinal_Center_Plasma_IgM_B_cell,5
19_42039,unknown,14
19_42040,unknown,14
19_42043,M1_macrophages,7
19_42044,Plasma_IgA,9
19_42046,Tumor,12
19_42049,T_cell,11
19_42051,T_cell,11
19_42052,unknown,14
19_42054,unknown,14
19_42058,unknown,14
19_42059,unknown,14
19_42061,M1_macrophages,7
19_42063,Tumor,12
19_42065,High_Endothelial_Venules,6
19_42066,unknown,14
19_42067,T_cell,11
19_42069,Germinal_Center_Plasma_IgM_B_cell,5
19_42070,Plasma_IgG,10
19_42071,Tumor,12
19_42073,unknown,14
19_42074,High_Endothelial_Venules,6
19_42075,Germinal_Center_Plasma_IgM_B_cell,5
19_42076,T_cell,11
19_42077,Plasma_IgA,9
19_42084,unknown,14
19_42086,unknown,14
19_42087,M1_macrophages,7
19_42088,Plasma_IgA,9
19_42090,Germinal_Center_Plasma_IgM_B_cell,5
19_42091,Germinal_Center_Plasma_IgM_B_cell,5
19_42092,unknown,14
19_42093,T_cell,11
19_42095,Plasma_IgG,10
19_42097,Tumor,12
19_42098,Tumor,12
19_42099,Tumor,12
19_42101,T_cell,11
19_42102,unknown,14
19_42103,Germinal_Center_Plasma_IgM_B_cell,5
19_42104,Plasma_IgG,10
19_42105,Germinal_Center_Plasma_IgM_B_cell,5
19_42109,Germinal_Center_Plasma_IgM_B_cell,5
19_42111,M1_macrophages,7
19_42112,M1_macrophages,7
19_42116,unknown,14
19_42119,T_cell,11
19_42121,T_cell,11
19_42122,High_Endothelial_Venules,6
19_42123,T_cell,11
19_42124,Plasma_IgG,10
19_42126,Plasma_IgA,9
19_42128,unknown,14
19_42129,unknown,14
19_42131,unknown,14
19_42133,M1_macrophages,7
19_42134,T_cell,11
19_42139,High_Endothelial_Venules,6
19_42140,unknown,14
19_42141,Germinal_Center_Plasma_IgM_B_cell,5
19_42142,High_Endothelial_Venules,6
19_42147,unknown,14
19_42148,M1_macrophages,7
19_42149,High_Endothelial_Venules,6
19_42150,unknown,14
19_42151,Germinal_Center_Plasma_IgM_B_cell,5
19_42152,High_Endothelial_Venules,6
19_42155,T_cell,11
19_42156,unknown,14
19_42158,Germinal_Center_Plasma_IgM_B_cell,5
19_42159,Tumor,12
19_42161,unknown,14
19_42163,unknown,14
19_42164,unknown,14
19_42165,Germinal_Center_Plasma_IgM_B_cell,5
19_42168,M1_macrophages,7
19_42169,Tumor,12
19_42170,M1_macrophages,7
19_42171,Tumor,12
19_42176,unknown,14
19_42178,unknown,14
19_42179,M1_macrophages,7
19_42180,T_cell,11
19_42181,M1_macrophages,7
19_42182,Plasma_IgG,10
19_42184,Germinal_Center_Plasma_IgM_B_cell,5
19_42185,Germinal_Center_Plasma_IgM_B_cell,5
19_42186,Germinal_Center_Plasma_IgM_B_cell,5
19_42187,unknown,14
19_42188,High_Endothelial_Venules,6
19_42191,unknown,14
19_42192,unknown,14
19_42193,unknown,14
19_42194,Germinal_Center_Plasma_IgM_B_cell,5
19_42195,Tumor,12
19_42196,Tumor,12
19_42197,Tumor,12
19_42201,Germinal_Center_Plasma_IgM_B_cell,5
19_42202,unknown,14
19_42203,unknown,14
19_42206,Plasma_IgG,10
19_42208,Tumor,12
19_42210,T_cell,11
19_42211,unknown,14
19_42212,M1_macrophages,7
19_42213,Macrophages,8
19_42214,T_cell,11
19_42215,Plasma_IgG,10
19_42216,Tumor,12
19_42222,M1_macrophages,7
19_42224,Plasma_IgG,10
19_42225,Plasma_IgG,10
19_42226,unknown,14
19_42229,T_cell,11
19_42230,Plasma_IgG,10
19_42232,Plasma_IgA,9
19_42233,Germinal_Center_Plasma_IgM_B_cell,5
19_42234,High_Endothelial_Venules,6
19_42235,Tumor,12
19_42237,T_cell,11
19_42238,Germinal_Center_Plasma_IgM_B_cell,5
19_42241,High_Endothelial_Venules,6
19_42242,Tumor,12
19_42243,CAM,1
19_42245,unknown,14
19_42246,T_cell,11
19_42252,T_cell,11
19_42255,High_Endothelial_Venules,6
19_42256,High_Endothelial_Venules,6
19_42257,Plasma_IgG,10
19_42258,Germinal_Center_Plasma_IgM_B_cell,5
19_42259,M1_macrophages,7
19_42261,unknown,14
19_42262,Germinal_Center_Plasma_IgM_B_cell,5
19_42266,Germinal_Center_Plasma_IgM_B_cell,5
19_42268,Germinal_Center_Plasma_IgM_B_cell,5
19_42271,CAM,1
19_42272,Tumor,12
19_42274,unknown,14
19_42275,unknown,14
19_42277,M1_macrophages,7
19_42278,unknown,14
19_42279,unknown,14
19_42280,unknown,14
19_42281,T_cell,11
19_42283,High_Endothelial_Venules,6
19_42284,T_cell,11
19_42285,M1_macrophages,7
19_42286,Germinal_Center_Plasma_IgM_B_cell,5
19_42287,Germinal_Center_Plasma_IgM_B_cell,5
19_42291,T_cell,11
19_42292,unknown,14
19_42293,T_cell,11
19_42295,unknown,14
19_42296,Plasma_IgA,9
19_42298,unknown,14
19_42299,unknown,14
19_42301,Plasma_IgG,10
19_42302,M1_macrophages,7
19_42305,T_cell,11
19_42306,unknown,14
19_42308,unknown,14
19_42310,unknown,14
19_42311,M1_macrophages,7
19_42312,M1_macrophages,7
19_42313,Germinal_Center_Plasma_IgM_B_cell,5
19_42314,High_Endothelial_Venules,6
19_42315,Tumor,12
19_42316,CAM,1
19_42321,unknown,14
19_42325,T_cell,11
19_42326,unknown,14
19_42327,M1_macrophages,7
19_42328,unknown,14
19_42329,M1_macrophages,7
19_42331,Germinal_Center_Plasma_IgM_B_cell,5
19_42332,Tumor,12
19_42334,T_cell,11
19_42335,High_Endothelial_Venules,6
19_42337,T_cell,11
19_42338,unknown,14
19_42339,unknown,14
19_42340,unknown,14
19_42341,unknown,14
19_42342,unknown,14
19_42344,unknown,14
19_42346,unknown,14
19_42347,unknown,14
19_42348,unknown,14
19_42349,Plasma_IgA,9
19_42350,unknown,14
19_42352,Tumor,12
19_42357,Plasma_IgA,9
19_42358,unknown,14
19_42359,unknown,14
19_42361,Germinal_Center_Plasma_IgM_B_cell,5
19_42362,Germinal_Center_Plasma_IgM_B_cell,5
19_42364,Germinal_Center_Plasma_IgM_B_cell,5
19_42365,M1_macrophages,7
19_42366,T_cell,11
19_42369,Germinal_Center_Plasma_IgM_B_cell,5
19_42371,Germinal_Center_Plasma_IgM_B_cell,5
19_42376,M1_macrophages,7
19_42377,M1_macrophages,7
19_42378,unknown,14
19_42379,Germinal_Center_Plasma_IgM_B_cell,5
19_42384,T_cell,11
19_42385,High_Endothelial_Venules,6
19_42386,unknown,14
19_42387,Germinal_Center_Plasma_IgM_B_cell,5
19_42388,Plasma_IgG,10
19_42389,Plasma_IgA,9
19_42391,M1_macrophages,7
19_42392,Plasma_IgG,10
19_42394,Tumor,12
19_42405,Plasma_IgG,10
19_42406,M1_macrophages,7
19_42407,Germinal_Center_Plasma_IgM_B_cell,5
19_42408,High_Endothelial_Venules,6
19_42410,Tumor,12
19_42413,M1_macrophages,7
19_42414,M1_macrophages,7
19_42415,T_cell,11
19_42416,Plasma_IgG,10
19_42418,unknown,14
19_42419,Germinal_Center_Plasma_IgM_B_cell,5
19_42421,CAM,1
19_42422,unknown,14
19_42425,T_cell,11
19_42426,Germinal_Center_Plasma_IgM_B_cell,5
19_42427,unknown,14
19_42428,Germinal_Center_Plasma_IgM_B_cell,5
19_42430,Plasma_IgG,10
19_42431,Plasma_IgG,10
19_42432,Tumor,12
19_42434,unknown,14
19_42436,Plasma_IgG,10
19_42437,Tumor,12
19_42440,unknown,14
19_42442,High_Endothelial_Venules,6
19_42444,Germinal_Center_Plasma_IgM_B_cell,5
19_42445,Plasma_IgA,9
19_42448,unknown,14
19_42449,unknown,14
19_42450,unknown,14
19_42454,Tumor,12
19_42460,unknown,14
19_42462,Germinal_Center_Plasma_IgM_B_cell,5
19_42463,unknown,14
19_42464,Tumor,12
19_42466,M1_macrophages,7
19_42467,T_cell,11
19_42468,unknown,14
19_42469,unknown,14
19_42470,unknown,14
19_42471,Tumor,12
19_42474,Germinal_Center_Plasma_IgM_B_cell,5
19_42475,unknown,14
19_42479,CAM,1
19_42482,unknown,14
19_42484,High_Endothelial_Venules,6
19_42485,Germinal_Center_Plasma_IgM_B_cell,5
19_42486,Germinal_Center_Plasma_IgM_B_cell,5
19_42490,unknown,14
19_42492,High_Endothelial_Venules,6
19_42494,unknown,14
19_42495,unknown,14
19_42497,unknown,14
19_42498,unknown,14
19_42500,Germinal_Center_Plasma_IgM_B_cell,5
19_42501,Plasma_IgG,10
19_42506,Germinal_Center_Plasma_IgM_B_cell,5
19_42507,unknown,14
19_42508,Germinal_Center_Plasma_IgM_B_cell,5
19_42509,M1_macrophages,7
19_42511,Germinal_Center_Plasma_IgM_B_cell,5
19_42513,Plasma_IgG,10
19_42515,M1_macrophages,7
19_42516,unknown,14
19_42517,M1_macrophages,7
19_42518,unknown,14
19_42519,High_Endothelial_Venules,6
19_42523,High_Endothelial_Venules,6
19_42524,High_Endothelial_Venules,6
19_42525,Plasma_IgA,9
19_42526,Tumor,12
19_42531,unknown,14
19_42533,High_Endothelial_Venules,6
19_42534,T_cell,11
19_42535,High_Endothelial_Venules,6
19_42536,unknown,14
19_42539,unknown,14
19_42540,Plasma_IgG,10
19_42543,High_Endothelial_Venules,6
19_42546,High_Endothelial_Venules,6
19_42547,Tumor,12
19_42551,M1_macrophages,7
19_42552,Germinal_Center_Plasma_IgM_B_cell,5
19_42554,Tumor,12
19_42557,T_cell,11
19_42558,T_cell,11
19_42559,T_cell,11
19_42562,High_Endothelial_Venules,6
19_42563,T_cell,11
19_42564,unknown,14
19_42566,Germinal_Center_Plasma_IgM_B_cell,5
19_42567,Tumor,12
19_42573,unknown,14
19_42574,unknown,14
19_42575,Germinal_Center_Plasma_IgM_B_cell,5
19_42577,CAF,0
19_42581,unknown,14
19_42582,High_Endothelial_Venules,6
19_42584,Germinal_Center_Plasma_IgM_B_cell,5
19_42589,unknown,14
19_42591,High_Endothelial_Venules,6
19_42592,Germinal_Center_Plasma_IgM_B_cell,5
19_42593,Germinal_Center_Plasma_IgM_B_cell,5
19_42596,M1_macrophages,7
19_42598,Germinal_Center_Plasma_IgM_B_cell,5
19_42599,unknown,14
19_42600,unknown,14
19_42603,M1_macrophages,7
19_42604,High_Endothelial_Venules,6
19_42607,unknown,14
19_42612,Tumor,12
19_42615,T_cell,11
19_42616,unknown,14
19_42617,M1_macrophages,7
19_42618,M1_macrophages,7
19_42619,High_Endothelial_Venules,6
19_42621,Plasma_IgG,10
19_42623,unknown,14
19_42625,M1_macrophages,7
19_42626,M1_macrophages,7
19_42627,Tumor,12
19_42630,unknown,14
19_42631,unknown,14
19_42632,unknown,14
19_42633,T_cell,11
19_42634,unknown,14
19_42636,Germinal_Center_Plasma_IgM_B_cell,5
19_42640,unknown,14
19_42643,Germinal_Center_Plasma_IgM_B_cell,5
19_42644,M1_macrophages,7
19_42649,M1_macrophages,7
19_42650,Plasma_IgG,10
19_42653,High_Endothelial_Venules,6
19_42654,Macrophages,8
19_42655,M1_macrophages,7
19_42656,Plasma_IgA,9
19_42657,High_Endothelial_Venules,6
19_42660,Plasma_IgG,10
19_42663,M1_macrophages,7
19_42665,T_cell,11
19_42666,M1_macrophages,7
19_42668,unknown,14
19_42670,T_cell,11
19_42672,M1_macrophages,7
19_42674,Plasma_IgG,10
19_42675,Plasma_IgG,10
19_42676,CAM,1
19_42678,unknown,14
19_42683,Plasma_IgG,10
19_42687,M1_macrophages,7
19_42688,unknown,14
19_42691,unknown,14
19_42692,M1_macrophages,7
19_42695,Germinal_Center_Plasma_IgM_B_cell,5
19_42697,CAM,1
19_42701,T_cell,11
19_42702,T_cell,11
19_42703,High_Endothelial_Venules,6
19_42704,M1_macrophages,7
19_42706,High_Endothelial_Venules,6
19_42710,Tumor,12
19_42715,M1_macrophages,7
19_42716,Germinal_Center_Plasma_IgM_B_cell,5
19_42718,M1_macrophages,7
19_42719,CAM,1
19_42723,unknown,14
19_42726,CAM,1
19_42727,Tumor,12
19_42731,High_Endothelial_Venules,6
19_42732,T_cell,11
19_42733,unknown,14
19_42734,Germinal_Center_Plasma_IgM_B_cell,5
19_42735,Plasma_IgG,10
19_42736,Tumor,12
19_42739,M1_macrophages,7
19_42741,unknown,14
19_42743,T_cell,11
19_42744,T_cell,11
19_42745,T_cell,11
19_42746,T_cell,11
19_42748,M1_macrophages,7
19_42749,Tumor,12
19_42752,unknown,14
19_42753,unknown,14
19_42755,Plasma_IgA,9
19_42756,Plasma_IgG,10
19_42757,Tumor,12
19_42760,unknown,14
19_42762,unknown,14
19_42764,Germinal_Center_Plasma_IgM_B_cell,5
19_42766,M1_macrophages,7
19_42767,Tumor,12
19_42768,Tumor,12
19_42772,Germinal_Center_Plasma_IgM_B_cell,5
19_42773,T_cell,11
19_42775,High_Endothelial_Venules,6
19_42776,Plasma_IgA,9
19_42777,Tumor,12
19_42778,Tumor,12
19_42780,T_cell,11
19_42781,unknown,14
19_42782,T_cell,11
19_42783,M1_macrophages,7
19_42784,unknown,14
19_42785,Plasma_IgA,9
19_42790,Plasma_IgG,10
19_42791,Tumor,12
19_42796,unknown,14
19_42797,unknown,14
19_42798,unknown,14
19_42800,unknown,14
19_42801,Germinal_Center_Plasma_IgM_B_cell,5
19_42802,Plasma_IgG,10
19_42803,Tumor,12
19_42804,T_cell,11
19_42805,unknown,14
19_42806,T_cell,11
19_42807,unknown,14
19_42808,Tumor,12
19_42812,T_cell,11
19_42814,High_Endothelial_Venules,6
19_42816,unknown,14
19_42818,M1_macrophages,7
19_42819,M1_macrophages,7
19_42821,Germinal_Center_Plasma_IgM_B_cell,5
19_42822,Germinal_Center_Plasma_IgM_B_cell,5
19_42823,unknown,14
19_42824,Germinal_Center_Plasma_IgM_B_cell,5
19_42830,T_cell,11
19_42831,unknown,14
19_42832,T_cell,11
19_42835,Tumor,12
19_42836,Plasma_IgG,10
19_42838,unknown,14
19_42840,T_cell,11
19_42841,unknown,14
19_42842,T_cell,11
19_42849,Plasma_IgA,9
19_42850,M1_macrophages,7
19_42851,unknown,14
19_42856,Germinal_Center_Plasma_IgM_B_cell,5
19_42859,T_cell,11
19_42860,T_cell,11
19_42862,M1_macrophages,7
19_42863,T_cell,11
19_42864,unknown,14
19_42865,M1_macrophages,7
19_42866,Germinal_Center_Plasma_IgM_B_cell,5
19_42868,Tumor,12
19_42873,Plasma_IgG,10
19_42876,Plasma_IgG,10
19_42878,T_cell,11
19_42879,Plasma_IgA,9
19_42880,Germinal_Center_Plasma_IgM_B_cell,5
19_42882,Tumor,12
19_42888,unknown,14
19_42890,unknown,14
19_42891,High_Endothelial_Venules,6
19_42893,Germinal_Center_Plasma_IgM_B_cell,5
19_42894,Plasma_IgA,9
19_42898,High_Endothelial_Venules,6
19_42899,High_Endothelial_Venules,6
19_42900,unknown,14
19_42903,T_cell,11
19_42904,Germinal_Center_Plasma_IgM_B_cell,5
19_42905,unknown,14
19_42906,Germinal_Center_Plasma_IgM_B_cell,5
19_42913,T_cell,11
19_42914,T_cell,11
19_42915,High_Endothelial_Venules,6
19_42916,Plasma_IgG,10
19_42917,unknown,14
19_42918,M1_macrophages,7
19_42921,Germinal_Center_Plasma_IgM_B_cell,5
19_42923,Tumor,12
19_42924,Tumor,12
19_42927,High_Endothelial_Venules,6
19_42929,M1_macrophages,7
19_42930,unknown,14
19_42931,unknown,14
19_42932,M1_macrophages,7
19_42934,Plasma_IgG,10
19_42935,Tumor,12
19_42938,M1_macrophages,7
19_42941,M1_macrophages,7
19_42942,T_cell,11
19_42943,T_cell,11
19_42944,Germinal_Center_Plasma_IgM_B_cell,5
19_42945,Germinal_Center_Plasma_IgM_B_cell,5
19_42946,Tumor,12
19_42954,M1_macrophages,7
19_42955,unknown,14
19_42958,Germinal_Center_Plasma_IgM_B_cell,5
19_42959,Plasma_IgG,10
19_42963,High_Endothelial_Venules,6
19_42965,Germinal_Center_Plasma_IgM_B_cell,5
19_42966,T_cell,11
19_42968,unknown,14
19_42969,unknown,14
19_42970,T_cell,11
19_42971,High_Endothelial_Venules,6
19_42972,High_Endothelial_Venules,6
19_42973,Germinal_Center_Plasma_IgM_B_cell,5
19_42976,Tumor,12
19_42978,unknown,14
19_42980,unknown,14
19_42982,Germinal_Center_Plasma_IgM_B_cell,5
19_42984,Plasma_IgG,10
19_42985,Plasma_IgG,10
19_42989,Germinal_Center_Plasma_IgM_B_cell,5
19_42990,unknown,14
19_42994,unknown,14
19_42999,unknown,14
19_43000,T_cell,11
19_43001,M1_macrophages,7
19_43002,M1_macrophages,7
19_43003,T_cell,11
19_43005,Plasma_IgA,9
19_43006,Germinal_Center_Plasma_IgM_B_cell,5
19_43008,unknown,14
19_43009,Germinal_Center_Plasma_IgM_B_cell,5
19_43010,Germinal_Center_Plasma_IgM_B_cell,5
19_43015,unknown,14
19_43016,unknown,14
19_43021,Germinal_Center_Plasma_IgM_B_cell,5
19_43025,M1_macrophages,7
19_43026,High_Endothelial_Venules,6
19_43027,High_Endothelial_Venules,6
19_43030,M1_macrophages,7
19_43031,unknown,14
19_43035,unknown,14
19_43036,Germinal_Center_Plasma_IgM_B_cell,5
19_43037,unknown,14
19_43038,unknown,14
19_43039,High_Endothelial_Venules,6
19_43040,Germinal_Center_Plasma_IgM_B_cell,5
19_43042,M1_macrophages,7
19_43044,T_cell,11
19_43045,Cortex_CCL21,2
19_43046,unknown,14
19_43048,unknown,14
19_43049,M1_macrophages,7
19_43051,Germinal_Center_Plasma_IgM_B_cell,5
19_43052,High_Endothelial_Venules,6
19_43053,CAM,1
19_43054,Tumor,12
19_43055,Tumor,12
19_43058,unknown,14
19_43060,T_cell,11
19_43061,unknown,14
19_43063,Plasma_IgG,10
19_43065,M1_macrophages,7
19_43066,unknown,14
19_43067,Germinal_Center_Plasma_IgM_B_cell,5
19_43068,T_cell,11
19_43070,Tumor,12
19_43071,CAM,1
19_43072,Tumor,12
19_43075,High_Endothelial_Venules,6
19_43080,unknown,14
19_43081,unknown,14
19_43082,Plasma_IgA,9
19_43083,T_cell,11
19_43084,Plasma_IgG,10
19_43087,Germinal_Center_Plasma_IgM_B_cell,5
19_43088,Germinal_Center_Plasma_IgM_B_cell,5
19_43089,unknown,14
19_43090,Plasma_IgG,10
19_43091,Tumor,12
19_43092,CAM,1
19_43100,Germinal_Center_Plasma_IgM_B_cell,5
19_43101,T_cell,11
19_43103,Germinal_Center_Plasma_IgM_B_cell,5
19_43104,Plasma_IgG,10
19_43107,unknown,14
19_43109,Germinal_Center_Plasma_IgM_B_cell,5
19_43110,unknown,14
19_43112,Germinal_Center_Plasma_IgM_B_cell,5
19_43113,Tumor,12
19_43114,Tumor,12
19_43115,Tumor,12
19_43116,Tumor,12
19_43117,M1_macrophages,7
19_43118,Germinal_Center_Plasma_IgM_B_cell,5
19_43119,High_Endothelial_Venules,6
19_43120,High_Endothelial_Venules,6
19_43123,unknown,14
19_43124,unknown,14
19_43125,M1_macrophages,7
19_43128,Germinal_Center_Plasma_IgM_B_cell,5
19_43131,T_cell,11
19_43139,unknown,14
19_43140,M1_macrophages,7
19_43142,unknown,14
19_43143,High_Endothelial_Venules,6
19_43144,unknown,14
19_43145,Germinal_Center_Plasma_IgM_B_cell,5
19_43146,Germinal_Center_Plasma_IgM_B_cell,5
19_43149,Germinal_Center_Plasma_IgM_B_cell,5
19_43153,unknown,14
19_43155,M1_macrophages,7
19_43158,Plasma_IgG,10
19_43161,unknown,14
19_43162,T_cell,11
19_43163,T_cell,11
19_43164,High_Endothelial_Venules,6
19_43168,Plasma_IgG,10
19_43172,T_cell,11
19_43173,T_cell,11
19_43174,unknown,14
19_43175,T_cell,11
19_43176,T_cell,11
19_43177,Plasma_IgG,10
19_43178,unknown,14
19_43179,Germinal_Center_Plasma_IgM_B_cell,5
19_43180,Germinal_Center_Plasma_IgM_B_cell,5
19_43181,M1_macrophages,7
19_43183,T_cell,11
19_43185,unknown,14
19_43186,unknown,14
19_43187,T_cell,11
19_43188,High_Endothelial_Venules,6
19_43189,unknown,14
19_43190,Germinal_Center_Plasma_IgM_B_cell,5
19_43192,Germinal_Center_Plasma_IgM_B_cell,5
19_43196,M1_macrophages,7
19_43197,Plasma_IgA,9
19_43199,Tumor,12
19_43201,unknown,14
19_43203,unknown,14
19_43204,T_cell,11
19_43207,M1_macrophages,7
19_43208,Plasma_IgG,10
19_43210,Germinal_Center_Plasma_IgM_B_cell,5
19_43213,Tumor,12
19_43215,T_cell,11
19_43217,unknown,14
19_43218,Germinal_Center_Plasma_IgM_B_cell,5
19_43219,unknown,14
19_43220,T_cell,11
19_43221,High_Endothelial_Venules,6
19_43223,M1_macrophages,7
19_43224,M1_macrophages,7
19_43225,Plasma_IgG,10
19_43230,T_cell,11
19_43233,Plasma_IgG,10
19_43234,Germinal_Center_Plasma_IgM_B_cell,5
19_43236,Plasma_IgA,9
19_43237,Plasma_IgA,9
19_43239,Tumor,12
19_43245,unknown,14
19_43246,Germinal_Center_Plasma_IgM_B_cell,5
19_43247,Germinal_Center_Plasma_IgM_B_cell,5
19_43249,High_Endothelial_Venules,6
19_43250,T_cell,11
19_43251,unknown,14
19_43252,Plasma_IgG,10
19_43253,Tumor,12
19_43257,M1_macrophages,7
19_43259,Germinal_Center_Plasma_IgM_B_cell,5
19_43260,Plasma_IgA,9
19_43261,unknown,14
19_43262,unknown,14
19_43263,unknown,14
19_43264,Germinal_Center_Plasma_IgM_B_cell,5
19_43265,CAM,1
19_43266,Tumor,12
19_43270,T_cell,11
19_43271,T_cell,11
19_43272,Plasma_IgA,9
19_43276,T_cell,11
19_43279,Plasma_IgA,9
19_43281,Germinal_Center_Plasma_IgM_B_cell,5
19_43283,unknown,14
19_43284,Tumor,12
19_43287,T_cell,11
19_43288,unknown,14
19_43291,M1_macrophages,7
19_43292,unknown,14
19_43294,Germinal_Center_Plasma_IgM_B_cell,5
19_43295,Germinal_Center_Plasma_IgM_B_cell,5
19_43296,Plasma_IgG,10
19_43299,M1_macrophages,7
19_43301,T_cell,11
19_43302,unknown,14
19_43303,Plasma_IgA,9
19_43304,Germinal_Center_Plasma_IgM_B_cell,5
19_43305,Tumor,12
19_43307,T_cell,11
19_43310,unknown,14
19_43315,Germinal_Center_Plasma_IgM_B_cell,5
19_43316,Tumor,12
19_43317,Tumor,12
19_43318,Tumor,12
19_43321,unknown,14
19_43324,T_cell,11
19_43327,Germinal_Center_Plasma_IgM_B_cell,5
19_43328,High_Endothelial_Venules,6
19_43331,T_cell,11
19_43334,unknown,14
19_43337,Germinal_Center_Plasma_IgM_B_cell,5
19_43338,Germinal_Center_Plasma_IgM_B_cell,5
19_43339,Tumor,12
19_43340,Tumor,12
19_43341,T_cell,11
19_43344,unknown,14
19_43345,T_cell,11
19_43346,M1_macrophages,7
19_43347,High_Endothelial_Venules,6
19_43348,T_cell,11
19_43351,M1_macrophages,7
19_43356,M1_macrophages,7
19_43357,T_cell,11
19_43358,Germinal_Center_Plasma_IgM_B_cell,5
19_43359,T_cell,11
19_43361,unknown,14
19_43362,Germinal_Center_Plasma_IgM_B_cell,5
19_43364,unknown,14
19_43365,Germinal_Center_Plasma_IgM_B_cell,5
19_43368,M1_macrophages,7
19_43369,unknown,14
19_43371,High_Endothelial_Venules,6
19_43372,Tumor,12
19_43373,High_Endothelial_Venules,6
19_43374,T_cell,11
19_43376,Plasma_IgG,10
19_43377,Germinal_Center_Plasma_IgM_B_cell,5
19_43379,Tumor,12
19_43384,High_Endothelial_Venules,6
19_43387,T_cell,11
19_43388,unknown,14
19_43390,unknown,14
19_43393,Plasma_IgG,10
19_43396,T_cell,11
19_43397,unknown,14
19_43398,T_cell,11
19_43401,Germinal_Center_Plasma_IgM_B_cell,5
19_43402,T_cell,11
19_43410,unknown,14
19_43419,High_Endothelial_Venules,6
19_43420,M1_macrophages,7
19_43422,unknown,14
19_43426,T_cell,11
19_43427,Germinal_Center_Plasma_IgM_B_cell,5
19_43428,Plasma_IgG,10
19_43432,M1_macrophages,7
19_43435,Germinal_Center_Plasma_IgM_B_cell,5
19_43436,Germinal_Center_Plasma_IgM_B_cell,5
19_43442,unknown,14
19_43444,unknown,14
19_43445,Plasma_IgG,10
19_43446,T_cell,11
19_43447,Germinal_Center_Plasma_IgM_B_cell,5
19_43448,Tumor,12
19_43449,Tumor,12
19_43451,T_cell,11
19_43452,High_Endothelial_Venules,6
19_43453,unknown,14
19_43455,High_Endothelial_Venules,6
19_43457,Germinal_Center_Plasma_IgM_B_cell,5
19_43459,Tumor,12
19_43467,Germinal_Center_Plasma_IgM_B_cell,5
19_43468,T_cell,11
19_43470,Plasma_IgG,10
19_43471,Plasma_IgG,10
19_43474,unknown,14
19_43477,M1_macrophages,7
19_43478,unknown,14
19_43479,unknown,14
19_43480,M1_macrophages,7
19_43481,M1_macrophages,7
19_43482,Germinal_Center_Plasma_IgM_B_cell,5
19_43484,Tumor,12
19_43487,unknown,14
19_43488,M1_macrophages,7
19_43490,Germinal_Center_Plasma_IgM_B_cell,5
19_43492,Plasma_IgG,10
19_43493,Plasma_IgG,10
19_43497,unknown,14
19_43498,Plasma_IgG,10
19_43499,Germinal_Center_Plasma_IgM_B_cell,5
19_43504,T_cell,11
19_43506,unknown,14
19_43509,Germinal_Center_Plasma_IgM_B_cell,5
19_43510,unknown,14
19_43514,unknown,14
19_43515,Tumor,12
19_43520,T_cell,11
19_43521,unknown,14
19_43522,T_cell,11
19_43523,Tumor_Keratin_Pearl,13
19_43524,Tumor,12
19_43525,Tumor,12
19_43527,Plasma_IgA,9
19_43528,High_Endothelial_Venules,6
19_43529,Plasma_IgG,10
19_43531,T_cell,11
19_43537,T_cell,11
19_43540,Plasma_IgG,10
19_43541,T_cell,11
19_43542,Germinal_Center_Plasma_IgM_B_cell,5
19_43543,Tumor,12
19_43546,T_cell,11
19_43547,T_cell,11
19_43548,unknown,14
19_43549,unknown,14
19_43550,unknown,14
19_43551,Germinal_Center_Plasma_IgM_B_cell,5
19_43552,Germinal_Center_Plasma_IgM_B_cell,5
19_43553,unknown,14
19_43554,unknown,14
19_43557,unknown,14
19_43558,High_Endothelial_Venules,6
19_43559,M1_macrophages,7
19_43561,T_cell,11
19_43562,unknown,14
19_43563,M1_macrophages,7
19_43566,Germinal_Center_Plasma_IgM_B_cell,5
19_43568,M1_macrophages,7
19_43570,Germinal_Center_Plasma_IgM_B_cell,5
19_43572,unknown,14
19_43573,T_cell,11
19_43574,M1_macrophages,7
19_43575,unknown,14
19_43576,Germinal_Center_Plasma_IgM_B_cell,5
19_43577,Germinal_Center_Plasma_IgM_B_cell,5
19_43578,unknown,14
19_43580,Plasma_IgG,10
19_43581,Tumor,12
19_43583,T_cell,11
19_43584,unknown,14
19_43585,Plasma_IgA,9
19_43586,T_cell,11
19_43587,M1_macrophages,7
19_43588,CAM,1
19_43589,Tumor,12
19_43593,unknown,14
19_43594,Plasma_IgA,9
19_43596,Germinal_Center_Plasma_IgM_B_cell,5
19_43597,T_cell,11
19_43600,unknown,14
19_43601,Tumor,12
19_43602,Tumor,12
19_43606,unknown,14
19_43607,T_cell,11
19_43608,T_cell,11
19_43611,T_cell,11
19_43613,unknown,14
19_43615,Germinal_Center_Plasma_IgM_B_cell,5
19_43616,Germinal_Center_Plasma_IgM_B_cell,5
19_43617,T_cell,11
19_43618,unknown,14
19_43619,T_cell,11
19_43625,Plasma_IgA,9
19_43626,M1_macrophages,7
19_43627,unknown,14
19_43628,T_cell,11
19_43629,unknown,14
19_43637,Plasma_IgG,10
19_43639,Germinal_Center_Plasma_IgM_B_cell,5
19_43640,Germinal_Center_Plasma_IgM_B_cell,5
19_43642,T_cell,11
19_43646,M1_macrophages,7
19_43651,Germinal_Center_Plasma_IgM_B_cell,5
19_43652,Germinal_Center_Plasma_IgM_B_cell,5
19_43653,Germinal_Center_Plasma_IgM_B_cell,5
19_43654,Germinal_Center_Plasma_IgM_B_cell,5
19_43655,M1_macrophages,7
19_43661,Plasma_IgG,10
19_43662,M1_macrophages,7
19_43663,T_cell,11
19_43664,High_Endothelial_Venules,6
19_43665,unknown,14
19_43667,T_cell,11
19_43668,Germinal_Center_Plasma_IgM_B_cell,5
19_43669,Germinal_Center_Plasma_IgM_B_cell,5
19_43670,Tumor,12
19_43672,unknown,14
19_43673,High_Endothelial_Venules,6
19_43675,unknown,14
19_43676,unknown,14
19_43677,Germinal_Center_Plasma_IgM_B_cell,5
19_43679,unknown,14
19_43683,unknown,14
19_43684,T_cell,11
19_43685,M1_macrophages,7
19_43686,unknown,14
19_43688,Tumor,12
19_43689,Tumor,12
19_43697,Germinal_Center_Plasma_IgM_B_cell,5
19_43703,unknown,14
19_43704,Plasma_IgA,9
19_43707,Tumor,12
19_43712,unknown,14
19_43713,unknown,14
19_43714,High_Endothelial_Venules,6
19_43716,Germinal_Center_Plasma_IgM_B_cell,5
19_43717,Tumor,12
19_43719,M1_macrophages,7
19_43720,M1_macrophages,7
19_43721,T_cell,11
19_43722,M1_macrophages,7
19_43723,M1_macrophages,7
19_43724,unknown,14
19_43725,M1_macrophages,7
19_43726,M1_macrophages,7
19_43729,Germinal_Center_Plasma_IgM_B_cell,5
19_43730,Germinal_Center_Plasma_IgM_B_cell,5
19_43732,High_Endothelial_Venules,6
19_43733,Tumor,12
19_43741,unknown,14
19_43744,T_cell,11
19_43745,Germinal_Center_Plasma_IgM_B_cell,5
19_43746,Germinal_Center_Plasma_IgM_B_cell,5
19_43753,unknown,14
19_43754,M1_macrophages,7
19_43756,M1_macrophages,7
19_43763,High_Endothelial_Venules,6
19_43770,High_Endothelial_Venules,6
19_43771,M1_macrophages,7
19_43772,M1_macrophages,7
19_43774,T_cell,11
19_43775,unknown,14
19_43776,Tumor,12
19_43779,Germinal_Center_Plasma_IgM_B_cell,5
19_43780,Germinal_Center_Plasma_IgM_B_cell,5
19_43781,Plasma_IgG,10
19_43782,Germinal_Center_Plasma_IgM_B_cell,5
19_43784,Plasma_IgG,10
19_43785,Tumor,12
19_43787,M1_macrophages,7
19_43789,unknown,14
19_43791,Tumor,12
19_43794,M1_macrophages,7
19_43795,High_Endothelial_Venules,6
19_43796,High_Endothelial_Venules,6
19_43800,Germinal_Center_Plasma_IgM_B_cell,5
19_43801,Germinal_Center_Plasma_IgM_B_cell,5
19_43802,Tumor,12
19_43809,unknown,14
19_43810,unknown,14
19_43811,unknown,14
19_43814,Plasma_IgG,10
19_43816,Germinal_Center_Plasma_IgM_B_cell,5
19_43818,unknown,14
19_43821,unknown,14
19_43822,unknown,14
19_43823,High_Endothelial_Venules,6
19_43825,T_cell,11
19_43828,Germinal_Center_Plasma_IgM_B_cell,5
19_43829,Germinal_Center_Plasma_IgM_B_cell,5
19_43831,Tumor,12
19_43833,M1_macrophages,7
19_43834,unknown,14
19_43835,T_cell,11
19_43836,Germinal_Center_Plasma_IgM_B_cell,5
19_43837,Germinal_Center_Plasma_IgM_B_cell,5
19_43839,Plasma_IgG,10
19_43840,Tumor,12
19_43844,High_Endothelial_Venules,6
19_43845,T_cell,11
19_43847,Germinal_Center_Plasma_IgM_B_cell,5
19_43848,Germinal_Center_Plasma_IgM_B_cell,5
19_43849,M1_macrophages,7
19_43850,Plasma_IgG,10
19_43851,Tumor,12
19_43854,Germinal_Center_Plasma_IgM_B_cell,5
19_43855,Plasma_IgG,10
19_43859,M1_macrophages,7
19_43863,T_cell,11
19_43864,Plasma_IgG,10
19_43866,Germinal_Center_Plasma_IgM_B_cell,5
19_43867,Plasma_IgG,10
19_43868,Plasma_IgG,10
19_43873,M1_macrophages,7
19_43874,High_Endothelial_Venules,6
19_43875,High_Endothelial_Venules,6
19_43877,High_Endothelial_Venules,6
19_43878,T_cell,11
19_43879,Plasma_IgA,9
19_43882,Tumor,12
19_43883,Tumor,12
19_43885,unknown,14
19_43886,M1_macrophages,7
19_43887,High_Endothelial_Venules,6
19_43890,Germinal_Center_Plasma_IgM_B_cell,5
19_43891,Germinal_Center_Plasma_IgM_B_cell,5
19_43892,Tumor,12
19_43895,Plasma_IgG,10
19_43897,High_Endothelial_Venules,6
19_43899,Germinal_Center_Plasma_IgM_B_cell,5
19_43901,M1_macrophages,7
19_43902,High_Endothelial_Venules,6
19_43903,M1_macrophages,7
19_43908,unknown,14
19_43910,M1_macrophages,7
19_43912,Plasma_IgG,10
19_43915,T_cell,11
19_43918,T_cell,11
19_43919,T_cell,11
19_43920,unknown,14
19_43921,Germinal_Center_Plasma_IgM_B_cell,5
19_43924,unknown,14
19_43925,T_cell,11
19_43928,T_cell,11
19_43929,Germinal_Center_Plasma_IgM_B_cell,5
19_43931,Tumor,12
19_43934,unknown,14
19_43935,High_Endothelial_Venules,6
19_43936,T_cell,11
19_43937,Plasma_IgA,9
19_43938,T_cell,11
19_43940,Tumor,12
19_43942,Plasma_IgG,10
19_43943,unknown,14
19_43944,Plasma_IgA,9
19_43945,Germinal_Center_Plasma_IgM_B_cell,5
19_43946,Germinal_Center_Plasma_IgM_B_cell,5
19_43947,Plasma_IgG,10
19_43949,unknown,14
19_43950,T_cell,11
19_43951,High_Endothelial_Venules,6
19_43952,unknown,14
19_43953,Tumor,12
19_43960,M1_macrophages,7
19_43961,unknown,14
19_43962,unknown,14
19_43963,unknown,14
19_43965,unknown,14
19_43967,Germinal_Center_Plasma_IgM_B_cell,5
19_43968,Tumor_Keratin_Pearl,13
19_43969,Tumor,12
19_43971,M1_macrophages,7
19_43972,Germinal_Center_Plasma_IgM_B_cell,5
19_43974,unknown,14
19_43975,Germinal_Center_Plasma_IgM_B_cell,5
19_43976,M1_macrophages,7
19_43977,High_Endothelial_Venules,6
19_43979,unknown,14
19_43980,Germinal_Center_Plasma_IgM_B_cell,5
19_43982,Germinal_Center_Plasma_IgM_B_cell,5
19_43983,M1_macrophages,7
19_43984,M1_macrophages,7
19_43987,Tumor,12
19_43990,Germinal_Center_Plasma_IgM_B_cell,5
19_43991,M1_macrophages,7
19_43992,Germinal_Center_Plasma_IgM_B_cell,5
19_43993,High_Endothelial_Venules,6
19_43994,Germinal_Center_Plasma_IgM_B_cell,5
19_43998,T_cell,11
19_44000,M1_macrophages,7
19_44007,unknown,14
19_44008,Germinal_Center_Plasma_IgM_B_cell,5
19_44009,M1_macrophages,7
19_44010,M1_macrophages,7
19_44015,unknown,14
19_44017,M1_macrophages,7
19_44020,unknown,14
19_44021,Germinal_Center_Plasma_IgM_B_cell,5
19_44030,T_cell,11
19_44031,T_cell,11
19_44033,unknown,14
19_44035,unknown,14
19_44036,T_cell,11
19_44037,Plasma_IgG,10
19_44038,Tumor,12
19_44040,unknown,14
19_44041,Plasma_IgA,9
19_44043,Germinal_Center_Plasma_IgM_B_cell,5
19_44044,Plasma_IgG,10
19_44045,M1_macrophages,7
19_44046,unknown,14
19_44048,Germinal_Center_Plasma_IgM_B_cell,5
19_44049,T_cell,11
19_44050,Germinal_Center_Plasma_IgM_B_cell,5
19_44051,Plasma_IgA,9
19_44052,Tumor,12
19_44053,Tumor,12
19_44056,unknown,14
19_44057,T_cell,11
19_44058,M1_macrophages,7
19_44064,unknown,14
19_44065,unknown,14
19_44067,unknown,14
19_44069,Germinal_Center_Plasma_IgM_B_cell,5
19_44070,T_cell,11
19_44071,Tumor,12
19_44072,Tumor,12
19_44076,Germinal_Center_Plasma_IgM_B_cell,5
19_44077,Germinal_Center_Plasma_IgM_B_cell,5
19_44079,T_cell,11
19_44080,Germinal_Center_Plasma_IgM_B_cell,5
19_44081,unknown,14
19_44083,Plasma_IgG,10
19_44087,unknown,14
19_44091,Plasma_IgA,9
19_44092,unknown,14
19_44093,Germinal_Center_Plasma_IgM_B_cell,5
19_44099,Plasma_IgA,9
19_44101,unknown,14
19_44102,Plasma_IgG,10
19_44103,Germinal_Center_Plasma_IgM_B_cell,5
19_44107,Tumor,12
19_44108,Tumor,12
19_44110,T_cell,11
19_44112,High_Endothelial_Venules,6
19_44113,M1_macrophages,7
19_44114,Plasma_IgG,10
19_44115,Plasma_IgA,9
19_44116,Germinal_Center_Plasma_IgM_B_cell,5
19_44117,unknown,14
19_44123,M1_macrophages,7
19_44124,Germinal_Center_Plasma_IgM_B_cell,5
19_44126,Germinal_Center_Plasma_IgM_B_cell,5
19_44127,Plasma_IgG,10
19_44128,Tumor,12
19_44129,unknown,14
19_44132,unknown,14
19_44133,unknown,14
19_44134,Plasma_IgG,10
19_44136,unknown,14
19_44138,Tumor,12
19_44144,Tumor,12
19_44148,High_Endothelial_Venules,6
19_44149,High_Endothelial_Venules,6
19_44150,unknown,14
19_44151,M1_macrophages,7
19_44153,M1_macrophages,7
19_44154,M1_macrophages,7
19_44157,High_Endothelial_Venules,6
19_44158,M1_macrophages,7
19_44159,Germinal_Center_Plasma_IgM_B_cell,5
19_44160,M1_macrophages,7
19_44161,Germinal_Center_Plasma_IgM_B_cell,5
19_44162,Germinal_Center_Plasma_IgM_B_cell,5
19_44164,Tumor,12
19_44165,Tumor,12
19_44171,unknown,14
19_44172,Plasma_IgA,9
19_44173,M1_macrophages,7
19_44174,M1_macrophages,7
19_44175,Tumor,12
19_44176,Tumor,12
19_44178,T_cell,11
19_44181,High_Endothelial_Venules,6
19_44182,Plasma_IgA,9
19_44184,M1_macrophages,7
19_44185,unknown,14
19_44187,M1_macrophages,7
19_44188,Tumor,12
19_44191,T_cell,11
19_44193,unknown,14
19_44194,M1_macrophages,7
19_44195,Germinal_Center_Plasma_IgM_B_cell,5
19_44197,Plasma_IgG,10
19_44200,unknown,14
19_44201,unknown,14
19_44203,High_Endothelial_Venules,6
19_44205,M1_macrophages,7
19_44206,Germinal_Center_Plasma_IgM_B_cell,5
19_44207,Germinal_Center_Plasma_IgM_B_cell,5
19_44208,Germinal_Center_Plasma_IgM_B_cell,5
19_44209,Tumor,12
19_44212,unknown,14
19_44213,unknown,14
19_44217,Tumor,12
19_44220,unknown,14
19_44221,High_Endothelial_Venules,6
19_44223,M1_macrophages,7
19_44226,unknown,14
19_44227,unknown,14
19_44228,unknown,14
19_44236,Germinal_Center_Plasma_IgM_B_cell,5
19_44237,Germinal_Center_Plasma_IgM_B_cell,5
19_44239,Germinal_Center_Plasma_IgM_B_cell,5
19_44240,Germinal_Center_Plasma_IgM_B_cell,5
19_44243,M1_macrophages,7
19_44249,unknown,14
19_44251,M1_macrophages,7
19_44253,Germinal_Center_Plasma_IgM_B_cell,5
19_44259,Germinal_Center_Plasma_IgM_B_cell,5
19_44261,T_cell,11
19_44262,Germinal_Center_Plasma_IgM_B_cell,5
19_44263,M1_macrophages,7
19_44264,unknown,14
19_44265,T_cell,11
19_44266,Germinal_Center_Plasma_IgM_B_cell,5
19_44267,Plasma_IgG,10
19_44268,Tumor,12
19_44269,CAM,1
19_44276,High_Endothelial_Venules,6
19_44277,Plasma_IgA,9
19_44278,High_Endothelial_Venules,6
19_44279,M1_macrophages,7
19_44280,T_cell,11
19_44281,Germinal_Center_Plasma_IgM_B_cell,5
19_44282,Germinal_Center_Plasma_IgM_B_cell,5
19_44283,Tumor,12
19_44284,Tumor,12
19_44289,High_Endothelial_Venules,6
19_44290,High_Endothelial_Venules,6
19_44291,Germinal_Center_Plasma_IgM_B_cell,5
19_44293,Macrophages,8
19_44294,T_cell,11
19_44295,Germinal_Center_Plasma_IgM_B_cell,5
19_44296,Plasma_IgG,10
19_44297,Tumor,12
19_44300,unknown,14
19_44301,unknown,14
19_44303,Germinal_Center_Plasma_IgM_B_cell,5
19_44304,M1_macrophages,7
19_44305,M1_macrophages,7
19_44308,unknown,14
19_44309,Germinal_Center_Plasma_IgM_B_cell,5
19_44310,Germinal_Center_Plasma_IgM_B_cell,5
19_44313,Tumor,12
19_44314,Tumor_Keratin_Pearl,13
19_44319,M1_macrophages,7
19_44321,T_cell,11
19_44322,Germinal_Center_Plasma_IgM_B_cell,5
19_44324,Germinal_Center_Plasma_IgM_B_cell,5
19_44326,T_cell,11
19_44328,Plasma_IgG,10
19_44333,Plasma_IgG,10
19_44336,M1_macrophages,7
19_44337,M1_macrophages,7
19_44338,T_cell,11
19_44340,Plasma_IgA,9
19_44341,T_cell,11
19_44342,Plasma_IgA,9
19_44343,Plasma_IgG,10
19_44345,Germinal_Center_Plasma_IgM_B_cell,5
19_44346,T_cell,11
19_44347,M1_macrophages,7
19_44349,Germinal_Center_Plasma_IgM_B_cell,5
19_44353,Plasma_IgG,10
19_44354,Plasma_IgA,9
19_44355,High_Endothelial_Venules,6
19_44356,M1_macrophages,7
19_44357,unknown,14
19_44359,Germinal_Center_Plasma_IgM_B_cell,5
19_44360,unknown,14
19_44361,M1_macrophages,7
19_44362,M1_macrophages,7
19_44363,High_Endothelial_Venules,6
19_44364,Plasma_IgA,9
19_44365,T_cell,11
19_44369,Germinal_Center_Plasma_IgM_B_cell,5
19_44370,unknown,14
19_44371,Germinal_Center_Plasma_IgM_B_cell,5
19_44376,M1_macrophages,7
19_44378,unknown,14
19_44385,M1_macrophages,7
19_44386,Tumor,12
19_44389,unknown,14
19_44390,T_cell,11
19_44393,Tumor,12
19_44397,Germinal_Center_Plasma_IgM_B_cell,5
19_44399,unknown,14
19_44401,High_Endothelial_Venules,6
19_44403,High_Endothelial_Venules,6
19_44404,M1_macrophages,7
19_44405,High_Endothelial_Venules,6
19_44412,unknown,14
19_44413,Plasma_IgA,9
19_44416,unknown,14
19_44418,High_Endothelial_Venules,6
19_44419,M1_macrophages,7
19_44422,Germinal_Center_Plasma_IgM_B_cell,5
19_44424,Plasma_IgG,10
19_44428,M1_macrophages,7
19_44429,T_cell,11
19_44430,M1_macrophages,7
19_44431,Germinal_Center_Plasma_IgM_B_cell,5
19_44432,T_cell,11
19_44433,Germinal_Center_Plasma_IgM_B_cell,5
19_44437,unknown,14
19_44438,Tumor,12
19_44442,T_cell,11
19_44443,Germinal_Center_Plasma_IgM_B_cell,5
19_44445,High_Endothelial_Venules,6
19_44446,M1_macrophages,7
19_44447,Germinal_Center_Plasma_IgM_B_cell,5
19_44450,Tumor,12
19_44453,T_cell,11
19_44455,T_cell,11
19_44456,unknown,14
19_44457,T_cell,11
19_44458,unknown,14
19_44459,Germinal_Center_Plasma_IgM_B_cell,5
19_44460,M1_macrophages,7
19_44461,Tumor,12
19_44466,Plasma_IgA,9
19_44468,unknown,14
19_44469,Germinal_Center_Plasma_IgM_B_cell,5
19_44470,M1_macrophages,7
19_44471,Germinal_Center_Plasma_IgM_B_cell,5
19_44478,unknown,14
19_44480,Cortex_CCL21,2
19_44481,Germinal_Center_Plasma_IgM_B_cell,5
19_44482,M1_macrophages,7
19_44484,Germinal_Center_Plasma_IgM_B_cell,5
19_44486,M1_macrophages,7
19_44487,High_Endothelial_Venules,6
19_44488,Tumor,12
19_44489,Tumor,12
19_44490,Tumor,12
19_44493,unknown,14
19_44494,unknown,14
19_44497,T_cell,11
19_44498,Tumor,12
19_44501,M1_macrophages,7
19_44502,Germinal_Center_Plasma_IgM_B_cell,5
19_44503,Plasma_IgA,9
19_44504,Plasma_IgA,9
19_44506,unknown,14
19_44507,Germinal_Center_Plasma_IgM_B_cell,5
19_44508,T_cell,11
19_44511,M1_macrophages,7
19_44513,M1_macrophages,7
19_44515,Germinal_Center_Plasma_IgM_B_cell,5
19_44516,Plasma_IgG,10
19_44519,Plasma_IgG,10
19_44520,Germinal_Center_Plasma_IgM_B_cell,5
19_44523,Germinal_Center_Plasma_IgM_B_cell,5
19_44524,Germinal_Center_Plasma_IgM_B_cell,5
19_44526,Germinal_Center_Plasma_IgM_B_cell,5
19_44527,Tumor,12
19_44528,Tumor,12
19_44533,Germinal_Center_Plasma_IgM_B_cell,5
19_44534,M1_macrophages,7
19_44536,unknown,14
19_44538,unknown,14
19_44540,unknown,14
19_44541,Germinal_Center_Plasma_IgM_B_cell,5
19_44542,Germinal_Center_Plasma_IgM_B_cell,5
19_44544,M1_macrophages,7
19_44545,High_Endothelial_Venules,6
19_44548,unknown,14
19_44550,High_Endothelial_Venules,6
19_44552,M1_macrophages,7
19_44553,High_Endothelial_Venules,6
19_44554,Plasma_IgG,10
19_44555,Tumor,12
19_44556,Tumor,12
19_44559,High_Endothelial_Venules,6
19_44561,M1_macrophages,7
19_44562,unknown,14
19_44563,unknown,14
19_44565,Germinal_Center_Plasma_IgM_B_cell,5
19_44566,Germinal_Center_Plasma_IgM_B_cell,5
19_44567,T_cell,11
19_44569,Germinal_Center_Plasma_IgM_B_cell,5
19_44574,unknown,14
19_44575,T_cell,11
19_44577,T_cell,11
19_44578,Germinal_Center_Plasma_IgM_B_cell,5
19_44579,T_cell,11
19_44580,Germinal_Center_Plasma_IgM_B_cell,5
19_44581,M1_macrophages,7
19_44583,unknown,14
19_44587,unknown,14
19_44589,Tumor,12
19_44594,M1_macrophages,7
19_44596,High_Endothelial_Venules,6
19_44597,unknown,14
19_44598,Germinal_Center_Plasma_IgM_B_cell,5
19_44601,T_cell,11
19_44602,Germinal_Center_Plasma_IgM_B_cell,5
19_44603,Germinal_Center_Plasma_IgM_B_cell,5
19_44604,T_cell,11
19_44605,Tumor,12
19_44607,T_cell,11
19_44608,High_Endothelial_Venules,6
19_44610,Germinal_Center_Plasma_IgM_B_cell,5
19_44612,Tumor,12
19_44613,Tumor,12
19_44615,unknown,14
19_44616,unknown,14
19_44617,M1_macrophages,7
19_44618,High_Endothelial_Venules,6
19_44619,Germinal_Center_Plasma_IgM_B_cell,5
19_44621,Germinal_Center_Plasma_IgM_B_cell,5
19_44622,Germinal_Center_Plasma_IgM_B_cell,5
19_44624,T_cell,11
19_44625,Plasma_IgA,9
19_44626,T_cell,11
19_44627,unknown,14
19_44628,Germinal_Center_Plasma_IgM_B_cell,5
19_44634,Plasma_IgA,9
19_44636,Germinal_Center_Plasma_IgM_B_cell,5
19_44638,Germinal_Center_Plasma_IgM_B_cell,5
19_44639,unknown,14
19_44640,Germinal_Center_Plasma_IgM_B_cell,5
19_44641,Plasma_IgG,10
19_44643,Tumor,12
19_44644,Tumor,12
19_44646,Germinal_Center_Plasma_IgM_B_cell,5
19_44647,M1_macrophages,7
19_44648,M1_macrophages,7
19_44649,Plasma_IgA,9
19_44650,Germinal_Center_Plasma_IgM_B_cell,5
19_44651,Germinal_Center_Plasma_IgM_B_cell,5
19_44652,T_cell,11
19_44653,M1_macrophages,7
19_44655,Germinal_Center_Plasma_IgM_B_cell,5
19_44656,Germinal_Center_Plasma_IgM_B_cell,5
19_44659,Plasma_IgG,10
19_44660,Plasma_IgG,10
19_44661,High_Endothelial_Venules,6
19_44662,Plasma_IgG,10
19_44663,Tumor,12
19_44664,Tumor,12
19_44668,Plasma_IgG,10
19_44669,T_cell,11
19_44670,T_cell,11
19_44672,unknown,14
19_44673,T_cell,11
19_44674,unknown,14
19_44677,unknown,14
19_44680,M1_macrophages,7
19_44681,M1_macrophages,7
19_44683,Germinal_Center_Plasma_IgM_B_cell,5
19_44685,Plasma_IgG,10
19_44689,M1_macrophages,7
19_44690,unknown,14
19_44692,Plasma_IgG,10
19_44696,T_cell,11
19_44697,T_cell,11
19_44698,unknown,14
19_44700,Tumor,12
19_44707,High_Endothelial_Venules,6
19_44709,unknown,14
19_44710,Plasma_IgG,10
19_44711,Germinal_Center_Plasma_IgM_B_cell,5
19_44718,unknown,14
19_44719,T_cell,11
19_44722,unknown,14
19_44723,Germinal_Center_Plasma_IgM_B_cell,5
19_44724,Tumor,12
19_44733,unknown,14
19_44735,High_Endothelial_Venules,6
19_44740,Germinal_Center_Plasma_IgM_B_cell,5
19_44741,High_Endothelial_Venules,6
19_44742,unknown,14
19_44747,M1_macrophages,7
19_44748,M1_macrophages,7
19_44749,Plasma_IgA,9
19_44750,M1_macrophages,7
19_44751,Germinal_Center_Plasma_IgM_B_cell,5
19_44752,M1_macrophages,7
19_44754,High_Endothelial_Venules,6
19_44756,unknown,14
19_44757,Plasma_IgG,10
19_44758,CAM,1
19_44762,unknown,14
19_44764,T_cell,11
19_44765,unknown,14
19_44766,T_cell,11
19_44767,T_cell,11
19_44771,High_Endothelial_Venules,6
19_44772,Germinal_Center_Plasma_IgM_B_cell,5
19_44773,unknown,14
19_44776,unknown,14
19_44777,M1_macrophages,7
19_44778,Plasma_IgA,9
19_44780,Tumor,12
19_44781,Tumor,12
19_44788,Germinal_Center_Plasma_IgM_B_cell,5
19_44789,Tumor,12
19_44790,Tumor,12
19_44793,Plasma_IgA,9
19_44794,unknown,14
19_44797,Tumor,12
19_44800,unknown,14
19_44802,High_Endothelial_Venules,6
19_44803,Germinal_Center_Plasma_IgM_B_cell,5
19_44805,Germinal_Center_Plasma_IgM_B_cell,5
19_44806,High_Endothelial_Venules,6
19_44807,Tumor,12
19_44810,M1_macrophages,7
19_44812,Germinal_Center_Plasma_IgM_B_cell,5
19_44818,M1_macrophages,7
19_44819,High_Endothelial_Venules,6
19_44820,M1_macrophages,7
19_44821,M1_macrophages,7
19_44826,High_Endothelial_Venules,6
19_44827,High_Endothelial_Venules,6
19_44828,Germinal_Center_Plasma_IgM_B_cell,5
19_44829,Germinal_Center_Plasma_IgM_B_cell,5
19_44830,High_Endothelial_Venules,6
19_44831,Tumor,12
19_44832,Tumor,12
19_44836,Germinal_Center_Plasma_IgM_B_cell,5
19_44837,Germinal_Center_Plasma_IgM_B_cell,5
19_44838,M1_macrophages,7
19_44839,Germinal_Center_Plasma_IgM_B_cell,5
19_44842,Plasma_IgG,10
19_44843,Tumor,12
19_44844,CAM,1
19_44847,T_cell,11
19_44851,M1_macrophages,7
19_44852,T_cell,11
19_44853,M1_macrophages,7
19_44855,Germinal_Center_Plasma_IgM_B_cell,5
19_44858,Plasma_IgG,10
19_44860,High_Endothelial_Venules,6
19_44864,Germinal_Center_Plasma_IgM_B_cell,5
19_44865,Plasma_IgG,10
19_44868,T_cell,11
19_44869,Germinal_Center_Plasma_IgM_B_cell,5
19_44871,High_Endothelial_Venules,6
19_44874,M1_macrophages,7
19_44875,Germinal_Center_Plasma_IgM_B_cell,5
19_44881,unknown,14
19_44882,Plasma_IgG,10
19_44883,unknown,14
19_44886,Germinal_Center_Plasma_IgM_B_cell,5
19_44887,Germinal_Center_Plasma_IgM_B_cell,5
19_44888,Germinal_Center_Plasma_IgM_B_cell,5
19_44890,Tumor,12
19_44894,Plasma_IgG,10
19_44898,unknown,14
19_44899,Germinal_Center_Plasma_IgM_B_cell,5
19_44901,Tumor,12
19_44907,High_Endothelial_Venules,6
19_44908,M1_macrophages,7
19_44909,M1_macrophages,7
19_44910,T_cell,11
19_44911,M1_macrophages,7
19_44912,High_Endothelial_Venules,6
19_44913,unknown,14
19_44914,unknown,14
19_44915,Plasma_IgG,10
19_44916,Tumor,12
19_44917,Tumor,12
19_44922,M1_macrophages,7
19_44923,unknown,14
19_44924,unknown,14
19_44925,unknown,14
19_44926,Tumor,12
19_44932,Plasma_IgG,10
19_44934,unknown,14
19_44935,Germinal_Center_Plasma_IgM_B_cell,5
19_44939,Germinal_Center_Plasma_IgM_B_cell,5
19_44943,unknown,14
19_44946,Germinal_Center_Plasma_IgM_B_cell,5
19_44949,Tumor,12
19_44957,M1_macrophages,7
19_44958,T_cell,11
19_44959,Germinal_Center_Plasma_IgM_B_cell,5
19_44960,T_cell,11
19_44961,M1_macrophages,7
19_44965,High_Endothelial_Venules,6
19_44968,Plasma_IgG,10
19_44969,M1_macrophages,7
19_44970,T_cell,11
19_44972,unknown,14
19_44973,Germinal_Center_Plasma_IgM_B_cell,5
19_44979,M1_macrophages,7
19_44980,unknown,14
19_44981,unknown,14
19_44989,unknown,14
19_44990,M1_macrophages,7
19_44992,Germinal_Center_Plasma_IgM_B_cell,5
19_44993,Germinal_Center_Plasma_IgM_B_cell,5
19_44994,M1_macrophages,7
19_44995,M1_macrophages,7
19_44999,High_Endothelial_Venules,6
19_45000,Plasma_IgG,10
19_45001,High_Endothelial_Venules,6
19_45004,M1_macrophages,7
19_45007,unknown,14
19_45009,Tumor,12
19_45014,Germinal_Center_Plasma_IgM_B_cell,5
19_45015,unknown,14
19_45016,T_cell,11
19_45018,unknown,14
19_45019,Germinal_Center_Plasma_IgM_B_cell,5
19_45026,unknown,14
19_45028,M1_macrophages,7
19_45030,Germinal_Center_Plasma_IgM_B_cell,5
19_45031,unknown,14
19_45033,Tumor,12
19_45038,unknown,14
19_45039,Plasma_IgG,10
19_45040,M1_macrophages,7
19_45042,unknown,14
19_45043,Germinal_Center_Plasma_IgM_B_cell,5
19_45044,Plasma_IgG,10
19_45045,T_cell,11
19_45046,Tumor,12
19_45050,M1_macrophages,7
19_45051,High_Endothelial_Venules,6
19_45052,Germinal_Center_Plasma_IgM_B_cell,5
19_45054,unknown,14
19_45057,Germinal_Center_Plasma_IgM_B_cell,5
19_45058,Tumor,12
19_45065,M1_macrophages,7
19_45066,Tumor,12
19_45071,Germinal_Center_Plasma_IgM_B_cell,5
19_45072,T_cell,11
19_45073,unknown,14
19_45075,Germinal_Center_Plasma_IgM_B_cell,5
19_45076,M1_macrophages,7
19_45079,Germinal_Center_Plasma_IgM_B_cell,5
19_45080,Germinal_Center_Plasma_IgM_B_cell,5
19_45081,High_Endothelial_Venules,6
19_45082,Plasma_IgG,10
19_45083,Tumor,12
19_45087,unknown,14
19_45089,Germinal_Center_Plasma_IgM_B_cell,5
19_45093,M1_macrophages,7
19_45094,unknown,14
19_45095,T_cell,11
19_45096,M1_macrophages,7
19_45101,M1_macrophages,7
19_45102,T_cell,11
19_45105,Tumor,12
19_45106,Germinal_Center_Plasma_IgM_B_cell,5
19_45107,High_Endothelial_Venules,6
19_45108,M1_macrophages,7
19_45110,Germinal_Center_Plasma_IgM_B_cell,5
19_45111,Germinal_Center_Plasma_IgM_B_cell,5
19_45112,Germinal_Center_Plasma_IgM_B_cell,5
19_45114,Germinal_Center_Plasma_IgM_B_cell,5
19_45115,Tumor,12
19_45116,Tumor,12
19_45121,High_Endothelial_Venules,6
19_45122,T_cell,11
19_45123,Plasma_IgG,10
19_45125,Germinal_Center_Plasma_IgM_B_cell,5
19_45127,Tumor,12
19_45128,Tumor,12
19_45138,Germinal_Center_Plasma_IgM_B_cell,5
19_45142,Germinal_Center_Plasma_IgM_B_cell,5
19_45149,unknown,14
19_45150,T_cell,11
19_45151,M1_macrophages,7
19_45152,T_cell,11
19_45155,Tumor,12
19_45158,T_cell,11
19_45160,Germinal_Center_Plasma_IgM_B_cell,5
19_45162,T_cell,11
19_45164,Germinal_Center_Plasma_IgM_B_cell,5
19_45167,unknown,14
19_45168,High_Endothelial_Venules,6
19_45169,High_Endothelial_Venules,6
19_45170,M1_macrophages,7
19_45171,T_cell,11
19_45172,unknown,14
19_45173,Germinal_Center_Plasma_IgM_B_cell,5
19_45178,unknown,14
19_45182,M1_macrophages,7
19_45183,Plasma_IgA,9
19_45184,T_cell,11
19_45185,M1_macrophages,7
19_45188,Plasma_IgG,10
19_45189,T_cell,11
19_45192,High_Endothelial_Venules,6
19_45193,T_cell,11
19_45194,unknown,14
19_45200,M1_macrophages,7
19_45205,T_cell,11
19_45206,Plasma_IgG,10
19_45207,High_Endothelial_Venules,6
19_45208,M1_macrophages,7
19_45209,High_Endothelial_Venules,6
19_45211,unknown,14
19_45212,unknown,14
19_45213,Germinal_Center_Plasma_IgM_B_cell,5
19_45214,Germinal_Center_Plasma_IgM_B_cell,5
19_45215,High_Endothelial_Venules,6
19_45216,M1_macrophages,7
19_45217,Plasma_IgG,10
19_45220,unknown,14
19_45222,unknown,14
19_45226,Tumor,12
19_45227,Tumor,12
19_45236,unknown,14
19_45238,unknown,14
19_45243,M1_macrophages,7
19_45248,Plasma_IgG,10
19_45252,T_cell,11
19_45253,Plasma_IgA,9
19_45254,unknown,14
19_45255,unknown,14
19_45256,unknown,14
19_45257,Tumor,12
19_45258,Tumor,12
19_45267,Germinal_Center_Plasma_IgM_B_cell,5
19_45268,Plasma_IgA,9
19_45269,Plasma_IgG,10
19_45270,Tumor,12
19_45272,unknown,14
19_45274,unknown,14
19_45276,unknown,14
19_45277,T_cell,11
19_45279,M1_macrophages,7
19_45281,Tumor,12
19_45286,unknown,14
19_45287,Plasma_IgG,10
19_45288,M1_macrophages,7
19_45289,High_Endothelial_Venules,6
19_45290,M1_macrophages,7
19_45300,T_cell,11
19_45301,unknown,14
19_45305,Tumor,12
19_45312,Plasma_IgG,10
19_45313,T_cell,11
19_45315,Plasma_IgG,10
19_45316,T_cell,11
19_45318,Macrophages,8
19_45319,unknown,14
19_45320,unknown,14
19_45321,High_Endothelial_Venules,6
19_45322,M1_macrophages,7
19_45325,Tumor,12
19_45326,Tumor,12
19_45331,M1_macrophages,7
19_45333,T_cell,11
19_45334,Germinal_Center_Plasma_IgM_B_cell,5
19_45338,High_Endothelial_Venules,6
19_45339,M1_macrophages,7
19_45340,Macrophages,8
19_45341,T_cell,11
19_45342,unknown,14
19_45345,unknown,14
19_45347,T_cell,11
19_45348,unknown,14
19_45349,Germinal_Center_Plasma_IgM_B_cell,5
19_45350,Germinal_Center_Plasma_IgM_B_cell,5
19_45351,High_Endothelial_Venules,6
19_45352,Tumor,12
19_45357,unknown,14
19_45359,Germinal_Center_Plasma_IgM_B_cell,5
19_45361,Germinal_Center_Plasma_IgM_B_cell,5
19_45362,Plasma_IgG,10
19_45364,CAM,1
19_45370,unknown,14
19_45371,unknown,14
19_45373,M1_macrophages,7
19_45374,Germinal_Center_Plasma_IgM_B_cell,5
19_45375,Germinal_Center_Plasma_IgM_B_cell,5
19_45377,Plasma_IgG,10
19_45378,Tumor,12
19_45385,Tumor,12
19_45390,unknown,14
19_45391,M1_macrophages,7
19_45392,M1_macrophages,7
19_45395,Germinal_Center_Plasma_IgM_B_cell,5
19_45396,unknown,14
19_45398,Tumor,12
19_45399,Tumor,12
19_45404,Plasma_IgG,10
19_45409,T_cell,11
19_45410,Plasma_IgG,10
19_45411,Tumor,12
19_45416,T_cell,11
19_45417,M1_macrophages,7
19_45425,unknown,14
19_45426,Germinal_Center_Plasma_IgM_B_cell,5
19_45427,unknown,14
19_45432,unknown,14
19_45434,M1_macrophages,7
19_45435,Plasma_IgG,10
19_45436,M1_macrophages,7
19_45438,High_Endothelial_Venules,6
19_45439,unknown,14
19_45440,High_Endothelial_Venules,6
19_45441,Germinal_Center_Plasma_IgM_B_cell,5
19_45442,M1_macrophages,7
19_45445,unknown,14
19_45446,unknown,14
19_45447,High_Endothelial_Venules,6
19_45448,High_Endothelial_Venules,6
19_45450,T_cell,11
19_45452,unknown,14
19_45458,Germinal_Center_Plasma_IgM_B_cell,5
19_45464,Germinal_Center_Plasma_IgM_B_cell,5
19_45466,Tumor,12
19_45469,M1_macrophages,7
19_45470,High_Endothelial_Venules,6
19_45472,Germinal_Center_Plasma_IgM_B_cell,5
19_45474,unknown,14
19_45481,T_cell,11
19_45482,M1_macrophages,7
19_45483,M1_macrophages,7
19_45487,Germinal_Center_Plasma_IgM_B_cell,5
19_45491,High_Endothelial_Venules,6
19_45492,unknown,14
19_45494,M1_macrophages,7
19_45496,Plasma_IgG,10
19_45497,Plasma_IgG,10
19_45498,Germinal_Center_Plasma_IgM_B_cell,5
19_45499,Germinal_Center_Plasma_IgM_B_cell,5
19_45500,M1_macrophages,7
19_45504,T_cell,11
19_45505,Plasma_IgG,10
19_45506,T_cell,11
19_45507,High_Endothelial_Venules,6
19_45510,Germinal_Center_Plasma_IgM_B_cell,5
19_45511,M1_macrophages,7
19_45512,Tumor,12
19_45517,Plasma_IgG,10
19_45525,High_Endothelial_Venules,6
19_45526,Germinal_Center_Plasma_IgM_B_cell,5
19_45527,unknown,14
19_45528,unknown,14
19_45530,Tumor,12
19_45532,M1_macrophages,7
19_45533,T_cell,11
19_45534,unknown,14
19_45538,Plasma_IgA,9
19_45545,T_cell,11
19_45546,M1_macrophages,7
19_45547,unknown,14
19_45548,M1_macrophages,7
19_45549,Plasma_IgG,10
19_45550,T_cell,11
19_45551,M1_macrophages,7
19_45552,M1_macrophages,7
19_45556,Germinal_Center_Plasma_IgM_B_cell,5
19_45557,Germinal_Center_Plasma_IgM_B_cell,5
19_45559,Tumor,12
19_45562,T_cell,11
19_45563,Plasma_IgG,10
19_45565,Germinal_Center_Plasma_IgM_B_cell,5
19_45570,unknown,14
19_45571,Plasma_IgG,10
19_45572,Plasma_IgG,10
19_45573,High_Endothelial_Venules,6
19_45574,unknown,14
19_45575,unknown,14
19_45577,unknown,14
19_45578,Plasma_IgG,10
19_45579,Tumor,12
19_45580,Tumor,12
19_45588,unknown,14
19_45591,T_cell,11
19_45594,unknown,14
19_45595,unknown,14
19_45599,T_cell,11
19_45601,unknown,14
19_45602,Tumor,12
19_45605,Plasma_IgG,10
19_45608,T_cell,11
19_45609,Tumor,12
19_45610,Tumor,12
19_45613,M1_macrophages,7
19_45617,unknown,14
19_45618,M1_macrophages,7
19_45619,Germinal_Center_Plasma_IgM_B_cell,5
19_45620,Germinal_Center_Plasma_IgM_B_cell,5
19_45621,Plasma_IgA,9
19_45622,Tumor,12
19_45629,Germinal_Center_Plasma_IgM_B_cell,5
19_45630,unknown,14
19_45631,Germinal_Center_Plasma_IgM_B_cell,5
19_45632,Germinal_Center_Plasma_IgM_B_cell,5
19_45633,Tumor,12
19_45634,Tumor,12
19_45639,unknown,14
19_45640,Plasma_IgA,9
19_45643,Plasma_IgG,10
19_45644,Germinal_Center_Plasma_IgM_B_cell,5
19_45646,T_cell,11
19_45647,High_Endothelial_Venules,6
19_45648,Tumor,12
19_45649,Tumor,12
19_45650,Tumor,12
19_45654,M1_macrophages,7
19_45655,Plasma_IgG,10
19_45656,Plasma_IgA,9
19_45659,Germinal_Center_Plasma_IgM_B_cell,5
19_45660,Germinal_Center_Plasma_IgM_B_cell,5
19_45662,Tumor,12
19_45668,unknown,14
19_45670,M1_macrophages,7
19_45671,High_Endothelial_Venules,6
19_45672,M1_macrophages,7
19_45675,Plasma_IgG,10
19_45676,Tumor,12
19_45683,M1_macrophages,7
19_45688,Germinal_Center_Plasma_IgM_B_cell,5
19_45689,Plasma_IgA,9
19_45690,unknown,14
19_45691,Tumor,12
19_45692,Tumor,12
19_45693,T_cell,11
19_45694,High_Endothelial_Venules,6
19_45695,Plasma_IgG,10
19_45696,Plasma_IgG,10
19_45699,Germinal_Center_Plasma_IgM_B_cell,5
19_45701,Tumor,12
19_45704,Germinal_Center_Plasma_IgM_B_cell,5
19_45705,M1_macrophages,7
19_45706,High_Endothelial_Venules,6
19_45708,Plasma_IgG,10
19_45709,Tumor,12
19_45710,Tumor,12
19_45716,unknown,14
19_45720,T_cell,11
19_45727,M1_macrophages,7
19_45729,M1_macrophages,7
19_45736,unknown,14
19_45737,Germinal_Center_Plasma_IgM_B_cell,5
19_45738,unknown,14
19_45740,Germinal_Center_Plasma_IgM_B_cell,5
19_45741,High_Endothelial_Venules,6
19_45743,Plasma_IgG,10
19_45744,Plasma_IgG,10
19_45745,Tumor,12
19_45750,T_cell,11
19_45751,Germinal_Center_Plasma_IgM_B_cell,5
19_45753,Germinal_Center_Plasma_IgM_B_cell,5
19_45754,Germinal_Center_Plasma_IgM_B_cell,5
19_45756,High_Endothelial_Venules,6
19_45757,Tumor,12
19_45761,M1_macrophages,7
19_45763,High_Endothelial_Venules,6
19_45765,unknown,14
19_45766,unknown,14
19_45770,unknown,14
19_45771,Plasma_IgG,10
19_45772,M1_macrophages,7
19_45773,Plasma_IgG,10
19_45774,High_Endothelial_Venules,6
19_45775,Tumor,12
19_45779,Germinal_Center_Plasma_IgM_B_cell,5
19_45783,Plasma_IgG,10
19_45784,M1_macrophages,7
19_45786,unknown,14
19_45788,Plasma_IgG,10
19_45789,Tumor,12
19_45793,unknown,14
19_45794,High_Endothelial_Venules,6
19_45796,unknown,14
19_45801,unknown,14
19_45802,Tumor,12
19_45805,M1_macrophages,7
19_45806,unknown,14
19_45808,unknown,14
19_45809,unknown,14
19_45812,Germinal_Center_Plasma_IgM_B_cell,5
19_45813,Germinal_Center_Plasma_IgM_B_cell,5
19_45814,Tumor,12
19_45815,Tumor,12
19_45818,unknown,14
19_45819,T_cell,11
19_45821,Germinal_Center_Plasma_IgM_B_cell,5
19_45823,Germinal_Center_Plasma_IgM_B_cell,5
19_45825,Tumor,12
19_45829,Plasma_IgG,10
19_45830,Plasma_IgG,10
19_45831,Plasma_IgG,10
19_45837,Tumor,12
19_45843,unknown,14
19_45845,Plasma_IgG,10
19_45848,Tumor,12
19_45854,M1_macrophages,7
19_45857,M1_macrophages,7
19_45859,M1_macrophages,7
19_45861,M1_macrophages,7
19_45867,High_Endothelial_Venules,6
19_45868,High_Endothelial_Venules,6
19_45871,Germinal_Center_Plasma_IgM_B_cell,5
19_45873,M1_macrophages,7
19_45876,unknown,14
19_45878,Tumor,12
19_45883,T_cell,11
19_45884,unknown,14
19_45885,T_cell,11
19_45887,Germinal_Center_Plasma_IgM_B_cell,5
19_45888,Germinal_Center_Plasma_IgM_B_cell,5
19_45889,Germinal_Center_Plasma_IgM_B_cell,5
19_45894,T_cell,11
19_45895,unknown,14
19_45897,Germinal_Center_Plasma_IgM_B_cell,5
19_45899,unknown,14
19_45900,Germinal_Center_Plasma_IgM_B_cell,5
19_45901,Tumor,12
19_45902,Tumor,12
19_45903,Tumor,12
19_45907,unknown,14
19_45910,High_Endothelial_Venules,6
19_45911,Plasma_IgG,10
19_45912,Plasma_IgG,10
19_45913,High_Endothelial_Venules,6
19_45914,Germinal_Center_Plasma_IgM_B_cell,5
19_45917,High_Endothelial_Venules,6
19_45923,M1_macrophages,7
19_45924,T_cell,11
19_45926,M1_macrophages,7
19_45927,unknown,14
19_45928,Plasma_IgG,10
19_45929,Plasma_IgA,9
19_45931,Plasma_IgG,10
19_45932,Plasma_IgG,10
19_45933,M1_macrophages,7
19_45938,unknown,14
19_45939,Germinal_Center_Plasma_IgM_B_cell,5
19_45940,High_Endothelial_Venules,6
19_45941,unknown,14
19_45942,Germinal_Center_Plasma_IgM_B_cell,5
19_45943,unknown,14
19_45944,T_cell,11
19_45945,Plasma_IgG,10
19_45946,unknown,14
19_45952,T_cell,11
19_45953,T_cell,11
19_45954,M1_macrophages,7
19_45956,Germinal_Center_Plasma_IgM_B_cell,5
19_45958,Tumor,12
19_45963,unknown,14
19_45965,Germinal_Center_Plasma_IgM_B_cell,5
19_45966,Germinal_Center_Plasma_IgM_B_cell,5
19_45969,Tumor,12
19_45972,unknown,14
19_45974,T_cell,11
19_45976,High_Endothelial_Venules,6
19_45978,T_cell,11
19_45979,Germinal_Center_Plasma_IgM_B_cell,5
19_45984,T_cell,11
19_45985,M1_macrophages,7
19_45986,unknown,14
19_45989,unknown,14
19_45993,unknown,14
19_45994,T_cell,11
19_45995,unknown,14
19_45996,Germinal_Center_Plasma_IgM_B_cell,5
19_45997,Germinal_Center_Plasma_IgM_B_cell,5
19_46000,Germinal_Center_Plasma_IgM_B_cell,5
19_46003,Plasma_IgG,10
19_46004,M1_macrophages,7
19_46007,M1_macrophages,7
19_46008,Germinal_Center_Plasma_IgM_B_cell,5
19_46009,Tumor,12
19_46012,M1_macrophages,7
19_46013,T_cell,11
19_46014,M1_macrophages,7
19_46015,unknown,14
19_46019,Germinal_Center_Plasma_IgM_B_cell,5
19_46025,unknown,14
19_46026,unknown,14
19_46027,Germinal_Center_Plasma_IgM_B_cell,5
19_46028,Germinal_Center_Plasma_IgM_B_cell,5
19_46029,Germinal_Center_Plasma_IgM_B_cell,5
19_46033,M1_macrophages,7
19_46034,Plasma_IgG,10
19_46035,M1_macrophages,7
19_46036,unknown,14
19_46038,Plasma_IgG,10
19_46040,unknown,14
19_46042,Plasma_IgA,9
19_46046,M1_macrophages,7
19_46047,Germinal_Center_Plasma_IgM_B_cell,5
19_46048,Germinal_Center_Plasma_IgM_B_cell,5
19_46049,unknown,14
19_46050,Tumor,12
19_46051,Tumor,12
19_46052,Tumor,12
19_46057,M1_macrophages,7
19_46058,Germinal_Center_Plasma_IgM_B_cell,5
19_46059,Plasma_IgG,10
19_46060,M1_macrophages,7
19_46061,unknown,14
19_46063,Germinal_Center_Plasma_IgM_B_cell,5
19_46064,Germinal_Center_Plasma_IgM_B_cell,5
19_46065,Tumor,12
19_46068,Plasma_IgG,10
19_46069,T_cell,11
19_46070,Plasma_IgG,10
19_46073,Germinal_Center_Plasma_IgM_B_cell,5
19_46074,Tumor,12
19_46080,M1_macrophages,7
19_46082,unknown,14
19_46083,High_Endothelial_Venules,6
19_46084,Germinal_Center_Plasma_IgM_B_cell,5
19_46085,Plasma_IgG,10
19_46086,unknown,14
19_46088,T_cell,11
19_46089,unknown,14
19_46090,Germinal_Center_Plasma_IgM_B_cell,5
19_46093,M1_macrophages,7
19_46095,High_Endothelial_Venules,6
19_46096,Germinal_Center_Plasma_IgM_B_cell,5
19_46097,Germinal_Center_Plasma_IgM_B_cell,5
19_46098,M1_macrophages,7
19_46102,unknown,14
19_46105,M1_macrophages,7
19_46106,Germinal_Center_Plasma_IgM_B_cell,5
19_46107,Germinal_Center_Plasma_IgM_B_cell,5
19_46108,Germinal_Center_Plasma_IgM_B_cell,5
19_46109,Plasma_IgG,10
19_46113,unknown,14
19_46115,High_Endothelial_Venules,6
19_46117,Plasma_IgG,10
19_46119,unknown,14
19_46120,Germinal_Center_Plasma_IgM_B_cell,5
19_46122,Germinal_Center_Plasma_IgM_B_cell,5
19_46127,M1_macrophages,7
19_46132,T_cell,11
19_46133,High_Endothelial_Venules,6
19_46134,High_Endothelial_Venules,6
19_46135,Germinal_Center_Plasma_IgM_B_cell,5
19_46136,unknown,14
19_46137,M1_macrophages,7
19_46143,M1_macrophages,7
19_46144,unknown,14
19_46145,High_Endothelial_Venules,6
19_46146,Plasma_IgA,9
19_46147,Plasma_IgG,10
19_46148,Tumor,12
19_46152,High_Endothelial_Venules,6
19_46153,Plasma_IgG,10
19_46155,M1_macrophages,7
19_46158,High_Endothelial_Venules,6
19_46159,Tumor,12
19_46160,High_Endothelial_Venules,6
19_46163,High_Endothelial_Venules,6
19_46164,Plasma_IgG,10
19_46166,Tumor,12
19_46167,Tumor,12
19_46172,unknown,14
19_46173,Macrophages,8
19_46176,Germinal_Center_Plasma_IgM_B_cell,5
19_46178,Tumor,12
19_46181,Plasma_IgG,10
19_46182,Plasma_IgG,10
19_46184,Germinal_Center_Plasma_IgM_B_cell,5
19_46188,T_cell,11
19_46189,T_cell,11
19_46191,Plasma_IgG,10
19_46192,unknown,14
19_46193,M1_macrophages,7
19_46194,M1_macrophages,7
19_46195,Plasma_IgA,9
19_46196,unknown,14
19_46198,Germinal_Center_Plasma_IgM_B_cell,5
19_46199,Germinal_Center_Plasma_IgM_B_cell,5
19_46200,unknown,14
19_46202,Tumor,12
19_46206,M1_macrophages,7
19_46207,Plasma_IgA,9
19_46208,Plasma_IgG,10
19_46209,M1_macrophages,7
19_46210,Germinal_Center_Plasma_IgM_B_cell,5
19_46211,Germinal_Center_Plasma_IgM_B_cell,5
19_46216,T_cell,11
19_46217,High_Endothelial_Venules,6
19_46218,unknown,14
19_46219,High_Endothelial_Venules,6
19_46227,Plasma_IgA,9
19_46230,Germinal_Center_Plasma_IgM_B_cell,5
19_46231,Plasma_IgG,10
19_46235,T_cell,11
19_46236,M1_macrophages,7
19_46237,T_cell,11
19_46238,unknown,14
19_46239,High_Endothelial_Venules,6
19_46240,Germinal_Center_Plasma_IgM_B_cell,5
19_46242,Germinal_Center_Plasma_IgM_B_cell,5
19_46245,Plasma_IgG,10
19_46249,Germinal_Center_Plasma_IgM_B_cell,5
19_46251,M1_macrophages,7
19_46252,M1_macrophages,7
19_46253,T_cell,11
19_46256,Plasma_IgG,10
19_46265,T_cell,11
19_46267,Germinal_Center_Plasma_IgM_B_cell,5
19_46269,unknown,14
19_46270,CAF,0
19_46273,unknown,14
19_46274,Plasma_IgG,10
19_46275,Macrophages,8
19_46276,High_Endothelial_Venules,6
19_46284,Plasma_IgG,10
19_46285,T_cell,11
19_46287,Germinal_Center_Plasma_IgM_B_cell,5
19_46288,Germinal_Center_Plasma_IgM_B_cell,5
19_46289,Germinal_Center_Plasma_IgM_B_cell,5
19_46291,Tumor,12
19_46295,M1_macrophages,7
19_46296,High_Endothelial_Venules,6
19_46299,High_Endothelial_Venules,6
19_46301,unknown,14
19_46302,M1_macrophages,7
19_46308,T_cell,11
19_46310,Plasma_IgG,10
19_46311,Plasma_IgA,9
19_46314,unknown,14
19_46317,Tumor,12
19_46321,Germinal_Center_Plasma_IgM_B_cell,5
19_46330,Plasma_IgG,10
19_46333,unknown,14
19_46334,High_Endothelial_Venules,6
19_46335,Tumor,12
19_46340,Plasma_IgG,10
19_46341,Plasma_IgG,10
19_46342,Germinal_Center_Plasma_IgM_B_cell,5
19_46343,M1_macrophages,7
19_46344,Tumor,12
19_46348,M1_macrophages,7
19_46349,High_Endothelial_Venules,6
19_46350,Plasma_IgG,10
19_46354,unknown,14
19_46355,Germinal_Center_Plasma_IgM_B_cell,5
19_46357,unknown,14
19_46358,Tumor,12
19_46359,CAF,0
19_46362,M1_macrophages,7
19_46363,T_cell,11
19_46364,M1_macrophages,7
19_46365,M1_macrophages,7
19_46366,unknown,14
19_46367,unknown,14
19_46368,Germinal_Center_Plasma_IgM_B_cell,5
19_46369,Germinal_Center_Plasma_IgM_B_cell,5
19_46370,Germinal_Center_Plasma_IgM_B_cell,5
19_46372,Germinal_Center_Plasma_IgM_B_cell,5
19_46373,Plasma_IgG,10
19_46374,Plasma_IgG,10
19_46376,Tumor,12
19_46378,unknown,14
19_46379,unknown,14
19_46380,M1_macrophages,7
19_46381,Plasma_IgG,10
19_46382,unknown,14
19_46384,Germinal_Center_Plasma_IgM_B_cell,5
19_46385,unknown,14
19_46386,M1_macrophages,7
19_46387,Tumor,12
19_46388,Tumor,12
19_46392,unknown,14
19_46393,unknown,14
19_46394,M1_macrophages,7
19_46395,Plasma_IgG,10
19_46396,T_cell,11
19_46397,Germinal_Center_Plasma_IgM_B_cell,5
19_46398,Tumor,12
19_46402,T_cell,11
19_46410,High_Endothelial_Venules,6
19_46411,unknown,14
19_46413,M1_macrophages,7
19_46414,unknown,14
19_46416,Germinal_Center_Plasma_IgM_B_cell,5
19_46420,M1_macrophages,7
19_46423,Plasma_IgA,9
19_46424,T_cell,11
19_46426,T_cell,11
19_46427,High_Endothelial_Venules,6
19_46428,unknown,14
19_46429,Germinal_Center_Plasma_IgM_B_cell,5
19_46430,Plasma_IgA,9
19_46431,High_Endothelial_Venules,6
19_46436,unknown,14
19_46437,High_Endothelial_Venules,6
19_46438,M1_macrophages,7
19_46439,unknown,14
19_46442,Germinal_Center_Plasma_IgM_B_cell,5
19_46443,Germinal_Center_Plasma_IgM_B_cell,5
19_46444,unknown,14
19_46451,Germinal_Center_Plasma_IgM_B_cell,5
19_46452,unknown,14
19_46453,Germinal_Center_Plasma_IgM_B_cell,5
19_46457,T_cell,11
19_46458,T_cell,11
19_46459,M1_macrophages,7
19_46460,unknown,14
19_46463,Plasma_IgG,10
19_46464,High_Endothelial_Venules,6
19_46468,M1_macrophages,7
19_46474,T_cell,11
19_46475,Plasma_IgG,10
19_46479,Plasma_IgG,10
19_46480,Tumor,12
19_46481,Tumor,12
19_46482,Tumor,12
19_46485,Germinal_Center_Plasma_IgM_B_cell,5
19_46486,unknown,14
19_46487,Plasma_IgG,10
19_46488,Plasma_IgG,10
19_46489,Germinal_Center_Plasma_IgM_B_cell,5
19_46494,unknown,14
19_46496,Germinal_Center_Plasma_IgM_B_cell,5
19_46498,M1_macrophages,7
19_46500,Germinal_Center_Plasma_IgM_B_cell,5
19_46503,Plasma_IgA,9
19_46504,unknown,14
19_46505,High_Endothelial_Venules,6
19_46507,Germinal_Center_Plasma_IgM_B_cell,5
19_46510,M1_macrophages,7
19_46511,Plasma_IgG,10
19_46516,Plasma_IgA,9
19_46517,M1_macrophages,7
19_46518,unknown,14
19_46519,Germinal_Center_Plasma_IgM_B_cell,5
19_46520,unknown,14
19_46521,M1_macrophages,7
19_46525,M1_macrophages,7
19_46526,M1_macrophages,7
19_46528,M1_macrophages,7
19_46530,M1_macrophages,7
19_46531,Plasma_IgG,10
19_46534,T_cell,11
19_46536,Plasma_IgG,10
19_46539,unknown,14
19_46540,unknown,14
19_46543,T_cell,11
19_46545,unknown,14
19_46548,High_Endothelial_Venules,6
19_46549,M1_macrophages,7
19_46550,High_Endothelial_Venules,6
19_46552,Tumor,12
19_46562,Germinal_Center_Plasma_IgM_B_cell,5
19_46565,Plasma_IgG,10
19_46566,unknown,14
19_46567,Germinal_Center_Plasma_IgM_B_cell,5
19_46568,Plasma_IgG,10
19_46571,unknown,14
19_46572,Tumor,12
19_46574,unknown,14
19_46575,M1_macrophages,7
19_46578,unknown,14
19_46579,Germinal_Center_Plasma_IgM_B_cell,5
19_46581,Tumor,12
19_46585,unknown,14
19_46586,Germinal_Center_Plasma_IgM_B_cell,5
19_46588,unknown,14
19_46589,M1_macrophages,7
19_46590,High_Endothelial_Venules,6
19_46591,Plasma_IgG,10
19_46592,Tumor,12
19_46593,T_cell,11
19_46596,High_Endothelial_Venules,6
19_46597,Plasma_IgG,10
19_46598,Germinal_Center_Plasma_IgM_B_cell,5
19_46599,Tumor,12
19_46602,Germinal_Center_Plasma_IgM_B_cell,5
19_46603,M1_macrophages,7
19_46604,T_cell,11
19_46605,Plasma_IgG,10
19_46606,unknown,14
19_46608,unknown,14
19_46612,Germinal_Center_Plasma_IgM_B_cell,5
19_46613,Plasma_IgG,10
19_46616,M1_macrophages,7
19_46617,Germinal_Center_Plasma_IgM_B_cell,5
19_46618,T_cell,11
19_46623,unknown,14
19_46624,M1_macrophages,7
19_46625,T_cell,11
19_46628,Tumor,12
19_46629,Germinal_Center_Plasma_IgM_B_cell,5
19_46631,unknown,14
19_46632,Plasma_IgA,9
19_46634,Plasma_IgG,10
19_46635,Plasma_IgG,10
19_46638,unknown,14
19_46639,Plasma_IgG,10
19_46640,Plasma_IgG,10
19_46641,Plasma_IgG,10
19_46642,unknown,14
19_46643,unknown,14
19_46644,M1_macrophages,7
19_46645,T_cell,11
19_46647,Plasma_IgG,10
19_46651,unknown,14
19_46652,M1_macrophages,7
19_46653,Plasma_IgG,10
19_46654,High_Endothelial_Venules,6
19_46657,Plasma_IgG,10
19_46664,unknown,14
19_46665,M1_macrophages,7
19_46666,T_cell,11
19_46667,M1_macrophages,7
19_46668,Plasma_IgG,10
19_46671,Tumor,12
19_46676,M1_macrophages,7
19_46677,Germinal_Center_Plasma_IgM_B_cell,5
19_46680,Tumor,12
19_46688,unknown,14
19_46689,Plasma_IgA,9
19_46690,unknown,14
19_46691,unknown,14
19_46692,Germinal_Center_Plasma_IgM_B_cell,5
19_46693,High_Endothelial_Venules,6
19_46694,M1_macrophages,7
19_46695,High_Endothelial_Venules,6
19_46696,High_Endothelial_Venules,6
19_46698,Germinal_Center_Plasma_IgM_B_cell,5
19_46699,unknown,14
19_46700,T_cell,11
19_46701,Tumor,12
19_46702,Tumor,12
19_46703,Plasma_IgG,10
19_46706,Germinal_Center_Plasma_IgM_B_cell,5
19_46710,CAM,1
19_46714,T_cell,11
19_46715,M1_macrophages,7
19_46716,Plasma_IgA,9
19_46718,M1_macrophages,7
19_46723,M1_macrophages,7
19_46724,Plasma_IgG,10
19_46725,Plasma_IgG,10
19_46726,M1_macrophages,7
19_46730,Germinal_Center_Plasma_IgM_B_cell,5
19_46731,Germinal_Center_Plasma_IgM_B_cell,5
19_46737,High_Endothelial_Venules,6
19_46738,unknown,14
19_46739,unknown,14
19_46740,Plasma_IgG,10
19_46741,Plasma_IgA,9
19_46742,Germinal_Center_Plasma_IgM_B_cell,5
19_46743,unknown,14
19_46746,T_cell,11
19_46748,M1_macrophages,7
19_46749,Plasma_IgG,10
19_46751,Germinal_Center_Plasma_IgM_B_cell,5
19_46757,T_cell,11
19_46758,M1_macrophages,7
19_46761,Germinal_Center_Plasma_IgM_B_cell,5
19_46765,Plasma_IgG,10
19_46766,Plasma_IgG,10
19_46767,Germinal_Center_Plasma_IgM_B_cell,5
19_46774,unknown,14
19_46775,M1_macrophages,7
19_46776,Plasma_IgG,10
19_46777,Plasma_IgG,10
19_46779,Germinal_Center_Plasma_IgM_B_cell,5
19_46780,Germinal_Center_Plasma_IgM_B_cell,5
19_46781,Plasma_IgG,10
19_46782,Tumor,12
19_46783,Germinal_Center_Plasma_IgM_B_cell,5
19_46785,Germinal_Center_Plasma_IgM_B_cell,5
19_46790,Plasma_IgG,10
19_46791,Plasma_IgG,10
19_46792,Germinal_Center_Plasma_IgM_B_cell,5
19_46795,Germinal_Center_Plasma_IgM_B_cell,5
19_46796,M1_macrophages,7
19_46797,unknown,14
19_46798,Germinal_Center_Plasma_IgM_B_cell,5
19_46800,Tumor,12
19_46802,Plasma_IgG,10
19_46803,High_Endothelial_Venules,6
19_46804,Germinal_Center_Plasma_IgM_B_cell,5
19_46805,Germinal_Center_Plasma_IgM_B_cell,5
19_46806,Tumor,12
19_46808,unknown,14
19_46809,Plasma_IgG,10
19_46810,Plasma_IgG,10
19_46811,unknown,14
19_46814,T_cell,11
19_46815,High_Endothelial_Venules,6
19_46816,unknown,14
19_46818,M1_macrophages,7
19_46819,Plasma_IgG,10
19_46821,M1_macrophages,7
19_46825,Germinal_Center_Plasma_IgM_B_cell,5
19_46826,M1_macrophages,7
19_46827,High_Endothelial_Venules,6
19_46829,Plasma_IgG,10
19_46830,M1_macrophages,7
19_46831,Germinal_Center_Plasma_IgM_B_cell,5
19_46835,CAF,0
19_46836,Plasma_IgG,10
19_46837,unknown,14
19_46842,Plasma_IgG,10
19_46843,Plasma_IgG,10
19_46844,Germinal_Center_Plasma_IgM_B_cell,5
19_46845,M1_macrophages,7
19_46847,M1_macrophages,7
19_46848,unknown,14
19_46849,Germinal_Center_Plasma_IgM_B_cell,5
19_46850,M1_macrophages,7
19_46851,CAF,0
19_46854,M1_macrophages,7
19_46855,M1_macrophages,7
19_46856,M1_macrophages,7
19_46857,M1_macrophages,7
19_46858,unknown,14
19_46859,High_Endothelial_Venules,6
19_46863,unknown,14
19_46865,M1_macrophages,7
19_46866,unknown,14
19_46867,Plasma_IgG,10
19_46868,Plasma_IgG,10
19_46869,Plasma_IgG,10
19_46870,Germinal_Center_Plasma_IgM_B_cell,5
19_46872,unknown,14
19_46873,Plasma_IgG,10
19_46874,unknown,14
19_46875,unknown,14
19_46876,Germinal_Center_Plasma_IgM_B_cell,5
19_46877,Plasma_IgG,10
19_46878,Tumor,12
19_46879,Tumor,12
19_46880,unknown,14
19_46881,High_Endothelial_Venules,6
19_46885,Germinal_Center_Plasma_IgM_B_cell,5
19_46888,Plasma_IgG,10
19_46889,Plasma_IgG,10
19_46890,M1_macrophages,7
19_46891,Tumor,12
19_46892,Tumor,12
19_46893,Tumor,12
19_46894,CAF,0
19_46898,T_cell,11
19_46899,Plasma_IgG,10
19_46900,Tumor,12
19_46905,High_Endothelial_Venules,6
19_46908,unknown,14
19_46909,Plasma_IgG,10
19_46910,Germinal_Center_Plasma_IgM_B_cell,5
19_46912,Tumor,12
19_46917,Germinal_Center_Plasma_IgM_B_cell,5
19_46919,unknown,14
19_46920,Germinal_Center_Plasma_IgM_B_cell,5
19_46922,Plasma_IgG,10
19_46925,High_Endothelial_Venules,6
19_46927,unknown,14
19_46928,unknown,14
19_46933,High_Endothelial_Venules,6
19_46934,M1_macrophages,7
19_46935,M1_macrophages,7
19_46936,T_cell,11
19_46937,Tumor,12
19_46941,High_Endothelial_Venules,6
19_46942,T_cell,11
19_46943,Germinal_Center_Plasma_IgM_B_cell,5
19_46944,M1_macrophages,7
19_46945,Tumor,12
19_46950,M1_macrophages,7
19_46951,Cytotoxic_IFN_signaling,3
19_46952,Plasma_IgG,10
19_46953,Plasma_IgG,10
19_46954,M1_macrophages,7
19_46957,Germinal_Center_Plasma_IgM_B_cell,5
19_46959,High_Endothelial_Venules,6
19_46961,unknown,14
19_46962,T_cell,11
19_46963,High_Endothelial_Venules,6
19_46965,Plasma_IgG,10
19_46966,M1_macrophages,7
19_46967,Germinal_Center_Plasma_IgM_B_cell,5
19_46968,Germinal_Center_Plasma_IgM_B_cell,5
19_46969,Tumor,12
19_46971,unknown,14
19_46973,unknown,14
19_46975,M1_macrophages,7
19_46976,Plasma_IgG,10
19_46977,T_cell,11
19_46978,M1_macrophages,7
19_46983,Plasma_IgG,10
19_46984,M1_macrophages,7
19_46987,M1_macrophages,7
19_46988,Germinal_Center_Plasma_IgM_B_cell,5
19_46989,unknown,14
19_46992,unknown,14
19_46993,M1_macrophages,7
19_46994,Plasma_IgG,10
19_46995,T_cell,11
19_47000,High_Endothelial_Venules,6
19_47001,Plasma_IgG,10
19_47002,High_Endothelial_Venules,6
19_47003,Plasma_IgG,10
19_47005,unknown,14
19_47008,unknown,14
19_47009,Plasma_IgG,10
19_47011,T_cell,11
19_47012,Germinal_Center_Plasma_IgM_B_cell,5
19_47013,unknown,14
19_47014,High_Endothelial_Venules,6
19_47015,Tumor,12
19_47016,Tumor,12
19_47020,T_cell,11
19_47021,Plasma_IgG,10
19_47022,Plasma_IgA,9
19_47023,Plasma_IgG,10
19_47025,High_Endothelial_Venules,6
19_47026,T_cell,11
19_47027,T_cell,11
19_47031,Germinal_Center_Plasma_IgM_B_cell,5
19_47035,Germinal_Center_Plasma_IgM_B_cell,5
19_47036,Plasma_IgG,10
19_47037,Plasma_IgA,9
19_47038,High_Endothelial_Venules,6
19_47041,T_cell,11
19_47042,Plasma_IgG,10
19_47045,High_Endothelial_Venules,6
19_47050,High_Endothelial_Venules,6
19_47052,Germinal_Center_Plasma_IgM_B_cell,5
19_47054,Germinal_Center_Plasma_IgM_B_cell,5
19_47060,Germinal_Center_Plasma_IgM_B_cell,5
19_47061,Plasma_IgG,10
19_47065,Germinal_Center_Plasma_IgM_B_cell,5
19_47066,Plasma_IgG,10
19_47068,T_cell,11
19_47069,unknown,14
19_47071,M1_macrophages,7
19_47072,T_cell,11
19_47073,CAF,0
19_47077,High_Endothelial_Venules,6
19_47078,Germinal_Center_Plasma_IgM_B_cell,5
19_47079,unknown,14
19_47080,M1_macrophages,7
19_47081,unknown,14
19_47083,Germinal_Center_Plasma_IgM_B_cell,5
19_47085,Germinal_Center_Plasma_IgM_B_cell,5
19_47088,Plasma_IgA,9
19_47090,T_cell,11
19_47091,Plasma_IgG,10
19_47092,Plasma_IgG,10
19_47093,Plasma_IgG,10
19_47095,Germinal_Center_Plasma_IgM_B_cell,5
19_47096,Germinal_Center_Plasma_IgM_B_cell,5
19_47097,Tumor,12
19_47098,Tumor,12
19_47099,Tumor,12
19_47102,Plasma_IgA,9
19_47106,M1_macrophages,7
19_47110,Plasma_IgG,10
19_47112,Germinal_Center_Plasma_IgM_B_cell,5
19_47116,M1_macrophages,7
19_47124,Plasma_IgG,10
19_47125,Germinal_Center_Plasma_IgM_B_cell,5
19_47126,Tumor,12
19_47130,T_cell,11
19_47132,M1_macrophages,7
19_47133,Plasma_IgG,10
19_47134,unknown,14
19_47137,Plasma_IgG,10
19_47138,Germinal_Center_Plasma_IgM_B_cell,5
19_47139,Tumor,12
19_47140,Tumor,12
19_47152,Germinal_Center_Plasma_IgM_B_cell,5
19_47153,Plasma_IgG,10
19_47154,Plasma_IgG,10
19_47155,Tumor,12
19_47166,unknown,14
19_47168,Germinal_Center_Plasma_IgM_B_cell,5
19_47169,Plasma_IgG,10
19_47170,Tumor_Keratin_Pearl,13
19_47173,M1_macrophages,7
19_47174,Plasma_IgG,10
19_47175,High_Endothelial_Venules,6
19_47176,unknown,14
19_47178,unknown,14
19_47179,Tumor,12
19_47183,T_cell,11
19_47184,M1_macrophages,7
19_47185,High_Endothelial_Venules,6
19_47186,Plasma_IgA,9
19_47187,Germinal_Center_Plasma_IgM_B_cell,5
19_47188,Germinal_Center_Plasma_IgM_B_cell,5
19_47189,CAF,0
19_47195,Plasma_IgG,10
19_47197,Plasma_IgG,10
19_47198,M1_macrophages,7
19_47199,Germinal_Center_Plasma_IgM_B_cell,5
19_47201,Plasma_IgG,10
19_47202,Tumor,12
19_47204,unknown,14
19_47205,Plasma_IgG,10
19_47207,M1_macrophages,7
19_47213,T_cell,11
19_47216,Plasma_IgG,10
19_47217,T_cell,11
19_47219,Germinal_Center_Plasma_IgM_B_cell,5
19_47220,Plasma_IgG,10
19_47221,Tumor,12
19_47225,unknown,14
19_47227,M1_macrophages,7
19_47229,T_cell,11
19_47231,High_Endothelial_Venules,6
19_47232,Germinal_Center_Plasma_IgM_B_cell,5
19_47233,CAF,0
19_47236,unknown,14
19_47237,Plasma_IgG,10
19_47238,Germinal_Center_Plasma_IgM_B_cell,5
19_47239,unknown,14
19_47242,unknown,14
19_47244,High_Endothelial_Venules,6
19_47245,High_Endothelial_Venules,6
19_47247,Germinal_Center_Plasma_IgM_B_cell,5
19_47248,Germinal_Center_Plasma_IgM_B_cell,5
19_47249,Plasma_IgG,10
19_47250,unknown,14
19_47254,Germinal_Center_Plasma_IgM_B_cell,5
19_47257,Tumor,12
19_47262,Germinal_Center_Plasma_IgM_B_cell,5
19_47264,T_cell,11
19_47266,Plasma_IgG,10
19_47267,Plasma_IgA,9
19_47268,High_Endothelial_Venules,6
19_47270,Germinal_Center_Plasma_IgM_B_cell,5
19_47272,Germinal_Center_Plasma_IgM_B_cell,5
19_47276,M1_macrophages,7
19_47277,unknown,14
19_47278,M1_macrophages,7
19_47284,CAF,0
19_47286,unknown,14
19_47288,Germinal_Center_Plasma_IgM_B_cell,5
19_47289,High_Endothelial_Venules,6
19_47290,M1_macrophages,7
19_47291,Tumor,12
19_47295,Plasma_IgG,10
19_47296,Plasma_IgG,10
19_47297,Germinal_Center_Plasma_IgM_B_cell,5
19_47298,Germinal_Center_Plasma_IgM_B_cell,5
19_47299,Tumor,12
19_47302,T_cell,11
19_47303,unknown,14
19_47304,M1_macrophages,7
19_47305,T_cell,11
19_47306,T_cell,11
19_47307,Plasma_IgG,10
19_47308,Plasma_IgG,10
19_47309,Germinal_Center_Plasma_IgM_B_cell,5
19_47314,Germinal_Center_Plasma_IgM_B_cell,5
19_47315,High_Endothelial_Venules,6
19_47316,Plasma_IgA,9
19_47317,M1_macrophages,7
19_47318,Germinal_Center_Plasma_IgM_B_cell,5
19_47319,Plasma_IgA,9
19_47320,Germinal_Center_Plasma_IgM_B_cell,5
19_47321,unknown,14
19_47325,Plasma_IgG,10
19_47326,T_cell,11
19_47328,Germinal_Center_Plasma_IgM_B_cell,5
19_47329,unknown,14
19_47333,unknown,14
19_47334,Plasma_IgG,10
19_47335,Germinal_Center_Plasma_IgM_B_cell,5
19_47337,Germinal_Center_Plasma_IgM_B_cell,5
19_47339,Tumor,12
19_47342,unknown,14
19_47343,Plasma_IgG,10
19_47345,Plasma_IgG,10
19_47346,Plasma_IgG,10
19_47347,T_cell,11
19_47348,Germinal_Center_Plasma_IgM_B_cell,5
19_47349,Germinal_Center_Plasma_IgM_B_cell,5
19_47356,M1_macrophages,7
19_47360,Plasma_IgG,10
19_47361,Plasma_IgG,10
19_47362,unknown,14
19_47363,Plasma_IgG,10
19_47369,Plasma_IgG,10
19_47371,High_Endothelial_Venules,6
19_47372,Plasma_IgG,10
19_47373,M1_macrophages,7
19_47375,unknown,14
19_47376,Germinal_Center_Plasma_IgM_B_cell,5
19_47381,High_Endothelial_Venules,6
19_47382,Plasma_IgA,9
19_47383,Germinal_Center_Plasma_IgM_B_cell,5
19_47384,Germinal_Center_Plasma_IgM_B_cell,5
19_47386,T_cell,11
19_47387,Plasma_IgG,10
19_47388,Germinal_Center_Plasma_IgM_B_cell,5
19_47389,Germinal_Center_Plasma_IgM_B_cell,5
19_47391,Germinal_Center_Plasma_IgM_B_cell,5
19_47395,Germinal_Center_Plasma_IgM_B_cell,5
19_47397,Plasma_IgG,10
19_47399,Plasma_IgA,9
19_47400,M1_macrophages,7
19_47401,Plasma_IgG,10
19_47406,T_cell,11
19_47407,unknown,14
19_47408,Germinal_Center_Plasma_IgM_B_cell,5
19_47409,unknown,14
19_47410,High_Endothelial_Venules,6
19_47411,T_cell,11
19_47412,unknown,14
19_47413,T_cell,11
19_47414,Germinal_Center_Plasma_IgM_B_cell,5
19_47415,Germinal_Center_Plasma_IgM_B_cell,5
19_47416,Germinal_Center_Plasma_IgM_B_cell,5
19_47418,Plasma_IgG,10
19_47420,unknown,14
19_47421,Germinal_Center_Plasma_IgM_B_cell,5
19_47422,unknown,14
19_47427,Germinal_Center_Plasma_IgM_B_cell,5
19_47429,Tumor,12
19_47430,Tumor_Keratin_Pearl,13
19_47434,T_cell,11
19_47435,High_Endothelial_Venules,6
19_47436,unknown,14
19_47438,Plasma_IgG,10
19_47439,Plasma_IgA,9
19_47440,Plasma_IgG,10
19_47441,Plasma_IgG,10
19_47443,Germinal_Center_Plasma_IgM_B_cell,5
19_47445,Plasma_IgG,10
19_47449,Plasma_IgG,10
19_47450,Plasma_IgG,10
19_47451,unknown,14
19_47452,Plasma_IgG,10
19_47453,Tumor,12
19_47455,T_cell,11
19_47456,Germinal_Center_Plasma_IgM_B_cell,5
19_47458,unknown,14
19_47459,unknown,14
19_47460,M1_macrophages,7
19_47461,Plasma_IgG,10
19_47462,Germinal_Center_Plasma_IgM_B_cell,5
19_47467,unknown,14
19_47468,Plasma_IgG,10
19_47469,Plasma_IgG,10
19_47470,Plasma_IgG,10
19_47473,unknown,14
19_47479,Plasma_IgG,10
19_47480,Germinal_Center_Plasma_IgM_B_cell,5
19_47481,T_cell,11
19_47483,unknown,14
19_47484,unknown,14
19_47485,unknown,14
19_47486,unknown,14
19_47487,Plasma_IgG,10
19_47490,T_cell,11
19_47492,M1_macrophages,7
19_47493,Germinal_Center_Plasma_IgM_B_cell,5
19_47494,Germinal_Center_Plasma_IgM_B_cell,5
19_47495,Germinal_Center_Plasma_IgM_B_cell,5
19_47500,unknown,14
19_47502,Plasma_IgG,10
19_47503,High_Endothelial_Venules,6
19_47504,Plasma_IgA,9
19_47505,Plasma_IgG,10
19_47506,Germinal_Center_Plasma_IgM_B_cell,5
19_47507,Plasma_IgG,10
19_47508,CAF,0
19_47512,T_cell,11
19_47519,Plasma_IgA,9
19_47520,Plasma_IgG,10
19_47522,Germinal_Center_Plasma_IgM_B_cell,5
19_47523,Tumor,12
19_47530,T_cell,11
19_47531,unknown,14
19_47533,Plasma_IgG,10
19_47534,Plasma_IgG,10
19_47535,T_cell,11
19_47542,unknown,14
19_47543,Cortex_CCL21,2
19_47544,Germinal_Center_Plasma_IgM_B_cell,5
19_47545,unknown,14
19_47546,M1_macrophages,7
19_47547,Plasma_IgG,10
19_47549,Plasma_IgG,10
19_47555,Plasma_IgG,10
19_47557,Germinal_Center_Plasma_IgM_B_cell,5
19_47558,unknown,14
19_47559,Germinal_Center_Plasma_IgM_B_cell,5
19_47562,Plasma_IgG,10
19_47566,T_cell,11
19_47567,Plasma_IgG,10
19_47568,Plasma_IgG,10
19_47569,Plasma_IgG,10
19_47570,High_Endothelial_Venules,6
19_47573,Tumor,12
19_47581,M1_macrophages,7
19_47582,T_cell,11
19_47583,unknown,14
19_47585,Tumor,12
19_47589,Plasma_IgG,10
19_47591,Germinal_Center_Plasma_IgM_B_cell,5
19_47592,Plasma_IgG,10
19_47593,Plasma_IgG,10
19_47594,CAF,0
19_47597,unknown,14
19_47599,unknown,14
19_47600,T_cell,11
19_47601,Plasma_IgA,9
19_47602,High_Endothelial_Venules,6
19_47603,CAF,0
19_47609,M1_macrophages,7
19_47610,T_cell,11
19_47611,Plasma_IgG,10
19_47612,Plasma_IgG,10
19_47614,Germinal_Center_Plasma_IgM_B_cell,5
19_47615,unknown,14
19_47616,Germinal_Center_Plasma_IgM_B_cell,5
19_47617,Tumor,12
19_47618,Tumor,12
19_47621,unknown,14
19_47622,High_Endothelial_Venules,6
19_47623,Plasma_IgG,10
19_47624,High_Endothelial_Venules,6
19_47625,Germinal_Center_Plasma_IgM_B_cell,5
19_47627,Tumor,12
19_47628,CAF,0
19_47630,T_cell,11
19_47632,unknown,14
19_47633,T_cell,11
19_47635,Plasma_IgG,10
19_47636,Plasma_IgG,10
19_47637,Tumor,12
19_47638,Tumor,12
19_47640,unknown,14
19_47644,Plasma_IgG,10
19_47645,CAF,0
19_47649,Tumor,12
19_47650,High_Endothelial_Venules,6
19_47651,Plasma_IgA,9
19_47652,Germinal_Center_Plasma_IgM_B_cell,5
19_47657,unknown,14
19_47658,unknown,14
19_47659,T_cell,11
19_47660,Plasma_IgG,10
19_47661,unknown,14
19_47663,Germinal_Center_Plasma_IgM_B_cell,5
19_47665,Plasma_IgG,10
19_47667,unknown,14
19_47668,T_cell,11
19_47671,Plasma_IgG,10
19_47672,Germinal_Center_Plasma_IgM_B_cell,5
19_47673,Plasma_IgG,10
19_47674,High_Endothelial_Venules,6
19_47675,unknown,14
19_47676,Germinal_Center_Plasma_IgM_B_cell,5
19_47678,Germinal_Center_Plasma_IgM_B_cell,5
19_47681,Plasma_IgG,10
19_47682,Plasma_IgG,10
19_47685,Germinal_Center_Plasma_IgM_B_cell,5
19_47686,Germinal_Center_Plasma_IgM_B_cell,5
19_47687,Germinal_Center_Plasma_IgM_B_cell,5
19_47688,M1_macrophages,7
19_47691,unknown,14
19_47692,High_Endothelial_Venules,6
19_47693,M1_macrophages,7
19_47694,unknown,14
19_47695,High_Endothelial_Venules,6
19_47696,Plasma_IgG,10
19_47698,Germinal_Center_Plasma_IgM_B_cell,5
19_47699,unknown,14
19_47700,Germinal_Center_Plasma_IgM_B_cell,5
19_47705,unknown,14
19_47706,Plasma_IgG,10
19_47709,Plasma_IgG,10
19_47710,Tumor,12
19_47711,CAF,0
19_47712,CAF,0
19_47717,unknown,14
19_47718,Germinal_Center_Plasma_IgM_B_cell,5
19_47721,Plasma_IgA,9
19_47722,unknown,14
19_47723,Germinal_Center_Plasma_IgM_B_cell,5
19_47724,CAM,1
19_47725,High_Endothelial_Venules,6
19_47727,unknown,14
19_47728,Germinal_Center_Plasma_IgM_B_cell,5
19_47730,M1_macrophages,7
19_47732,unknown,14
19_47733,Germinal_Center_Plasma_IgM_B_cell,5
19_47734,Germinal_Center_Plasma_IgM_B_cell,5
19_47736,unknown,14
19_47737,Plasma_IgG,10
19_47741,unknown,14
19_47742,Germinal_Center_Plasma_IgM_B_cell,5
19_47743,Plasma_IgG,10
19_47744,Plasma_IgG,10
19_47745,Germinal_Center_Plasma_IgM_B_cell,5
19_47746,Plasma_IgG,10
19_47750,unknown,14
19_47751,Plasma_IgG,10
19_47752,unknown,14
19_47753,Germinal_Center_Plasma_IgM_B_cell,5
19_47755,Plasma_IgA,9
19_47757,unknown,14
19_47758,High_Endothelial_Venules,6
19_47759,Plasma_IgG,10
19_47761,unknown,14
19_47763,T_cell,11
19_47766,Plasma_IgA,9
19_47767,M1_macrophages,7
19_47768,unknown,14
19_47770,Germinal_Center_Plasma_IgM_B_cell,5
19_47771,M1_macrophages,7
19_47773,T_cell,11
19_47774,T_cell,11
19_47775,M1_macrophages,7
19_47776,High_Endothelial_Venules,6
19_47777,Germinal_Center_Plasma_IgM_B_cell,5
19_47778,Germinal_Center_Plasma_IgM_B_cell,5
19_47779,Germinal_Center_Plasma_IgM_B_cell,5
19_47781,unknown,14
19_47782,High_Endothelial_Venules,6
19_47784,Plasma_IgG,10
19_47785,M1_macrophages,7
19_47788,unknown,14
19_47795,Plasma_IgG,10
19_47796,unknown,14
19_47797,M1_macrophages,7
19_47800,T_cell,11
19_47801,unknown,14
19_47802,unknown,14
19_47803,T_cell,11
19_47804,Plasma_IgA,9
19_47805,Plasma_IgG,10
19_47810,Plasma_IgG,10
19_47811,M1_macrophages,7
19_47812,Germinal_Center_Plasma_IgM_B_cell,5
19_47815,M1_macrophages,7
19_47816,T_cell,11
19_47818,Tumor,12
19_47820,Germinal_Center_Plasma_IgM_B_cell,5
19_47821,T_cell,11
19_47823,T_cell,11
19_47825,Germinal_Center_Plasma_IgM_B_cell,5
19_47831,M1_macrophages,7
19_47832,M1_macrophages,7
19_47833,Tumor,12
19_47838,M1_macrophages,7
19_47839,T_cell,11
19_47842,Plasma_IgG,10
19_47843,unknown,14
19_47844,M1_macrophages,7
19_47848,Plasma_IgG,10
19_47850,Germinal_Center_Plasma_IgM_B_cell,5
19_47851,Tumor,12
19_47852,CAF,0
19_47854,High_Endothelial_Venules,6
19_47855,M1_macrophages,7
19_47856,Plasma_IgG,10
19_47857,Germinal_Center_Plasma_IgM_B_cell,5
19_47858,Plasma_IgG,10
19_47859,Plasma_IgG,10
19_47863,unknown,14
19_47864,Plasma_IgG,10
19_47865,M1_macrophages,7
19_47866,unknown,14
19_47868,Germinal_Center_Plasma_IgM_B_cell,5
19_47869,Germinal_Center_Plasma_IgM_B_cell,5
19_47870,M1_macrophages,7
19_47876,Plasma_IgG,10
19_47877,Germinal_Center_Plasma_IgM_B_cell,5
19_47878,Germinal_Center_Plasma_IgM_B_cell,5
19_47879,Plasma_IgG,10
19_47880,Plasma_IgG,10
19_47881,Tumor,12
19_47882,CAF,0
19_47885,unknown,14
19_47886,unknown,14
19_47888,Germinal_Center_Plasma_IgM_B_cell,5
19_47889,Germinal_Center_Plasma_IgM_B_cell,5
19_47890,Germinal_Center_Plasma_IgM_B_cell,5
19_47891,Germinal_Center_Plasma_IgM_B_cell,5
19_47893,unknown,14
19_47894,Tumor,12
19_47899,Plasma_IgG,10
19_47900,Plasma_IgG,10
19_47901,Plasma_IgG,10
19_47902,M1_macrophages,7
19_47903,Plasma_IgG,10
19_47904,High_Endothelial_Venules,6
19_47905,Germinal_Center_Plasma_IgM_B_cell,5
19_47906,Germinal_Center_Plasma_IgM_B_cell,5
19_47910,unknown,14
19_47911,Plasma_IgG,10
19_47912,unknown,14
19_47913,Plasma_IgG,10
19_47925,Plasma_IgG,10
19_47928,Plasma_IgG,10
19_47929,Germinal_Center_Plasma_IgM_B_cell,5
19_47932,Plasma_IgA,9
19_47933,Germinal_Center_Plasma_IgM_B_cell,5
19_47937,Plasma_IgG,10
19_47938,Plasma_IgG,10
19_47940,High_Endothelial_Venules,6
19_47942,CAF,0
19_47943,T_cell,11
19_47944,unknown,14
19_47945,M1_macrophages,7
19_47946,M1_macrophages,7
19_47949,T_cell,11
19_47951,Plasma_IgG,10
19_47952,Tumor,12
19_47955,T_cell,11
19_47956,unknown,14
19_47957,unknown,14
19_47958,unknown,14
19_47959,Plasma_IgG,10
19_47960,M1_macrophages,7
19_47961,Plasma_IgG,10
19_47962,Plasma_IgG,10
19_47963,Plasma_IgG,10
19_47965,unknown,14
19_47966,Germinal_Center_Plasma_IgM_B_cell,5
19_47967,M1_macrophages,7
19_47968,Plasma_IgG,10
19_47974,M1_macrophages,7
19_47975,Germinal_Center_Plasma_IgM_B_cell,5
19_47977,Plasma_IgG,10
19_47984,Plasma_IgG,10
19_47985,Plasma_IgG,10
19_47986,unknown,14
19_47987,Germinal_Center_Plasma_IgM_B_cell,5
19_47989,CAF,0
19_47991,unknown,14
19_47994,unknown,14
19_47998,Germinal_Center_Plasma_IgM_B_cell,5
19_47999,unknown,14
19_48000,Plasma_IgG,10
19_48002,Plasma_IgG,10
19_48005,Germinal_Center_Plasma_IgM_B_cell,5
19_48006,T_cell,11
19_48007,T_cell,11
19_48008,Plasma_IgG,10
19_48010,Germinal_Center_Plasma_IgM_B_cell,5
19_48015,Germinal_Center_Plasma_IgM_B_cell,5
19_48016,Plasma_IgG,10
19_48018,Germinal_Center_Plasma_IgM_B_cell,5
19_48020,unknown,14
19_48021,Plasma_IgG,10
19_48024,unknown,14
19_48027,T_cell,11
19_48029,Plasma_IgG,10
19_48030,Plasma_IgG,10
19_48031,CAF,0
19_48032,unknown,14
19_48034,Plasma_IgG,10
19_48036,Plasma_IgG,10
19_48037,Plasma_IgG,10
19_48038,Tumor,12
19_48042,T_cell,11
19_48044,unknown,14
19_48045,Plasma_IgG,10
19_48046,High_Endothelial_Venules,6
19_48047,M1_macrophages,7
19_48048,M1_macrophages,7
19_48052,Germinal_Center_Plasma_IgM_B_cell,5
19_48055,unknown,14
19_48057,Germinal_Center_Plasma_IgM_B_cell,5
19_48059,unknown,14
19_48060,Plasma_IgG,10
19_48061,CAF,0
19_48063,unknown,14
19_48064,unknown,14
19_48065,High_Endothelial_Venules,6
19_48066,T_cell,11
19_48067,High_Endothelial_Venules,6
19_48069,Plasma_IgG,10
19_48071,Germinal_Center_Plasma_IgM_B_cell,5
19_48076,unknown,14
19_48078,unknown,14
19_48080,Germinal_Center_Plasma_IgM_B_cell,5
19_48081,Germinal_Center_Plasma_IgM_B_cell,5
19_48083,Plasma_IgG,10
19_48084,Germinal_Center_Plasma_IgM_B_cell,5
19_48086,Germinal_Center_Plasma_IgM_B_cell,5
19_48087,unknown,14
19_48088,High_Endothelial_Venules,6
19_48089,M1_macrophages,7
19_48090,Plasma_IgG,10
19_48091,Germinal_Center_Plasma_IgM_B_cell,5
19_48092,Germinal_Center_Plasma_IgM_B_cell,5
19_48100,Plasma_IgG,10
19_48101,Plasma_IgG,10
19_48102,Germinal_Center_Plasma_IgM_B_cell,5
19_48103,M1_macrophages,7
19_48104,Germinal_Center_Plasma_IgM_B_cell,5
19_48105,CAF,0
19_48108,unknown,14
19_48109,T_cell,11
19_48111,Germinal_Center_Plasma_IgM_B_cell,5
19_48112,Germinal_Center_Plasma_IgM_B_cell,5
19_48113,Germinal_Center_Plasma_IgM_B_cell,5
19_48114,Germinal_Center_Plasma_IgM_B_cell,5
19_48115,High_Endothelial_Venules,6
19_48116,Plasma_IgG,10
19_48119,unknown,14
19_48120,M1_macrophages,7
19_48121,Plasma_IgA,9
19_48122,M1_macrophages,7
19_48124,Germinal_Center_Plasma_IgM_B_cell,5
19_48125,Plasma_IgG,10
19_48126,Tumor,12
19_48127,M1_macrophages,7
19_48130,Plasma_IgA,9
19_48131,Plasma_IgG,10
19_48133,unknown,14
19_48138,unknown,14
19_48140,unknown,14
19_48141,M1_macrophages,7
19_48142,Germinal_Center_Plasma_IgM_B_cell,5
19_48143,Germinal_Center_Plasma_IgM_B_cell,5
19_48145,Plasma_IgG,10
19_48148,unknown,14
19_48150,Plasma_IgG,10
19_48151,unknown,14
19_48152,Germinal_Center_Plasma_IgM_B_cell,5
19_48153,Germinal_Center_Plasma_IgM_B_cell,5
19_48154,CAF,0
19_48160,Plasma_IgG,10
19_48162,Germinal_Center_Plasma_IgM_B_cell,5
19_48163,Germinal_Center_Plasma_IgM_B_cell,5
19_48164,M1_macrophages,7
19_48165,Tumor,12
19_48167,Tumor,12
19_48172,Plasma_IgG,10
19_48175,M1_macrophages,7
19_48176,Plasma_IgG,10
19_48177,Plasma_IgG,10
19_48179,Plasma_IgG,10
19_48181,unknown,14
19_48183,Germinal_Center_Plasma_IgM_B_cell,5
19_48184,Tumor,12
19_48185,Plasma_IgG,10
19_48190,T_cell,11
19_48193,Plasma_IgG,10
19_48194,Plasma_IgG,10
19_48195,Germinal_Center_Plasma_IgM_B_cell,5
19_48197,Plasma_IgG,10
19_48198,Plasma_IgG,10
19_48203,Germinal_Center_Plasma_IgM_B_cell,5
19_48205,High_Endothelial_Venules,6
19_48206,Plasma_IgG,10
19_48211,CAF,0
19_48214,unknown,14
19_48215,unknown,14
19_48217,Plasma_IgG,10
19_48219,Germinal_Center_Plasma_IgM_B_cell,5
19_48221,Plasma_IgG,10
19_48222,Tumor,12
19_48223,CAF,0
19_48226,T_cell,11
19_48228,Plasma_IgG,10
19_48229,Plasma_IgG,10
19_48232,unknown,14
19_48234,Plasma_IgG,10
19_48235,Plasma_IgG,10
19_48237,M1_macrophages,7
19_48238,Germinal_Center_Plasma_IgM_B_cell,5
19_48242,unknown,14
19_48243,T_cell,11
19_48244,Plasma_IgG,10
19_48245,Plasma_IgG,10
19_48246,M1_macrophages,7
19_48247,Plasma_IgG,10
19_48249,High_Endothelial_Venules,6
19_48254,unknown,14
19_48255,Plasma_IgG,10
19_48256,Plasma_IgG,10
19_48257,Germinal_Center_Plasma_IgM_B_cell,5
19_48258,M1_macrophages,7
19_48259,Plasma_IgG,10
19_48260,Plasma_IgG,10
19_48264,unknown,14
19_48265,Germinal_Center_Plasma_IgM_B_cell,5
19_48268,Plasma_IgG,10
19_48269,Germinal_Center_Plasma_IgM_B_cell,5
19_48271,Plasma_IgG,10
19_48272,Plasma_IgG,10
19_48275,unknown,14
19_48276,unknown,14
19_48278,High_Endothelial_Venules,6
19_48280,Germinal_Center_Plasma_IgM_B_cell,5
19_48281,Plasma_IgG,10
19_48285,Plasma_IgG,10
19_48287,Plasma_IgG,10
19_48288,Plasma_IgG,10
19_48289,Plasma_IgA,9
19_48290,unknown,14
19_48291,Germinal_Center_Plasma_IgM_B_cell,5
19_48294,Germinal_Center_Plasma_IgM_B_cell,5
19_48295,unknown,14
19_48297,High_Endothelial_Venules,6
19_48299,CAF,0
19_48301,unknown,14
19_48303,T_cell,11
19_48304,M1_macrophages,7
19_48305,Plasma_IgA,9
19_48306,Tumor,12
19_48307,Plasma_IgG,10
19_48309,Germinal_Center_Plasma_IgM_B_cell,5
19_48310,unknown,14
19_48312,M1_macrophages,7
19_48313,Plasma_IgG,10
19_48314,Tumor,12
19_48315,unknown,14
19_48318,unknown,14
19_48319,unknown,14
19_48320,Germinal_Center_Plasma_IgM_B_cell,5
19_48321,Germinal_Center_Plasma_IgM_B_cell,5
19_48322,unknown,14
19_48323,Plasma_IgG,10
19_48325,Germinal_Center_Plasma_IgM_B_cell,5
19_48326,Germinal_Center_Plasma_IgM_B_cell,5
19_48327,High_Endothelial_Venules,6
19_48329,High_Endothelial_Venules,6
19_48330,unknown,14
19_48331,Germinal_Center_Plasma_IgM_B_cell,5
19_48332,Germinal_Center_Plasma_IgM_B_cell,5
19_48334,Plasma_IgG,10
19_48342,T_cell,11
19_48343,Plasma_IgG,10
19_48344,Plasma_IgG,10
19_48345,Plasma_IgG,10
19_48347,Germinal_Center_Plasma_IgM_B_cell,5
19_48348,CAF,0
19_48352,unknown,14
19_48354,Germinal_Center_Plasma_IgM_B_cell,5
19_48355,Plasma_IgG,10
19_48356,Plasma_IgA,9
19_48357,unknown,14
19_48358,CAF,0
19_48362,unknown,14
19_48365,High_Endothelial_Venules,6
19_48367,Plasma_IgA,9
19_48368,Germinal_Center_Plasma_IgM_B_cell,5
19_48369,Germinal_Center_Plasma_IgM_B_cell,5
19_48370,Germinal_Center_Plasma_IgM_B_cell,5
19_48371,Plasma_IgG,10
19_48372,Tumor,12
19_48376,Plasma_IgA,9
19_48378,M1_macrophages,7
19_48383,M1_macrophages,7
19_48384,Plasma_IgG,10
19_48385,Plasma_IgG,10
19_48386,M1_macrophages,7
19_48388,Germinal_Center_Plasma_IgM_B_cell,5
19_48389,unknown,14
19_48390,T_cell,11
19_48391,Tumor,12
19_48396,Plasma_IgG,10
19_48397,M1_macrophages,7
19_48398,Plasma_IgG,10
19_48399,Germinal_Center_Plasma_IgM_B_cell,5
19_48400,Macrophages,8
19_48401,High_Endothelial_Venules,6
19_48402,Plasma_IgA,9
19_48403,Tumor,12
19_48407,T_cell,11
19_48408,M1_macrophages,7
19_48410,Germinal_Center_Plasma_IgM_B_cell,5
19_48411,Germinal_Center_Plasma_IgM_B_cell,5
19_48412,Germinal_Center_Plasma_IgM_B_cell,5
19_48413,Tumor,12
19_48417,T_cell,11
19_48418,Germinal_Center_Plasma_IgM_B_cell,5
19_48421,Tumor,12
19_48425,unknown,14
19_48428,Tumor,12
19_48429,Tumor,12
19_48432,Plasma_IgG,10
19_48433,Plasma_IgG,10
19_48434,M1_macrophages,7
19_48435,Germinal_Center_Plasma_IgM_B_cell,5
19_48436,Plasma_IgG,10
19_48437,Tumor,12
19_48441,Plasma_IgG,10
19_48442,M1_macrophages,7
19_48446,T_cell,11
19_48447,Plasma_IgG,10
19_48448,Plasma_IgG,10
19_48449,Plasma_IgG,10
19_48451,Germinal_Center_Plasma_IgM_B_cell,5
19_48452,Germinal_Center_Plasma_IgM_B_cell,5
19_48454,unknown,14
19_48455,Tumor,12
19_48461,M1_macrophages,7
19_48462,unknown,14
19_48463,Plasma_IgG,10
19_48465,Plasma_IgG,10
19_48466,CAF,0
19_48470,Plasma_IgG,10
19_48471,Plasma_IgG,10
19_48475,M1_macrophages,7
19_48476,Plasma_IgA,9
19_48479,CAF,0
19_48484,Plasma_IgG,10
19_48485,Plasma_IgA,9
19_48486,Plasma_IgG,10
19_48487,Germinal_Center_Plasma_IgM_B_cell,5
19_48488,Plasma_IgG,10
19_48489,Tumor,12
19_48493,T_cell,11
19_48494,unknown,14
19_48495,Germinal_Center_Plasma_IgM_B_cell,5
19_48496,Plasma_IgG,10
19_48497,CAF,0
19_48502,unknown,14
19_48505,unknown,14
19_48510,Plasma_IgG,10
19_48516,Plasma_IgG,10
19_48517,Plasma_IgG,10
19_48520,Germinal_Center_Plasma_IgM_B_cell,5
19_48521,unknown,14
19_48526,M1_macrophages,7
19_48528,T_cell,11
19_48529,T_cell,11
19_48530,Plasma_IgG,10
19_48531,Plasma_IgG,10
19_48532,Germinal_Center_Plasma_IgM_B_cell,5
19_48533,Germinal_Center_Plasma_IgM_B_cell,5
19_48534,Germinal_Center_Plasma_IgM_B_cell,5
19_48535,Plasma_IgG,10
19_48536,CAF,0
19_48539,Plasma_IgA,9
19_48540,unknown,14
19_48541,High_Endothelial_Venules,6
19_48543,Plasma_IgG,10
19_48544,Germinal_Center_Plasma_IgM_B_cell,5
19_48546,Germinal_Center_Plasma_IgM_B_cell,5
19_48547,Plasma_IgG,10
19_48551,High_Endothelial_Venules,6
19_48553,Germinal_Center_Plasma_IgM_B_cell,5
19_48556,Plasma_IgG,10
19_48557,Tumor,12
19_48562,Plasma_IgG,10
19_48563,Germinal_Center_Plasma_IgM_B_cell,5
19_48565,Tumor,12
19_48566,Germinal_Center_Plasma_IgM_B_cell,5
19_48569,unknown,14
19_48570,Germinal_Center_Plasma_IgM_B_cell,5
19_48571,Germinal_Center_Plasma_IgM_B_cell,5
19_48572,Tumor_Keratin_Pearl,13
19_48577,Germinal_Center_Plasma_IgM_B_cell,5
19_48579,Tumor,12
19_48580,CAF,0
19_48584,High_Endothelial_Venules,6
19_48585,High_Endothelial_Venules,6
19_48586,Plasma_IgA,9
19_48587,unknown,14
19_48592,Plasma_IgG,10
19_48595,High_Endothelial_Venules,6
19_48603,Plasma_IgG,10
19_48604,Germinal_Center_Plasma_IgM_B_cell,5
19_48605,Germinal_Center_Plasma_IgM_B_cell,5
19_48607,M1_macrophages,7
19_48608,Plasma_IgG,10
19_48612,M1_macrophages,7
19_48613,Plasma_IgG,10
19_48619,Plasma_IgG,10
19_48620,Plasma_IgG,10
19_48621,Plasma_IgG,10
19_48622,Plasma_IgG,10
19_48623,M1_macrophages,7
19_48624,Germinal_Center_Plasma_IgM_B_cell,5
19_48625,unknown,14
19_48626,Plasma_IgG,10
19_48627,Tumor,12
19_48631,unknown,14
19_48632,M1_macrophages,7
19_48633,Plasma_IgG,10
19_48634,Plasma_IgA,9
19_48636,Germinal_Center_Plasma_IgM_B_cell,5
19_48641,Plasma_IgG,10
19_48642,Plasma_IgG,10
19_48643,Plasma_IgA,9
19_48644,unknown,14
19_48645,M1_macrophages,7
19_48646,unknown,14
19_48647,Plasma_IgG,10
19_48649,Plasma_IgG,10
19_48651,High_Endothelial_Venules,6
19_48653,Plasma_IgG,10
19_48655,Plasma_IgG,10
19_48657,unknown,14
19_48658,Germinal_Center_Plasma_IgM_B_cell,5
19_48659,Germinal_Center_Plasma_IgM_B_cell,5
19_48660,Germinal_Center_Plasma_IgM_B_cell,5
19_48662,CAF,0
19_48667,Plasma_IgG,10
19_48669,High_Endothelial_Venules,6
19_48670,unknown,14
19_48671,Plasma_IgG,10
19_48672,Plasma_IgG,10
19_48677,Plasma_IgG,10
19_48678,Germinal_Center_Plasma_IgM_B_cell,5
19_48679,Germinal_Center_Plasma_IgM_B_cell,5
19_48680,Germinal_Center_Plasma_IgM_B_cell,5
19_48683,M1_macrophages,7
19_48684,unknown,14
19_48685,Germinal_Center_Plasma_IgM_B_cell,5
19_48688,unknown,14
19_48690,Plasma_IgG,10
19_48691,Germinal_Center_Plasma_IgM_B_cell,5
19_48692,Germinal_Center_Plasma_IgM_B_cell,5
19_48698,T_cell,11
19_48700,unknown,14
19_48701,Plasma_IgG,10
19_48702,High_Endothelial_Venules,6
19_48704,CAF,0
19_48710,T_cell,11
19_48711,Plasma_IgG,10
19_48715,M1_macrophages,7
19_48716,M1_macrophages,7
19_48717,unknown,14
19_48719,Plasma_IgG,10
19_48722,Germinal_Center_Plasma_IgM_B_cell,5
19_48723,T_cell,11
19_48728,T_cell,11
19_48729,T_cell,11
19_48730,T_cell,11
19_48731,Plasma_IgG,10
19_48732,Germinal_Center_Plasma_IgM_B_cell,5
19_48734,Plasma_IgG,10
19_48737,unknown,14
19_48738,unknown,14
19_48739,Plasma_IgG,10
19_48740,Plasma_IgG,10
19_48741,Plasma_IgG,10
19_48742,Plasma_IgG,10
19_48746,Plasma_IgG,10
19_48748,Plasma_IgG,10
19_48749,Germinal_Center_Plasma_IgM_B_cell,5
19_48751,Plasma_IgG,10
19_48752,Plasma_IgG,10
19_48753,Tumor,12
19_48754,Tumor,12
19_48761,M1_macrophages,7
19_48766,T_cell,11
19_48767,Plasma_IgG,10
19_48768,Plasma_IgG,10
19_48770,Plasma_IgG,10
19_48771,CAF,0
19_48774,unknown,14
19_48776,High_Endothelial_Venules,6
19_48777,High_Endothelial_Venules,6
19_48780,Germinal_Center_Plasma_IgM_B_cell,5
19_48783,Plasma_IgG,10
19_48784,Tumor,12
19_48785,CAF,0
19_48788,Plasma_IgG,10
19_48791,unknown,14
19_48794,Plasma_IgG,10
19_48795,Plasma_IgA,9
19_48796,CAF,0
19_48800,M1_macrophages,7
19_48802,Plasma_IgA,9
19_48803,Plasma_IgA,9
19_48805,Germinal_Center_Plasma_IgM_B_cell,5
19_48811,unknown,14
19_48813,High_Endothelial_Venules,6
19_48814,Germinal_Center_Plasma_IgM_B_cell,5
19_48816,Plasma_IgG,10
19_48818,Germinal_Center_Plasma_IgM_B_cell,5
19_48823,Tumor,12
19_48826,unknown,14
19_48833,T_cell,11
19_48836,unknown,14
19_48837,M1_macrophages,7
19_48839,Cytotoxic_IFN_signaling,3
19_48840,Plasma_IgG,10
19_48843,unknown,14
19_48845,T_cell,11
19_48846,Plasma_IgG,10
19_48847,Plasma_IgG,10
19_48848,Plasma_IgG,10
19_48849,Tumor,12
19_48852,T_cell,11
19_48853,Plasma_IgG,10
19_48854,Germinal_Center_Plasma_IgM_B_cell,5
19_48855,unknown,14
19_48856,Plasma_IgG,10
19_48857,Plasma_IgG,10
19_48862,Plasma_IgG,10
19_48863,Germinal_Center_Plasma_IgM_B_cell,5
19_48866,Germinal_Center_Plasma_IgM_B_cell,5
19_48869,Plasma_IgG,10
19_48870,T_cell,11
19_48872,Plasma_IgG,10
19_48875,unknown,14
19_48877,Plasma_IgG,10
19_48878,Plasma_IgG,10
19_48879,Germinal_Center_Plasma_IgM_B_cell,5
19_48880,unknown,14
19_48881,Germinal_Center_Plasma_IgM_B_cell,5
19_48882,Plasma_IgG,10
19_48883,Tumor,12
19_48884,Plasma_IgG,10
19_48885,Plasma_IgG,10
19_48886,Plasma_IgG,10
19_48887,Plasma_IgA,9
19_48888,Plasma_IgG,10
19_48891,Plasma_IgG,10
19_48892,Plasma_IgG,10
19_48894,T_cell,11
19_48895,Plasma_IgG,10
19_48896,Plasma_IgG,10
19_48897,Plasma_IgG,10
19_48898,M1_macrophages,7
19_48899,Germinal_Center_Plasma_IgM_B_cell,5
19_48900,Plasma_IgG,10
19_48906,High_Endothelial_Venules,6
19_48907,unknown,14
19_48908,Germinal_Center_Plasma_IgM_B_cell,5
19_48909,Germinal_Center_Plasma_IgM_B_cell,5
19_48910,Tumor,12
19_48913,unknown,14
19_48917,Plasma_IgG,10
19_48918,unknown,14
19_48920,Germinal_Center_Plasma_IgM_B_cell,5
19_48921,Germinal_Center_Plasma_IgM_B_cell,5
19_48922,Germinal_Center_Plasma_IgM_B_cell,5
19_48926,Plasma_IgA,9
19_48927,High_Endothelial_Venules,6
19_48928,Germinal_Center_Plasma_IgM_B_cell,5
19_48933,T_cell,11
19_48934,Plasma_IgG,10
19_48935,Germinal_Center_Plasma_IgM_B_cell,5
19_48939,unknown,14
19_48941,M1_macrophages,7
19_48942,Plasma_IgG,10
19_48943,Plasma_IgG,10
19_48944,Germinal_Center_Plasma_IgM_B_cell,5
19_48945,M1_macrophages,7
19_48952,Plasma_IgG,10
19_48953,Plasma_IgG,10
19_48955,High_Endothelial_Venules,6
19_48957,unknown,14
19_48958,CAF,0
19_48959,Plasma_IgG,10
19_48962,T_cell,11
19_48963,T_cell,11
19_48964,Germinal_Center_Plasma_IgM_B_cell,5
19_48965,unknown,14
19_48966,Plasma_IgA,9
19_48969,Plasma_IgG,10
19_48973,M1_macrophages,7
19_48974,unknown,14
19_48975,unknown,14
19_48976,Germinal_Center_Plasma_IgM_B_cell,5
19_48977,Germinal_Center_Plasma_IgM_B_cell,5
19_48982,T_cell,11
19_48985,T_cell,11
19_48986,High_Endothelial_Venules,6
19_48987,unknown,14
19_48988,M1_macrophages,7
19_48989,Plasma_IgG,10
19_48991,unknown,14
19_48992,Plasma_IgG,10
19_48993,Plasma_IgG,10
19_48996,M1_macrophages,7
19_48997,unknown,14
19_48999,T_cell,11
19_49000,Plasma_IgG,10
19_49001,Plasma_IgG,10
19_49002,Plasma_IgG,10
19_49005,unknown,14
19_49006,M1_macrophages,7
19_49011,Plasma_IgG,10
19_49012,Plasma_IgA,9
19_49013,Plasma_IgG,10
19_49017,Germinal_Center_Plasma_IgM_B_cell,5
19_49018,Plasma_IgG,10
19_49019,Plasma_IgG,10
19_49023,Tumor,12
19_49025,T_cell,11
19_49032,M1_macrophages,7
19_49033,M1_macrophages,7
19_49034,Plasma_IgG,10
19_49039,Plasma_IgG,10
19_49040,Plasma_IgG,10
19_49041,Plasma_IgA,9
19_49042,Germinal_Center_Plasma_IgM_B_cell,5
19_49043,Germinal_Center_Plasma_IgM_B_cell,5
19_49044,Germinal_Center_Plasma_IgM_B_cell,5
19_49047,Plasma_IgG,10
19_49048,CAF,0
19_49051,Germinal_Center_Plasma_IgM_B_cell,5
19_49053,unknown,14
19_49054,Plasma_IgG,10
19_49055,T_cell,11
19_49056,Germinal_Center_Plasma_IgM_B_cell,5
19_49057,Germinal_Center_Plasma_IgM_B_cell,5
19_49058,CAF,0
19_49060,unknown,14
19_49061,Plasma_IgG,10
19_49062,Plasma_IgG,10
19_49064,Germinal_Center_Plasma_IgM_B_cell,5
19_49066,Plasma_IgG,10
19_49067,CAF,0
19_49068,Tumor,12
19_49070,Plasma_IgG,10
19_49071,Plasma_IgG,10
19_49072,Germinal_Center_Plasma_IgM_B_cell,5
19_49073,M1_macrophages,7
19_49076,unknown,14
19_49078,T_cell,11
19_49079,unknown,14
19_49082,Plasma_IgG,10
19_49083,Plasma_IgG,10
19_49084,Tumor,12
19_49092,unknown,14
19_49095,Plasma_IgG,10
19_49099,unknown,14
19_49100,Germinal_Center_Plasma_IgM_B_cell,5
19_49101,Plasma_IgG,10
19_49102,Plasma_IgG,10
19_49103,Plasma_IgG,10
19_49105,T_cell,11
19_49106,unknown,14
19_49108,Plasma_IgG,10
19_49109,Germinal_Center_Plasma_IgM_B_cell,5
19_49110,Germinal_Center_Plasma_IgM_B_cell,5
19_49114,unknown,14
19_49115,Plasma_IgA,9
19_49116,Germinal_Center_Plasma_IgM_B_cell,5
19_49118,CAF,0
19_49120,Plasma_IgG,10
19_49122,Plasma_IgG,10
19_49123,Plasma_IgG,10
19_49129,Plasma_IgG,10
19_49133,T_cell,11
19_49134,Plasma_IgG,10
19_49135,Plasma_IgG,10
19_49136,Plasma_IgG,10
19_49137,M1_macrophages,7
19_49141,Plasma_IgG,10
19_49142,Tumor,12
19_49150,High_Endothelial_Venules,6
19_49151,M1_macrophages,7
19_49152,Germinal_Center_Plasma_IgM_B_cell,5
19_49153,unknown,14
19_49156,Plasma_IgG,10
19_49157,Plasma_IgG,10
19_49159,M1_macrophages,7
19_49160,Plasma_IgG,10
19_49161,M1_macrophages,7
19_49162,Germinal_Center_Plasma_IgM_B_cell,5
19_49163,M1_macrophages,7
19_49167,unknown,14
19_49168,Germinal_Center_Plasma_IgM_B_cell,5
19_49169,M1_macrophages,7
19_49174,Plasma_IgG,10
19_49178,M1_macrophages,7
19_49179,Germinal_Center_Plasma_IgM_B_cell,5
19_49183,Plasma_IgA,9
19_49184,CAF,0
19_49189,Germinal_Center_Plasma_IgM_B_cell,5
19_49191,M1_macrophages,7
19_49194,Germinal_Center_Plasma_IgM_B_cell,5
19_49196,Plasma_IgG,10
19_49199,Tumor,12
19_49202,M1_macrophages,7
19_49203,Plasma_IgG,10
19_49204,Plasma_IgG,10
19_49205,unknown,14
19_49206,Germinal_Center_Plasma_IgM_B_cell,5
19_49208,unknown,14
19_49212,unknown,14
19_49213,M1_macrophages,7
19_49214,Plasma_IgG,10
19_49215,Plasma_IgG,10
19_49216,Germinal_Center_Plasma_IgM_B_cell,5
19_49217,T_cell,11
19_49219,Plasma_IgG,10
19_49220,M1_macrophages,7
19_49221,unknown,14
19_49222,Germinal_Center_Plasma_IgM_B_cell,5
19_49224,Plasma_IgG,10
19_49227,unknown,14
19_49228,M1_macrophages,7
19_49229,Germinal_Center_Plasma_IgM_B_cell,5
19_49230,M1_macrophages,7
19_49231,Plasma_IgG,10
19_49232,Plasma_IgG,10
19_49237,unknown,14
19_49238,unknown,14
19_49239,unknown,14
19_49241,High_Endothelial_Venules,6
19_49242,Plasma_IgG,10
19_49244,Germinal_Center_Plasma_IgM_B_cell,5
19_49248,Germinal_Center_Plasma_IgM_B_cell,5
19_49250,Plasma_IgG,10
19_49251,Plasma_IgG,10
19_49252,Plasma_IgG,10
19_49253,M1_macrophages,7
19_49254,Tumor,12
19_49257,Plasma_IgG,10
19_49258,Germinal_Center_Plasma_IgM_B_cell,5
19_49260,Plasma_IgG,10
19_49261,Plasma_IgG,10
19_49264,unknown,14
19_49265,Plasma_IgG,10
19_49266,Plasma_IgG,10
19_49267,unknown,14
19_49268,Germinal_Center_Plasma_IgM_B_cell,5
19_49269,Tumor,12
19_49272,Plasma_IgG,10
19_49273,Germinal_Center_Plasma_IgM_B_cell,5
19_49277,unknown,14
19_49278,Plasma_IgG,10
19_49282,Plasma_IgA,9
19_49284,unknown,14
19_49285,Plasma_IgG,10
19_49286,Plasma_IgG,10
19_49290,Fibroblasts,4
19_49292,Germinal_Center_Plasma_IgM_B_cell,5
19_49293,unknown,14
19_49294,M1_macrophages,7
19_49296,Germinal_Center_Plasma_IgM_B_cell,5
19_49300,T_cell,11
19_49301,Plasma_IgG,10
19_49302,M1_macrophages,7
19_49303,Germinal_Center_Plasma_IgM_B_cell,5
19_49304,unknown,14
19_49308,M1_macrophages,7
19_49309,Plasma_IgG,10
19_49310,Germinal_Center_Plasma_IgM_B_cell,5
19_49311,Germinal_Center_Plasma_IgM_B_cell,5
19_49312,unknown,14
19_49313,Plasma_IgG,10
19_49316,Plasma_IgG,10
19_49317,M1_macrophages,7
19_49318,Plasma_IgG,10
19_49320,T_cell,11
19_49321,High_Endothelial_Venules,6
19_49322,Plasma_IgG,10
19_49323,T_cell,11
19_49326,Plasma_IgG,10
19_49328,M1_macrophages,7
19_49329,unknown,14
19_49330,M1_macrophages,7
19_49331,Plasma_IgG,10
19_49332,Plasma_IgG,10
19_49335,Plasma_IgG,10
19_49336,Plasma_IgG,10
19_49340,Germinal_Center_Plasma_IgM_B_cell,5
19_49344,unknown,14
19_49345,M1_macrophages,7
19_49346,High_Endothelial_Venules,6
19_49347,Plasma_IgG,10
19_49355,Plasma_IgA,9
19_49356,Germinal_Center_Plasma_IgM_B_cell,5
19_49359,Tumor,12
19_49360,Plasma_IgG,10
19_49361,Germinal_Center_Plasma_IgM_B_cell,5
19_49364,T_cell,11
19_49366,unknown,14
19_49367,T_cell,11
19_49368,Plasma_IgG,10
19_49372,M1_macrophages,7
19_49373,Plasma_IgG,10
19_49377,M1_macrophages,7
19_49378,Germinal_Center_Plasma_IgM_B_cell,5
19_49379,Germinal_Center_Plasma_IgM_B_cell,5
19_49383,Plasma_IgG,10
19_49386,M1_macrophages,7
19_49387,Plasma_IgG,10
19_49388,Plasma_IgG,10
19_49390,Germinal_Center_Plasma_IgM_B_cell,5
19_49391,Tumor,12
19_49394,Germinal_Center_Plasma_IgM_B_cell,5
19_49395,Germinal_Center_Plasma_IgM_B_cell,5
19_49396,Plasma_IgG,10
19_49397,Germinal_Center_Plasma_IgM_B_cell,5
19_49399,T_cell,11
19_49401,Plasma_IgG,10
19_49406,Germinal_Center_Plasma_IgM_B_cell,5
19_49407,Germinal_Center_Plasma_IgM_B_cell,5
19_49410,unknown,14
19_49412,M1_macrophages,7
19_49413,T_cell,11
19_49414,Plasma_IgG,10
19_49415,Plasma_IgA,9
19_49416,Plasma_IgG,10
19_49419,M1_macrophages,7
19_49420,Plasma_IgG,10
19_49421,M1_macrophages,7
19_49422,Germinal_Center_Plasma_IgM_B_cell,5
19_49423,Germinal_Center_Plasma_IgM_B_cell,5
19_49424,Germinal_Center_Plasma_IgM_B_cell,5
19_49434,Macrophages,8
19_49437,unknown,14
19_49438,Plasma_IgG,10
19_49439,Plasma_IgG,10
19_49446,unknown,14
19_49448,High_Endothelial_Venules,6
19_49449,unknown,14
19_49451,Plasma_IgG,10
19_49452,Plasma_IgG,10
19_49457,unknown,14
19_49458,unknown,14
19_49459,M1_macrophages,7
19_49460,Plasma_IgG,10
19_49461,T_cell,11
19_49463,T_cell,11
19_49469,Germinal_Center_Plasma_IgM_B_cell,5
19_49471,Plasma_IgG,10
19_49472,Plasma_IgG,10
19_49473,Germinal_Center_Plasma_IgM_B_cell,5
19_49474,High_Endothelial_Venules,6
19_49475,Plasma_IgG,10
19_49476,Plasma_IgG,10
19_49477,Plasma_IgG,10
19_49483,Plasma_IgG,10
19_49484,Plasma_IgG,10
19_49485,unknown,14
19_49493,Germinal_Center_Plasma_IgM_B_cell,5
19_49494,Germinal_Center_Plasma_IgM_B_cell,5
19_49495,Plasma_IgG,10
19_49496,Plasma_IgG,10
19_49497,Germinal_Center_Plasma_IgM_B_cell,5
19_49498,Germinal_Center_Plasma_IgM_B_cell,5
19_49507,unknown,14
19_49508,Plasma_IgA,9
19_49509,M1_macrophages,7
19_49511,unknown,14
19_49512,unknown,14
19_49513,Plasma_IgG,10
19_49514,Germinal_Center_Plasma_IgM_B_cell,5
19_49515,unknown,14
19_49516,High_Endothelial_Venules,6
19_49517,Tumor,12
19_49520,unknown,14
19_49521,unknown,14
19_49523,Germinal_Center_Plasma_IgM_B_cell,5
19_49524,M1_macrophages,7
19_49526,unknown,14
19_49528,Plasma_IgG,10
19_49529,Tumor,12
19_49534,Germinal_Center_Plasma_IgM_B_cell,5
19_49536,Plasma_IgG,10
19_49538,Plasma_IgG,10
19_49539,unknown,14
19_49540,Plasma_IgG,10
19_49546,M1_macrophages,7
19_49548,Plasma_IgG,10
19_49550,Plasma_IgG,10
19_49553,unknown,14
19_49554,T_cell,11
19_49555,Plasma_IgG,10
19_49556,Plasma_IgG,10
19_49557,Germinal_Center_Plasma_IgM_B_cell,5
19_49560,Plasma_IgG,10
19_49561,Plasma_IgG,10
19_49562,Plasma_IgG,10
19_49564,Tumor,12
19_49566,T_cell,11
19_49567,unknown,14
19_49569,Plasma_IgG,10
19_49576,Plasma_IgG,10
19_49579,unknown,14
19_49581,Germinal_Center_Plasma_IgM_B_cell,5
19_49584,High_Endothelial_Venules,6
19_49585,Germinal_Center_Plasma_IgM_B_cell,5
19_49588,T_cell,11
19_49589,High_Endothelial_Venules,6
19_49590,Plasma_IgG,10
19_49591,Plasma_IgG,10
19_49592,M1_macrophages,7
19_49593,Tumor,12
19_49595,High_Endothelial_Venules,6
19_49599,CAF,0
19_49606,M1_macrophages,7
19_49607,M1_macrophages,7
19_49608,Plasma_IgG,10
19_49609,unknown,14
19_49611,Plasma_IgG,10
19_49615,Germinal_Center_Plasma_IgM_B_cell,5
19_49616,unknown,14
19_49617,T_cell,11
19_49621,Plasma_IgG,10
19_49623,Plasma_IgG,10
19_49624,Germinal_Center_Plasma_IgM_B_cell,5
19_49625,Germinal_Center_Plasma_IgM_B_cell,5
19_49627,Plasma_IgG,10
19_49636,Plasma_IgG,10
19_49637,Plasma_IgG,10
19_49639,Germinal_Center_Plasma_IgM_B_cell,5
19_49646,T_cell,11
19_49647,Plasma_IgA,9
19_49648,Germinal_Center_Plasma_IgM_B_cell,5
19_49652,Plasma_IgG,10
19_49653,Plasma_IgG,10
19_49654,Plasma_IgG,10
19_49669,High_Endothelial_Venules,6
19_49670,High_Endothelial_Venules,6
19_49672,unknown,14
19_49674,Plasma_IgA,9
19_49675,Germinal_Center_Plasma_IgM_B_cell,5
19_49677,Tumor,12
19_49680,High_Endothelial_Venules,6
19_49681,M1_macrophages,7
19_49682,High_Endothelial_Venules,6
19_49683,Plasma_IgG,10
19_49687,Plasma_IgG,10
19_49688,Plasma_IgG,10
19_49693,Plasma_IgA,9
19_49695,Plasma_IgG,10
19_49700,Plasma_IgG,10
19_49701,Plasma_IgG,10
19_49704,T_cell,11
19_49707,Plasma_IgG,10
19_49708,Germinal_Center_Plasma_IgM_B_cell,5
19_49713,Plasma_IgA,9
19_49714,High_Endothelial_Venules,6
19_49715,unknown,14
19_49716,Germinal_Center_Plasma_IgM_B_cell,5
19_49717,Germinal_Center_Plasma_IgM_B_cell,5
19_49718,Plasma_IgG,10
19_49719,CAF,0
19_49724,Germinal_Center_Plasma_IgM_B_cell,5
19_49729,High_Endothelial_Venules,6
19_49730,Plasma_IgG,10
19_49731,Plasma_IgG,10
19_49732,Plasma_IgG,10
19_49734,Plasma_IgG,10
19_49740,Plasma_IgG,10
19_49743,Plasma_IgG,10
19_49744,Germinal_Center_Plasma_IgM_B_cell,5
19_49746,unknown,14
19_49751,High_Endothelial_Venules,6
19_49753,Plasma_IgG,10
19_49754,Germinal_Center_Plasma_IgM_B_cell,5
19_49758,High_Endothelial_Venules,6
19_49759,Germinal_Center_Plasma_IgM_B_cell,5
19_49760,Germinal_Center_Plasma_IgM_B_cell,5
19_49762,Plasma_IgG,10
19_49765,Germinal_Center_Plasma_IgM_B_cell,5
19_49766,Germinal_Center_Plasma_IgM_B_cell,5
19_49767,unknown,14
19_49768,Germinal_Center_Plasma_IgM_B_cell,5
19_49769,Plasma_IgG,10
19_49771,Tumor,12
19_49773,unknown,14
19_49774,unknown,14
19_49775,Tumor,12
19_49777,M1_macrophages,7
19_49778,Plasma_IgG,10
19_49780,M1_macrophages,7
19_49781,unknown,14
19_49782,Plasma_IgG,10
19_49785,Germinal_Center_Plasma_IgM_B_cell,5
19_49786,High_Endothelial_Venules,6
19_49787,Plasma_IgG,10
19_49788,M1_macrophages,7
19_49789,Plasma_IgG,10
19_49790,CAF,0
19_49791,Plasma_IgG,10
19_49794,T_cell,11
19_49796,Plasma_IgG,10
19_49797,Plasma_IgG,10
19_49798,Plasma_IgG,10
19_49799,Germinal_Center_Plasma_IgM_B_cell,5
19_49800,Plasma_IgG,10
19_49804,Plasma_IgG,10
19_49805,Germinal_Center_Plasma_IgM_B_cell,5
19_49810,M1_macrophages,7
19_49811,Germinal_Center_Plasma_IgM_B_cell,5
19_49812,Plasma_IgG,10
19_49814,M1_macrophages,7
19_49815,Germinal_Center_Plasma_IgM_B_cell,5
19_49817,Plasma_IgG,10
19_49819,unknown,14
19_49820,Plasma_IgG,10
19_49821,Germinal_Center_Plasma_IgM_B_cell,5
19_49822,T_cell,11
19_49825,unknown,14
19_49826,unknown,14
19_49827,Plasma_IgA,9
19_49828,M1_macrophages,7
19_49829,Plasma_IgG,10
19_49830,Germinal_Center_Plasma_IgM_B_cell,5
19_49833,Plasma_IgG,10
19_49835,Plasma_IgG,10
19_49837,Plasma_IgG,10
19_49838,Plasma_IgG,10
19_49840,T_cell,11
19_49841,unknown,14
19_49842,Plasma_IgG,10
19_49843,Plasma_IgG,10
19_49844,High_Endothelial_Venules,6
19_49845,Germinal_Center_Plasma_IgM_B_cell,5
19_49849,Plasma_IgG,10
19_49850,M1_macrophages,7
19_49851,M1_macrophages,7
19_49852,Plasma_IgG,10
19_49853,Plasma_IgG,10
19_49854,Plasma_IgG,10
19_49857,T_cell,11
19_49859,Germinal_Center_Plasma_IgM_B_cell,5
19_49861,unknown,14
19_49862,Germinal_Center_Plasma_IgM_B_cell,5
19_49863,Germinal_Center_Plasma_IgM_B_cell,5
19_49864,unknown,14
19_49865,Plasma_IgG,10
19_49866,Germinal_Center_Plasma_IgM_B_cell,5
19_49867,Germinal_Center_Plasma_IgM_B_cell,5
19_49868,Plasma_IgG,10
19_49871,Plasma_IgG,10
19_49872,Plasma_IgG,10
19_49873,Plasma_IgG,10
19_49876,unknown,14
19_49877,Plasma_IgG,10
19_49879,Plasma_IgG,10
19_49880,Germinal_Center_Plasma_IgM_B_cell,5
19_49881,Plasma_IgG,10
19_49886,Plasma_IgA,9
19_49887,T_cell,11
19_49888,M1_macrophages,7
19_49893,T_cell,11
19_49894,M1_macrophages,7
19_49895,Germinal_Center_Plasma_IgM_B_cell,5
19_49896,Plasma_IgG,10
19_49899,Plasma_IgG,10
19_49900,Germinal_Center_Plasma_IgM_B_cell,5
19_49901,Plasma_IgG,10
19_49904,unknown,14
19_49909,unknown,14
19_49910,M1_macrophages,7
19_49911,M1_macrophages,7
19_49913,M1_macrophages,7
19_49914,Plasma_IgG,10
19_49915,M1_macrophages,7
19_49917,Plasma_IgG,10
19_49918,Germinal_Center_Plasma_IgM_B_cell,5
19_49919,Plasma_IgG,10
19_49920,CAF,0
19_49922,unknown,14
19_49925,High_Endothelial_Venules,6
19_49926,Germinal_Center_Plasma_IgM_B_cell,5
19_49927,Plasma_IgG,10
19_49928,Germinal_Center_Plasma_IgM_B_cell,5
19_49929,unknown,14
19_49930,M1_macrophages,7
19_49931,Plasma_IgG,10
19_49932,Germinal_Center_Plasma_IgM_B_cell,5
19_49935,Germinal_Center_Plasma_IgM_B_cell,5
19_49936,CAF,0
19_49937,Tumor,12
19_49943,unknown,14
19_49944,Germinal_Center_Plasma_IgM_B_cell,5
19_49945,Germinal_Center_Plasma_IgM_B_cell,5
19_49946,Germinal_Center_Plasma_IgM_B_cell,5
19_49947,Plasma_IgG,10
19_49953,unknown,14
19_49955,Plasma_IgG,10
19_49958,High_Endothelial_Venules,6
19_49959,Plasma_IgG,10
19_49960,Plasma_IgG,10
19_49961,Plasma_IgG,10
19_49965,Plasma_IgG,10
19_49966,CAF,0
19_49968,unknown,14
19_49970,Plasma_IgG,10
19_49971,Plasma_IgG,10
19_49972,Germinal_Center_Plasma_IgM_B_cell,5
19_49979,Plasma_IgG,10
19_49980,Plasma_IgA,9
19_49985,Plasma_IgG,10
19_49986,Plasma_IgG,10
19_49987,Plasma_IgG,10
19_49988,Plasma_IgG,10
19_49989,Plasma_IgG,10
19_49991,Germinal_Center_Plasma_IgM_B_cell,5
19_49992,Plasma_IgG,10
19_49996,Germinal_Center_Plasma_IgM_B_cell,5
19_49997,Plasma_IgG,10
19_49998,Plasma_IgG,10
19_50001,Germinal_Center_Plasma_IgM_B_cell,5
19_50002,Plasma_IgG,10
19_50003,Plasma_IgG,10
19_50005,M1_macrophages,7
19_50006,T_cell,11
19_50007,M1_macrophages,7
19_50008,M1_macrophages,7
19_50009,unknown,14
19_50010,Plasma_IgG,10
19_50011,Tumor,12
19_50014,unknown,14
19_50015,unknown,14
19_50019,High_Endothelial_Venules,6
19_50020,High_Endothelial_Venules,6
19_50022,Tumor,12
19_50024,Germinal_Center_Plasma_IgM_B_cell,5
19_50025,unknown,14
19_50026,M1_macrophages,7
19_50028,Plasma_IgG,10
19_50032,unknown,14
19_50035,Plasma_IgG,10
19_50036,Germinal_Center_Plasma_IgM_B_cell,5
19_50039,T_cell,11
19_50040,High_Endothelial_Venules,6
19_50041,Plasma_IgG,10
19_50042,M1_macrophages,7
19_50043,Germinal_Center_Plasma_IgM_B_cell,5
19_50047,High_Endothelial_Venules,6
19_50049,M1_macrophages,7
19_50050,CAF,0
19_50052,Plasma_IgG,10
19_50054,Plasma_IgG,10
19_50056,Plasma_IgG,10
19_50057,M1_macrophages,7
19_50058,Plasma_IgG,10
19_50061,Germinal_Center_Plasma_IgM_B_cell,5
19_50062,Plasma_IgG,10
19_50064,Germinal_Center_Plasma_IgM_B_cell,5
19_50065,Germinal_Center_Plasma_IgM_B_cell,5
19_50066,Plasma_IgG,10
19_50068,Germinal_Center_Plasma_IgM_B_cell,5
19_50070,Plasma_IgG,10
19_50071,Plasma_IgG,10
19_50079,Germinal_Center_Plasma_IgM_B_cell,5
19_50081,Plasma_IgG,10
19_50083,Plasma_IgG,10
19_50085,Plasma_IgG,10
19_50086,Plasma_IgG,10
19_50087,unknown,14
19_50089,M1_macrophages,7
19_50093,Germinal_Center_Plasma_IgM_B_cell,5
19_50095,unknown,14
19_50097,Plasma_IgG,10
19_50100,unknown,14
19_50101,Plasma_IgG,10
19_50103,High_Endothelial_Venules,6
19_50104,CAF,0
19_50109,Plasma_IgG,10
19_50110,Plasma_IgG,10
19_50112,Plasma_IgG,10
19_50113,CAF,0
19_50116,High_Endothelial_Venules,6
19_50117,Plasma_IgG,10
19_50118,Plasma_IgG,10
19_50119,M1_macrophages,7
19_50121,Germinal_Center_Plasma_IgM_B_cell,5
19_50122,M1_macrophages,7
19_50124,Plasma_IgG,10
19_50126,Plasma_IgG,10
19_50127,Plasma_IgG,10
19_50129,T_cell,11
19_50130,Plasma_IgG,10
19_50132,M1_macrophages,7
19_50134,Germinal_Center_Plasma_IgM_B_cell,5
19_50135,Germinal_Center_Plasma_IgM_B_cell,5
19_50138,Plasma_IgG,10
19_50139,Plasma_IgG,10
19_50140,Plasma_IgG,10
19_50141,T_cell,11
19_50142,T_cell,11
19_50143,Plasma_IgG,10
19_50145,unknown,14
19_50147,Plasma_IgG,10
19_50148,Plasma_IgG,10
19_50150,Germinal_Center_Plasma_IgM_B_cell,5
19_50151,Plasma_IgG,10
19_50154,Plasma_IgG,10
19_50155,M1_macrophages,7
19_50156,Plasma_IgG,10
19_50158,Germinal_Center_Plasma_IgM_B_cell,5
19_50160,Germinal_Center_Plasma_IgM_B_cell,5
19_50163,unknown,14
19_50164,Plasma_IgG,10
19_50165,Plasma_IgG,10
19_50166,Plasma_IgG,10
19_50168,unknown,14
19_50169,Plasma_IgA,9
19_50170,T_cell,11
19_50172,unknown,14
19_50174,Plasma_IgA,9
19_50175,M1_macrophages,7
19_50176,Plasma_IgG,10
19_50179,Plasma_IgG,10
19_50181,High_Endothelial_Venules,6
19_50182,Germinal_Center_Plasma_IgM_B_cell,5
19_50183,Tumor,12
19_50188,Plasma_IgG,10
19_50195,Germinal_Center_Plasma_IgM_B_cell,5
19_50196,Plasma_IgG,10
19_50200,T_cell,11
19_50202,Germinal_Center_Plasma_IgM_B_cell,5
19_50203,Plasma_IgG,10
19_50204,Germinal_Center_Plasma_IgM_B_cell,5
19_50205,Plasma_IgG,10
19_50209,Plasma_IgG,10
19_50210,Germinal_Center_Plasma_IgM_B_cell,5
19_50212,M1_macrophages,7
19_50215,CAF,0
19_50218,M1_macrophages,7
19_50219,Germinal_Center_Plasma_IgM_B_cell,5
19_50220,unknown,14
19_50221,Germinal_Center_Plasma_IgM_B_cell,5
19_50223,Plasma_IgG,10
19_50224,Plasma_IgG,10
19_50226,Germinal_Center_Plasma_IgM_B_cell,5
19_50228,Germinal_Center_Plasma_IgM_B_cell,5
19_50229,unknown,14
19_50230,Germinal_Center_Plasma_IgM_B_cell,5
19_50233,Plasma_IgG,10
19_50235,Plasma_IgG,10
19_50236,Plasma_IgG,10
19_50237,Plasma_IgG,10
19_50238,Plasma_IgG,10
19_50240,Tumor,12
19_50244,Plasma_IgG,10
19_50245,Germinal_Center_Plasma_IgM_B_cell,5
19_50246,Plasma_IgG,10
19_50248,CAF,0
19_50249,Germinal_Center_Plasma_IgM_B_cell,5
19_50250,M1_macrophages,7
19_50251,High_Endothelial_Venules,6
19_50252,Germinal_Center_Plasma_IgM_B_cell,5
19_50253,Germinal_Center_Plasma_IgM_B_cell,5
19_50254,T_cell,11
19_50255,High_Endothelial_Venules,6
19_50256,unknown,14
19_50257,Germinal_Center_Plasma_IgM_B_cell,5
19_50258,Germinal_Center_Plasma_IgM_B_cell,5
19_50259,M1_macrophages,7
19_50264,Plasma_IgA,9
19_50266,Plasma_IgG,10
19_50269,unknown,14
19_50270,M1_macrophages,7
19_50271,Plasma_IgG,10
19_50272,Plasma_IgG,10
19_50275,Plasma_IgG,10
19_50280,Germinal_Center_Plasma_IgM_B_cell,5
19_50281,High_Endothelial_Venules,6
19_50282,Plasma_IgG,10
19_50283,Plasma_IgG,10
19_50284,Germinal_Center_Plasma_IgM_B_cell,5
19_50287,M1_macrophages,7
19_50288,Plasma_IgG,10
19_50289,Plasma_IgG,10
19_50290,Germinal_Center_Plasma_IgM_B_cell,5
19_50292,unknown,14
19_50293,Plasma_IgG,10
19_50294,Plasma_IgA,9
19_50295,Plasma_IgG,10
19_50296,Plasma_IgG,10
19_50297,CAF,0
19_50302,T_cell,11
19_50303,Plasma_IgG,10
19_50305,M1_macrophages,7
19_50311,Plasma_IgG,10
19_50312,Germinal_Center_Plasma_IgM_B_cell,5
19_50313,unknown,14
19_50314,Plasma_IgG,10
19_50316,M1_macrophages,7
19_50320,Plasma_IgG,10
19_50321,Plasma_IgG,10
19_50322,Plasma_IgG,10
19_50323,Germinal_Center_Plasma_IgM_B_cell,5
19_50326,Plasma_IgG,10
19_50327,Plasma_IgG,10
19_50328,Plasma_IgG,10
19_50329,Germinal_Center_Plasma_IgM_B_cell,5
19_50332,unknown,14
19_50333,T_cell,11
19_50334,M1_macrophages,7
19_50335,Plasma_IgG,10
19_50337,T_cell,11
19_50339,High_Endothelial_Venules,6
19_50340,M1_macrophages,7
19_50341,High_Endothelial_Venules,6
19_50342,Plasma_IgG,10
19_50343,Germinal_Center_Plasma_IgM_B_cell,5
19_50344,T_cell,11
19_50345,M1_macrophages,7
19_50346,Plasma_IgG,10
19_50347,Germinal_Center_Plasma_IgM_B_cell,5
19_50350,Plasma_IgG,10
19_50351,Plasma_IgG,10
19_50357,Germinal_Center_Plasma_IgM_B_cell,5
19_50358,Plasma_IgG,10
19_50359,unknown,14
19_50360,Plasma_IgG,10
19_50361,M1_macrophages,7
19_50362,unknown,14
19_50363,M1_macrophages,7
19_50364,Plasma_IgG,10
19_50368,unknown,14
19_50369,T_cell,11
19_50372,Plasma_IgG,10
19_50373,Plasma_IgG,10
19_50374,Tumor,12
19_50375,Germinal_Center_Plasma_IgM_B_cell,5
19_50376,High_Endothelial_Venules,6
19_50377,Plasma_IgG,10
19_50378,Germinal_Center_Plasma_IgM_B_cell,5
19_50380,CAF,0
19_50382,Plasma_IgG,10
19_50383,Tumor,12
19_50385,unknown,14
19_50386,Plasma_IgG,10
19_50387,Plasma_IgG,10
19_50388,M1_macrophages,7
19_50389,T_cell,11
19_50390,M1_macrophages,7
19_50394,Germinal_Center_Plasma_IgM_B_cell,5
19_50396,Tumor,12
19_50399,Plasma_IgG,10
19_50403,Plasma_IgA,9
19_50406,unknown,14
19_50407,M1_macrophages,7
19_50408,T_cell,11
19_50409,Germinal_Center_Plasma_IgM_B_cell,5
19_50410,M1_macrophages,7
19_50411,Plasma_IgG,10
19_50413,Germinal_Center_Plasma_IgM_B_cell,5
19_50414,unknown,14
19_50417,High_Endothelial_Venules,6
19_50418,Germinal_Center_Plasma_IgM_B_cell,5
19_50419,Germinal_Center_Plasma_IgM_B_cell,5
19_50420,Plasma_IgG,10
19_50427,M1_macrophages,7
19_50431,Plasma_IgA,9
19_50432,High_Endothelial_Venules,6
19_50433,Plasma_IgG,10
19_50434,Plasma_IgG,10
19_50435,Germinal_Center_Plasma_IgM_B_cell,5
19_50436,M1_macrophages,7
19_50437,Plasma_IgG,10
19_50438,Plasma_IgG,10
19_50440,unknown,14
19_50441,Germinal_Center_Plasma_IgM_B_cell,5
19_50442,M1_macrophages,7
19_50447,High_Endothelial_Venules,6
19_50448,Plasma_IgG,10
19_50449,Plasma_IgG,10
19_50450,Germinal_Center_Plasma_IgM_B_cell,5
19_50453,Germinal_Center_Plasma_IgM_B_cell,5
19_50454,Germinal_Center_Plasma_IgM_B_cell,5
19_50455,T_cell,11
19_50456,unknown,14
19_50458,unknown,14
19_50460,Germinal_Center_Plasma_IgM_B_cell,5
19_50461,M1_macrophages,7
19_50462,Plasma_IgA,9
19_50463,Plasma_IgG,10
19_50466,Germinal_Center_Plasma_IgM_B_cell,5
19_50469,unknown,14
19_50470,High_Endothelial_Venules,6
19_50472,High_Endothelial_Venules,6
19_50474,Germinal_Center_Plasma_IgM_B_cell,5
19_50475,Germinal_Center_Plasma_IgM_B_cell,5
19_50478,T_cell,11
19_50479,M1_macrophages,7
19_50482,Plasma_IgG,10
19_50483,Plasma_IgG,10
19_50487,M1_macrophages,7
19_50488,High_Endothelial_Venules,6
19_50489,Plasma_IgG,10
19_50490,Plasma_IgG,10
19_50492,Germinal_Center_Plasma_IgM_B_cell,5
19_50495,unknown,14
19_50501,Plasma_IgG,10
19_50502,M1_macrophages,7
19_50503,Plasma_IgG,10
19_50504,Plasma_IgG,10
19_50507,Macrophages,8
19_50508,Plasma_IgG,10
19_50509,unknown,14
19_50515,unknown,14
19_50516,Germinal_Center_Plasma_IgM_B_cell,5
19_50517,Plasma_IgG,10
19_50518,Plasma_IgG,10
19_50520,Plasma_IgG,10
19_50521,Plasma_IgG,10
19_50524,unknown,14
19_50525,unknown,14
19_50526,Germinal_Center_Plasma_IgM_B_cell,5
19_50527,Plasma_IgG,10
19_50529,Plasma_IgA,9
19_50533,High_Endothelial_Venules,6
19_50534,Plasma_IgG,10
19_50535,Plasma_IgG,10
19_50536,Tumor,12
19_50539,unknown,14
19_50541,Plasma_IgG,10
19_50542,unknown,14
19_50543,Plasma_IgG,10
19_50545,Plasma_IgA,9
19_50546,Plasma_IgG,10
19_50547,Plasma_IgG,10
19_50548,Germinal_Center_Plasma_IgM_B_cell,5
19_50550,Plasma_IgA,9
19_50551,Plasma_IgG,10
19_50556,T_cell,11
19_50557,M1_macrophages,7
19_50558,Germinal_Center_Plasma_IgM_B_cell,5
19_50560,unknown,14
19_50561,T_cell,11
19_50562,M1_macrophages,7
19_50563,Germinal_Center_Plasma_IgM_B_cell,5
19_50565,Plasma_IgG,10
19_50567,Germinal_Center_Plasma_IgM_B_cell,5
19_50569,Plasma_IgA,9
19_50570,T_cell,11
19_50571,M1_macrophages,7
19_50572,Plasma_IgG,10
19_50573,Plasma_IgG,10
19_50574,Germinal_Center_Plasma_IgM_B_cell,5
19_50575,T_cell,11
19_50577,Plasma_IgG,10
19_50578,M1_macrophages,7
19_50579,M1_macrophages,7
19_50581,Germinal_Center_Plasma_IgM_B_cell,5
19_50582,Germinal_Center_Plasma_IgM_B_cell,5
19_50584,M1_macrophages,7
19_50587,unknown,14
19_50588,unknown,14
19_50589,Germinal_Center_Plasma_IgM_B_cell,5
19_50590,High_Endothelial_Venules,6
19_50591,Plasma_IgG,10
19_50595,Plasma_IgG,10
19_50597,Plasma_IgG,10
19_50600,unknown,14
19_50602,unknown,14
19_50603,Plasma_IgG,10
19_50604,M1_macrophages,7
19_50605,Plasma_IgG,10
19_50606,Germinal_Center_Plasma_IgM_B_cell,5
19_50611,CAF,0
19_50614,unknown,14
19_50615,Plasma_IgG,10
19_50616,Plasma_IgA,9
19_50618,M1_macrophages,7
19_50621,M1_macrophages,7
19_50622,Germinal_Center_Plasma_IgM_B_cell,5
19_50623,M1_macrophages,7
19_50624,Plasma_IgG,10
19_50626,Plasma_IgA,9
19_50627,Plasma_IgG,10
19_50628,Plasma_IgG,10
19_50629,Plasma_IgG,10
19_50637,Plasma_IgG,10
19_50639,Germinal_Center_Plasma_IgM_B_cell,5
19_50641,Germinal_Center_Plasma_IgM_B_cell,5
19_50642,Germinal_Center_Plasma_IgM_B_cell,5
19_50643,Tumor,12
19_50644,Plasma_IgG,10
19_50646,Plasma_IgG,10
19_50648,Germinal_Center_Plasma_IgM_B_cell,5
19_50649,Germinal_Center_Plasma_IgM_B_cell,5
19_50650,Plasma_IgG,10
19_50651,Plasma_IgG,10
19_50652,High_Endothelial_Venules,6
19_50653,Plasma_IgG,10
19_50655,Germinal_Center_Plasma_IgM_B_cell,5
19_50656,High_Endothelial_Venules,6
19_50657,Plasma_IgG,10
19_50658,Plasma_IgA,9
19_50659,M1_macrophages,7
19_50660,Germinal_Center_Plasma_IgM_B_cell,5
19_50661,Plasma_IgA,9
19_50662,Germinal_Center_Plasma_IgM_B_cell,5
19_50663,Plasma_IgG,10
19_50664,Plasma_IgG,10
19_50665,Tumor,12
19_50666,Tumor,12
19_50671,unknown,14
19_50674,M1_macrophages,7
19_50683,Germinal_Center_Plasma_IgM_B_cell,5
19_50685,Plasma_IgA,9
19_50686,Plasma_IgG,10
19_50687,T_cell,11
19_50690,Plasma_IgG,10
19_50691,Plasma_IgG,10
19_50692,Plasma_IgG,10
19_50693,Plasma_IgG,10
19_50697,unknown,14
19_50699,Germinal_Center_Plasma_IgM_B_cell,5
19_50700,Germinal_Center_Plasma_IgM_B_cell,5
19_50701,T_cell,11
19_50702,Plasma_IgG,10
19_50703,Plasma_IgG,10
19_50704,Plasma_IgG,10
19_50707,Germinal_Center_Plasma_IgM_B_cell,5
19_50708,T_cell,11
19_50709,Plasma_IgA,9
19_50710,Plasma_IgG,10
19_50712,Germinal_Center_Plasma_IgM_B_cell,5
19_50713,M1_macrophages,7
19_50714,Tumor,12
19_50715,Plasma_IgG,10
19_50718,M1_macrophages,7
19_50719,M1_macrophages,7
19_50720,Plasma_IgA,9
19_50721,Plasma_IgG,10
19_50722,unknown,14
19_50724,Germinal_Center_Plasma_IgM_B_cell,5
19_50725,Germinal_Center_Plasma_IgM_B_cell,5
19_50726,Plasma_IgA,9
19_50728,Germinal_Center_Plasma_IgM_B_cell,5
19_50734,Plasma_IgG,10
19_50735,Germinal_Center_Plasma_IgM_B_cell,5
19_50737,Fibroblasts,4
19_50741,Germinal_Center_Plasma_IgM_B_cell,5
19_50743,Plasma_IgG,10
19_50744,unknown,14
19_50745,Tumor,12
19_50746,Germinal_Center_Plasma_IgM_B_cell,5
19_50747,High_Endothelial_Venules,6
19_50748,Germinal_Center_Plasma_IgM_B_cell,5
19_50749,Germinal_Center_Plasma_IgM_B_cell,5
19_50753,Plasma_IgA,9
19_50754,Plasma_IgG,10
19_50755,Plasma_IgG,10
19_50756,Germinal_Center_Plasma_IgM_B_cell,5
19_50758,High_Endothelial_Venules,6
19_50759,Plasma_IgG,10
19_50762,High_Endothelial_Venules,6
19_50763,Plasma_IgG,10
19_50764,Plasma_IgG,10
19_50765,Plasma_IgG,10
19_50768,Germinal_Center_Plasma_IgM_B_cell,5
19_50769,Germinal_Center_Plasma_IgM_B_cell,5
19_50781,M1_macrophages,7
19_50782,M1_macrophages,7
19_50783,CAF,0
19_50785,unknown,14
19_50788,Plasma_IgG,10
19_50789,Plasma_IgG,10
19_50790,Germinal_Center_Plasma_IgM_B_cell,5
19_50791,Plasma_IgG,10
19_50792,High_Endothelial_Venules,6
19_50796,Tumor,12
19_50798,Plasma_IgA,9
19_50799,High_Endothelial_Venules,6
19_50800,unknown,14
19_50801,Plasma_IgG,10
19_50805,M1_macrophages,7
19_50806,Germinal_Center_Plasma_IgM_B_cell,5
19_50807,M1_macrophages,7
19_50808,unknown,14
19_50809,Plasma_IgG,10
19_50810,Plasma_IgG,10
19_50811,Plasma_IgG,10
19_50812,Plasma_IgG,10
19_50815,Plasma_IgG,10
19_50816,Plasma_IgG,10
19_50817,Germinal_Center_Plasma_IgM_B_cell,5
19_50818,M1_macrophages,7
19_50819,Plasma_IgG,10
19_50820,Plasma_IgG,10
19_50823,Germinal_Center_Plasma_IgM_B_cell,5
19_50824,M1_macrophages,7
19_50825,Plasma_IgG,10
19_50827,Germinal_Center_Plasma_IgM_B_cell,5
19_50828,Plasma_IgG,10
19_50829,Plasma_IgG,10
19_50833,Germinal_Center_Plasma_IgM_B_cell,5
19_50835,Plasma_IgG,10
19_50836,Plasma_IgG,10
19_50839,Germinal_Center_Plasma_IgM_B_cell,5
19_50841,Plasma_IgG,10
19_50842,Plasma_IgA,9
19_50844,Germinal_Center_Plasma_IgM_B_cell,5
19_50845,Germinal_Center_Plasma_IgM_B_cell,5
19_50846,Plasma_IgG,10
19_50847,CAF,0
19_50851,unknown,14
19_50852,Plasma_IgG,10
19_50854,unknown,14
19_50855,unknown,14
19_50856,M1_macrophages,7
19_50857,Plasma_IgG,10
19_50858,Plasma_IgG,10
19_50859,Tumor,12
19_50864,Germinal_Center_Plasma_IgM_B_cell,5
19_50865,Germinal_Center_Plasma_IgM_B_cell,5
19_50871,unknown,14
19_50872,Tumor,12
19_50874,M1_macrophages,7
19_50875,Plasma_IgA,9
19_50878,Plasma_IgG,10
19_50879,Plasma_IgG,10
19_50880,Plasma_IgG,10
19_50881,Tumor,12
19_50885,Plasma_IgG,10
19_50887,Germinal_Center_Plasma_IgM_B_cell,5
19_50888,M1_macrophages,7
19_50893,Plasma_IgG,10
19_50894,Plasma_IgG,10
19_50900,Germinal_Center_Plasma_IgM_B_cell,5
19_50901,M1_macrophages,7
19_50902,Plasma_IgG,10
19_50903,Germinal_Center_Plasma_IgM_B_cell,5
19_50904,unknown,14
19_50906,Plasma_IgG,10
19_50911,Plasma_IgG,10
19_50912,Plasma_IgG,10
19_50913,Plasma_IgG,10
19_50914,Germinal_Center_Plasma_IgM_B_cell,5
19_50915,Germinal_Center_Plasma_IgM_B_cell,5
19_50917,Tumor,12
19_50921,M1_macrophages,7
19_50922,Plasma_IgG,10
19_50924,Germinal_Center_Plasma_IgM_B_cell,5
19_50926,Plasma_IgG,10
19_50928,Tumor,12
19_50931,unknown,14
19_50932,Plasma_IgG,10
19_50936,CAF,0
19_50939,unknown,14
19_50940,Plasma_IgG,10
19_50941,Plasma_IgG,10
19_50942,unknown,14
19_50943,Germinal_Center_Plasma_IgM_B_cell,5
19_50944,M1_macrophages,7
19_50945,Plasma_IgG,10
19_50950,unknown,14
19_50951,Plasma_IgG,10
19_50953,Plasma_IgG,10
19_50954,Germinal_Center_Plasma_IgM_B_cell,5
19_50955,Germinal_Center_Plasma_IgM_B_cell,5
19_50957,Germinal_Center_Plasma_IgM_B_cell,5
19_50958,Plasma_IgG,10
19_50960,Plasma_IgG,10
19_50963,High_Endothelial_Venules,6
19_50964,unknown,14
19_50965,Germinal_Center_Plasma_IgM_B_cell,5
19_50968,M1_macrophages,7
19_50969,Plasma_IgG,10
19_50970,Tumor,12
19_50972,Germinal_Center_Plasma_IgM_B_cell,5
19_50976,Plasma_IgG,10
19_50981,Plasma_IgA,9
19_50982,M1_macrophages,7
19_50983,High_Endothelial_Venules,6
19_50984,Plasma_IgG,10
19_50985,Tumor,12
19_50988,Plasma_IgG,10
19_50989,M1_macrophages,7
19_50990,T_cell,11
19_50993,Germinal_Center_Plasma_IgM_B_cell,5
19_50994,High_Endothelial_Venules,6
19_50995,Plasma_IgG,10
19_50996,Plasma_IgG,10
19_51001,Plasma_IgA,9
19_51002,High_Endothelial_Venules,6
19_51003,Plasma_IgG,10
19_51004,Plasma_IgG,10
19_51005,Plasma_IgG,10
19_51007,Germinal_Center_Plasma_IgM_B_cell,5
19_51008,Plasma_IgG,10
19_51012,T_cell,11
19_51013,Plasma_IgG,10
19_51014,Germinal_Center_Plasma_IgM_B_cell,5
19_51015,Germinal_Center_Plasma_IgM_B_cell,5
19_51018,Germinal_Center_Plasma_IgM_B_cell,5
19_51019,unknown,14
19_51020,High_Endothelial_Venules,6
19_51021,Germinal_Center_Plasma_IgM_B_cell,5
19_51023,Plasma_IgG,10
19_51025,Plasma_IgG,10
19_51026,Tumor,12
19_51031,unknown,14
19_51032,Plasma_IgG,10
19_51033,Plasma_IgG,10
19_51034,Plasma_IgG,10
19_51035,Tumor,12
19_51042,Germinal_Center_Plasma_IgM_B_cell,5
19_51043,unknown,14
19_51048,Plasma_IgG,10
19_51049,Plasma_IgG,10
19_51050,Germinal_Center_Plasma_IgM_B_cell,5
19_51052,M1_macrophages,7
19_51054,Plasma_IgG,10
19_51055,Plasma_IgG,10
19_51056,Germinal_Center_Plasma_IgM_B_cell,5
19_51060,Tumor,12
19_51063,Germinal_Center_Plasma_IgM_B_cell,5
19_51064,Plasma_IgG,10
19_51065,Plasma_IgG,10
19_51067,Plasma_IgG,10
19_51069,M1_macrophages,7
19_51070,Germinal_Center_Plasma_IgM_B_cell,5
19_51071,Germinal_Center_Plasma_IgM_B_cell,5
19_51072,Germinal_Center_Plasma_IgM_B_cell,5
19_51074,Plasma_IgG,10
19_51076,Germinal_Center_Plasma_IgM_B_cell,5
19_51079,Cortex_CCL21,2
19_51080,Fibroblasts,4
19_51083,Plasma_IgA,9
19_51085,Plasma_IgG,10
19_51086,Plasma_IgG,10
19_51087,M1_macrophages,7
19_51088,Plasma_IgG,10
19_51089,Plasma_IgG,10
19_51091,Plasma_IgG,10
19_51092,Germinal_Center_Plasma_IgM_B_cell,5
19_51098,unknown,14
19_51099,High_Endothelial_Venules,6
19_51102,Germinal_Center_Plasma_IgM_B_cell,5
19_51104,Plasma_IgA,9
19_51105,Plasma_IgG,10
19_51107,Germinal_Center_Plasma_IgM_B_cell,5
19_51108,Germinal_Center_Plasma_IgM_B_cell,5
19_51109,Germinal_Center_Plasma_IgM_B_cell,5
19_51110,Tumor,12
19_51113,High_Endothelial_Venules,6
19_51115,Plasma_IgG,10
19_51117,Germinal_Center_Plasma_IgM_B_cell,5
19_51118,Germinal_Center_Plasma_IgM_B_cell,5
19_51119,Plasma_IgG,10
19_51121,Plasma_IgG,10
19_51123,M1_macrophages,7
19_51125,Germinal_Center_Plasma_IgM_B_cell,5
19_51128,unknown,14
19_51129,Plasma_IgG,10
19_51130,Plasma_IgG,10
19_51133,Germinal_Center_Plasma_IgM_B_cell,5
19_51134,Plasma_IgG,10
19_51135,Germinal_Center_Plasma_IgM_B_cell,5
19_51137,Tumor,12
19_51139,Plasma_IgG,10
19_51143,Germinal_Center_Plasma_IgM_B_cell,5
19_51146,unknown,14
19_51147,Tumor,12
19_51151,Germinal_Center_Plasma_IgM_B_cell,5
19_51152,M1_macrophages,7
19_51154,Plasma_IgG,10
19_51159,M1_macrophages,7
19_51160,Plasma_IgG,10
19_51161,Plasma_IgG,10
19_51162,Plasma_IgG,10
19_51163,Plasma_IgG,10
19_51165,T_cell,11
19_51166,Plasma_IgG,10
19_51167,Germinal_Center_Plasma_IgM_B_cell,5
19_51168,CAF,0
19_51173,M1_macrophages,7
19_51177,High_Endothelial_Venules,6
19_51178,Plasma_IgG,10
19_51179,Plasma_IgG,10
19_51180,Plasma_IgG,10
19_51182,Plasma_IgG,10
19_51185,M1_macrophages,7
19_51186,Plasma_IgG,10
19_51191,Germinal_Center_Plasma_IgM_B_cell,5
19_51193,Plasma_IgG,10
19_51195,Tumor,12
19_51200,Plasma_IgG,10
19_51201,Germinal_Center_Plasma_IgM_B_cell,5
19_51202,M1_macrophages,7
19_51204,Plasma_IgG,10
19_51205,Plasma_IgG,10
19_51209,Germinal_Center_Plasma_IgM_B_cell,5
19_51219,M1_macrophages,7
19_51220,Plasma_IgG,10
19_51221,T_cell,11
19_51222,Germinal_Center_Plasma_IgM_B_cell,5
19_51223,M1_macrophages,7
19_51224,Plasma_IgG,10
19_51225,Tumor,12
19_51227,Plasma_IgG,10
19_51228,Plasma_IgG,10
19_51229,Plasma_IgG,10
19_51230,Germinal_Center_Plasma_IgM_B_cell,5
19_51233,Germinal_Center_Plasma_IgM_B_cell,5
19_51234,Germinal_Center_Plasma_IgM_B_cell,5
19_51235,Plasma_IgG,10
19_51236,Germinal_Center_Plasma_IgM_B_cell,5
19_51237,Plasma_IgG,10
19_51238,Plasma_IgG,10
19_51239,Tumor,12
19_51245,T_cell,11
19_51246,Germinal_Center_Plasma_IgM_B_cell,5
19_51247,Germinal_Center_Plasma_IgM_B_cell,5
19_51248,M1_macrophages,7
19_51249,unknown,14
19_51252,Tumor,12
19_51255,Plasma_IgA,9
19_51256,T_cell,11
19_51257,Plasma_IgG,10
19_51259,Plasma_IgA,9
19_51260,T_cell,11
19_51261,Plasma_IgA,9
19_51262,unknown,14
19_51265,Plasma_IgG,10
19_51266,Plasma_IgG,10
19_51268,T_cell,11
19_51269,Plasma_IgA,9
19_51270,M1_macrophages,7
19_51271,Plasma_IgG,10
19_51273,Germinal_Center_Plasma_IgM_B_cell,5
19_51277,M1_macrophages,7
19_51278,Plasma_IgG,10
19_51281,Germinal_Center_Plasma_IgM_B_cell,5
19_51282,Germinal_Center_Plasma_IgM_B_cell,5
19_51285,High_Endothelial_Venules,6
19_51287,Plasma_IgG,10
19_51291,Plasma_IgG,10
19_51292,High_Endothelial_Venules,6
19_51293,unknown,14
19_51294,Germinal_Center_Plasma_IgM_B_cell,5
19_51295,Germinal_Center_Plasma_IgM_B_cell,5
19_51296,M1_macrophages,7
19_51298,Plasma_IgG,10
19_51301,Plasma_IgG,10
19_51302,Germinal_Center_Plasma_IgM_B_cell,5
19_51303,Germinal_Center_Plasma_IgM_B_cell,5
19_51304,Germinal_Center_Plasma_IgM_B_cell,5
19_51305,Plasma_IgG,10
19_51306,Plasma_IgG,10
19_51308,unknown,14
19_51309,unknown,14
19_51310,M1_macrophages,7
19_51311,Germinal_Center_Plasma_IgM_B_cell,5
19_51315,Plasma_IgG,10
19_51317,Germinal_Center_Plasma_IgM_B_cell,5
19_51318,Germinal_Center_Plasma_IgM_B_cell,5
19_51319,Germinal_Center_Plasma_IgM_B_cell,5
19_51320,unknown,14
19_51322,Plasma_IgG,10
19_51323,Plasma_IgG,10
19_51324,Plasma_IgG,10
19_51325,Tumor,12
19_51327,Germinal_Center_Plasma_IgM_B_cell,5
19_51328,T_cell,11
19_51329,Germinal_Center_Plasma_IgM_B_cell,5
19_51330,Tumor,12
19_51334,T_cell,11
19_51335,Plasma_IgA,9
19_51341,Germinal_Center_Plasma_IgM_B_cell,5
19_51344,Germinal_Center_Plasma_IgM_B_cell,5
19_51347,Plasma_IgG,10
19_51350,Germinal_Center_Plasma_IgM_B_cell,5
19_51356,Plasma_IgG,10
19_51364,Plasma_IgG,10
19_51366,Plasma_IgA,9
19_51367,unknown,14
19_51368,T_cell,11
19_51370,Plasma_IgG,10
19_51371,Plasma_IgG,10
19_51374,M1_macrophages,7
19_51375,Plasma_IgG,10
19_51376,Plasma_IgG,10
19_51379,Plasma_IgG,10
19_51381,M1_macrophages,7
19_51382,Germinal_Center_Plasma_IgM_B_cell,5
19_51384,High_Endothelial_Venules,6
19_51385,Germinal_Center_Plasma_IgM_B_cell,5
19_51386,Germinal_Center_Plasma_IgM_B_cell,5
19_51388,Plasma_IgG,10
19_51389,Plasma_IgG,10
19_51392,M1_macrophages,7
19_51393,M1_macrophages,7
19_51394,Tumor,12
19_51397,Germinal_Center_Plasma_IgM_B_cell,5
19_51398,unknown,14
19_51399,Plasma_IgG,10
19_51400,unknown,14
19_51401,Plasma_IgG,10
19_51402,Plasma_IgG,10
19_51403,Plasma_IgG,10
19_51405,Plasma_IgG,10
19_51411,M1_macrophages,7
19_51413,Germinal_Center_Plasma_IgM_B_cell,5
19_51414,Germinal_Center_Plasma_IgM_B_cell,5
19_51415,unknown,14
19_51416,unknown,14
19_51420,High_Endothelial_Venules,6
19_51421,M1_macrophages,7
19_51422,Plasma_IgG,10
19_51423,Plasma_IgG,10
19_51424,Germinal_Center_Plasma_IgM_B_cell,5
19_51425,unknown,14
19_51426,M1_macrophages,7
19_51427,M1_macrophages,7
19_51428,M1_macrophages,7
19_51429,M1_macrophages,7
19_51431,Plasma_IgG,10
19_51434,Plasma_IgA,9
19_51435,Plasma_IgG,10
19_51436,Plasma_IgG,10
19_51438,Germinal_Center_Plasma_IgM_B_cell,5
19_51439,unknown,14
19_51441,Plasma_IgG,10
19_51443,Germinal_Center_Plasma_IgM_B_cell,5
19_51445,M1_macrophages,7
19_51446,Plasma_IgA,9
19_51447,unknown,14
19_51448,Tumor,12
19_51449,Tumor,12
19_51455,M1_macrophages,7
19_51456,Plasma_IgG,10
19_51457,Plasma_IgG,10
19_51458,Germinal_Center_Plasma_IgM_B_cell,5
19_51460,T_cell,11
19_51463,Germinal_Center_Plasma_IgM_B_cell,5
19_51464,Plasma_IgG,10
19_51466,Plasma_IgA,9
19_51467,Plasma_IgG,10
19_51471,High_Endothelial_Venules,6
19_51472,Germinal_Center_Plasma_IgM_B_cell,5
19_51474,Germinal_Center_Plasma_IgM_B_cell,5
19_51476,Plasma_IgG,10
19_51477,Plasma_IgG,10
19_51478,Tumor,12
19_51482,T_cell,11
19_51485,Plasma_IgG,10
19_51488,Cytotoxic_IFN_signaling,3
19_51489,Plasma_IgG,10
19_51493,Germinal_Center_Plasma_IgM_B_cell,5
19_51494,High_Endothelial_Venules,6
19_51496,Germinal_Center_Plasma_IgM_B_cell,5
19_51497,Plasma_IgG,10
19_51498,Germinal_Center_Plasma_IgM_B_cell,5
19_51499,M1_macrophages,7
19_51500,Germinal_Center_Plasma_IgM_B_cell,5
19_51501,Germinal_Center_Plasma_IgM_B_cell,5
19_51503,Germinal_Center_Plasma_IgM_B_cell,5
19_51504,Plasma_IgG,10
19_51505,Plasma_IgG,10
19_51507,Plasma_IgG,10
19_51510,Germinal_Center_Plasma_IgM_B_cell,5
19_51511,unknown,14
19_51512,Plasma_IgG,10
19_51513,Plasma_IgG,10
19_51516,unknown,14
19_51517,Plasma_IgG,10
19_51518,Plasma_IgG,10
19_51519,Plasma_IgG,10
19_51522,M1_macrophages,7
19_51523,High_Endothelial_Venules,6
19_51525,Germinal_Center_Plasma_IgM_B_cell,5
19_51526,Germinal_Center_Plasma_IgM_B_cell,5
19_51528,T_cell,11
19_51529,Plasma_IgG,10
19_51531,Germinal_Center_Plasma_IgM_B_cell,5
19_51532,Plasma_IgG,10
19_51533,High_Endothelial_Venules,6
19_51536,Plasma_IgG,10
19_51541,Germinal_Center_Plasma_IgM_B_cell,5
19_51543,unknown,14
19_51545,Germinal_Center_Plasma_IgM_B_cell,5
19_51546,M1_macrophages,7
19_51549,M1_macrophages,7
19_51550,Plasma_IgG,10
19_51551,Germinal_Center_Plasma_IgM_B_cell,5
19_51553,Plasma_IgG,10
19_51554,Plasma_IgG,10
19_51556,Plasma_IgA,9
19_51558,M1_macrophages,7
19_51559,Plasma_IgG,10
19_51562,Germinal_Center_Plasma_IgM_B_cell,5
19_51563,Germinal_Center_Plasma_IgM_B_cell,5
19_51564,Plasma_IgG,10
19_51565,Plasma_IgG,10
19_51567,Plasma_IgA,9
19_51568,Plasma_IgG,10
19_51569,Plasma_IgG,10
19_51570,unknown,14
19_51571,Plasma_IgG,10
19_51575,Germinal_Center_Plasma_IgM_B_cell,5
19_51576,Tumor,12
19_51581,Plasma_IgG,10
19_51582,unknown,14
19_51583,M1_macrophages,7
19_51584,Plasma_IgG,10
19_51585,Plasma_IgG,10
19_51588,Germinal_Center_Plasma_IgM_B_cell,5
19_51589,T_cell,11
19_51590,M1_macrophages,7
19_51591,Germinal_Center_Plasma_IgM_B_cell,5
19_51592,unknown,14
19_51593,M1_macrophages,7
19_51594,M1_macrophages,7
19_51595,Plasma_IgG,10
19_51599,Plasma_IgG,10
19_51600,M1_macrophages,7
19_51601,unknown,14
19_51603,unknown,14
19_51604,High_Endothelial_Venules,6
19_51605,M1_macrophages,7
19_51609,High_Endothelial_Venules,6
19_51610,Plasma_IgG,10
19_51612,M1_macrophages,7
19_51613,Plasma_IgG,10
19_51616,Germinal_Center_Plasma_IgM_B_cell,5
19_51618,M1_macrophages,7
19_51624,Germinal_Center_Plasma_IgM_B_cell,5
19_51625,Plasma_IgG,10
19_51626,M1_macrophages,7
19_51627,Plasma_IgG,10
19_51631,unknown,14
19_51632,Germinal_Center_Plasma_IgM_B_cell,5
19_51635,Germinal_Center_Plasma_IgM_B_cell,5
19_51636,Plasma_IgG,10
19_51637,unknown,14
19_51638,Germinal_Center_Plasma_IgM_B_cell,5
19_51640,unknown,14
19_51641,T_cell,11
19_51642,Tumor,12
19_51643,M1_macrophages,7
19_51645,Germinal_Center_Plasma_IgM_B_cell,5
19_51646,M1_macrophages,7
19_51647,Plasma_IgG,10
19_51648,Plasma_IgG,10
19_51651,Tumor,12
19_51652,Tumor,12
19_51655,Plasma_IgG,10
19_51656,Germinal_Center_Plasma_IgM_B_cell,5
19_51659,Plasma_IgG,10
19_51661,unknown,14
19_51662,Fibroblasts,4
19_51663,Plasma_IgG,10
19_51667,Germinal_Center_Plasma_IgM_B_cell,5
19_51668,Macrophages,8
19_51669,Plasma_IgG,10
19_51671,Germinal_Center_Plasma_IgM_B_cell,5
19_51672,Germinal_Center_Plasma_IgM_B_cell,5
19_51673,T_cell,11
19_51675,M1_macrophages,7
19_51676,Plasma_IgG,10
19_51677,Germinal_Center_Plasma_IgM_B_cell,5
19_51678,Plasma_IgG,10
19_51679,Plasma_IgG,10
19_51680,Tumor,12
19_51681,Tumor,12
19_51684,Germinal_Center_Plasma_IgM_B_cell,5
19_51685,Germinal_Center_Plasma_IgM_B_cell,5
19_51686,Germinal_Center_Plasma_IgM_B_cell,5
19_51687,M1_macrophages,7
19_51688,M1_macrophages,7
19_51689,Plasma_IgG,10
19_51690,T_cell,11
19_51691,Germinal_Center_Plasma_IgM_B_cell,5
19_51692,Germinal_Center_Plasma_IgM_B_cell,5
19_51693,M1_macrophages,7
19_51695,Tumor,12
19_51700,Germinal_Center_Plasma_IgM_B_cell,5
19_51701,unknown,14
19_51702,Plasma_IgG,10
19_51703,M1_macrophages,7
19_51706,unknown,14
19_51707,M1_macrophages,7
19_51708,Plasma_IgG,10
19_51709,Tumor,12
19_51713,M1_macrophages,7
19_51715,Germinal_Center_Plasma_IgM_B_cell,5
19_51716,Germinal_Center_Plasma_IgM_B_cell,5
19_51718,Plasma_IgG,10
19_51719,Tumor,12
19_51723,Plasma_IgG,10
19_51724,M1_macrophages,7
19_51726,Germinal_Center_Plasma_IgM_B_cell,5
19_51729,Plasma_IgG,10
19_51730,Plasma_IgG,10
19_51732,Tumor,12
19_51735,Germinal_Center_Plasma_IgM_B_cell,5
19_51736,Plasma_IgG,10
19_51737,Plasma_IgG,10
19_51740,unknown,14
19_51741,T_cell,11
19_51742,M1_macrophages,7
19_51744,unknown,14
19_51745,M1_macrophages,7
19_51749,Germinal_Center_Plasma_IgM_B_cell,5
19_51750,Germinal_Center_Plasma_IgM_B_cell,5
19_51755,Plasma_IgA,9
19_51756,Plasma_IgG,10
19_51758,Plasma_IgG,10
19_51764,unknown,14
19_51765,Germinal_Center_Plasma_IgM_B_cell,5
19_51766,unknown,14
19_51767,Plasma_IgG,10
19_51768,Plasma_IgG,10
19_51769,Plasma_IgG,10
19_51770,Germinal_Center_Plasma_IgM_B_cell,5
19_51771,Germinal_Center_Plasma_IgM_B_cell,5
19_51772,Germinal_Center_Plasma_IgM_B_cell,5
19_51775,M1_macrophages,7
19_51776,Plasma_IgG,10
19_51780,Germinal_Center_Plasma_IgM_B_cell,5
19_51782,Plasma_IgG,10
19_51784,Germinal_Center_Plasma_IgM_B_cell,5
19_51785,Plasma_IgG,10
19_51787,M1_macrophages,7
19_51788,Plasma_IgG,10
19_51790,Tumor,12
19_51794,Plasma_IgG,10
19_51795,Plasma_IgG,10
19_51797,Plasma_IgG,10
19_51799,Plasma_IgA,9
19_51800,High_Endothelial_Venules,6
19_51801,High_Endothelial_Venules,6
19_51802,Plasma_IgG,10
19_51805,unknown,14
19_51807,M1_macrophages,7
19_51808,Plasma_IgG,10
19_51810,High_Endothelial_Venules,6
19_51811,Germinal_Center_Plasma_IgM_B_cell,5
19_51812,CAF,0
19_51813,Plasma_IgG,10
19_51814,Plasma_IgG,10
19_51815,Plasma_IgG,10
19_51816,Tumor,12
19_51818,Germinal_Center_Plasma_IgM_B_cell,5
19_51819,Germinal_Center_Plasma_IgM_B_cell,5
19_51820,M1_macrophages,7
19_51821,unknown,14
19_51822,M1_macrophages,7
19_51824,Germinal_Center_Plasma_IgM_B_cell,5
19_51827,Germinal_Center_Plasma_IgM_B_cell,5
19_51828,Plasma_IgG,10
19_51829,M1_macrophages,7
19_51831,Plasma_IgG,10
19_51832,Plasma_IgG,10
19_51835,M1_macrophages,7
19_51836,Plasma_IgG,10
19_51837,Plasma_IgG,10
19_51839,M1_macrophages,7
19_51840,Plasma_IgA,9
19_51845,T_cell,11
19_51846,Germinal_Center_Plasma_IgM_B_cell,5
19_51847,Germinal_Center_Plasma_IgM_B_cell,5
19_51850,M1_macrophages,7
19_51851,Tumor,12
19_51852,Tumor,12
19_51853,M1_macrophages,7
19_51854,Plasma_IgG,10
19_51855,Plasma_IgG,10
19_51856,Plasma_IgG,10
19_51863,Germinal_Center_Plasma_IgM_B_cell,5
19_51866,unknown,14
19_51869,Germinal_Center_Plasma_IgM_B_cell,5
19_51870,Germinal_Center_Plasma_IgM_B_cell,5
19_51871,Germinal_Center_Plasma_IgM_B_cell,5
19_51875,Plasma_IgG,10
19_51876,Plasma_IgG,10
19_51877,Plasma_IgG,10
19_51880,Germinal_Center_Plasma_IgM_B_cell,5
19_51881,Plasma_IgG,10
19_51882,Plasma_IgG,10
19_51883,Germinal_Center_Plasma_IgM_B_cell,5
19_51884,M1_macrophages,7
19_51885,Plasma_IgG,10
19_51889,High_Endothelial_Venules,6
19_51890,Germinal_Center_Plasma_IgM_B_cell,5
19_51892,Plasma_IgA,9
19_51893,Plasma_IgG,10
19_51894,Plasma_IgG,10
19_51899,unknown,14
19_51900,Germinal_Center_Plasma_IgM_B_cell,5
19_51904,Plasma_IgG,10
19_51906,unknown,14
19_51907,Germinal_Center_Plasma_IgM_B_cell,5
19_51908,High_Endothelial_Venules,6
19_51909,unknown,14
19_51910,Tumor,12
19_51916,Germinal_Center_Plasma_IgM_B_cell,5
19_51917,High_Endothelial_Venules,6
19_51918,High_Endothelial_Venules,6
19_51920,Plasma_IgG,10
19_51926,Plasma_IgG,10
19_51929,Plasma_IgG,10
19_51931,Germinal_Center_Plasma_IgM_B_cell,5
19_51932,unknown,14
19_51933,M1_macrophages,7
19_51936,Germinal_Center_Plasma_IgM_B_cell,5
19_51938,Plasma_IgG,10
19_51939,Plasma_IgG,10
19_51940,Plasma_IgG,10
19_51941,Plasma_IgG,10
19_51942,Plasma_IgG,10
19_51943,Plasma_IgG,10
19_51946,High_Endothelial_Venules,6
19_51947,Plasma_IgG,10
19_51949,Plasma_IgA,9
19_51951,unknown,14
19_51952,CAF,0
19_51953,Plasma_IgG,10
19_51958,Germinal_Center_Plasma_IgM_B_cell,5
19_51959,Germinal_Center_Plasma_IgM_B_cell,5
19_51963,Germinal_Center_Plasma_IgM_B_cell,5
19_51966,Germinal_Center_Plasma_IgM_B_cell,5
19_51967,Germinal_Center_Plasma_IgM_B_cell,5
19_51968,Germinal_Center_Plasma_IgM_B_cell,5
19_51969,unknown,14
19_51970,Germinal_Center_Plasma_IgM_B_cell,5
19_51971,Plasma_IgG,10
19_51972,High_Endothelial_Venules,6
19_51980,unknown,14
19_51981,High_Endothelial_Venules,6
19_51982,unknown,14
19_51983,M1_macrophages,7
19_51985,Plasma_IgG,10
19_51987,Germinal_Center_Plasma_IgM_B_cell,5
19_51988,unknown,14
19_51989,High_Endothelial_Venules,6
19_51990,Tumor,12
19_51994,T_cell,11
19_51995,Plasma_IgG,10
19_51996,Plasma_IgG,10
19_52000,Germinal_Center_Plasma_IgM_B_cell,5
19_52001,Plasma_IgG,10
19_52002,Plasma_IgG,10
19_52006,Plasma_IgG,10
19_52008,Germinal_Center_Plasma_IgM_B_cell,5
19_52009,High_Endothelial_Venules,6
19_52011,Plasma_IgG,10
19_52012,Plasma_IgG,10
19_52016,Plasma_IgG,10
19_52017,High_Endothelial_Venules,6
19_52018,High_Endothelial_Venules,6
19_52019,unknown,14
19_52020,High_Endothelial_Venules,6
19_52021,M1_macrophages,7
19_52023,M1_macrophages,7
19_52024,Germinal_Center_Plasma_IgM_B_cell,5
19_52025,Germinal_Center_Plasma_IgM_B_cell,5
19_52026,Germinal_Center_Plasma_IgM_B_cell,5
19_52029,Plasma_IgG,10
19_52032,Germinal_Center_Plasma_IgM_B_cell,5
19_52036,High_Endothelial_Venules,6
19_52037,Germinal_Center_Plasma_IgM_B_cell,5
19_52038,Germinal_Center_Plasma_IgM_B_cell,5
19_52039,Germinal_Center_Plasma_IgM_B_cell,5
19_52044,M1_macrophages,7
19_52046,Tumor,12
19_52049,High_Endothelial_Venules,6
19_52052,unknown,14
19_52053,Tumor,12
19_52056,unknown,14
19_52057,unknown,14
19_52058,Germinal_Center_Plasma_IgM_B_cell,5
19_52060,Germinal_Center_Plasma_IgM_B_cell,5
19_52064,M1_macrophages,7
19_52065,Fibroblasts,4
19_52066,Plasma_IgG,10
19_52070,High_Endothelial_Venules,6
19_52071,Plasma_IgG,10
19_52072,Germinal_Center_Plasma_IgM_B_cell,5
19_52080,M1_macrophages,7
19_52082,Plasma_IgG,10
19_52087,Germinal_Center_Plasma_IgM_B_cell,5
19_52088,Germinal_Center_Plasma_IgM_B_cell,5
19_52090,Germinal_Center_Plasma_IgM_B_cell,5
19_52091,unknown,14
19_52092,Plasma_IgG,10
19_52094,High_Endothelial_Venules,6
19_52095,Plasma_IgG,10
19_52096,Plasma_IgG,10
19_52100,Germinal_Center_Plasma_IgM_B_cell,5
19_52101,Germinal_Center_Plasma_IgM_B_cell,5
19_52103,Plasma_IgG,10
19_52104,Plasma_IgG,10
19_52105,High_Endothelial_Venules,6
19_52106,Germinal_Center_Plasma_IgM_B_cell,5
19_52107,unknown,14
19_52108,Plasma_IgG,10
19_52109,Tumor,12
19_52111,unknown,14
19_52112,M1_macrophages,7
19_52113,Germinal_Center_Plasma_IgM_B_cell,5
19_52114,Germinal_Center_Plasma_IgM_B_cell,5
19_52116,unknown,14
19_52117,Plasma_IgG,10
19_52118,Tumor,12
19_52120,unknown,14
19_52122,T_cell,11
19_52123,M1_macrophages,7
19_52125,Germinal_Center_Plasma_IgM_B_cell,5
19_52127,Plasma_IgG,10
19_52128,High_Endothelial_Venules,6
19_52129,High_Endothelial_Venules,6
19_52132,Germinal_Center_Plasma_IgM_B_cell,5
19_52133,M1_macrophages,7
19_52134,Plasma_IgG,10
19_52142,M1_macrophages,7
19_52143,Plasma_IgG,10
19_52145,Plasma_IgG,10
19_52146,Plasma_IgG,10
19_52151,Germinal_Center_Plasma_IgM_B_cell,5
19_52152,Plasma_IgG,10
19_52153,High_Endothelial_Venules,6
19_52155,unknown,14
19_52157,Plasma_IgA,9
19_52158,CAF,0
19_52159,Plasma_IgG,10
19_52162,Germinal_Center_Plasma_IgM_B_cell,5
19_52165,Plasma_IgA,9
19_52167,Plasma_IgG,10
19_52168,Plasma_IgG,10
19_52169,Plasma_IgG,10
19_52173,unknown,14
19_52174,Plasma_IgG,10
19_52175,M1_macrophages,7
19_52176,Plasma_IgA,9
19_52177,M1_macrophages,7
19_52179,Plasma_IgG,10
19_52183,Plasma_IgG,10
19_52184,M1_macrophages,7
19_52186,High_Endothelial_Venules,6
19_52187,Plasma_IgG,10
19_52190,Germinal_Center_Plasma_IgM_B_cell,5
19_52192,High_Endothelial_Venules,6
19_52194,CAF,0
19_52196,Germinal_Center_Plasma_IgM_B_cell,5
19_52197,Plasma_IgG,10
19_52199,Germinal_Center_Plasma_IgM_B_cell,5
19_52201,M1_macrophages,7
19_52202,Plasma_IgG,10
19_52204,Plasma_IgG,10
19_52208,T_cell,11
19_52209,M1_macrophages,7
19_52210,High_Endothelial_Venules,6
19_52211,Plasma_IgG,10
19_52212,Plasma_IgG,10
19_52214,unknown,14
19_52215,Plasma_IgG,10
19_52216,M1_macrophages,7
19_52218,Plasma_IgG,10
19_52220,Plasma_IgG,10
19_52221,unknown,14
19_52222,Plasma_IgG,10
19_52225,Plasma_IgG,10
19_52226,Germinal_Center_Plasma_IgM_B_cell,5
19_52229,CAF,0
19_52230,Plasma_IgG,10
19_52231,High_Endothelial_Venules,6
19_52232,Plasma_IgG,10
19_52233,Plasma_IgG,10
19_52235,Plasma_IgG,10
19_52236,Tumor,12
19_52241,M1_macrophages,7
19_52244,Plasma_IgG,10
19_52246,Tumor,12
19_52247,Plasma_IgG,10
19_52248,Plasma_IgG,10
19_52250,Plasma_IgG,10
19_52253,Germinal_Center_Plasma_IgM_B_cell,5
19_52254,Germinal_Center_Plasma_IgM_B_cell,5
19_52255,Plasma_IgG,10
19_52258,Plasma_IgG,10
19_52259,unknown,14
19_52260,Germinal_Center_Plasma_IgM_B_cell,5
19_52261,High_Endothelial_Venules,6
19_52262,Plasma_IgG,10
19_52264,Plasma_IgG,10
19_52265,Plasma_IgG,10
19_52271,High_Endothelial_Venules,6
19_52275,Plasma_IgG,10
19_52277,Germinal_Center_Plasma_IgM_B_cell,5
19_52278,Germinal_Center_Plasma_IgM_B_cell,5
19_52279,High_Endothelial_Venules,6
19_52280,Plasma_IgG,10
19_52283,Plasma_IgG,10
19_52284,Plasma_IgG,10
19_52287,M1_macrophages,7
19_52288,Plasma_IgG,10
19_52290,Germinal_Center_Plasma_IgM_B_cell,5
19_52292,Germinal_Center_Plasma_IgM_B_cell,5
19_52293,Plasma_IgG,10
19_52295,Plasma_IgG,10
19_52299,Plasma_IgG,10
19_52301,High_Endothelial_Venules,6
19_52302,Germinal_Center_Plasma_IgM_B_cell,5
19_52305,M1_macrophages,7
19_52306,Plasma_IgG,10
19_52307,Tumor,12
19_52312,M1_macrophages,7
19_52313,Germinal_Center_Plasma_IgM_B_cell,5
19_52315,unknown,14
19_52316,High_Endothelial_Venules,6
19_52319,Plasma_IgG,10
19_52320,unknown,14
19_52322,High_Endothelial_Venules,6
19_52323,unknown,14
19_52325,High_Endothelial_Venules,6
19_52326,High_Endothelial_Venules,6
19_52327,Plasma_IgG,10
19_52328,Plasma_IgG,10
19_52331,unknown,14
19_52333,Plasma_IgG,10
19_52335,High_Endothelial_Venules,6
19_52337,Germinal_Center_Plasma_IgM_B_cell,5
19_52338,Germinal_Center_Plasma_IgM_B_cell,5
19_52339,M1_macrophages,7
19_52341,Tumor,12
19_52343,Germinal_Center_Plasma_IgM_B_cell,5
19_52344,High_Endothelial_Venules,6
19_52345,M1_macrophages,7
19_52347,Germinal_Center_Plasma_IgM_B_cell,5
19_52348,M1_macrophages,7
19_52349,T_cell,11
19_52350,Plasma_IgG,10
19_52359,M1_macrophages,7
19_52361,Germinal_Center_Plasma_IgM_B_cell,5
19_52362,Plasma_IgG,10
19_52365,Tumor,12
19_52370,High_Endothelial_Venules,6
19_52371,Plasma_IgG,10
19_52372,Plasma_IgG,10
19_52373,unknown,14
19_52375,Plasma_IgG,10
19_52378,Germinal_Center_Plasma_IgM_B_cell,5
19_52379,unknown,14
19_52380,Plasma_IgA,9
19_52381,Plasma_IgG,10
19_52384,Fibroblasts,4
19_52386,M1_macrophages,7
19_52388,M1_macrophages,7
19_52389,High_Endothelial_Venules,6
19_52391,Plasma_IgG,10
19_52392,Plasma_IgG,10
19_52393,Plasma_IgG,10
19_52394,Plasma_IgG,10
19_52398,Plasma_IgG,10
19_52400,unknown,14
19_52404,Germinal_Center_Plasma_IgM_B_cell,5
19_52405,M1_macrophages,7
19_52406,Plasma_IgG,10
19_52407,unknown,14
19_52408,Germinal_Center_Plasma_IgM_B_cell,5
19_52409,Germinal_Center_Plasma_IgM_B_cell,5
19_52410,unknown,14
19_52414,Plasma_IgG,10
19_52415,Germinal_Center_Plasma_IgM_B_cell,5
19_52416,Tumor,12
19_52420,Plasma_IgG,10
19_52422,Germinal_Center_Plasma_IgM_B_cell,5
19_52426,M1_macrophages,7
19_52427,Plasma_IgG,10
19_52428,M1_macrophages,7
19_52429,Plasma_IgG,10
19_52430,Germinal_Center_Plasma_IgM_B_cell,5
19_52432,Plasma_IgG,10
19_52436,M1_macrophages,7
19_52437,T_cell,11
19_52440,High_Endothelial_Venules,6
19_52441,Plasma_IgG,10
19_52442,Plasma_IgG,10
19_52443,Plasma_IgG,10
19_52445,Plasma_IgG,10
19_52446,unknown,14
19_52447,Germinal_Center_Plasma_IgM_B_cell,5
19_52448,T_cell,11
19_52449,M1_macrophages,7
19_52451,unknown,14
19_52452,Plasma_IgG,10
19_52456,Plasma_IgG,10
19_52457,High_Endothelial_Venules,6
19_52458,T_cell,11
19_52461,M1_macrophages,7
19_52466,unknown,14
19_52467,T_cell,11
19_52468,Germinal_Center_Plasma_IgM_B_cell,5
19_52469,M1_macrophages,7
19_52471,M1_macrophages,7
19_52472,Plasma_IgG,10
19_52480,T_cell,11
19_52481,High_Endothelial_Venules,6
19_52482,M1_macrophages,7
19_52484,Plasma_IgG,10
19_52487,Germinal_Center_Plasma_IgM_B_cell,5
19_52491,unknown,14
19_52492,Plasma_IgG,10
19_52493,Plasma_IgG,10
19_52494,Plasma_IgG,10
19_52500,Plasma_IgG,10
19_52502,M1_macrophages,7
19_52503,Germinal_Center_Plasma_IgM_B_cell,5
19_52504,Plasma_IgG,10
19_52505,Plasma_IgG,10
19_52506,Plasma_IgG,10
19_52510,Plasma_IgG,10
19_52511,Plasma_IgG,10
19_52512,Plasma_IgG,10
19_52513,M1_macrophages,7
19_52514,T_cell,11
19_52515,High_Endothelial_Venules,6
19_52516,Plasma_IgG,10
19_52517,Plasma_IgG,10
19_52518,Plasma_IgG,10
19_52519,Plasma_IgG,10
19_52524,Germinal_Center_Plasma_IgM_B_cell,5
19_52525,Germinal_Center_Plasma_IgM_B_cell,5
19_52526,T_cell,11
19_52527,Germinal_Center_Plasma_IgM_B_cell,5
19_52528,Germinal_Center_Plasma_IgM_B_cell,5
19_52529,Germinal_Center_Plasma_IgM_B_cell,5
19_52531,Plasma_IgG,10
19_52532,Plasma_IgG,10
19_52533,Plasma_IgG,10
19_52535,unknown,14
19_52536,Plasma_IgG,10
19_52537,Germinal_Center_Plasma_IgM_B_cell,5
19_52538,Germinal_Center_Plasma_IgM_B_cell,5
19_52539,M1_macrophages,7
19_52544,Germinal_Center_Plasma_IgM_B_cell,5
19_52545,Germinal_Center_Plasma_IgM_B_cell,5
19_52549,T_cell,11
19_52552,unknown,14
19_52553,High_Endothelial_Venules,6
19_52555,Germinal_Center_Plasma_IgM_B_cell,5
19_52556,Germinal_Center_Plasma_IgM_B_cell,5
19_52557,unknown,14
19_52558,High_Endothelial_Venules,6
19_52559,M1_macrophages,7
19_52560,Tumor,12
19_52565,Plasma_IgG,10
19_52567,Plasma_IgG,10
19_52569,M1_macrophages,7
19_52570,Plasma_IgG,10
19_52572,M1_macrophages,7
19_52576,unknown,14
19_52578,M1_macrophages,7
19_52579,M1_macrophages,7
19_52582,Germinal_Center_Plasma_IgM_B_cell,5
19_52584,Tumor,12
19_52588,M1_macrophages,7
19_52590,T_cell,11
19_52592,Plasma_IgG,10
19_52593,T_cell,11
19_52596,unknown,14
19_52597,Tumor,12
19_52600,Germinal_Center_Plasma_IgM_B_cell,5
19_52601,Germinal_Center_Plasma_IgM_B_cell,5
19_52602,High_Endothelial_Venules,6
19_52603,Germinal_Center_Plasma_IgM_B_cell,5
19_52607,Plasma_IgG,10
19_52608,Plasma_IgG,10
19_52609,Tumor,12
19_52611,Germinal_Center_Plasma_IgM_B_cell,5
19_52612,unknown,14
19_52613,Plasma_IgG,10
19_52615,T_cell,11
19_52616,Germinal_Center_Plasma_IgM_B_cell,5
19_52621,Germinal_Center_Plasma_IgM_B_cell,5
19_52623,Germinal_Center_Plasma_IgM_B_cell,5
19_52624,Plasma_IgG,10
19_52625,Plasma_IgG,10
19_52626,Germinal_Center_Plasma_IgM_B_cell,5
19_52627,unknown,14
19_52628,Plasma_IgG,10
19_52629,Plasma_IgG,10
19_52633,M1_macrophages,7
19_52636,unknown,14
19_52638,Germinal_Center_Plasma_IgM_B_cell,5
19_52639,Germinal_Center_Plasma_IgM_B_cell,5
19_52640,M1_macrophages,7
19_52641,Plasma_IgG,10
19_52642,Plasma_IgG,10
19_52643,Plasma_IgG,10
19_52649,Plasma_IgG,10
19_52650,Plasma_IgG,10
19_52651,Plasma_IgG,10
19_52659,High_Endothelial_Venules,6
19_52660,Germinal_Center_Plasma_IgM_B_cell,5
19_52662,M1_macrophages,7
19_52665,Plasma_IgG,10
19_52666,Plasma_IgG,10
19_52669,unknown,14
19_52670,Plasma_IgG,10
19_52672,Tumor,12
19_52676,Germinal_Center_Plasma_IgM_B_cell,5
19_52679,M1_macrophages,7
19_52680,unknown,14
19_52681,Germinal_Center_Plasma_IgM_B_cell,5
19_52682,M1_macrophages,7
19_52683,M1_macrophages,7
19_52684,Tumor,12
19_52689,T_cell,11
19_52690,High_Endothelial_Venules,6
19_52697,High_Endothelial_Venules,6
19_52699,Germinal_Center_Plasma_IgM_B_cell,5
19_52700,T_cell,11
19_52701,unknown,14
19_52702,Fibroblasts,4
19_52703,Plasma_IgG,10
19_52704,Plasma_IgG,10
19_52708,Germinal_Center_Plasma_IgM_B_cell,5
19_52709,Germinal_Center_Plasma_IgM_B_cell,5
19_52712,Plasma_IgG,10
19_52713,T_cell,11
19_52715,Plasma_IgG,10
19_52716,Tumor,12
19_52722,Plasma_IgG,10
19_52725,Plasma_IgG,10
19_52726,unknown,14
19_52731,Plasma_IgG,10
19_52732,unknown,14
19_52733,unknown,14
19_52735,Macrophages,8
19_52736,Plasma_IgG,10
19_52738,Germinal_Center_Plasma_IgM_B_cell,5
19_52739,Plasma_IgG,10
19_52740,M1_macrophages,7
19_52741,unknown,14
19_52742,unknown,14
19_52744,Plasma_IgG,10
19_52750,T_cell,11
19_52751,M1_macrophages,7
19_52753,Germinal_Center_Plasma_IgM_B_cell,5
19_52754,Germinal_Center_Plasma_IgM_B_cell,5
19_52755,Germinal_Center_Plasma_IgM_B_cell,5
19_52756,High_Endothelial_Venules,6
19_52757,T_cell,11
19_52758,unknown,14
19_52759,Plasma_IgG,10
19_52760,CAF,0
19_52762,Plasma_IgA,9
19_52763,Plasma_IgG,10
19_52764,M1_macrophages,7
19_52765,High_Endothelial_Venules,6
19_52766,Plasma_IgG,10
19_52771,Plasma_IgG,10
19_52773,unknown,14
19_52775,M1_macrophages,7
19_52776,Germinal_Center_Plasma_IgM_B_cell,5
19_52779,Plasma_IgG,10
19_52781,Plasma_IgG,10
19_52786,Germinal_Center_Plasma_IgM_B_cell,5
19_52787,Germinal_Center_Plasma_IgM_B_cell,5
19_52788,unknown,14
19_52789,Plasma_IgG,10
19_52790,Plasma_IgG,10
19_52794,High_Endothelial_Venules,6
19_52795,Plasma_IgG,10
19_52796,Germinal_Center_Plasma_IgM_B_cell,5
19_52798,Plasma_IgG,10
19_52801,Fibroblasts,4
19_52803,Germinal_Center_Plasma_IgM_B_cell,5
19_52806,unknown,14
19_52808,M1_macrophages,7
19_52809,Plasma_IgG,10
19_52813,Plasma_IgG,10
19_52814,Plasma_IgG,10
19_52815,Germinal_Center_Plasma_IgM_B_cell,5
19_52816,M1_macrophages,7
19_52822,Germinal_Center_Plasma_IgM_B_cell,5
19_52824,T_cell,11
19_52826,unknown,14
19_52832,Fibroblasts,4
19_52833,CAF,0
19_52835,M1_macrophages,7
19_52838,M1_macrophages,7
19_52839,M1_macrophages,7
19_52840,Plasma_IgG,10
19_52843,Fibroblasts,4
19_52845,Plasma_IgG,10
19_52847,unknown,14
19_52849,Tumor,12
19_52853,unknown,14
19_52854,Plasma_IgG,10
19_52855,M1_macrophages,7
19_52856,unknown,14
19_52857,M1_macrophages,7
19_52858,High_Endothelial_Venules,6
19_52859,M1_macrophages,7
19_52862,M1_macrophages,7
19_52863,Plasma_IgG,10
19_52864,Plasma_IgG,10
19_52865,Plasma_IgG,10
19_52872,T_cell,11
19_52873,Germinal_Center_Plasma_IgM_B_cell,5
19_52876,M1_macrophages,7
19_52877,M1_macrophages,7
19_52878,M1_macrophages,7
19_52879,M1_macrophages,7
19_52880,T_cell,11
19_52881,unknown,14
19_52882,Plasma_IgG,10
19_52883,Plasma_IgG,10
19_52885,M1_macrophages,7
19_52888,Plasma_IgG,10
19_52889,Plasma_IgG,10
19_52892,Plasma_IgA,9
19_52893,Germinal_Center_Plasma_IgM_B_cell,5
19_52894,Germinal_Center_Plasma_IgM_B_cell,5
19_52895,unknown,14
19_52902,T_cell,11
19_52905,Plasma_IgG,10
19_52906,Plasma_IgG,10
19_52907,Tumor,12
19_52912,M1_macrophages,7
19_52914,unknown,14
19_52915,High_Endothelial_Venules,6
19_52916,M1_macrophages,7
19_52917,High_Endothelial_Venules,6
19_52918,Germinal_Center_Plasma_IgM_B_cell,5
19_52919,Germinal_Center_Plasma_IgM_B_cell,5
19_52920,Germinal_Center_Plasma_IgM_B_cell,5
19_52922,Plasma_IgG,10
19_52923,Plasma_IgG,10
19_52929,Germinal_Center_Plasma_IgM_B_cell,5
19_52931,Plasma_IgA,9
19_52932,Plasma_IgG,10
19_52933,Germinal_Center_Plasma_IgM_B_cell,5
19_52934,Germinal_Center_Plasma_IgM_B_cell,5
19_52935,M1_macrophages,7
19_52936,Plasma_IgG,10
19_52937,Tumor,12
19_52938,Tumor,12
19_52940,unknown,14
19_52941,M1_macrophages,7
19_52942,High_Endothelial_Venules,6
19_52944,Tumor,12
19_52946,Germinal_Center_Plasma_IgM_B_cell,5
19_52948,Plasma_IgG,10
19_52949,M1_macrophages,7
19_52950,High_Endothelial_Venules,6
19_52954,Germinal_Center_Plasma_IgM_B_cell,5
19_52955,Germinal_Center_Plasma_IgM_B_cell,5
19_52956,Germinal_Center_Plasma_IgM_B_cell,5
19_52958,Plasma_IgG,10
19_52959,Plasma_IgG,10
19_52960,Plasma_IgG,10
19_52964,Plasma_IgG,10
19_52965,High_Endothelial_Venules,6
19_52966,T_cell,11
19_52967,Tumor,12
19_52970,Germinal_Center_Plasma_IgM_B_cell,5
19_52972,M1_macrophages,7
19_52973,unknown,14
19_52974,High_Endothelial_Venules,6
19_52975,Plasma_IgG,10
19_52976,Plasma_IgG,10
19_52978,unknown,14
19_52979,M1_macrophages,7
19_52980,Plasma_IgG,10
19_52981,Plasma_IgG,10
19_52982,Germinal_Center_Plasma_IgM_B_cell,5
19_52984,Plasma_IgG,10
19_52986,Germinal_Center_Plasma_IgM_B_cell,5
19_52989,unknown,14
19_52990,Plasma_IgG,10
19_52991,Plasma_IgG,10
19_52992,Plasma_IgG,10
19_52996,Plasma_IgG,10
19_52998,M1_macrophages,7
19_53000,M1_macrophages,7
19_53001,Plasma_IgG,10
19_53002,M1_macrophages,7
19_53007,Plasma_IgG,10
19_53008,Germinal_Center_Plasma_IgM_B_cell,5
19_53011,High_Endothelial_Venules,6
19_53012,Plasma_IgG,10
19_53015,M1_macrophages,7
19_53018,Germinal_Center_Plasma_IgM_B_cell,5
19_53021,M1_macrophages,7
19_53022,Germinal_Center_Plasma_IgM_B_cell,5
19_53023,Germinal_Center_Plasma_IgM_B_cell,5
19_53025,M1_macrophages,7
19_53026,M1_macrophages,7
19_53027,Plasma_IgG,10
19_53031,unknown,14
19_53032,Plasma_IgG,10
19_53033,M1_macrophages,7
19_53034,Plasma_IgG,10
19_53035,Germinal_Center_Plasma_IgM_B_cell,5
19_53036,unknown,14
19_53041,M1_macrophages,7
19_53043,Germinal_Center_Plasma_IgM_B_cell,5
19_53044,Plasma_IgG,10
19_53045,Plasma_IgA,9
19_53046,Plasma_IgG,10
19_53051,unknown,14
19_53054,Plasma_IgG,10
19_53055,CAF,0
19_53059,Plasma_IgG,10
19_53060,Plasma_IgG,10
19_53061,unknown,14
19_53062,M1_macrophages,7
19_53065,M1_macrophages,7
19_53066,Plasma_IgG,10
19_53070,T_cell,11
19_53071,M1_macrophages,7
19_53088,unknown,14
19_53089,M1_macrophages,7
19_53091,Germinal_Center_Plasma_IgM_B_cell,5
19_53092,Plasma_IgG,10
19_53093,Plasma_IgG,10
19_53099,Plasma_IgG,10
19_53100,Germinal_Center_Plasma_IgM_B_cell,5
19_53102,T_cell,11
19_53103,High_Endothelial_Venules,6
19_53104,Germinal_Center_Plasma_IgM_B_cell,5
19_53105,Plasma_IgG,10
19_53108,M1_macrophages,7
19_53109,Plasma_IgG,10
19_53111,Plasma_IgA,9
19_53112,Plasma_IgG,10
19_53113,Plasma_IgG,10
19_53114,Plasma_IgG,10
19_53119,Germinal_Center_Plasma_IgM_B_cell,5
19_53120,Plasma_IgG,10
19_53121,unknown,14
19_53125,Plasma_IgG,10
19_53128,Germinal_Center_Plasma_IgM_B_cell,5
19_53129,T_cell,11
19_53130,T_cell,11
19_53131,Germinal_Center_Plasma_IgM_B_cell,5
19_53132,M1_macrophages,7
19_53133,Plasma_IgG,10
19_53134,Plasma_IgG,10
19_53135,Plasma_IgG,10
19_53136,M1_macrophages,7
19_53139,unknown,14
19_53140,Plasma_IgA,9
19_53142,unknown,14
19_53143,T_cell,11
19_53145,Plasma_IgG,10
19_53151,Germinal_Center_Plasma_IgM_B_cell,5
19_53153,M1_macrophages,7
19_53154,M1_macrophages,7
19_53164,Germinal_Center_Plasma_IgM_B_cell,5
19_53165,Germinal_Center_Plasma_IgM_B_cell,5
19_53168,Plasma_IgG,10
19_53178,T_cell,11
19_53181,M1_macrophages,7
19_53182,M1_macrophages,7
19_53183,M1_macrophages,7
19_53184,Germinal_Center_Plasma_IgM_B_cell,5
19_53185,Germinal_Center_Plasma_IgM_B_cell,5
19_53187,Plasma_IgG,10
19_53191,Plasma_IgG,10
19_53193,Germinal_Center_Plasma_IgM_B_cell,5
19_53194,Plasma_IgG,10
19_53196,Plasma_IgG,10
19_53200,T_cell,11
19_53201,M1_macrophages,7
19_53208,Plasma_IgA,9
19_53209,unknown,14
19_53211,M1_macrophages,7
19_53212,unknown,14
19_53213,Germinal_Center_Plasma_IgM_B_cell,5
19_53214,M1_macrophages,7
19_53215,Plasma_IgG,10
19_53216,Tumor,12
19_53221,M1_macrophages,7
19_53224,Plasma_IgG,10
19_53226,M1_macrophages,7
19_53227,Plasma_IgG,10
19_53229,Germinal_Center_Plasma_IgM_B_cell,5
19_53231,unknown,14
19_53233,unknown,14
19_53234,Plasma_IgG,10
19_53237,unknown,14
19_53239,Plasma_IgG,10
19_53241,Plasma_IgG,10
19_53245,Germinal_Center_Plasma_IgM_B_cell,5
19_53247,High_Endothelial_Venules,6
19_53249,Germinal_Center_Plasma_IgM_B_cell,5
19_53251,Plasma_IgG,10
19_53256,Plasma_IgG,10
19_53257,Germinal_Center_Plasma_IgM_B_cell,5
19_53258,T_cell,11
19_53259,M1_macrophages,7
19_53262,Plasma_IgG,10
19_53263,Plasma_IgG,10
19_53264,Plasma_IgG,10
19_53265,Plasma_IgG,10
19_53266,unknown,14
19_53267,Germinal_Center_Plasma_IgM_B_cell,5
19_53268,High_Endothelial_Venules,6
19_53269,T_cell,11
19_53270,Germinal_Center_Plasma_IgM_B_cell,5
19_53272,M1_macrophages,7
19_53274,M1_macrophages,7
19_53276,Plasma_IgG,10
19_53277,Plasma_IgG,10
19_53278,Plasma_IgG,10
19_53280,unknown,14
19_53281,T_cell,11
19_53285,Germinal_Center_Plasma_IgM_B_cell,5
19_53286,T_cell,11
19_53291,unknown,14
19_53293,M1_macrophages,7
19_53294,High_Endothelial_Venules,6
19_53295,Fibroblasts,4
19_53299,Germinal_Center_Plasma_IgM_B_cell,5
19_53300,Plasma_IgG,10
19_53301,High_Endothelial_Venules,6
19_53302,unknown,14
19_53304,M1_macrophages,7
19_53305,Plasma_IgG,10
19_53306,Plasma_IgG,10
19_53308,unknown,14
19_53312,High_Endothelial_Venules,6
19_53313,unknown,14
19_53314,Germinal_Center_Plasma_IgM_B_cell,5
19_53316,CAF,0
19_53319,M1_macrophages,7
19_53321,M1_macrophages,7
19_53323,Plasma_IgG,10
19_53324,Plasma_IgG,10
19_53332,M1_macrophages,7
19_53334,Germinal_Center_Plasma_IgM_B_cell,5
19_53336,Plasma_IgG,10
19_53342,Germinal_Center_Plasma_IgM_B_cell,5
19_53345,Plasma_IgG,10
19_53350,Germinal_Center_Plasma_IgM_B_cell,5
19_53351,Germinal_Center_Plasma_IgM_B_cell,5
19_53352,Germinal_Center_Plasma_IgM_B_cell,5
19_53353,High_Endothelial_Venules,6
19_53354,M1_macrophages,7
19_53355,Plasma_IgG,10
19_53356,Plasma_IgG,10
19_53357,Plasma_IgG,10
19_53367,Plasma_IgG,10
19_53369,Germinal_Center_Plasma_IgM_B_cell,5
19_53370,Germinal_Center_Plasma_IgM_B_cell,5
19_53374,Plasma_IgG,10
19_53378,unknown,14
19_53379,M1_macrophages,7
19_53380,unknown,14
19_53382,unknown,14
19_53383,M1_macrophages,7
19_53384,Plasma_IgG,10
19_53386,Plasma_IgG,10
19_53391,unknown,14
19_53398,Germinal_Center_Plasma_IgM_B_cell,5
19_53399,Plasma_IgG,10
19_53400,unknown,14
19_53402,unknown,14
19_53403,Germinal_Center_Plasma_IgM_B_cell,5
19_53404,M1_macrophages,7
19_53406,Plasma_IgG,10
19_53407,Plasma_IgG,10
19_53412,Germinal_Center_Plasma_IgM_B_cell,5
19_53413,High_Endothelial_Venules,6
19_53415,M1_macrophages,7
19_53417,Plasma_IgG,10
19_53418,M1_macrophages,7
19_53420,Germinal_Center_Plasma_IgM_B_cell,5
19_53422,M1_macrophages,7
19_53423,Germinal_Center_Plasma_IgM_B_cell,5
19_53424,unknown,14
19_53425,T_cell,11
19_53426,Germinal_Center_Plasma_IgM_B_cell,5
19_53429,M1_macrophages,7
19_53430,M1_macrophages,7
19_53431,M1_macrophages,7
19_53432,Fibroblasts,4
19_53434,Plasma_IgG,10
19_53437,unknown,14
19_53438,T_cell,11
19_53440,Plasma_IgG,10
19_53441,CAF,0
19_53445,M1_macrophages,7
19_53446,T_cell,11
19_53447,Germinal_Center_Plasma_IgM_B_cell,5
19_53448,M1_macrophages,7
19_53454,M1_macrophages,7
19_53456,Plasma_IgG,10
19_53457,Plasma_IgG,10
19_53466,Plasma_IgG,10
19_53467,Plasma_IgG,10
19_53471,High_Endothelial_Venules,6
19_53472,unknown,14
19_53473,M1_macrophages,7
19_53484,Plasma_IgG,10
19_53485,Germinal_Center_Plasma_IgM_B_cell,5
19_53496,Germinal_Center_Plasma_IgM_B_cell,5
19_53498,Plasma_IgA,9
19_53501,Germinal_Center_Plasma_IgM_B_cell,5
19_53502,M1_macrophages,7
19_53503,Germinal_Center_Plasma_IgM_B_cell,5
19_53506,Plasma_IgG,10
19_53507,Plasma_IgG,10
19_53510,unknown,14
19_53512,M1_macrophages,7
19_53513,M1_macrophages,7
19_53514,High_Endothelial_Venules,6
19_53516,Germinal_Center_Plasma_IgM_B_cell,5
19_53525,T_cell,11
19_53526,unknown,14
19_53528,Germinal_Center_Plasma_IgM_B_cell,5
19_53531,Plasma_IgG,10
19_53532,Plasma_IgG,10
19_53533,Plasma_IgG,10
19_53534,Plasma_IgG,10
19_53537,unknown,14
19_53538,High_Endothelial_Venules,6
19_53541,T_cell,11
19_53542,High_Endothelial_Venules,6
19_53545,Plasma_IgG,10
19_53546,Plasma_IgG,10
19_53550,High_Endothelial_Venules,6
19_53551,Germinal_Center_Plasma_IgM_B_cell,5
19_53552,Germinal_Center_Plasma_IgM_B_cell,5
19_53553,Germinal_Center_Plasma_IgM_B_cell,5
19_53555,Plasma_IgG,10
19_53563,unknown,14
19_53564,Germinal_Center_Plasma_IgM_B_cell,5
19_53565,Plasma_IgA,9
19_53566,High_Endothelial_Venules,6
19_53567,Plasma_IgG,10
19_53568,unknown,14
19_53575,unknown,14
19_53576,unknown,14
19_53578,T_cell,11
19_53581,Germinal_Center_Plasma_IgM_B_cell,5
19_53582,M1_macrophages,7
19_53583,Plasma_IgG,10
19_53589,unknown,14
19_53590,unknown,14
19_53592,M1_macrophages,7
19_53593,Plasma_IgA,9
19_53594,CAF,0
19_53595,Plasma_IgG,10
19_53598,unknown,14
19_53600,Plasma_IgA,9
19_53601,Germinal_Center_Plasma_IgM_B_cell,5
19_53602,Germinal_Center_Plasma_IgM_B_cell,5
19_53604,Plasma_IgG,10
19_53607,unknown,14
19_53610,unknown,14
19_53611,unknown,14
19_53612,Germinal_Center_Plasma_IgM_B_cell,5
19_53613,Germinal_Center_Plasma_IgM_B_cell,5
19_53616,T_cell,11
19_53617,Plasma_IgG,10
19_53618,Plasma_IgG,10
19_53620,Plasma_IgG,10
19_53623,M1_macrophages,7
19_53624,T_cell,11
19_53625,Germinal_Center_Plasma_IgM_B_cell,5
19_53626,Plasma_IgG,10
19_53629,Germinal_Center_Plasma_IgM_B_cell,5
19_53632,Plasma_IgA,9
19_53633,Plasma_IgG,10
19_53634,Plasma_IgG,10
19_53640,M1_macrophages,7
19_53641,unknown,14
19_53642,Germinal_Center_Plasma_IgM_B_cell,5
19_53645,Plasma_IgG,10
19_53646,Plasma_IgG,10
19_53647,Plasma_IgG,10
19_53648,Tumor,12
19_53652,High_Endothelial_Venules,6
19_53653,Plasma_IgG,10
19_53654,Plasma_IgG,10
19_53656,Plasma_IgG,10
19_53657,Germinal_Center_Plasma_IgM_B_cell,5
19_53659,unknown,14
19_53660,Germinal_Center_Plasma_IgM_B_cell,5
19_53662,Plasma_IgA,9
19_53664,unknown,14
19_53668,unknown,14
19_53671,M1_macrophages,7
19_53672,Plasma_IgG,10
19_53674,Plasma_IgG,10
19_53675,Plasma_IgG,10
19_53676,Plasma_IgG,10
19_53677,CAF,0
19_53681,Germinal_Center_Plasma_IgM_B_cell,5
19_53682,High_Endothelial_Venules,6
19_53683,High_Endothelial_Venules,6
19_53684,unknown,14
19_53685,unknown,14
19_53686,T_cell,11
19_53687,Plasma_IgG,10
19_53688,Plasma_IgG,10
19_53689,Plasma_IgG,10
19_53697,Plasma_IgA,9
19_53698,T_cell,11
19_53709,unknown,14
19_53712,Plasma_IgG,10
19_53713,Plasma_IgG,10
19_53719,T_cell,11
19_53720,Germinal_Center_Plasma_IgM_B_cell,5
19_53721,Plasma_IgG,10
19_53726,Plasma_IgG,10
19_53730,unknown,14
19_53732,Plasma_IgG,10
19_53733,T_cell,11
19_53734,T_cell,11
19_53738,CAF,0
19_53739,Germinal_Center_Plasma_IgM_B_cell,5
19_53741,T_cell,11
19_53742,M1_macrophages,7
19_53744,Plasma_IgG,10
19_53747,T_cell,11
19_53748,unknown,14
19_53750,Plasma_IgG,10
19_53751,CAF,0
19_53755,unknown,14
19_53757,Plasma_IgG,10
19_53758,Plasma_IgG,10
19_53760,Plasma_IgG,10
19_53761,M1_macrophages,7
19_53762,Germinal_Center_Plasma_IgM_B_cell,5
19_53763,Germinal_Center_Plasma_IgM_B_cell,5
19_53764,Plasma_IgG,10
19_53766,Plasma_IgG,10
19_53768,M1_macrophages,7
19_53769,M1_macrophages,7
19_53770,M1_macrophages,7
19_53772,Plasma_IgG,10
19_53775,Germinal_Center_Plasma_IgM_B_cell,5
19_53776,High_Endothelial_Venules,6
19_53778,High_Endothelial_Venules,6
19_53779,Germinal_Center_Plasma_IgM_B_cell,5
19_53783,Plasma_IgG,10
19_53784,Plasma_IgG,10
19_53787,Germinal_Center_Plasma_IgM_B_cell,5
19_53788,M1_macrophages,7
19_53791,Plasma_IgA,9
19_53792,Plasma_IgG,10
19_53793,Plasma_IgG,10
19_53797,M1_macrophages,7
19_53798,Plasma_IgG,10
19_53799,Germinal_Center_Plasma_IgM_B_cell,5
19_53801,unknown,14
19_53802,M1_macrophages,7
19_53806,Germinal_Center_Plasma_IgM_B_cell,5
19_53807,M1_macrophages,7
19_53808,Germinal_Center_Plasma_IgM_B_cell,5
19_53809,M1_macrophages,7
19_53811,T_cell,11
19_53812,M1_macrophages,7
19_53814,unknown,14
19_53816,M1_macrophages,7
19_53818,Plasma_IgG,10
19_53819,Plasma_IgG,10
19_53823,Germinal_Center_Plasma_IgM_B_cell,5
19_53824,unknown,14
19_53825,unknown,14
19_53826,unknown,14
19_53827,T_cell,11
19_53828,M1_macrophages,7
19_53831,Plasma_IgG,10
19_53833,Germinal_Center_Plasma_IgM_B_cell,5
19_53834,unknown,14
19_53835,High_Endothelial_Venules,6
19_53838,M1_macrophages,7
19_53839,Plasma_IgG,10
19_53840,Plasma_IgG,10
19_53841,Plasma_IgG,10
19_53843,Plasma_IgG,10
19_53844,unknown,14
19_53846,unknown,14
19_53848,Germinal_Center_Plasma_IgM_B_cell,5
19_53852,unknown,14
19_53853,unknown,14
19_53854,unknown,14
19_53857,High_Endothelial_Venules,6
19_53858,Plasma_IgG,10
19_53860,M1_macrophages,7
19_53861,Plasma_IgA,9
19_53862,unknown,14
19_53864,Germinal_Center_Plasma_IgM_B_cell,5
19_53865,Plasma_IgG,10
19_53866,Plasma_IgG,10
19_53868,Plasma_IgG,10
19_53872,Germinal_Center_Plasma_IgM_B_cell,5
19_53874,Plasma_IgG,10
19_53878,Germinal_Center_Plasma_IgM_B_cell,5
19_53882,Plasma_IgG,10
19_53883,Plasma_IgG,10
19_53889,M1_macrophages,7
19_53890,Plasma_IgG,10
19_53891,Germinal_Center_Plasma_IgM_B_cell,5
19_53894,unknown,14
19_53895,M1_macrophages,7
19_53896,Plasma_IgA,9
19_53898,Plasma_IgG,10
19_53899,Plasma_IgG,10
19_53906,Germinal_Center_Plasma_IgM_B_cell,5
19_53907,Plasma_IgA,9
19_53908,Fibroblasts,4
19_53909,T_cell,11
19_53911,High_Endothelial_Venules,6
19_53912,M1_macrophages,7
19_53914,Plasma_IgG,10
19_53917,M1_macrophages,7
19_53924,Plasma_IgG,10
19_53926,Germinal_Center_Plasma_IgM_B_cell,5
19_53927,Germinal_Center_Plasma_IgM_B_cell,5
19_53930,Plasma_IgG,10
19_53931,Plasma_IgG,10
19_53936,M1_macrophages,7
19_53937,Plasma_IgG,10
19_53938,Plasma_IgG,10
19_53939,Plasma_IgG,10
19_53941,Plasma_IgG,10
19_53942,CAF,0
19_53944,High_Endothelial_Venules,6
19_53949,unknown,14
19_53950,Plasma_IgG,10
19_53951,Plasma_IgG,10
19_53953,Plasma_IgG,10
19_53957,unknown,14
19_53961,Plasma_IgG,10
19_53962,Plasma_IgG,10
19_53963,Tumor,12
19_53964,Tumor,12
19_53966,M1_macrophages,7
19_53968,Germinal_Center_Plasma_IgM_B_cell,5
19_53969,Plasma_IgG,10
19_53971,Germinal_Center_Plasma_IgM_B_cell,5
19_53972,unknown,14
19_53974,M1_macrophages,7
19_53977,M1_macrophages,7
19_53978,Plasma_IgG,10
19_53982,T_cell,11
19_53983,T_cell,11
19_53984,T_cell,11
19_53987,CAF,0
19_53988,Plasma_IgG,10
19_53989,Germinal_Center_Plasma_IgM_B_cell,5
19_53990,M1_macrophages,7
19_53991,Germinal_Center_Plasma_IgM_B_cell,5
19_53992,Plasma_IgG,10
19_53994,Plasma_IgG,10
19_54000,Germinal_Center_Plasma_IgM_B_cell,5
19_54001,Germinal_Center_Plasma_IgM_B_cell,5
19_54012,M1_macrophages,7
19_54013,unknown,14
19_54017,unknown,14
19_54019,M1_macrophages,7
19_54021,unknown,14
19_54023,Plasma_IgA,9
19_54024,Plasma_IgG,10
19_54025,Plasma_IgG,10
19_54030,Germinal_Center_Plasma_IgM_B_cell,5
19_54031,unknown,14
19_54032,Plasma_IgG,10
19_54033,M1_macrophages,7
19_54034,M1_macrophages,7
19_54035,M1_macrophages,7
19_54036,T_cell,11
19_54037,Plasma_IgG,10
19_54038,Plasma_IgG,10
19_54040,M1_macrophages,7
19_54042,Tumor,12
19_54048,Plasma_IgG,10
19_54049,Plasma_IgG,10
19_54055,High_Endothelial_Venules,6
19_54057,T_cell,11
19_54058,High_Endothelial_Venules,6
19_54060,Plasma_IgG,10
19_54065,Germinal_Center_Plasma_IgM_B_cell,5
19_54066,Plasma_IgG,10
19_54067,M1_macrophages,7
19_54068,M1_macrophages,7
19_54072,Plasma_IgG,10
19_54077,Germinal_Center_Plasma_IgM_B_cell,5
19_54081,Fibroblasts,4
19_54082,Plasma_IgG,10
19_54084,Plasma_IgG,10
19_54085,High_Endothelial_Venules,6
19_54090,Plasma_IgG,10
19_54091,CAF,0
19_54095,Plasma_IgG,10
19_54096,High_Endothelial_Venules,6
19_54097,unknown,14
19_54098,Germinal_Center_Plasma_IgM_B_cell,5
19_54099,Plasma_IgG,10
19_54103,Germinal_Center_Plasma_IgM_B_cell,5
19_54107,Plasma_IgG,10
19_54108,Plasma_IgG,10
19_54112,Plasma_IgG,10
19_54113,Plasma_IgG,10
19_54117,High_Endothelial_Venules,6
19_54118,unknown,14
19_54119,High_Endothelial_Venules,6
19_54122,unknown,14
19_54123,unknown,14
19_54124,unknown,14
19_54125,M1_macrophages,7
19_54127,Germinal_Center_Plasma_IgM_B_cell,5
19_54130,Plasma_IgG,10
19_54131,Plasma_IgG,10
19_54136,Germinal_Center_Plasma_IgM_B_cell,5
19_54137,Plasma_IgG,10
19_54140,unknown,14
19_54144,Plasma_IgG,10
19_54145,Plasma_IgG,10
19_54146,Plasma_IgG,10
19_54147,unknown,14
19_54149,Germinal_Center_Plasma_IgM_B_cell,5
19_54150,unknown,14
19_54151,Germinal_Center_Plasma_IgM_B_cell,5
19_54153,M1_macrophages,7
19_54156,Plasma_IgG,10
19_54157,Plasma_IgG,10
19_54161,M1_macrophages,7
19_54163,unknown,14
19_54165,M1_macrophages,7
19_54166,Plasma_IgG,10
19_54168,Plasma_IgG,10
19_54169,Plasma_IgG,10
19_54175,Plasma_IgG,10
19_54176,High_Endothelial_Venules,6
19_54178,unknown,14
19_54183,Germinal_Center_Plasma_IgM_B_cell,5
19_54184,M1_macrophages,7
19_54187,M1_macrophages,7
19_54188,Germinal_Center_Plasma_IgM_B_cell,5
19_54189,M1_macrophages,7
19_54192,Germinal_Center_Plasma_IgM_B_cell,5
19_54195,CAF,0
19_54197,Plasma_IgG,10
19_54198,Plasma_IgG,10
19_54199,Plasma_IgG,10
19_54200,Plasma_IgG,10
19_54201,M1_macrophages,7
19_54205,High_Endothelial_Venules,6
19_54206,unknown,14
19_54207,Germinal_Center_Plasma_IgM_B_cell,5
19_54208,Germinal_Center_Plasma_IgM_B_cell,5
19_54209,unknown,14
19_54212,Plasma_IgG,10
19_54213,Plasma_IgG,10
19_54219,Plasma_IgG,10
19_54225,Germinal_Center_Plasma_IgM_B_cell,5
19_54226,Germinal_Center_Plasma_IgM_B_cell,5
19_54230,Germinal_Center_Plasma_IgM_B_cell,5
19_54231,High_Endothelial_Venules,6
19_54232,Germinal_Center_Plasma_IgM_B_cell,5
19_54233,Plasma_IgG,10
19_54234,Fibroblasts,4
19_54236,Plasma_IgG,10
19_54237,Plasma_IgG,10
19_54238,M1_macrophages,7
19_54241,High_Endothelial_Venules,6
19_54243,High_Endothelial_Venules,6
19_54244,Germinal_Center_Plasma_IgM_B_cell,5
19_54247,Plasma_IgG,10
19_54248,Plasma_IgG,10
19_54258,M1_macrophages,7
19_54259,CAF,0
19_54261,Germinal_Center_Plasma_IgM_B_cell,5
19_54262,unknown,14
19_54265,Plasma_IgG,10
19_54271,Plasma_IgG,10
19_54276,T_cell,11
19_54279,Fibroblasts,4
19_54280,T_cell,11
19_54281,unknown,14
19_54285,Plasma_IgG,10
19_54286,Plasma_IgG,10
19_54287,Plasma_IgG,10
19_54288,Plasma_IgG,10
19_54292,M1_macrophages,7
19_54293,M1_macrophages,7
19_54296,Plasma_IgG,10
19_54297,Plasma_IgG,10
19_54299,M1_macrophages,7
19_54300,unknown,14
19_54305,unknown,14
19_54307,Plasma_IgG,10
19_54308,Plasma_IgG,10
19_54311,unknown,14
19_54319,M1_macrophages,7
19_54322,Germinal_Center_Plasma_IgM_B_cell,5
19_54323,M1_macrophages,7
19_54325,Plasma_IgG,10
19_54327,Plasma_IgG,10
19_54328,Tumor,12
19_54332,Germinal_Center_Plasma_IgM_B_cell,5
19_54333,High_Endothelial_Venules,6
19_54334,T_cell,11
19_54335,unknown,14
19_54338,Plasma_IgG,10
19_54339,Plasma_IgG,10
19_54340,Germinal_Center_Plasma_IgM_B_cell,5
19_54341,M1_macrophages,7
19_54343,unknown,14
19_54344,Germinal_Center_Plasma_IgM_B_cell,5
19_54350,High_Endothelial_Venules,6
19_54352,unknown,14
19_54353,T_cell,11
19_54354,Germinal_Center_Plasma_IgM_B_cell,5
19_54356,Plasma_IgG,10
19_54357,Plasma_IgG,10
19_54362,High_Endothelial_Venules,6
19_54363,High_Endothelial_Venules,6
19_54364,T_cell,11
19_54365,M1_macrophages,7
19_54366,Plasma_IgG,10
19_54367,Plasma_IgG,10
19_54374,M1_macrophages,7
19_54375,unknown,14
19_54377,T_cell,11
19_54379,Germinal_Center_Plasma_IgM_B_cell,5
19_54386,unknown,14
19_54387,Germinal_Center_Plasma_IgM_B_cell,5
19_54388,High_Endothelial_Venules,6
19_54389,M1_macrophages,7
19_54391,unknown,14
19_54392,Germinal_Center_Plasma_IgM_B_cell,5
19_54394,M1_macrophages,7
19_54396,Plasma_IgG,10
19_54397,Plasma_IgG,10
19_54398,Plasma_IgG,10
19_54399,Plasma_IgG,10
19_54402,T_cell,11
19_54403,M1_macrophages,7
19_54404,Plasma_IgG,10
19_54408,unknown,14
19_54409,Plasma_IgA,9
19_54411,Germinal_Center_Plasma_IgM_B_cell,5
19_54412,Germinal_Center_Plasma_IgM_B_cell,5
19_54416,Plasma_IgG,10
19_54421,Germinal_Center_Plasma_IgM_B_cell,5
19_54424,unknown,14
19_54425,M1_macrophages,7
19_54427,Plasma_IgG,10
19_54428,M1_macrophages,7
19_54429,M1_macrophages,7
19_54431,Germinal_Center_Plasma_IgM_B_cell,5
19_54432,unknown,14
19_54433,CAF,0
19_54434,Plasma_IgG,10
19_54438,unknown,14
19_54441,High_Endothelial_Venules,6
19_54442,Germinal_Center_Plasma_IgM_B_cell,5
19_54445,Plasma_IgG,10
19_54450,Germinal_Center_Plasma_IgM_B_cell,5
19_54451,High_Endothelial_Venules,6
19_54452,unknown,14
19_54453,Germinal_Center_Plasma_IgM_B_cell,5
19_54459,Plasma_IgG,10
19_54460,High_Endothelial_Venules,6
19_54462,T_cell,11
19_54463,M1_macrophages,7
19_54466,M1_macrophages,7
19_54467,High_Endothelial_Venules,6
19_54468,M1_macrophages,7
19_54471,T_cell,11
19_54473,Plasma_IgG,10
19_54477,Germinal_Center_Plasma_IgM_B_cell,5
19_54478,unknown,14
19_54479,unknown,14
19_54480,M1_macrophages,7
19_54484,Plasma_IgG,10
19_54499,M1_macrophages,7
19_54500,T_cell,11
19_54502,M1_macrophages,7
19_54504,Plasma_IgG,10
19_54505,Plasma_IgG,10
19_54507,Plasma_IgG,10
19_54508,Plasma_IgG,10
19_54510,High_Endothelial_Venules,6
19_54511,Germinal_Center_Plasma_IgM_B_cell,5
19_54513,Plasma_IgG,10
19_54514,Plasma_IgG,10
19_54517,Germinal_Center_Plasma_IgM_B_cell,5
19_54520,Plasma_IgG,10
19_54521,Plasma_IgG,10
19_54522,Plasma_IgG,10
19_54523,Plasma_IgG,10
19_54528,Plasma_IgG,10
19_54529,M1_macrophages,7
19_54530,High_Endothelial_Venules,6
19_54533,Germinal_Center_Plasma_IgM_B_cell,5
19_54534,unknown,14
19_54535,unknown,14
19_54536,Plasma_IgA,9
19_54537,M1_macrophages,7
19_54538,Plasma_IgG,10
19_54539,Plasma_IgG,10
19_54540,Plasma_IgG,10
19_54543,M1_macrophages,7
19_54544,M1_macrophages,7
19_54546,Germinal_Center_Plasma_IgM_B_cell,5
19_54547,Germinal_Center_Plasma_IgM_B_cell,5
19_54551,Plasma_IgG,10
19_54553,Germinal_Center_Plasma_IgM_B_cell,5
19_54554,Germinal_Center_Plasma_IgM_B_cell,5
19_54555,T_cell,11
19_54562,Plasma_IgG,10
19_54563,Plasma_IgG,10
19_54566,Germinal_Center_Plasma_IgM_B_cell,5
19_54567,M1_macrophages,7
19_54568,High_Endothelial_Venules,6
19_54572,unknown,14
19_54575,Fibroblasts,4
19_54576,Plasma_IgG,10
19_54578,Germinal_Center_Plasma_IgM_B_cell,5
19_54579,Germinal_Center_Plasma_IgM_B_cell,5
19_54581,Germinal_Center_Plasma_IgM_B_cell,5
19_54585,T_cell,11
19_54586,unknown,14
19_54587,Germinal_Center_Plasma_IgM_B_cell,5
19_54588,Germinal_Center_Plasma_IgM_B_cell,5
19_54590,Plasma_IgG,10
19_54591,Plasma_IgG,10
19_54592,Plasma_IgG,10
19_54597,Germinal_Center_Plasma_IgM_B_cell,5
19_54599,M1_macrophages,7
19_54600,Plasma_IgG,10
19_54601,Plasma_IgG,10
19_54602,Plasma_IgG,10
19_54603,Plasma_IgG,10
19_54612,unknown,14
19_54613,M1_macrophages,7
19_54615,T_cell,11
19_54623,Germinal_Center_Plasma_IgM_B_cell,5
19_54626,M1_macrophages,7
19_54627,Plasma_IgG,10
19_54628,Plasma_IgG,10
19_54629,Germinal_Center_Plasma_IgM_B_cell,5
19_54630,M1_macrophages,7
19_54634,unknown,14
19_54638,M1_macrophages,7
19_54642,Plasma_IgG,10
19_54644,Plasma_IgG,10
19_54645,Plasma_IgG,10
19_54653,High_Endothelial_Venules,6
19_54656,unknown,14
19_54657,Germinal_Center_Plasma_IgM_B_cell,5
19_54659,Plasma_IgG,10
19_54660,Plasma_IgG,10
19_54664,Germinal_Center_Plasma_IgM_B_cell,5
19_54666,unknown,14
19_54668,M1_macrophages,7
19_54673,Germinal_Center_Plasma_IgM_B_cell,5
19_54674,Germinal_Center_Plasma_IgM_B_cell,5
19_54680,unknown,14
19_54689,M1_macrophages,7
19_54690,Plasma_IgG,10
19_54694,unknown,14
19_54697,Germinal_Center_Plasma_IgM_B_cell,5
19_54698,unknown,14
19_54701,CAF,0
19_54703,Plasma_IgG,10
19_54704,Plasma_IgG,10
19_54705,Plasma_IgG,10
19_54707,M1_macrophages,7
19_54708,T_cell,11
19_54709,unknown,14
19_54714,M1_macrophages,7
19_54721,Germinal_Center_Plasma_IgM_B_cell,5
19_54722,High_Endothelial_Venules,6
19_54723,T_cell,11
19_54725,T_cell,11
19_54729,Tumor,12
19_54737,unknown,14
19_54738,M1_macrophages,7
19_54739,CAF,0
19_54743,Plasma_IgA,9
19_54744,Fibroblasts,4
19_54746,M1_macrophages,7
19_54747,Germinal_Center_Plasma_IgM_B_cell,5
19_54749,M1_macrophages,7
19_54750,M1_macrophages,7
19_54751,Plasma_IgG,10
19_54755,M1_macrophages,7
19_54757,unknown,14
19_54761,Plasma_IgG,10
19_54762,Plasma_IgG,10
19_54765,unknown,14
19_54766,M1_macrophages,7
19_54767,T_cell,11
19_54768,M1_macrophages,7
19_54769,High_Endothelial_Venules,6
19_54772,Germinal_Center_Plasma_IgM_B_cell,5
19_54773,Germinal_Center_Plasma_IgM_B_cell,5
19_54777,M1_macrophages,7
19_54778,M1_macrophages,7
19_54784,Plasma_IgG,10
19_54786,Plasma_IgA,9
19_54788,unknown,14
19_54791,unknown,14
19_54792,Germinal_Center_Plasma_IgM_B_cell,5
19_54795,T_cell,11
19_54796,M1_macrophages,7
19_54797,Plasma_IgG,10
19_54798,Plasma_IgG,10
19_54803,unknown,14
19_54804,CAF,0
19_54805,Plasma_IgG,10
19_54807,unknown,14
19_54808,Germinal_Center_Plasma_IgM_B_cell,5
19_54810,M1_macrophages,7
19_54813,T_cell,11
19_54819,Plasma_IgG,10
19_54821,High_Endothelial_Venules,6
19_54825,unknown,14
19_54827,Plasma_IgG,10
19_54828,Plasma_IgG,10
19_54829,Plasma_IgG,10
19_54830,Plasma_IgG,10
19_54833,Plasma_IgA,9
19_54834,Germinal_Center_Plasma_IgM_B_cell,5
19_54838,Germinal_Center_Plasma_IgM_B_cell,5
19_54839,M1_macrophages,7
19_54840,High_Endothelial_Venules,6
19_54842,M1_macrophages,7
19_54844,Plasma_IgG,10
19_54845,Plasma_IgG,10
19_54846,Plasma_IgG,10
19_54847,Plasma_IgG,10
19_54849,M1_macrophages,7
19_54857,Plasma_IgG,10
19_54863,T_cell,11
19_54864,Plasma_IgG,10
19_54867,unknown,14
19_54868,M1_macrophages,7
19_54869,High_Endothelial_Venules,6
19_54872,Germinal_Center_Plasma_IgM_B_cell,5
19_54873,unknown,14
19_54874,Germinal_Center_Plasma_IgM_B_cell,5
19_54877,Plasma_IgG,10
19_54879,unknown,14
19_54882,T_cell,11
19_54884,unknown,14
19_54886,Germinal_Center_Plasma_IgM_B_cell,5
19_54887,Plasma_IgG,10
19_54888,Plasma_IgG,10
19_54889,Germinal_Center_Plasma_IgM_B_cell,5
19_54890,M1_macrophages,7
19_54892,Plasma_IgG,10
19_54896,unknown,14
19_54899,T_cell,11
19_54900,Germinal_Center_Plasma_IgM_B_cell,5
19_54901,Germinal_Center_Plasma_IgM_B_cell,5
19_54902,Plasma_IgG,10
19_54908,Plasma_IgG,10
19_54909,Plasma_IgG,10
19_54910,Plasma_IgG,10
19_54911,Plasma_IgG,10
19_54912,Plasma_IgG,10
19_54916,Germinal_Center_Plasma_IgM_B_cell,5
19_54919,M1_macrophages,7
19_54926,unknown,14
19_54927,unknown,14
19_54929,M1_macrophages,7
19_54930,unknown,14
19_54933,Fibroblasts,4
19_54934,Germinal_Center_Plasma_IgM_B_cell,5
19_54939,Plasma_IgA,9
19_54942,Germinal_Center_Plasma_IgM_B_cell,5
19_54943,T_cell,11
19_54944,T_cell,11
19_54945,T_cell,11
19_54946,Germinal_Center_Plasma_IgM_B_cell,5
19_54951,Plasma_IgG,10
19_54955,unknown,14
19_54956,High_Endothelial_Venules,6
19_54957,Plasma_IgG,10
19_54958,Plasma_IgG,10
19_54959,Plasma_IgG,10
19_54960,Plasma_IgG,10
19_54961,CAF,0
19_54965,M1_macrophages,7
19_54969,Germinal_Center_Plasma_IgM_B_cell,5
19_54973,CAF,0
19_54975,Plasma_IgG,10
19_54981,High_Endothelial_Venules,6
19_54982,High_Endothelial_Venules,6
19_54983,M1_macrophages,7
19_54984,unknown,14
19_54986,Germinal_Center_Plasma_IgM_B_cell,5
19_54988,Plasma_IgG,10
19_54991,Germinal_Center_Plasma_IgM_B_cell,5
19_54992,Germinal_Center_Plasma_IgM_B_cell,5
19_55000,Plasma_IgG,10
19_55004,unknown,14
19_55006,Plasma_IgG,10
19_55007,M1_macrophages,7
19_55008,Plasma_IgG,10
19_55009,M1_macrophages,7
19_55010,Plasma_IgG,10
19_55011,M1_macrophages,7
19_55014,Plasma_IgG,10
19_55016,High_Endothelial_Venules,6
19_55018,Plasma_IgG,10
19_55020,M1_macrophages,7
19_55021,M1_macrophages,7
19_55023,CAF,0
19_55030,M1_macrophages,7
19_55031,Tumor,12
19_55033,unknown,14
19_55035,unknown,14
19_55036,unknown,14
19_55037,Plasma_IgG,10
19_55038,Plasma_IgG,10
19_55043,Germinal_Center_Plasma_IgM_B_cell,5
19_55044,T_cell,11
19_55046,M1_macrophages,7
19_55047,Plasma_IgG,10
19_55048,Plasma_IgG,10
19_55049,Plasma_IgG,10
19_55050,Plasma_IgG,10
19_55051,Plasma_IgG,10
19_55052,Plasma_IgG,10
19_55059,unknown,14
19_55064,Plasma_IgG,10
19_55070,T_cell,11
19_55074,T_cell,11
19_55076,Plasma_IgG,10
19_55077,Plasma_IgG,10
19_55081,M1_macrophages,7
19_55084,unknown,14
19_55087,Germinal_Center_Plasma_IgM_B_cell,5
19_55088,M1_macrophages,7
19_55089,unknown,14
19_55090,Germinal_Center_Plasma_IgM_B_cell,5
19_55094,M1_macrophages,7
19_55096,M1_macrophages,7
19_55097,Fibroblasts,4
19_55099,Germinal_Center_Plasma_IgM_B_cell,5
19_55100,High_Endothelial_Venules,6
19_55104,Germinal_Center_Plasma_IgM_B_cell,5
19_55105,unknown,14
19_55110,Plasma_IgG,10
19_55113,M1_macrophages,7
19_55116,T_cell,11
19_55118,Plasma_IgG,10
19_55119,Plasma_IgG,10
19_55121,unknown,14
19_55125,Germinal_Center_Plasma_IgM_B_cell,5
19_55126,T_cell,11
19_55127,unknown,14
19_55130,Plasma_IgG,10
19_55131,Plasma_IgG,10
19_55136,Germinal_Center_Plasma_IgM_B_cell,5
19_55137,Plasma_IgG,10
19_55140,unknown,14
19_55142,Germinal_Center_Plasma_IgM_B_cell,5
19_55143,T_cell,11
19_55145,Germinal_Center_Plasma_IgM_B_cell,5
19_55148,Plasma_IgG,10
19_55150,Plasma_IgG,10
19_55151,Tumor,12
19_55157,T_cell,11
19_55159,Plasma_IgG,10
19_55160,Tumor,12
19_55164,Germinal_Center_Plasma_IgM_B_cell,5
19_55165,unknown,14
19_55169,Germinal_Center_Plasma_IgM_B_cell,5
19_55172,Plasma_IgG,10
19_55173,Tumor,12
19_55177,unknown,14
19_55178,unknown,14
19_55182,CAF,0
19_55183,Plasma_IgG,10
19_55189,unknown,14
19_55190,Germinal_Center_Plasma_IgM_B_cell,5
19_55192,Plasma_IgG,10
19_55193,Plasma_IgG,10
19_55194,Plasma_IgG,10
19_55197,unknown,14
19_55198,M1_macrophages,7
19_55199,Plasma_IgG,10
19_55202,T_cell,11
19_55203,Germinal_Center_Plasma_IgM_B_cell,5
19_55205,Plasma_IgG,10
19_55209,High_Endothelial_Venules,6
19_55221,High_Endothelial_Venules,6
19_55227,unknown,14
19_55228,Plasma_IgG,10
19_55229,Plasma_IgG,10
19_55233,Plasma_IgG,10
19_55234,M1_macrophages,7
19_55235,T_cell,11
19_55239,M1_macrophages,7
19_55240,Plasma_IgG,10
19_55241,Plasma_IgG,10
19_55242,Plasma_IgG,10
19_55245,M1_macrophages,7
19_55246,Germinal_Center_Plasma_IgM_B_cell,5
19_55247,unknown,14
19_55250,Plasma_IgG,10
19_55254,M1_macrophages,7
19_55256,High_Endothelial_Venules,6
19_55258,Plasma_IgG,10
19_55259,Plasma_IgG,10
19_55260,Plasma_IgG,10
19_55266,unknown,14
19_55268,Germinal_Center_Plasma_IgM_B_cell,5
19_55269,unknown,14
19_55270,Germinal_Center_Plasma_IgM_B_cell,5
19_55271,M1_macrophages,7
19_55275,Plasma_IgG,10
19_55276,Plasma_IgG,10
19_55277,Plasma_IgG,10
19_55278,Plasma_IgG,10
19_55279,Plasma_IgG,10
19_55284,Germinal_Center_Plasma_IgM_B_cell,5
19_55286,High_Endothelial_Venules,6
19_55287,M1_macrophages,7
19_55288,Plasma_IgA,9
19_55289,unknown,14
19_55291,High_Endothelial_Venules,6
19_55294,Plasma_IgG,10
19_55295,Fibroblasts,4
19_55299,T_cell,11
19_55300,M1_macrophages,7
19_55303,High_Endothelial_Venules,6
19_55307,Plasma_IgG,10
19_55311,unknown,14
19_55312,Plasma_IgG,10
19_55313,Plasma_IgG,10
19_55319,unknown,14
19_55320,M1_macrophages,7
19_55322,Plasma_IgG,10
19_55328,unknown,14
19_55329,unknown,14
19_55330,T_cell,11
19_55332,Plasma_IgG,10
19_55335,M1_macrophages,7
19_55336,M1_macrophages,7
19_55337,unknown,14
19_55339,Germinal_Center_Plasma_IgM_B_cell,5
19_55340,M1_macrophages,7
19_55343,M1_macrophages,7
19_55347,T_cell,11
19_55348,unknown,14
19_55349,Plasma_IgA,9
19_55351,Plasma_IgG,10
19_55352,Plasma_IgG,10
19_55357,M1_macrophages,7
19_55360,T_cell,11
19_55361,M1_macrophages,7
19_55362,CAF,0
19_55363,unknown,14
19_55364,M1_macrophages,7
19_55366,M1_macrophages,7
19_55367,Plasma_IgG,10
19_55368,Plasma_IgG,10
19_55371,unknown,14
19_55373,Germinal_Center_Plasma_IgM_B_cell,5
19_55374,Germinal_Center_Plasma_IgM_B_cell,5
19_55375,Plasma_IgG,10
19_55379,unknown,14
19_55380,Plasma_IgA,9
19_55381,High_Endothelial_Venules,6
19_55382,unknown,14
19_55383,M1_macrophages,7
19_55385,unknown,14
19_55386,T_cell,11
19_55388,Plasma_IgG,10
19_55390,Plasma_IgG,10
19_55391,Tumor,12
19_55392,Tumor,12
19_55398,unknown,14
19_55399,Germinal_Center_Plasma_IgM_B_cell,5
19_55403,Plasma_IgG,10
19_55404,Plasma_IgG,10
19_55407,High_Endothelial_Venules,6
19_55408,M1_macrophages,7
19_55411,Plasma_IgG,10
19_55412,Plasma_IgG,10
19_55414,Plasma_IgG,10
19_55416,Germinal_Center_Plasma_IgM_B_cell,5
19_55417,T_cell,11
19_55420,Plasma_IgG,10
19_55421,Plasma_IgG,10
19_55422,Plasma_IgG,10
19_55423,Plasma_IgG,10
19_55426,Germinal_Center_Plasma_IgM_B_cell,5
19_55429,unknown,14
19_55431,unknown,14
19_55433,Plasma_IgG,10
19_55437,unknown,14
19_55439,Germinal_Center_Plasma_IgM_B_cell,5
19_55442,M1_macrophages,7
19_55443,Plasma_IgG,10
19_55451,Plasma_IgG,10
19_55452,Plasma_IgG,10
19_55458,T_cell,11
19_55460,unknown,14
19_55464,Plasma_IgG,10
19_55465,Tumor,12
19_55467,Germinal_Center_Plasma_IgM_B_cell,5
19_55468,T_cell,11
19_55469,Cortex_CCL21,2
19_55471,unknown,14
19_55474,Plasma_IgG,10
19_55477,unknown,14
19_55478,M1_macrophages,7
19_55479,M1_macrophages,7
19_55481,CAF,0
19_55482,M1_macrophages,7
19_55484,M1_macrophages,7
19_55485,M1_macrophages,7
19_55488,M1_macrophages,7
19_55489,M1_macrophages,7
19_55490,T_cell,11
19_55491,T_cell,11
19_55492,Germinal_Center_Plasma_IgM_B_cell,5
19_55493,Germinal_Center_Plasma_IgM_B_cell,5
19_55494,Plasma_IgG,10
19_55501,Plasma_IgG,10
19_55502,Plasma_IgG,10
19_55507,Germinal_Center_Plasma_IgM_B_cell,5
19_55509,Germinal_Center_Plasma_IgM_B_cell,5
19_55511,unknown,14
19_55515,M1_macrophages,7
19_55516,M1_macrophages,7
19_55517,Tumor,12
19_55524,T_cell,11
19_55526,M1_macrophages,7
19_55530,Germinal_Center_Plasma_IgM_B_cell,5
19_55531,unknown,14
19_55534,M1_macrophages,7
19_55535,CAF,0
19_55536,M1_macrophages,7
19_55542,T_cell,11
19_55543,unknown,14
19_55544,M1_macrophages,7
19_55548,Plasma_IgG,10
19_55549,Plasma_IgG,10
19_55555,unknown,14
19_55556,unknown,14
19_55557,M1_macrophages,7
19_55559,Plasma_IgG,10
19_55560,Plasma_IgG,10
19_55565,unknown,14
19_55566,unknown,14
19_55568,M1_macrophages,7
19_55570,CAF,0
19_55575,unknown,14
19_55576,Plasma_IgG,10
19_55578,Plasma_IgG,10
19_55585,M1_macrophages,7
19_55586,High_Endothelial_Venules,6
19_55587,Plasma_IgG,10
19_55589,Germinal_Center_Plasma_IgM_B_cell,5
19_55596,High_Endothelial_Venules,6
19_55597,High_Endothelial_Venules,6
19_55598,M1_macrophages,7
19_55599,High_Endothelial_Venules,6
19_55601,Plasma_IgG,10
19_55603,Plasma_IgG,10
19_55609,M1_macrophages,7
19_55610,Plasma_IgG,10
19_55611,Fibroblasts,4
19_55613,Germinal_Center_Plasma_IgM_B_cell,5
19_55614,Germinal_Center_Plasma_IgM_B_cell,5
19_55616,M1_macrophages,7
19_55617,Germinal_Center_Plasma_IgM_B_cell,5
19_55618,M1_macrophages,7
19_55619,M1_macrophages,7
19_55620,Plasma_IgG,10
19_55622,unknown,14
19_55623,Plasma_IgA,9
19_55625,M1_macrophages,7
19_55627,Plasma_IgG,10
19_55628,Tumor,12
19_55631,T_cell,11
19_55632,M1_macrophages,7
19_55633,High_Endothelial_Venules,6
19_55634,Germinal_Center_Plasma_IgM_B_cell,5
19_55637,Plasma_IgG,10
19_55643,unknown,14
19_55645,M1_macrophages,7
19_55647,Plasma_IgG,10
19_55649,High_Endothelial_Venules,6
19_55657,CAF,0
19_55658,Plasma_IgG,10
19_55659,Plasma_IgG,10
19_55660,Plasma_IgG,10
19_55665,unknown,14
19_55666,CAF,0
19_55667,Plasma_IgG,10
19_55668,Tumor,12
19_55670,Germinal_Center_Plasma_IgM_B_cell,5
19_55671,unknown,14
19_55672,High_Endothelial_Venules,6
19_55674,M1_macrophages,7
19_55677,Plasma_IgG,10
19_55682,Germinal_Center_Plasma_IgM_B_cell,5
19_55683,M1_macrophages,7
19_55686,Germinal_Center_Plasma_IgM_B_cell,5
19_55688,Germinal_Center_Plasma_IgM_B_cell,5
19_55689,T_cell,11
19_55694,Plasma_IgG,10
19_55695,Plasma_IgG,10
19_55702,Plasma_IgG,10
19_55704,Germinal_Center_Plasma_IgM_B_cell,5
19_55706,Germinal_Center_Plasma_IgM_B_cell,5
19_55707,M1_macrophages,7
19_55711,Plasma_IgG,10
19_55712,Germinal_Center_Plasma_IgM_B_cell,5
19_55713,High_Endothelial_Venules,6
19_55714,Germinal_Center_Plasma_IgM_B_cell,5
19_55716,unknown,14
19_55720,T_cell,11
19_55721,T_cell,11
19_55722,Plasma_IgG,10
19_55729,High_Endothelial_Venules,6
19_55730,T_cell,11
19_55731,M1_macrophages,7
19_55732,T_cell,11
19_55735,Plasma_IgG,10
19_55741,Plasma_IgG,10
19_55742,Tumor,12
19_55746,High_Endothelial_Venules,6
19_55749,Plasma_IgG,10
19_55750,Plasma_IgG,10
19_55751,Plasma_IgG,10
19_55754,unknown,14
19_55757,M1_macrophages,7
19_55761,Fibroblasts,4
19_55764,M1_macrophages,7
19_55768,Plasma_IgG,10
19_55770,Germinal_Center_Plasma_IgM_B_cell,5
19_55771,unknown,14
19_55772,unknown,14
19_55774,M1_macrophages,7
19_55775,Plasma_IgG,10
19_55776,Plasma_IgG,10
19_55777,Tumor,12
19_55785,High_Endothelial_Venules,6
19_55788,Germinal_Center_Plasma_IgM_B_cell,5
19_55789,unknown,14
19_55791,Plasma_IgG,10
19_55792,Plasma_IgG,10
19_55796,M1_macrophages,7
19_55797,unknown,14
19_55798,M1_macrophages,7
19_55801,unknown,14
19_55803,M1_macrophages,7
19_55804,Plasma_IgG,10
19_55808,Germinal_Center_Plasma_IgM_B_cell,5
19_55809,unknown,14
19_55810,unknown,14
19_55812,Plasma_IgG,10
19_55813,Plasma_IgG,10
19_55815,T_cell,11
19_55816,T_cell,11
19_55817,High_Endothelial_Venules,6
19_55819,unknown,14
19_55820,Germinal_Center_Plasma_IgM_B_cell,5
19_55821,Germinal_Center_Plasma_IgM_B_cell,5
19_55825,unknown,14
19_55828,CAF,0
19_55829,Plasma_IgG,10
19_55836,M1_macrophages,7
19_55837,unknown,14
19_55840,M1_macrophages,7
19_55844,Germinal_Center_Plasma_IgM_B_cell,5
19_55845,High_Endothelial_Venules,6
19_55849,Plasma_IgG,10
19_55850,CAF,0
19_55851,High_Endothelial_Venules,6
19_55852,Plasma_IgG,10
19_55854,Plasma_IgG,10
19_55857,T_cell,11
19_55858,Cortex_CCL21,2
19_55860,M1_macrophages,7
19_55861,unknown,14
19_55864,M1_macrophages,7
19_55865,M1_macrophages,7
19_55866,Tumor,12
19_55870,unknown,14
19_55871,T_cell,11
19_55872,T_cell,11
19_55874,T_cell,11
19_55875,Plasma_IgG,10
19_55877,Germinal_Center_Plasma_IgM_B_cell,5
19_55881,M1_macrophages,7
19_55882,T_cell,11
19_55883,Germinal_Center_Plasma_IgM_B_cell,5
19_55887,Germinal_Center_Plasma_IgM_B_cell,5
19_55890,unknown,14
19_55891,Plasma_IgG,10
19_55892,Plasma_IgG,10
19_55894,unknown,14
19_55897,unknown,14
19_55898,Germinal_Center_Plasma_IgM_B_cell,5
19_55900,Plasma_IgG,10
19_55901,Plasma_IgG,10
19_55905,unknown,14
19_55907,Plasma_IgG,10
19_55908,M1_macrophages,7
19_55909,unknown,14
19_55910,Plasma_IgG,10
19_55911,Plasma_IgG,10
19_55915,Germinal_Center_Plasma_IgM_B_cell,5
19_55916,T_cell,11
19_55924,Plasma_IgG,10
19_55925,Plasma_IgG,10
19_55926,Plasma_IgG,10
19_55933,M1_macrophages,7
19_55934,High_Endothelial_Venules,6
19_55935,unknown,14
19_55936,M1_macrophages,7
19_55937,Plasma_IgG,10
19_55938,Plasma_IgG,10
19_55939,Plasma_IgG,10
19_55947,unknown,14
19_55949,Plasma_IgG,10
19_55950,Plasma_IgG,10
19_55954,Germinal_Center_Plasma_IgM_B_cell,5
19_55956,T_cell,11
19_55957,Plasma_IgA,9
19_55959,unknown,14
19_55960,unknown,14
19_55966,Fibroblasts,4
19_55967,High_Endothelial_Venules,6
19_55968,T_cell,11
19_55969,T_cell,11
19_55970,Germinal_Center_Plasma_IgM_B_cell,5
19_55972,Plasma_IgG,10
19_55975,High_Endothelial_Venules,6
19_55977,High_Endothelial_Venules,6
19_55978,Plasma_IgG,10
19_55987,Germinal_Center_Plasma_IgM_B_cell,5
19_55989,Plasma_IgG,10
19_55990,Plasma_IgG,10
19_55991,Plasma_IgG,10
19_55993,Germinal_Center_Plasma_IgM_B_cell,5
19_55995,T_cell,11
19_55997,Plasma_IgG,10
19_56001,Plasma_IgA,9
19_56002,High_Endothelial_Venules,6
19_56006,T_cell,11
19_56007,M1_macrophages,7
19_56012,M1_macrophages,7
19_56013,T_cell,11
19_56014,Fibroblasts,4
19_56015,High_Endothelial_Venules,6
19_56016,T_cell,11
19_56026,M1_macrophages,7
19_56030,Germinal_Center_Plasma_IgM_B_cell,5
19_56035,unknown,14
19_56043,High_Endothelial_Venules,6
19_56044,M1_macrophages,7
19_56045,Plasma_IgG,10
19_56049,M1_macrophages,7
19_56050,unknown,14
19_56051,unknown,14
19_56052,Plasma_IgG,10
19_56056,unknown,14
19_56057,Plasma_IgG,10
19_56058,M1_macrophages,7
19_56059,M1_macrophages,7
19_56060,Plasma_IgG,10
19_56061,Plasma_IgG,10
19_56062,Plasma_IgG,10
19_56063,Plasma_IgG,10
19_56065,Germinal_Center_Plasma_IgM_B_cell,5
19_56067,High_Endothelial_Venules,6
19_56069,High_Endothelial_Venules,6
19_56070,M1_macrophages,7
19_56071,T_cell,11
19_56074,Plasma_IgG,10
19_56075,Plasma_IgG,10
19_56078,Germinal_Center_Plasma_IgM_B_cell,5
19_56079,Germinal_Center_Plasma_IgM_B_cell,5
19_56080,M1_macrophages,7
19_56081,Germinal_Center_Plasma_IgM_B_cell,5
19_56082,High_Endothelial_Venules,6
19_56083,Germinal_Center_Plasma_IgM_B_cell,5
19_56086,unknown,14
19_56088,unknown,14
19_56089,Plasma_IgG,10
19_56093,Germinal_Center_Plasma_IgM_B_cell,5
19_56094,unknown,14
19_56097,Plasma_IgG,10
19_56105,Plasma_IgG,10
19_56106,Plasma_IgG,10
19_56110,Germinal_Center_Plasma_IgM_B_cell,5
19_56111,CAF,0
19_56115,T_cell,11
19_56119,M1_macrophages,7
19_56120,Fibroblasts,4
19_56121,Plasma_IgG,10
19_56124,Plasma_IgG,10
19_56125,M1_macrophages,7
19_56126,T_cell,11
19_56132,unknown,14
19_56133,High_Endothelial_Venules,6
19_56134,unknown,14
19_56135,Germinal_Center_Plasma_IgM_B_cell,5
19_56140,High_Endothelial_Venules,6
19_56142,unknown,14
19_56143,Germinal_Center_Plasma_IgM_B_cell,5
19_56144,M1_macrophages,7
19_56147,Cytotoxic_IFN_signaling,3
19_56148,Plasma_IgG,10
19_56150,unknown,14
19_56151,unknown,14
19_56152,unknown,14
19_56155,unknown,14
19_56156,M1_macrophages,7
19_56157,M1_macrophages,7
19_56158,Plasma_IgG,10
19_56159,Plasma_IgG,10
19_56162,M1_macrophages,7
19_56163,Germinal_Center_Plasma_IgM_B_cell,5
19_56164,M1_macrophages,7
19_56165,High_Endothelial_Venules,6
19_56166,unknown,14
19_56168,T_cell,11
19_56169,Plasma_IgG,10
19_56172,M1_macrophages,7
19_56173,Plasma_IgG,10
19_56174,Tumor,12
19_56175,Tumor,12
19_56181,Plasma_IgG,10
19_56182,Plasma_IgG,10
19_56183,Plasma_IgG,10
19_56184,Plasma_IgG,10
19_56190,M1_macrophages,7
19_56194,unknown,14
19_56195,T_cell,11
19_56198,Germinal_Center_Plasma_IgM_B_cell,5
19_56200,unknown,14
19_56202,M1_macrophages,7
19_56203,Plasma_IgG,10
19_56204,High_Endothelial_Venules,6
19_56211,High_Endothelial_Venules,6
19_56212,Germinal_Center_Plasma_IgM_B_cell,5
19_56214,unknown,14
19_56222,Tumor,12
19_56223,High_Endothelial_Venules,6
19_56224,unknown,14
19_56225,High_Endothelial_Venules,6
19_56228,M1_macrophages,7
19_56229,M1_macrophages,7
19_56234,unknown,14
19_56236,High_Endothelial_Venules,6
19_56237,unknown,14
19_56238,M1_macrophages,7
19_56243,Plasma_IgG,10
19_56246,Plasma_IgG,10
19_56247,Germinal_Center_Plasma_IgM_B_cell,5
19_56250,unknown,14
19_56251,Germinal_Center_Plasma_IgM_B_cell,5
19_56252,unknown,14
19_56253,M1_macrophages,7
19_56257,Plasma_IgG,10
19_56258,Plasma_IgG,10
19_56269,unknown,14
19_56273,unknown,14
19_56274,M1_macrophages,7
19_56275,T_cell,11
19_56276,Germinal_Center_Plasma_IgM_B_cell,5
19_56277,M1_macrophages,7
19_56281,Plasma_IgG,10
19_56283,unknown,14
19_56285,unknown,14
19_56288,CAF,0
19_56290,Germinal_Center_Plasma_IgM_B_cell,5
19_56300,Plasma_IgA,9
19_56301,M1_macrophages,7
19_56304,Plasma_IgG,10
19_56305,CAF,0
19_56308,Germinal_Center_Plasma_IgM_B_cell,5
19_56309,M1_macrophages,7
19_56310,unknown,14
19_56312,Plasma_IgG,10
19_56314,Germinal_Center_Plasma_IgM_B_cell,5
19_56316,Plasma_IgG,10
19_56317,Plasma_IgG,10
19_56318,Plasma_IgG,10
19_56322,M1_macrophages,7
19_56328,T_cell,11
19_56333,Germinal_Center_Plasma_IgM_B_cell,5
19_56334,M1_macrophages,7
19_56335,Plasma_IgG,10
19_56336,Plasma_IgG,10
19_56340,Germinal_Center_Plasma_IgM_B_cell,5
19_56341,Germinal_Center_Plasma_IgM_B_cell,5
19_56342,M1_macrophages,7
19_56343,M1_macrophages,7
19_56344,High_Endothelial_Venules,6
19_56345,M1_macrophages,7
19_56347,M1_macrophages,7
19_56349,Plasma_IgG,10
19_56351,Germinal_Center_Plasma_IgM_B_cell,5
19_56353,High_Endothelial_Venules,6
19_56354,unknown,14
19_56358,Plasma_IgG,10
19_56361,High_Endothelial_Venules,6
19_56364,Plasma_IgG,10
19_56365,Plasma_IgG,10
19_56366,Plasma_IgG,10
19_56371,Germinal_Center_Plasma_IgM_B_cell,5
19_56377,M1_macrophages,7
19_56383,M1_macrophages,7
19_56387,unknown,14
19_56388,Plasma_IgG,10
19_56389,Plasma_IgG,10
19_56390,Plasma_IgG,10
19_56392,M1_macrophages,7
19_56393,Plasma_IgG,10
19_56394,M1_macrophages,7
19_56395,High_Endothelial_Venules,6
19_56396,Plasma_IgA,9
19_56397,unknown,14
19_56399,Tumor,12
19_56401,M1_macrophages,7
19_56402,Plasma_IgG,10
19_56408,Fibroblasts,4
19_56409,Plasma_IgG,10
19_56410,Plasma_IgG,10
19_56411,Plasma_IgG,10
19_56415,unknown,14
19_56416,Plasma_IgG,10
19_56417,Plasma_IgA,9
19_56418,unknown,14
19_56419,T_cell,11
19_56421,Plasma_IgG,10
19_56427,Plasma_IgG,10
19_56429,Plasma_IgG,10
19_56430,Plasma_IgG,10
19_56431,Plasma_IgG,10
19_56434,unknown,14
19_56435,High_Endothelial_Venules,6
19_56436,High_Endothelial_Venules,6
19_56437,High_Endothelial_Venules,6
19_56440,T_cell,11
19_56441,Plasma_IgG,10
19_56442,Tumor,12
19_56444,Plasma_IgG,10
19_56445,unknown,14
19_56446,Germinal_Center_Plasma_IgM_B_cell,5
19_56447,T_cell,11
19_56448,unknown,14
19_56449,T_cell,11
19_56450,Fibroblasts,4
19_56451,CAF,0
19_56455,T_cell,11
19_56458,Plasma_IgG,10
19_56459,M1_macrophages,7
19_56461,unknown,14
19_56463,Plasma_IgA,9
19_56464,unknown,14
19_56465,M1_macrophages,7
19_56466,Plasma_IgG,10
19_56471,unknown,14
19_56472,unknown,14
19_56473,unknown,14
19_56474,High_Endothelial_Venules,6
19_56475,M1_macrophages,7
19_56477,T_cell,11
19_56478,unknown,14
19_56480,Fibroblasts,4
19_56481,M1_macrophages,7
19_56482,Plasma_IgG,10
19_56483,Tumor,12
19_56484,Germinal_Center_Plasma_IgM_B_cell,5
19_56486,High_Endothelial_Venules,6
19_56488,unknown,14
19_56491,Plasma_IgG,10
19_56492,Plasma_IgG,10
19_56493,Plasma_IgG,10
19_56494,Plasma_IgG,10
19_56497,High_Endothelial_Venules,6
19_56499,Germinal_Center_Plasma_IgM_B_cell,5
19_56500,unknown,14
19_56502,unknown,14
19_56505,unknown,14
19_56506,unknown,14
19_56507,M1_macrophages,7
19_56514,Plasma_IgG,10
19_56515,Plasma_IgG,10
19_56520,Germinal_Center_Plasma_IgM_B_cell,5
19_56529,M1_macrophages,7
19_56530,T_cell,11
19_56531,unknown,14
19_56532,T_cell,11
19_56534,unknown,14
19_56535,Germinal_Center_Plasma_IgM_B_cell,5
19_56536,M1_macrophages,7
19_56538,Plasma_IgG,10
19_56540,Plasma_IgG,10
19_56541,Tumor,12
19_56544,M1_macrophages,7
19_56545,T_cell,11
19_56547,unknown,14
19_56550,CAF,0
19_56552,Plasma_IgG,10
19_56553,Plasma_IgG,10
19_56556,unknown,14
19_56558,Cytotoxic_IFN_signaling,3
19_56560,unknown,14
19_56571,M1_macrophages,7
19_56572,unknown,14
19_56573,unknown,14
19_56574,High_Endothelial_Venules,6
19_56575,Plasma_IgG,10
19_56580,unknown,14
19_56581,M1_macrophages,7
19_56582,unknown,14
19_56583,Plasma_IgG,10
19_56588,Cytotoxic_IFN_signaling,3
19_56589,Plasma_IgG,10
19_56590,M1_macrophages,7
19_56591,Plasma_IgG,10
19_56594,M1_macrophages,7
19_56598,unknown,14
19_56601,unknown,14
19_56602,Plasma_IgG,10
19_56603,Plasma_IgG,10
19_56610,CAF,0
19_56611,Plasma_IgG,10
19_56616,unknown,14
19_56617,M1_macrophages,7
19_56618,T_cell,11
19_56619,unknown,14
19_56624,T_cell,11
19_56625,T_cell,11
19_56626,M1_macrophages,7
19_56630,CAF,0
19_56631,Plasma_IgG,10
19_56636,Germinal_Center_Plasma_IgM_B_cell,5
19_56638,Plasma_IgA,9
19_56643,M1_macrophages,7
19_56644,Plasma_IgA,9
19_56647,Germinal_Center_Plasma_IgM_B_cell,5
19_56648,Plasma_IgG,10
19_56650,Plasma_IgG,10
19_56651,Plasma_IgG,10
19_56655,Germinal_Center_Plasma_IgM_B_cell,5
19_56656,Macrophages,8
19_56658,T_cell,11
19_56660,M1_macrophages,7
19_56663,T_cell,11
19_56670,unknown,14
19_56672,Germinal_Center_Plasma_IgM_B_cell,5
19_56675,M1_macrophages,7
19_56677,M1_macrophages,7
19_56680,Plasma_IgG,10
19_56684,T_cell,11
19_56685,Plasma_IgG,10
19_56687,Germinal_Center_Plasma_IgM_B_cell,5
19_56689,M1_macrophages,7
19_56690,High_Endothelial_Venules,6
19_56692,Plasma_IgG,10
19_56693,Plasma_IgG,10
19_56696,unknown,14
19_56697,M1_macrophages,7
19_56700,CAF,0
19_56701,Plasma_IgG,10
19_56702,Plasma_IgG,10
19_56703,Plasma_IgG,10
19_56706,Germinal_Center_Plasma_IgM_B_cell,5
19_56707,M1_macrophages,7
19_56708,Germinal_Center_Plasma_IgM_B_cell,5
19_56710,Germinal_Center_Plasma_IgM_B_cell,5
19_56713,Plasma_IgA,9
19_56717,Germinal_Center_Plasma_IgM_B_cell,5
19_56718,Plasma_IgG,10
19_56720,unknown,14
19_56721,M1_macrophages,7
19_56722,M1_macrophages,7
19_56723,unknown,14
19_56724,Plasma_IgG,10
19_56725,Plasma_IgG,10
19_56729,Germinal_Center_Plasma_IgM_B_cell,5
19_56730,unknown,14
19_56733,T_cell,11
19_56734,M1_macrophages,7
19_56736,Plasma_IgG,10
19_56740,M1_macrophages,7
19_56742,T_cell,11
19_56743,High_Endothelial_Venules,6
19_56744,High_Endothelial_Venules,6
19_56749,High_Endothelial_Venules,6
19_56751,T_cell,11
19_56752,Plasma_IgG,10
19_56755,Germinal_Center_Plasma_IgM_B_cell,5
19_56758,unknown,14
19_56759,M1_macrophages,7
19_56762,M1_macrophages,7
19_56766,T_cell,11
19_56767,M1_macrophages,7
19_56769,M1_macrophages,7
19_56771,Plasma_IgA,9
19_56772,unknown,14
19_56774,unknown,14
19_56777,Plasma_IgA,9
19_56778,M1_macrophages,7
19_56779,T_cell,11
19_56781,T_cell,11
19_56782,Fibroblasts,4
19_56783,Plasma_IgG,10
19_56784,Plasma_IgG,10
19_56785,Plasma_IgG,10
19_56789,unknown,14
19_56791,M1_macrophages,7
19_56796,unknown,14
19_56797,unknown,14
19_56798,Germinal_Center_Plasma_IgM_B_cell,5
19_56799,M1_macrophages,7
19_56802,Plasma_IgG,10
19_56803,Plasma_IgG,10
19_56804,Plasma_IgG,10
19_56806,unknown,14
19_56809,High_Endothelial_Venules,6
19_56811,Plasma_IgG,10
19_56813,Plasma_IgG,10
19_56814,Tumor,12
19_56816,Plasma_IgG,10
19_56817,High_Endothelial_Venules,6
19_56818,M1_macrophages,7
19_56819,unknown,14
19_56821,M1_macrophages,7
19_56822,CAF,0
19_56826,Plasma_IgA,9
19_56827,T_cell,11
19_56828,Germinal_Center_Plasma_IgM_B_cell,5
19_56829,M1_macrophages,7
19_56838,Plasma_IgG,10
19_56840,High_Endothelial_Venules,6
19_56843,M1_macrophages,7
19_56844,Germinal_Center_Plasma_IgM_B_cell,5
19_56851,M1_macrophages,7
19_56852,unknown,14
19_56857,unknown,14
19_56858,T_cell,11
19_56859,Plasma_IgG,10
19_56860,Plasma_IgG,10
19_56863,Germinal_Center_Plasma_IgM_B_cell,5
19_56864,T_cell,11
19_56865,T_cell,11
19_56867,Plasma_IgG,10
19_56872,M1_macrophages,7
19_56873,T_cell,11
19_56874,Germinal_Center_Plasma_IgM_B_cell,5
19_56878,Plasma_IgG,10
19_56881,Plasma_IgG,10
19_56892,T_cell,11
19_56893,T_cell,11
19_56895,T_cell,11
19_56897,M1_macrophages,7
19_56898,T_cell,11
19_56900,Plasma_IgG,10
19_56901,Plasma_IgG,10
19_56905,unknown,14
19_56909,T_cell,11
19_56910,Germinal_Center_Plasma_IgM_B_cell,5
19_56912,Plasma_IgG,10
19_56914,M1_macrophages,7
19_56916,Plasma_IgG,10
19_56919,unknown,14
19_56921,M1_macrophages,7
19_56926,M1_macrophages,7
19_56929,unknown,14
19_56930,CAF,0
19_56935,unknown,14
19_56936,Germinal_Center_Plasma_IgM_B_cell,5
19_56937,M1_macrophages,7
19_56939,Plasma_IgG,10
19_56941,Germinal_Center_Plasma_IgM_B_cell,5
19_56943,unknown,14
19_56946,M1_macrophages,7
19_56948,M1_macrophages,7
19_56949,M1_macrophages,7
19_56952,Plasma_IgG,10
19_56954,M1_macrophages,7
19_56955,unknown,14
19_56956,unknown,14
19_56959,M1_macrophages,7
19_56960,Plasma_IgG,10
19_56961,T_cell,11
19_56964,unknown,14
19_56967,Plasma_IgG,10
19_56969,Plasma_IgG,10
19_56974,unknown,14
19_56975,High_Endothelial_Venules,6
19_56977,unknown,14
19_56979,M1_macrophages,7
19_56980,Plasma_IgG,10
19_56985,unknown,14
19_56987,Plasma_IgG,10
19_56989,unknown,14
19_56990,M1_macrophages,7
19_56991,T_cell,11
19_56994,Plasma_IgG,10
19_56996,Plasma_IgG,10
19_57002,unknown,14
19_57003,M1_macrophages,7
19_57004,Germinal_Center_Plasma_IgM_B_cell,5
19_57007,T_cell,11
19_57008,High_Endothelial_Venules,6
19_57009,Plasma_IgG,10
19_57011,M1_macrophages,7
19_57014,M1_macrophages,7
19_57015,Plasma_IgG,10
19_57020,T_cell,11
19_57021,unknown,14
19_57022,M1_macrophages,7
19_57023,T_cell,11
19_57024,High_Endothelial_Venules,6
19_57026,unknown,14
19_57028,unknown,14
19_57029,Plasma_IgG,10
19_57032,T_cell,11
19_57033,unknown,14
19_57034,unknown,14
19_57035,M1_macrophages,7
19_57036,Germinal_Center_Plasma_IgM_B_cell,5
19_57037,T_cell,11
19_57039,Plasma_IgG,10
19_57041,Germinal_Center_Plasma_IgM_B_cell,5
19_57042,unknown,14
19_57043,High_Endothelial_Venules,6
19_57044,Germinal_Center_Plasma_IgM_B_cell,5
19_57046,Plasma_IgG,10
19_57048,Germinal_Center_Plasma_IgM_B_cell,5
19_57050,M1_macrophages,7
19_57056,Plasma_IgA,9
19_57062,Germinal_Center_Plasma_IgM_B_cell,5
19_57065,unknown,14
19_57066,T_cell,11
19_57067,High_Endothelial_Venules,6
19_57068,unknown,14
19_57069,unknown,14
19_57071,M1_macrophages,7
19_57073,High_Endothelial_Venules,6
19_57075,Plasma_IgG,10
19_57081,Germinal_Center_Plasma_IgM_B_cell,5
19_57082,unknown,14
19_57085,unknown,14
19_57086,Cytotoxic_IFN_signaling,3
19_57087,unknown,14
19_57089,M1_macrophages,7
19_57090,CAF,0
19_57091,Plasma_IgG,10
19_57094,unknown,14
19_57095,unknown,14
19_57097,M1_macrophages,7
19_57101,Germinal_Center_Plasma_IgM_B_cell,5
19_57103,unknown,14
19_57104,unknown,14
19_57105,Macrophages,8
19_57106,Germinal_Center_Plasma_IgM_B_cell,5
19_57108,Plasma_IgA,9
19_57116,Plasma_IgG,10
19_57120,T_cell,11
19_57122,unknown,14
19_57123,Plasma_IgA,9
19_57124,Plasma_IgG,10
19_57126,Plasma_IgG,10
19_57132,M1_macrophages,7
19_57134,unknown,14
19_57135,unknown,14
19_57137,Plasma_IgG,10
19_57139,Tumor,12
19_57140,M1_macrophages,7
19_57147,unknown,14
19_57148,T_cell,11
19_57149,unknown,14
19_57150,M1_macrophages,7
19_57151,M1_macrophages,7
19_57152,M1_macrophages,7
19_57153,Plasma_IgG,10
19_57154,Plasma_IgG,10
19_57157,unknown,14
19_57159,unknown,14
19_57160,M1_macrophages,7
19_57161,M1_macrophages,7
19_57162,CAF,0
19_57163,unknown,14
19_57165,Plasma_IgG,10
19_57166,Plasma_IgG,10
19_57167,M1_macrophages,7
19_57169,unknown,14
19_57178,M1_macrophages,7
19_57179,Plasma_IgG,10
19_57183,Germinal_Center_Plasma_IgM_B_cell,5
19_57184,Plasma_IgG,10
19_57185,High_Endothelial_Venules,6
19_57187,unknown,14
19_57188,Tumor,12
19_57189,T_cell,11
19_57192,Plasma_IgG,10
19_57194,unknown,14
19_57196,M1_macrophages,7
19_57197,unknown,14
19_57199,M1_macrophages,7
19_57200,Plasma_IgG,10
19_57201,Plasma_IgG,10
19_57207,unknown,14
19_57208,M1_macrophages,7
19_57210,Germinal_Center_Plasma_IgM_B_cell,5
19_57211,Plasma_IgG,10
19_57216,T_cell,11
19_57217,M1_macrophages,7
19_57218,T_cell,11
19_57219,unknown,14
19_57220,unknown,14
19_57221,M1_macrophages,7
19_57222,Plasma_IgG,10
19_57228,unknown,14
19_57229,M1_macrophages,7
19_57235,Germinal_Center_Plasma_IgM_B_cell,5
19_57236,unknown,14
19_57238,Germinal_Center_Plasma_IgM_B_cell,5
19_57241,M1_macrophages,7
19_57242,Plasma_IgG,10
19_57244,Germinal_Center_Plasma_IgM_B_cell,5
19_57245,unknown,14
19_57246,unknown,14
19_57247,T_cell,11
19_57248,unknown,14
19_57249,M1_macrophages,7
19_57250,High_Endothelial_Venules,6
19_57251,unknown,14
19_57253,M1_macrophages,7
19_57255,Plasma_IgG,10
19_57258,High_Endothelial_Venules,6
19_57259,M1_macrophages,7
19_57261,T_cell,11
19_57262,Plasma_IgA,9
19_57263,Plasma_IgG,10
19_57266,High_Endothelial_Venules,6
19_57270,unknown,14
19_57271,M1_macrophages,7
19_57274,Plasma_IgG,10
19_57279,T_cell,11
19_57281,M1_macrophages,7
19_57284,T_cell,11
19_57285,M1_macrophages,7
19_57288,M1_macrophages,7
19_57289,unknown,14
19_57292,T_cell,11
19_57293,M1_macrophages,7
19_57294,T_cell,11
19_57295,M1_macrophages,7
19_57296,High_Endothelial_Venules,6
19_57297,High_Endothelial_Venules,6
19_57298,unknown,14
19_57299,High_Endothelial_Venules,6
19_57301,CAF,0
19_57306,Germinal_Center_Plasma_IgM_B_cell,5
19_57309,unknown,14
19_57310,CAF,0
19_57311,Plasma_IgG,10
19_57314,Germinal_Center_Plasma_IgM_B_cell,5
19_57315,T_cell,11
19_57316,unknown,14
19_57319,T_cell,11
19_57320,CAF,0
19_57321,Plasma_IgG,10
19_57325,T_cell,11
19_57327,T_cell,11
19_57328,unknown,14
19_57330,Plasma_IgG,10
19_57333,unknown,14
19_57335,M1_macrophages,7
19_57336,High_Endothelial_Venules,6
19_57338,unknown,14
19_57339,Plasma_IgG,10
19_57340,Plasma_IgG,10
19_57341,Plasma_IgG,10
19_57345,unknown,14
19_57346,Plasma_IgG,10
19_57347,CAF,0
19_57348,M1_macrophages,7
19_57353,High_Endothelial_Venules,6
19_57355,High_Endothelial_Venules,6
19_57356,M1_macrophages,7
19_57358,CAF,0
19_57364,unknown,14
19_57365,Macrophages,8
19_57366,Germinal_Center_Plasma_IgM_B_cell,5
19_57367,unknown,14
19_57370,M1_macrophages,7
19_57377,unknown,14
19_57378,M1_macrophages,7
19_57379,unknown,14
19_57380,unknown,14
19_57381,CAF,0
19_57382,Plasma_IgG,10
19_57384,Plasma_IgG,10
19_57388,unknown,14
19_57391,unknown,14
19_57392,unknown,14
19_57395,Plasma_IgG,10
19_57396,unknown,14
19_57397,Germinal_Center_Plasma_IgM_B_cell,5
19_57398,unknown,14
19_57399,M1_macrophages,7
19_57401,M1_macrophages,7
19_57406,Germinal_Center_Plasma_IgM_B_cell,5
19_57408,M1_macrophages,7
19_57409,T_cell,11
19_57415,M1_macrophages,7
19_57416,unknown,14
19_57417,unknown,14
19_57420,unknown,14
19_57421,Plasma_IgG,10
19_57423,Germinal_Center_Plasma_IgM_B_cell,5
19_57425,M1_macrophages,7
19_57426,Plasma_IgG,10
19_57429,T_cell,11
19_57431,Plasma_IgG,10
19_57432,M1_macrophages,7
19_57435,Tumor,12
19_57436,T_cell,11
19_57437,High_Endothelial_Venules,6
19_57438,High_Endothelial_Venules,6
19_57439,M1_macrophages,7
19_57441,unknown,14
19_57443,Plasma_IgG,10
19_57444,Plasma_IgG,10
19_57445,Germinal_Center_Plasma_IgM_B_cell,5
19_57448,Germinal_Center_Plasma_IgM_B_cell,5
19_57449,Germinal_Center_Plasma_IgM_B_cell,5
19_57452,M1_macrophages,7
19_57453,unknown,14
19_57456,Plasma_IgG,10
19_57457,Tumor,12
19_57460,unknown,14
19_57461,unknown,14
19_57462,High_Endothelial_Venules,6
19_57465,unknown,14
19_57466,unknown,14
19_57467,M1_macrophages,7
19_57468,High_Endothelial_Venules,6
19_57469,T_cell,11
19_57474,Germinal_Center_Plasma_IgM_B_cell,5
19_57475,M1_macrophages,7
19_57476,M1_macrophages,7
19_57477,unknown,14
19_57478,unknown,14
19_57479,CAF,0
19_57480,Plasma_IgG,10
19_57481,Plasma_IgG,10
19_57486,unknown,14
19_57487,unknown,14
19_57488,unknown,14
19_57489,T_cell,11
19_57490,Plasma_IgG,10
19_57491,Plasma_IgG,10
19_57492,Plasma_IgG,10
19_57498,T_cell,11
19_57499,unknown,14
19_57501,Plasma_IgG,10
19_57502,Plasma_IgG,10
19_57503,unknown,14
19_57504,Germinal_Center_Plasma_IgM_B_cell,5
19_57508,unknown,14
19_57510,T_cell,11
19_57513,unknown,14
19_57514,High_Endothelial_Venules,6
19_57515,CAF,0
19_57517,Plasma_IgG,10
19_57518,Plasma_IgG,10
19_57522,unknown,14
19_57523,M1_macrophages,7
19_57524,M1_macrophages,7
19_57527,M1_macrophages,7
19_57529,CAF,0
19_57530,Plasma_IgG,10
19_57531,Germinal_Center_Plasma_IgM_B_cell,5
19_57533,Plasma_IgG,10
19_57534,Plasma_IgG,10
19_57535,Fibroblasts,4
19_57538,unknown,14
19_57540,M1_macrophages,7
19_57541,M1_macrophages,7
19_57542,M1_macrophages,7
19_57543,unknown,14
19_57544,M1_macrophages,7
19_57548,M1_macrophages,7
19_57549,unknown,14
19_57550,Plasma_IgG,10
19_57551,Plasma_IgG,10
19_57555,unknown,14
19_57556,T_cell,11
19_57557,Plasma_IgA,9
19_57558,M1_macrophages,7
19_57559,M1_macrophages,7
19_57560,T_cell,11
19_57561,T_cell,11
19_57564,CAF,0
19_57568,Germinal_Center_Plasma_IgM_B_cell,5
19_57569,M1_macrophages,7
19_57570,Plasma_IgG,10
19_57575,unknown,14
19_57577,unknown,14
19_57579,Germinal_Center_Plasma_IgM_B_cell,5
19_57580,Fibroblasts,4
19_57581,Plasma_IgG,10
19_57582,Plasma_IgG,10
19_57583,CAF,0
19_57588,M1_macrophages,7
19_57589,Plasma_IgA,9
19_57590,M1_macrophages,7
19_57592,Plasma_IgG,10
19_57598,High_Endothelial_Venules,6
19_57600,Plasma_IgG,10
19_57602,M1_macrophages,7
19_57605,unknown,14
19_57606,High_Endothelial_Venules,6
19_57609,Germinal_Center_Plasma_IgM_B_cell,5
19_57612,CAF,0
19_57617,unknown,14
19_57618,T_cell,11
19_57619,unknown,14
19_57623,unknown,14
19_57624,unknown,14
19_57626,T_cell,11
19_57627,M1_macrophages,7
19_57628,Germinal_Center_Plasma_IgM_B_cell,5
19_57629,unknown,14
19_57634,Germinal_Center_Plasma_IgM_B_cell,5
19_57635,unknown,14
19_57636,unknown,14
19_57639,T_cell,11
19_57640,M1_macrophages,7
19_57642,unknown,14
19_57643,Plasma_IgG,10
19_57645,unknown,14
19_57647,unknown,14
19_57648,Plasma_IgA,9
19_57655,T_cell,11
19_57656,High_Endothelial_Venules,6
19_57657,High_Endothelial_Venules,6
19_57660,M1_macrophages,7
19_57661,Plasma_IgG,10
19_57664,T_cell,11
19_57667,M1_macrophages,7
19_57668,CAF,0
19_57670,Plasma_IgG,10
19_57675,unknown,14
19_57676,Plasma_IgG,10
19_57681,M1_macrophages,7
19_57682,unknown,14
19_57683,T_cell,11
19_57685,M1_macrophages,7
19_57686,High_Endothelial_Venules,6
19_57687,M1_macrophages,7
19_57688,Germinal_Center_Plasma_IgM_B_cell,5
19_57689,Plasma_IgG,10
19_57692,High_Endothelial_Venules,6
19_57698,unknown,14
19_57701,CAF,0
19_57702,M1_macrophages,7
19_57703,Plasma_IgG,10
19_57706,Plasma_IgG,10
19_57707,Plasma_IgG,10
19_57709,M1_macrophages,7
19_57710,unknown,14
19_57713,unknown,14
19_57714,unknown,14
19_57715,M1_macrophages,7
19_57716,unknown,14
19_57718,Plasma_IgG,10
19_57719,Plasma_IgG,10
19_57720,unknown,14
19_57721,T_cell,11
19_57722,Germinal_Center_Plasma_IgM_B_cell,5
19_57723,unknown,14
19_57724,T_cell,11
19_57725,unknown,14
19_57730,unknown,14
19_57732,M1_macrophages,7
19_57733,Germinal_Center_Plasma_IgM_B_cell,5
19_57735,unknown,14
19_57736,M1_macrophages,7
19_57737,M1_macrophages,7
19_57741,Germinal_Center_Plasma_IgM_B_cell,5
19_57742,unknown,14
19_57743,Plasma_IgG,10
19_57744,Fibroblasts,4
19_57749,Plasma_IgA,9
19_57752,Plasma_IgG,10
19_57753,Plasma_IgG,10
19_57754,Plasma_IgG,10
19_57758,Germinal_Center_Plasma_IgM_B_cell,5
19_57759,unknown,14
19_57763,Plasma_IgG,10
19_57770,Germinal_Center_Plasma_IgM_B_cell,5
19_57772,Plasma_IgA,9
19_57774,Plasma_IgG,10
19_57776,Plasma_IgG,10
19_57781,unknown,14
19_57782,unknown,14
19_57784,T_cell,11
19_57785,Plasma_IgA,9
19_57787,Plasma_IgG,10
19_57794,unknown,14
19_57795,T_cell,11
19_57796,M1_macrophages,7
19_57797,Germinal_Center_Plasma_IgM_B_cell,5
19_57798,Germinal_Center_Plasma_IgM_B_cell,5
19_57799,T_cell,11
19_57800,unknown,14
19_57801,unknown,14
19_57805,Plasma_IgG,10
19_57807,unknown,14
19_57808,unknown,14
19_57809,Germinal_Center_Plasma_IgM_B_cell,5
19_57811,unknown,14
19_57812,unknown,14
19_57813,Fibroblasts,4
19_57814,Plasma_IgG,10
19_57815,Plasma_IgG,10
19_57824,unknown,14
19_57825,M1_macrophages,7
19_57826,M1_macrophages,7
19_57827,M1_macrophages,7
19_57828,unknown,14
19_57833,unknown,14
19_57834,Plasma_IgA,9
19_57835,M1_macrophages,7
19_57836,M1_macrophages,7
19_57837,High_Endothelial_Venules,6
19_57839,T_cell,11
19_57841,Plasma_IgG,10
19_57846,unknown,14
19_57847,unknown,14
19_57848,T_cell,11
19_57849,unknown,14
19_57851,unknown,14
19_57856,Germinal_Center_Plasma_IgM_B_cell,5
19_57857,Germinal_Center_Plasma_IgM_B_cell,5
19_57858,unknown,14
19_57859,unknown,14
19_57860,unknown,14
19_57863,Plasma_IgG,10
19_57867,M1_macrophages,7
19_57868,M1_macrophages,7
19_57869,Germinal_Center_Plasma_IgM_B_cell,5
19_57870,unknown,14
19_57872,Plasma_IgG,10
19_57873,Plasma_IgA,9
19_57881,unknown,14
19_57882,Plasma_IgG,10
19_57884,Plasma_IgA,9
19_57885,M1_macrophages,7
19_57887,Germinal_Center_Plasma_IgM_B_cell,5
19_57889,M1_macrophages,7
19_57895,unknown,14
19_57896,unknown,14
19_57897,unknown,14
19_57898,M1_macrophages,7
19_57900,Plasma_IgG,10
19_57907,T_cell,11
19_57908,T_cell,11
19_57909,High_Endothelial_Venules,6
19_57910,Plasma_IgA,9
19_57912,Plasma_IgG,10
19_57913,unknown,14
19_57917,M1_macrophages,7
19_57918,unknown,14
19_57919,unknown,14
19_57927,Plasma_IgG,10
19_57928,Plasma_IgG,10
19_57933,unknown,14
19_57935,T_cell,11
19_57937,T_cell,11
19_57940,T_cell,11
19_57941,M1_macrophages,7
19_57943,Germinal_Center_Plasma_IgM_B_cell,5
19_57944,unknown,14
19_57945,unknown,14
19_57950,High_Endothelial_Venules,6
19_57951,unknown,14
19_57954,Germinal_Center_Plasma_IgM_B_cell,5
19_57955,Plasma_IgG,10
19_57960,Germinal_Center_Plasma_IgM_B_cell,5
19_57962,M1_macrophages,7
19_57963,M1_macrophages,7
19_57964,Germinal_Center_Plasma_IgM_B_cell,5
19_57968,unknown,14
19_57969,Germinal_Center_Plasma_IgM_B_cell,5
19_57970,unknown,14
19_57971,T_cell,11
19_57972,T_cell,11
19_57973,T_cell,11
19_57979,M1_macrophages,7
19_57980,Plasma_IgG,10
19_57981,Plasma_IgG,10
19_57985,unknown,14
19_57988,unknown,14
19_57989,T_cell,11
19_57990,T_cell,11
19_57991,unknown,14
19_57993,Plasma_IgA,9
19_57994,M1_macrophages,7
19_57996,Plasma_IgG,10
19_57998,Germinal_Center_Plasma_IgM_B_cell,5
19_57999,unknown,14
19_58001,unknown,14
19_58002,unknown,14
19_58004,Plasma_IgG,10
19_58005,Plasma_IgG,10
19_58006,Plasma_IgG,10
19_58008,High_Endothelial_Venules,6
19_58010,High_Endothelial_Venules,6
19_58012,unknown,14
19_58013,Germinal_Center_Plasma_IgM_B_cell,5
19_58014,M1_macrophages,7
19_58015,unknown,14
19_58018,T_cell,11
19_58020,Germinal_Center_Plasma_IgM_B_cell,5
19_58021,unknown,14
19_58023,T_cell,11
19_58025,unknown,14
19_58028,Plasma_IgG,10
19_58029,Plasma_IgG,10
19_58035,Germinal_Center_Plasma_IgM_B_cell,5
19_58036,M1_macrophages,7
19_58039,M1_macrophages,7
19_58040,unknown,14
19_58044,CAF,0
19_58047,Germinal_Center_Plasma_IgM_B_cell,5
19_58048,Germinal_Center_Plasma_IgM_B_cell,5
19_58051,M1_macrophages,7
19_58053,Plasma_IgG,10
19_58055,Plasma_IgG,10
19_58056,unknown,14
19_58057,Plasma_IgG,10
19_58058,Plasma_IgA,9
19_58059,T_cell,11
19_58060,Fibroblasts,4
19_58061,CAF,0
19_58066,Germinal_Center_Plasma_IgM_B_cell,5
19_58068,Germinal_Center_Plasma_IgM_B_cell,5
19_58069,High_Endothelial_Venules,6
19_58070,Germinal_Center_Plasma_IgM_B_cell,5
19_58072,unknown,14
19_58073,unknown,14
19_58075,CAF,0
19_58076,M1_macrophages,7
19_58077,Plasma_IgG,10
19_58079,M1_macrophages,7
19_58080,T_cell,11
19_58082,M1_macrophages,7
19_58083,unknown,14
19_58086,T_cell,11
19_58087,unknown,14
19_58089,Plasma_IgG,10
19_58090,Plasma_IgG,10
19_58091,Plasma_IgG,10
19_58097,unknown,14
19_58099,Germinal_Center_Plasma_IgM_B_cell,5
19_58100,unknown,14
19_58102,Germinal_Center_Plasma_IgM_B_cell,5
19_58103,Plasma_IgG,10
19_58104,Plasma_IgG,10
19_58109,unknown,14
19_58110,High_Endothelial_Venules,6
19_58111,unknown,14
19_58112,unknown,14
19_58116,T_cell,11
19_58118,T_cell,11
19_58119,Plasma_IgG,10
19_58120,Plasma_IgG,10
19_58121,Plasma_IgG,10
19_58125,unknown,14
19_58127,M1_macrophages,7
19_58136,High_Endothelial_Venules,6
19_58137,M1_macrophages,7
19_58143,unknown,14
19_58144,unknown,14
19_58145,unknown,14
19_58146,Plasma_IgG,10
19_58147,Plasma_IgG,10
19_58148,Plasma_IgG,10
19_58149,Plasma_IgG,10
19_58152,High_Endothelial_Venules,6
19_58154,unknown,14
19_58155,unknown,14
19_58156,T_cell,11
19_58157,unknown,14
19_58158,Plasma_IgG,10
19_58165,unknown,14
19_58166,High_Endothelial_Venules,6
19_58168,Plasma_IgG,10
19_58171,High_Endothelial_Venules,6
19_58172,T_cell,11
19_58173,Plasma_IgG,10
19_58175,T_cell,11
19_58177,Tumor,12
19_58178,Plasma_IgG,10
19_58179,Plasma_IgG,10
19_58180,Plasma_IgG,10
19_58183,M1_macrophages,7
19_58184,M1_macrophages,7
19_58186,M1_macrophages,7
19_58187,M1_macrophages,7
19_58188,Plasma_IgG,10
19_58189,Plasma_IgG,10
19_58190,M1_macrophages,7
19_58192,Germinal_Center_Plasma_IgM_B_cell,5
19_58193,Plasma_IgG,10
19_58194,Plasma_IgG,10
19_58195,Plasma_IgG,10
19_58198,T_cell,11
19_58199,Germinal_Center_Plasma_IgM_B_cell,5
19_58200,unknown,14
19_58201,unknown,14
19_58202,Plasma_IgG,10
19_58206,T_cell,11
19_58208,M1_macrophages,7
19_58209,unknown,14
19_58210,M1_macrophages,7
19_58213,unknown,14
19_58214,unknown,14
19_58215,unknown,14
19_58216,High_Endothelial_Venules,6
19_58218,Plasma_IgG,10
19_58232,unknown,14
19_58235,unknown,14
19_58236,Plasma_IgG,10
19_58239,unknown,14
19_58240,unknown,14
19_58242,Plasma_IgG,10
19_58243,Plasma_IgG,10
19_58245,M1_macrophages,7
19_58247,unknown,14
19_58248,Germinal_Center_Plasma_IgM_B_cell,5
19_58249,M1_macrophages,7
19_58250,unknown,14
19_58251,T_cell,11
19_58252,M1_macrophages,7
19_58253,unknown,14
19_58254,unknown,14
19_58255,Plasma_IgG,10
19_58259,T_cell,11
19_58262,Germinal_Center_Plasma_IgM_B_cell,5
19_58263,M1_macrophages,7
19_58264,unknown,14
19_58269,unknown,14
19_58271,Plasma_IgA,9
19_58276,T_cell,11
19_58277,M1_macrophages,7
19_58278,Germinal_Center_Plasma_IgM_B_cell,5
19_58279,M1_macrophages,7
19_58283,unknown,14
19_58285,unknown,14
19_58286,T_cell,11
19_58287,M1_macrophages,7
19_58288,Plasma_IgG,10
19_58289,Plasma_IgA,9
19_58290,T_cell,11
19_58291,T_cell,11
19_58292,M1_macrophages,7
19_58295,High_Endothelial_Venules,6
19_58296,unknown,14
19_58297,Plasma_IgG,10
19_58300,M1_macrophages,7
19_58302,M1_macrophages,7
19_58303,Plasma_IgA,9
19_58304,T_cell,11
19_58307,CAF,0
19_58311,Germinal_Center_Plasma_IgM_B_cell,5
19_58313,M1_macrophages,7
19_58314,M1_macrophages,7
19_58315,unknown,14
19_58317,M1_macrophages,7
19_58318,M1_macrophages,7
19_58320,unknown,14
19_58322,CAF,0
19_58323,Plasma_IgG,10
19_58326,T_cell,11
19_58329,M1_macrophages,7
19_58330,Plasma_IgG,10
19_58331,Plasma_IgG,10
19_58337,T_cell,11
19_58338,Tumor,12
19_58342,unknown,14
19_58344,Germinal_Center_Plasma_IgM_B_cell,5
19_58345,unknown,14
19_58346,Germinal_Center_Plasma_IgM_B_cell,5
19_58348,unknown,14
19_58351,M1_macrophages,7
19_58354,Germinal_Center_Plasma_IgM_B_cell,5
19_58356,Plasma_IgG,10
19_58360,Plasma_IgG,10
19_58361,unknown,14
19_58364,Germinal_Center_Plasma_IgM_B_cell,5
19_58365,CAF,0
19_58366,CAF,0
19_58368,M1_macrophages,7
19_58374,M1_macrophages,7
19_58376,M1_macrophages,7
19_58377,Germinal_Center_Plasma_IgM_B_cell,5
19_58378,unknown,14
19_58379,unknown,14
19_58380,M1_macrophages,7
19_58381,Plasma_IgG,10
19_58382,Plasma_IgG,10
19_58383,Plasma_IgG,10
19_58388,T_cell,11
19_58389,unknown,14
19_58390,T_cell,11
19_58392,M1_macrophages,7
19_58394,M1_macrophages,7
19_58396,M1_macrophages,7
19_58397,Plasma_IgG,10
19_58398,Plasma_IgG,10
19_58399,Plasma_IgG,10
19_58405,Germinal_Center_Plasma_IgM_B_cell,5
19_58407,Germinal_Center_Plasma_IgM_B_cell,5
19_58408,unknown,14
19_58409,Plasma_IgG,10
19_58412,unknown,14
19_58414,unknown,14
19_58419,Plasma_IgG,10
19_58422,unknown,14
19_58429,unknown,14
19_58430,T_cell,11
19_58431,Plasma_IgG,10
19_58436,M1_macrophages,7
19_58441,unknown,14
19_58442,unknown,14
19_58443,T_cell,11
19_58445,Plasma_IgG,10
19_58451,Plasma_IgG,10
19_58452,Plasma_IgA,9
19_58456,M1_macrophages,7
19_58458,CAF,0
19_58459,Plasma_IgG,10
19_58464,Germinal_Center_Plasma_IgM_B_cell,5
19_58465,unknown,14
19_58467,T_cell,11
19_58468,unknown,14
19_58470,unknown,14
19_58473,High_Endothelial_Venules,6
19_58478,unknown,14
19_58479,Germinal_Center_Plasma_IgM_B_cell,5
19_58480,Plasma_IgA,9
19_58483,Cortex_CCL21,2
19_58485,T_cell,11
19_58486,unknown,14
19_58487,M1_macrophages,7
19_58490,unknown,14
19_58492,Germinal_Center_Plasma_IgM_B_cell,5
19_58493,unknown,14
19_58494,Plasma_IgG,10
19_58497,Germinal_Center_Plasma_IgM_B_cell,5
19_58498,Plasma_IgA,9
19_58499,M1_macrophages,7
19_58500,T_cell,11
19_58501,T_cell,11
19_58503,unknown,14
19_58505,unknown,14
19_58506,Tumor,12
19_58508,Plasma_IgG,10
19_58511,M1_macrophages,7
19_58512,unknown,14
19_58514,unknown,14
19_58515,M1_macrophages,7
19_58517,unknown,14
19_58518,T_cell,11
19_58522,unknown,14
19_58523,Plasma_IgG,10
19_58524,Plasma_IgG,10
19_58532,unknown,14
19_58533,Germinal_Center_Plasma_IgM_B_cell,5
19_58535,unknown,14
19_58537,unknown,14
19_58538,Plasma_IgA,9
19_58539,M1_macrophages,7
19_58540,Germinal_Center_Plasma_IgM_B_cell,5
19_58541,Plasma_IgG,10
19_58542,Plasma_IgG,10
19_58548,unknown,14
19_58549,T_cell,11
19_58550,unknown,14
19_58551,unknown,14
19_58552,unknown,14
19_58553,Plasma_IgG,10
19_58556,Germinal_Center_Plasma_IgM_B_cell,5
19_58557,Germinal_Center_Plasma_IgM_B_cell,5
19_58558,High_Endothelial_Venules,6
19_58559,T_cell,11
19_58560,unknown,14
19_58561,M1_macrophages,7
19_58562,M1_macrophages,7
19_58570,High_Endothelial_Venules,6
19_58571,Plasma_IgA,9
19_58572,T_cell,11
19_58573,unknown,14
19_58574,Plasma_IgG,10
19_58579,Germinal_Center_Plasma_IgM_B_cell,5
19_58580,T_cell,11
19_58582,High_Endothelial_Venules,6
19_58583,unknown,14
19_58584,unknown,14
19_58586,T_cell,11
19_58587,T_cell,11
19_58588,Plasma_IgG,10
19_58590,Plasma_IgG,10
19_58593,unknown,14
19_58594,unknown,14
19_58595,Plasma_IgG,10
19_58600,unknown,14
19_58601,unknown,14
19_58603,Germinal_Center_Plasma_IgM_B_cell,5
19_58605,Germinal_Center_Plasma_IgM_B_cell,5
19_58606,High_Endothelial_Venules,6
19_58607,Plasma_IgG,10
19_58608,Plasma_IgG,10
19_58610,M1_macrophages,7
19_58612,CAF,0
19_58613,M1_macrophages,7
19_58614,Plasma_IgG,10
19_58617,T_cell,11
19_58618,unknown,14
19_58619,M1_macrophages,7
19_58620,Germinal_Center_Plasma_IgM_B_cell,5
19_58621,CAF,0
19_58622,Plasma_IgG,10
19_58623,Plasma_IgA,9
19_58630,High_Endothelial_Venules,6
19_58631,unknown,14
19_58633,Plasma_IgG,10
19_58635,M1_macrophages,7
19_58638,Plasma_IgG,10
19_58639,High_Endothelial_Venules,6
19_58641,unknown,14
19_58642,M1_macrophages,7
19_58643,M1_macrophages,7
19_58645,Tumor,12
19_58647,Plasma_IgG,10
19_58651,unknown,14
19_58652,Germinal_Center_Plasma_IgM_B_cell,5
19_58653,Germinal_Center_Plasma_IgM_B_cell,5
19_58654,M1_macrophages,7
19_58655,Plasma_IgG,10
19_58658,T_cell,11
19_58659,Plasma_IgG,10
19_58660,Plasma_IgG,10
19_58661,Plasma_IgG,10
19_58666,unknown,14
19_58667,T_cell,11
19_58668,unknown,14
19_58669,Plasma_IgG,10
19_58670,M1_macrophages,7
19_58673,T_cell,11
19_58674,M1_macrophages,7
19_58675,High_Endothelial_Venules,6
19_58677,M1_macrophages,7
19_58679,Tumor,12
19_58683,Germinal_Center_Plasma_IgM_B_cell,5
19_58684,unknown,14
19_58685,T_cell,11
19_58686,Plasma_IgA,9
19_58687,M1_macrophages,7
19_58688,T_cell,11
19_58689,High_Endothelial_Venules,6
19_58691,Plasma_IgG,10
19_58695,T_cell,11
19_58696,Plasma_IgG,10
19_58697,Plasma_IgG,10
19_58698,Plasma_IgG,10
19_58704,unknown,14
19_58705,M1_macrophages,7
19_58710,M1_macrophages,7
19_58712,unknown,14
19_58714,unknown,14
19_58716,Plasma_IgA,9
19_58717,T_cell,11
19_58719,Plasma_IgG,10
19_58720,High_Endothelial_Venules,6
19_58730,High_Endothelial_Venules,6
19_58735,unknown,14
19_58736,unknown,14
19_58738,Germinal_Center_Plasma_IgM_B_cell,5
19_58739,M1_macrophages,7
19_58742,unknown,14
19_58743,Germinal_Center_Plasma_IgM_B_cell,5
19_58744,unknown,14
19_58745,T_cell,11
19_58746,unknown,14
19_58747,M1_macrophages,7
19_58748,unknown,14
19_58749,Plasma_IgG,10
19_58750,Plasma_IgG,10
19_58755,unknown,14
19_58756,unknown,14
19_58758,unknown,14
19_58759,T_cell,11
19_58760,Germinal_Center_Plasma_IgM_B_cell,5
19_58762,unknown,14
19_58769,T_cell,11
19_58770,unknown,14
19_58771,unknown,14
19_58772,T_cell,11
19_58773,unknown,14
19_58774,Plasma_IgG,10
19_58778,Plasma_IgG,10
19_58784,Plasma_IgG,10
19_58788,unknown,14
19_58789,Plasma_IgG,10
19_58790,High_Endothelial_Venules,6
19_58792,unknown,14
19_58793,Germinal_Center_Plasma_IgM_B_cell,5
19_58796,Tumor,12
19_58797,Plasma_IgG,10
19_58803,M1_macrophages,7
19_58804,M1_macrophages,7
19_58805,Germinal_Center_Plasma_IgM_B_cell,5
19_58806,unknown,14
19_58811,T_cell,11
19_58812,High_Endothelial_Venules,6
19_58814,High_Endothelial_Venules,6
19_58816,unknown,14
19_58817,M1_macrophages,7
19_58818,M1_macrophages,7
19_58819,unknown,14
19_58820,T_cell,11
19_58821,Plasma_IgG,10
19_58825,unknown,14
19_58826,T_cell,11
19_58827,Fibroblasts,4
19_58830,Germinal_Center_Plasma_IgM_B_cell,5
19_58832,High_Endothelial_Venules,6
19_58835,M1_macrophages,7
19_58837,Plasma_IgG,10
19_58841,Plasma_IgG,10
19_58842,Plasma_IgG,10
19_58845,High_Endothelial_Venules,6
19_58846,unknown,14
19_58847,unknown,14
19_58851,High_Endothelial_Venules,6
19_58854,Plasma_IgG,10
19_58855,T_cell,11
19_58856,M1_macrophages,7
19_58858,Germinal_Center_Plasma_IgM_B_cell,5
19_58862,Germinal_Center_Plasma_IgM_B_cell,5
19_58863,M1_macrophages,7
19_58868,Plasma_IgA,9
19_58870,Fibroblasts,4
19_58874,Plasma_IgG,10
19_58875,CAF,0
19_58885,High_Endothelial_Venules,6
19_58886,Plasma_IgG,10
19_58887,M1_macrophages,7
19_58892,Plasma_IgG,10
19_58893,High_Endothelial_Venules,6
19_58903,High_Endothelial_Venules,6
19_58904,unknown,14
19_58907,M1_macrophages,7
19_58908,M1_macrophages,7
19_58909,Plasma_IgG,10
19_58910,M1_macrophages,7
19_58911,M1_macrophages,7
19_58919,unknown,14
19_58920,unknown,14
19_58922,M1_macrophages,7
19_58923,M1_macrophages,7
19_58924,M1_macrophages,7
19_58925,M1_macrophages,7
19_58926,M1_macrophages,7
19_58927,Plasma_IgG,10
19_58928,Plasma_IgG,10
19_58932,T_cell,11
19_58933,unknown,14
19_58934,Germinal_Center_Plasma_IgM_B_cell,5
19_58935,High_Endothelial_Venules,6
19_58940,M1_macrophages,7
19_58941,Germinal_Center_Plasma_IgM_B_cell,5
19_58942,Germinal_Center_Plasma_IgM_B_cell,5
19_58943,High_Endothelial_Venules,6
19_58945,M1_macrophages,7
19_58946,T_cell,11
19_58947,M1_macrophages,7
19_58948,M1_macrophages,7
19_58949,M1_macrophages,7
19_58950,Plasma_IgG,10
19_58955,unknown,14
19_58956,M1_macrophages,7
19_58958,unknown,14
19_58959,Plasma_IgG,10
19_58963,Plasma_IgG,10
19_58966,Germinal_Center_Plasma_IgM_B_cell,5
19_58967,T_cell,11
19_58968,T_cell,11
19_58969,High_Endothelial_Venules,6
19_58973,unknown,14
19_58974,High_Endothelial_Venules,6
19_58975,M1_macrophages,7
19_58976,Plasma_IgG,10
19_58977,Plasma_IgG,10
19_58982,High_Endothelial_Venules,6
19_58983,M1_macrophages,7
19_58985,T_cell,11
19_58986,unknown,14
19_58987,unknown,14
19_58988,M1_macrophages,7
19_58989,M1_macrophages,7
19_58991,M1_macrophages,7
19_58995,High_Endothelial_Venules,6
19_58996,unknown,14
19_58998,M1_macrophages,7
19_58999,unknown,14
19_59000,T_cell,11
19_59001,unknown,14
19_59002,Germinal_Center_Plasma_IgM_B_cell,5
19_59004,Plasma_IgG,10
19_59008,T_cell,11
19_59010,unknown,14
19_59015,unknown,14
19_59016,High_Endothelial_Venules,6
19_59018,Plasma_IgG,10
19_59019,Plasma_IgG,10
19_59020,Plasma_IgG,10
19_59021,unknown,14
19_59022,Plasma_IgG,10
19_59028,High_Endothelial_Venules,6
19_59029,unknown,14
19_59030,T_cell,11
19_59032,High_Endothelial_Venules,6
19_59033,Plasma_IgG,10
19_59034,Plasma_IgG,10
19_59036,Germinal_Center_Plasma_IgM_B_cell,5
19_59038,M1_macrophages,7
19_59039,M1_macrophages,7
19_59040,Plasma_IgG,10
19_59042,Plasma_IgG,10
19_59049,unknown,14
19_59050,T_cell,11
19_59051,T_cell,11
19_59052,unknown,14
19_59056,M1_macrophages,7
19_59064,High_Endothelial_Venules,6
19_59065,unknown,14
19_59066,unknown,14
19_59068,Plasma_IgG,10
19_59069,M1_macrophages,7
19_59070,Plasma_IgG,10
19_59075,T_cell,11
19_59077,unknown,14
19_59080,CAF,0
19_59083,High_Endothelial_Venules,6
19_59084,High_Endothelial_Venules,6
19_59085,High_Endothelial_Venules,6
19_59086,unknown,14
19_59087,T_cell,11
19_59090,Germinal_Center_Plasma_IgM_B_cell,5
19_59091,Plasma_IgG,10
19_59093,unknown,14
19_59094,Plasma_IgA,9
19_59095,unknown,14
19_59100,M1_macrophages,7
19_59101,Plasma_IgG,10
19_59105,M1_macrophages,7
19_59106,Plasma_IgG,10
19_59108,CAF,0
19_59109,Plasma_IgG,10
19_59110,Plasma_IgG,10
19_59111,Plasma_IgG,10
19_59114,T_cell,11
19_59115,Germinal_Center_Plasma_IgM_B_cell,5
19_59117,unknown,14
19_59120,High_Endothelial_Venules,6
19_59123,High_Endothelial_Venules,6
19_59125,Plasma_IgG,10
19_59132,unknown,14
19_59133,T_cell,11
19_59134,unknown,14
19_59136,unknown,14
19_59137,M1_macrophages,7
19_59138,M1_macrophages,7
19_59140,Plasma_IgG,10
19_59142,unknown,14
19_59143,M1_macrophages,7
19_59145,T_cell,11
19_59147,unknown,14
19_59148,M1_macrophages,7
19_59149,unknown,14
19_59152,CAF,0
19_59154,Plasma_IgG,10
19_59161,Germinal_Center_Plasma_IgM_B_cell,5
19_59162,unknown,14
19_59163,High_Endothelial_Venules,6
19_59168,Cytotoxic_IFN_signaling,3
19_59171,M1_macrophages,7
19_59172,M1_macrophages,7
19_59173,M1_macrophages,7
19_59175,Plasma_IgG,10
19_59179,M1_macrophages,7
19_59182,T_cell,11
19_59184,M1_macrophages,7
19_59186,unknown,14
19_59187,unknown,14
19_59188,unknown,14
19_59190,Plasma_IgA,9
19_59193,High_Endothelial_Venules,6
19_59194,M1_macrophages,7
19_59199,T_cell,11
19_59201,Germinal_Center_Plasma_IgM_B_cell,5
19_59203,CAF,0
19_59206,unknown,14
19_59207,Germinal_Center_Plasma_IgM_B_cell,5
19_59208,M1_macrophages,7
19_59212,Plasma_IgG,10
19_59213,Germinal_Center_Plasma_IgM_B_cell,5
19_59217,unknown,14
19_59218,High_Endothelial_Venules,6
19_59219,Germinal_Center_Plasma_IgM_B_cell,5
19_59220,Plasma_IgG,10
19_59224,Germinal_Center_Plasma_IgM_B_cell,5
19_59225,High_Endothelial_Venules,6
19_59227,High_Endothelial_Venules,6
19_59229,High_Endothelial_Venules,6
19_59234,High_Endothelial_Venules,6
19_59235,High_Endothelial_Venules,6
19_59236,unknown,14
19_59238,unknown,14
19_59240,Plasma_IgG,10
19_59244,T_cell,11
19_59245,unknown,14
19_59246,T_cell,11
19_59247,Plasma_IgG,10
19_59253,M1_macrophages,7
19_59255,M1_macrophages,7
19_59256,M1_macrophages,7
19_59257,Germinal_Center_Plasma_IgM_B_cell,5
19_59258,Plasma_IgG,10
19_59259,Plasma_IgA,9
19_59263,Plasma_IgG,10
19_59265,unknown,14
19_59266,T_cell,11
19_59267,T_cell,11
19_59270,unknown,14
19_59271,unknown,14
19_59272,Plasma_IgG,10
19_59274,Fibroblasts,4
19_59275,T_cell,11
19_59276,unknown,14
19_59277,M1_macrophages,7
19_59281,unknown,14
19_59282,unknown,14
19_59286,M1_macrophages,7
19_59287,Plasma_IgG,10
19_59288,Plasma_IgG,10
19_59289,Plasma_IgG,10
19_59291,Plasma_IgG,10
19_59292,Plasma_IgA,9
19_59300,T_cell,11
19_59301,unknown,14
19_59302,unknown,14
19_59303,M1_macrophages,7
19_59304,High_Endothelial_Venules,6
19_59307,Plasma_IgG,10
19_59308,Plasma_IgG,10
19_59309,Plasma_IgG,10
19_59314,unknown,14
19_59315,unknown,14
19_59316,High_Endothelial_Venules,6
19_59317,T_cell,11
19_59319,T_cell,11
19_59322,Plasma_IgG,10
19_59328,T_cell,11
19_59335,unknown,14
19_59338,Germinal_Center_Plasma_IgM_B_cell,5
19_59339,Germinal_Center_Plasma_IgM_B_cell,5
19_59341,Germinal_Center_Plasma_IgM_B_cell,5
19_59343,unknown,14
19_59344,unknown,14
19_59345,T_cell,11
19_59346,Plasma_IgG,10
19_59347,CAF,0
19_59353,T_cell,11
19_59358,unknown,14
19_59359,T_cell,11
19_59362,unknown,14
19_59364,unknown,14
19_59365,M1_macrophages,7
19_59366,M1_macrophages,7
19_59367,Plasma_IgG,10
19_59371,Germinal_Center_Plasma_IgM_B_cell,5
19_59372,unknown,14
19_59373,T_cell,11
19_59374,M1_macrophages,7
19_59379,M1_macrophages,7
19_59380,unknown,14
19_59381,unknown,14
19_59383,Plasma_IgG,10
19_59391,unknown,14
19_59392,High_Endothelial_Venules,6
19_59393,unknown,14
19_59394,unknown,14
19_59396,Plasma_IgG,10
19_59401,unknown,14
19_59402,T_cell,11
19_59404,unknown,14
19_59406,Plasma_IgG,10
19_59407,unknown,14
19_59409,Germinal_Center_Plasma_IgM_B_cell,5
19_59410,T_cell,11
19_59411,T_cell,11
19_59414,unknown,14
19_59417,M1_macrophages,7
19_59419,T_cell,11
19_59421,CAF,0
19_59422,Plasma_IgG,10
19_59431,M1_macrophages,7
19_59432,unknown,14
19_59434,CAF,0
19_59435,Plasma_IgG,10
19_59436,T_cell,11
19_59438,M1_macrophages,7
19_59441,CAF,0
19_59442,CAF,0
19_59443,Plasma_IgG,10
19_59449,Plasma_IgG,10
19_59450,High_Endothelial_Venules,6
19_59454,T_cell,11
19_59456,Plasma_IgG,10
19_59458,unknown,14
19_59460,unknown,14
19_59461,Plasma_IgG,10
19_59463,M1_macrophages,7
19_59465,M1_macrophages,7
19_59470,unknown,14
19_59471,unknown,14
19_59473,Germinal_Center_Plasma_IgM_B_cell,5
19_59479,unknown,14
19_59481,unknown,14
19_59482,M1_macrophages,7
19_59485,M1_macrophages,7
19_59490,T_cell,11
19_59492,unknown,14
19_59493,M1_macrophages,7
19_59494,M1_macrophages,7
19_59496,Germinal_Center_Plasma_IgM_B_cell,5
19_59497,unknown,14
19_59498,Plasma_IgG,10
19_59499,T_cell,11
19_59500,Germinal_Center_Plasma_IgM_B_cell,5
19_59501,Fibroblasts,4
19_59505,T_cell,11
19_59506,unknown,14
19_59508,High_Endothelial_Venules,6
19_59509,T_cell,11
19_59511,Plasma_IgG,10
19_59512,Plasma_IgG,10
19_59516,unknown,14
19_59517,T_cell,11
19_59519,unknown,14
19_59521,unknown,14
19_59524,unknown,14
19_59525,Germinal_Center_Plasma_IgM_B_cell,5
19_59527,Plasma_IgG,10
19_59528,Plasma_IgG,10
19_59533,M1_macrophages,7
19_59534,M1_macrophages,7
19_59536,T_cell,11
19_59543,High_Endothelial_Venules,6
19_59544,unknown,14
19_59545,Germinal_Center_Plasma_IgM_B_cell,5
19_59546,High_Endothelial_Venules,6
19_59547,T_cell,11
19_59548,unknown,14
19_59549,M1_macrophages,7
19_59553,Plasma_IgG,10
19_59555,High_Endothelial_Venules,6
19_59556,T_cell,11
19_59558,T_cell,11
19_59560,unknown,14
19_59561,T_cell,11
19_59563,Germinal_Center_Plasma_IgM_B_cell,5
19_59564,M1_macrophages,7
19_59565,M1_macrophages,7
19_59572,Germinal_Center_Plasma_IgM_B_cell,5
19_59573,Plasma_IgG,10
19_59575,Plasma_IgG,10
19_59581,M1_macrophages,7
19_59582,Plasma_IgG,10
19_59583,T_cell,11
19_59584,T_cell,11
19_59585,unknown,14
19_59586,M1_macrophages,7
19_59592,unknown,14
19_59594,T_cell,11
19_59596,M1_macrophages,7
19_59600,M1_macrophages,7
19_59602,M1_macrophages,7
19_59603,M1_macrophages,7
19_59604,T_cell,11
19_59605,Plasma_IgG,10
19_59606,Plasma_IgA,9
19_59613,M1_macrophages,7
19_59614,T_cell,11
19_59616,unknown,14
19_59617,unknown,14
19_59619,unknown,14
19_59631,High_Endothelial_Venules,6
19_59634,Plasma_IgG,10
19_59640,unknown,14
19_59641,unknown,14
19_59642,unknown,14
19_59644,M1_macrophages,7
19_59645,T_cell,11
19_59647,unknown,14
19_59648,High_Endothelial_Venules,6
19_59650,M1_macrophages,7
19_59651,Plasma_IgG,10
19_59652,High_Endothelial_Venules,6
19_59655,T_cell,11
19_59656,unknown,14
19_59658,Germinal_Center_Plasma_IgM_B_cell,5
19_59661,Germinal_Center_Plasma_IgM_B_cell,5
19_59662,High_Endothelial_Venules,6
19_59663,Germinal_Center_Plasma_IgM_B_cell,5
19_59664,T_cell,11
19_59665,Plasma_IgG,10
19_59666,M1_macrophages,7
19_59671,M1_macrophages,7
19_59672,Germinal_Center_Plasma_IgM_B_cell,5
19_59674,unknown,14
19_59675,High_Endothelial_Venules,6
19_59677,unknown,14
19_59683,T_cell,11
19_59685,unknown,14
19_59689,CAF,0
19_59690,CAF,0
19_59691,Plasma_IgG,10
19_59694,unknown,14
19_59695,Germinal_Center_Plasma_IgM_B_cell,5
19_59696,Germinal_Center_Plasma_IgM_B_cell,5
19_59699,High_Endothelial_Venules,6
19_59700,M1_macrophages,7
19_59702,M1_macrophages,7
19_59704,unknown,14
19_59705,Plasma_IgA,9
19_59706,M1_macrophages,7
19_59707,Plasma_IgG,10
19_59710,M1_macrophages,7
19_59712,M1_macrophages,7
19_59713,M1_macrophages,7
19_59714,Germinal_Center_Plasma_IgM_B_cell,5
19_59715,M1_macrophages,7
19_59716,M1_macrophages,7
19_59721,unknown,14
19_59722,M1_macrophages,7
19_59727,Germinal_Center_Plasma_IgM_B_cell,5
19_59728,CAF,0
19_59729,Plasma_IgG,10
19_59734,T_cell,11
19_59735,Plasma_IgG,10
19_59739,Germinal_Center_Plasma_IgM_B_cell,5
19_59743,Plasma_IgG,10
19_59744,unknown,14
19_59745,Germinal_Center_Plasma_IgM_B_cell,5
19_59746,M1_macrophages,7
19_59748,unknown,14
19_59750,Plasma_IgG,10
19_59751,Plasma_IgG,10
19_59753,Germinal_Center_Plasma_IgM_B_cell,5
19_59754,T_cell,11
19_59756,unknown,14
19_59757,Plasma_IgG,10
19_59758,Plasma_IgG,10
19_59759,High_Endothelial_Venules,6
19_59761,Germinal_Center_Plasma_IgM_B_cell,5
19_59762,Plasma_IgG,10
19_59765,unknown,14
19_59772,M1_macrophages,7
19_59773,Germinal_Center_Plasma_IgM_B_cell,5
19_59775,High_Endothelial_Venules,6
19_59781,unknown,14
19_59782,T_cell,11
19_59788,CAF,0
19_59789,CAF,0
19_59790,M1_macrophages,7
19_59791,M1_macrophages,7
19_59793,Plasma_IgG,10
19_59794,High_Endothelial_Venules,6
19_59798,unknown,14
19_59801,Germinal_Center_Plasma_IgM_B_cell,5
19_59802,M1_macrophages,7
19_59804,Plasma_IgG,10
19_59811,M1_macrophages,7
19_59814,Plasma_IgG,10
19_59820,T_cell,11
19_59821,Germinal_Center_Plasma_IgM_B_cell,5
19_59823,M1_macrophages,7
19_59824,M1_macrophages,7
19_59825,CAF,0
19_59826,M1_macrophages,7
19_59833,High_Endothelial_Venules,6
19_59835,High_Endothelial_Venules,6
19_59836,unknown,14
19_59839,T_cell,11
19_59843,Germinal_Center_Plasma_IgM_B_cell,5
19_59844,Plasma_IgA,9
19_59848,unknown,14
19_59849,T_cell,11
19_59850,Germinal_Center_Plasma_IgM_B_cell,5
19_59854,unknown,14
19_59859,Plasma_IgG,10
19_59861,M1_macrophages,7
19_59862,M1_macrophages,7
19_59863,T_cell,11
19_59864,Plasma_IgA,9
19_59867,unknown,14
19_59868,unknown,14
19_59869,Germinal_Center_Plasma_IgM_B_cell,5
19_59870,M1_macrophages,7
19_59871,T_cell,11
19_59872,unknown,14
19_59875,M1_macrophages,7
19_59876,M1_macrophages,7
19_59882,T_cell,11
19_59887,Germinal_Center_Plasma_IgM_B_cell,5
19_59891,T_cell,11
19_59892,M1_macrophages,7
19_59895,unknown,14
19_59897,Plasma_IgG,10
19_59898,Plasma_IgG,10
19_59905,CAF,0
19_59906,Plasma_IgG,10
19_59907,Plasma_IgG,10
19_59911,unknown,14
19_59912,unknown,14
19_59914,Germinal_Center_Plasma_IgM_B_cell,5
19_59915,Germinal_Center_Plasma_IgM_B_cell,5
19_59916,CAF,0
19_59917,CAF,0
19_59921,unknown,14
19_59923,T_cell,11
19_59925,unknown,14
19_59927,Plasma_IgG,10
19_59930,M1_macrophages,7
19_59934,unknown,14
19_59938,Plasma_IgG,10
19_59944,Cortex_CCL21,2
19_59946,T_cell,11
19_59947,unknown,14
19_59949,Germinal_Center_Plasma_IgM_B_cell,5
19_59952,Plasma_IgG,10
19_59953,High_Endothelial_Venules,6
19_59958,T_cell,11
19_59963,T_cell,11
19_59966,Germinal_Center_Plasma_IgM_B_cell,5
19_59967,Germinal_Center_Plasma_IgM_B_cell,5
19_59968,unknown,14
19_59969,Plasma_IgG,10
19_59970,Plasma_IgG,10
19_59973,unknown,14
19_59974,Germinal_Center_Plasma_IgM_B_cell,5
19_59975,unknown,14
19_59976,Germinal_Center_Plasma_IgM_B_cell,5
19_59977,CAF,0
19_59982,T_cell,11
19_59984,T_cell,11
19_59991,unknown,14
19_59993,M1_macrophages,7
19_59994,Plasma_IgG,10
19_60000,unknown,14
19_60002,M1_macrophages,7
19_60004,unknown,14
19_60005,unknown,14
19_60006,unknown,14
19_60007,M1_macrophages,7
19_60012,Plasma_IgG,10
19_60013,unknown,14
19_60014,M1_macrophages,7
19_60017,unknown,14
19_60018,M1_macrophages,7
19_60020,High_Endothelial_Venules,6
19_60022,CAF,0
19_60023,T_cell,11
19_60026,Germinal_Center_Plasma_IgM_B_cell,5
19_60027,Germinal_Center_Plasma_IgM_B_cell,5
19_60028,T_cell,11
19_60031,M1_macrophages,7
19_60036,T_cell,11
19_60037,Germinal_Center_Plasma_IgM_B_cell,5
19_60039,unknown,14
19_60040,T_cell,11
19_60041,M1_macrophages,7
19_60042,CAF,0
19_60043,Plasma_IgG,10
19_60044,Plasma_IgG,10
19_60045,Plasma_IgG,10
19_60047,M1_macrophages,7
19_60048,unknown,14
19_60049,unknown,14
19_60051,unknown,14
19_60057,T_cell,11
19_60058,unknown,14
19_60059,unknown,14
19_60060,Fibroblasts,4
19_60061,Plasma_IgG,10
19_60065,Plasma_IgA,9
19_60066,Germinal_Center_Plasma_IgM_B_cell,5
19_60069,M1_macrophages,7
19_60070,M1_macrophages,7
19_60083,Germinal_Center_Plasma_IgM_B_cell,5
19_60087,Germinal_Center_Plasma_IgM_B_cell,5
19_60088,unknown,14
19_60101,Plasma_IgG,10
19_60106,Germinal_Center_Plasma_IgM_B_cell,5
19_60108,T_cell,11
19_60109,T_cell,11
19_60110,unknown,14
19_60111,unknown,14
19_60112,unknown,14
19_60115,Plasma_IgG,10
19_60118,Germinal_Center_Plasma_IgM_B_cell,5
19_60119,unknown,14
19_60120,M1_macrophages,7
19_60124,Germinal_Center_Plasma_IgM_B_cell,5
19_60125,unknown,14
19_60126,Germinal_Center_Plasma_IgM_B_cell,5
19_60127,M1_macrophages,7
19_60134,Plasma_IgG,10
19_60135,Plasma_IgG,10
19_60138,Germinal_Center_Plasma_IgM_B_cell,5
19_60139,Germinal_Center_Plasma_IgM_B_cell,5
19_60142,Germinal_Center_Plasma_IgM_B_cell,5
19_60143,unknown,14
19_60145,Plasma_IgG,10
19_60155,unknown,14
19_60156,unknown,14
19_60157,Tumor,12
19_60159,unknown,14
19_60160,Germinal_Center_Plasma_IgM_B_cell,5
19_60161,unknown,14
19_60164,Plasma_IgG,10
19_60169,unknown,14
19_60170,unknown,14
19_60171,T_cell,11
19_60172,T_cell,11
19_60173,M1_macrophages,7
19_60174,unknown,14
19_60176,unknown,14
19_60183,Germinal_Center_Plasma_IgM_B_cell,5
19_60184,High_Endothelial_Venules,6
19_60186,T_cell,11
19_60188,Germinal_Center_Plasma_IgM_B_cell,5
19_60189,M1_macrophages,7
19_60190,Plasma_IgG,10
19_60192,unknown,14
19_60193,M1_macrophages,7
19_60194,unknown,14
19_60195,unknown,14
19_60196,unknown,14
19_60197,High_Endothelial_Venules,6
19_60198,M1_macrophages,7
19_60200,unknown,14
19_60201,T_cell,11
19_60202,T_cell,11
19_60204,Plasma_IgG,10
19_60208,T_cell,11
19_60209,T_cell,11
19_60210,Germinal_Center_Plasma_IgM_B_cell,5
19_60211,M1_macrophages,7
19_60212,T_cell,11
19_60217,T_cell,11
19_60218,Germinal_Center_Plasma_IgM_B_cell,5
19_60221,High_Endothelial_Venules,6
19_60222,Plasma_IgG,10
19_60231,High_Endothelial_Venules,6
19_60233,unknown,14
19_60235,unknown,14
19_60239,Plasma_IgG,10
19_60240,Plasma_IgA,9
19_60241,Plasma_IgG,10
19_60243,unknown,14
19_60245,Germinal_Center_Plasma_IgM_B_cell,5
19_60246,Fibroblasts,4
19_60247,Plasma_IgG,10
19_60248,Plasma_IgG,10
19_60252,M1_macrophages,7
19_60253,Plasma_IgG,10
19_60255,Plasma_IgG,10
19_60259,T_cell,11
19_60260,unknown,14
19_60261,unknown,14
19_60262,M1_macrophages,7
19_60263,Plasma_IgG,10
19_60264,Plasma_IgA,9
19_60269,unknown,14
19_60270,unknown,14
19_60272,unknown,14
19_60273,Germinal_Center_Plasma_IgM_B_cell,5
19_60277,T_cell,11
19_60279,unknown,14
19_60280,T_cell,11
19_60281,T_cell,11
19_60282,unknown,14
19_60283,unknown,14
19_60284,CAF,0
19_60290,unknown,14
19_60291,T_cell,11
19_60295,T_cell,11
19_60297,unknown,14
19_60298,M1_macrophages,7
19_60299,High_Endothelial_Venules,6
19_60313,unknown,14
19_60315,M1_macrophages,7
19_60316,Germinal_Center_Plasma_IgM_B_cell,5
19_60317,unknown,14
19_60319,Plasma_IgG,10
19_60327,M1_macrophages,7
19_60330,High_Endothelial_Venules,6
19_60334,T_cell,11
19_60335,M1_macrophages,7
19_60336,CAF,0
19_60345,unknown,14
19_60347,High_Endothelial_Venules,6
19_60348,Germinal_Center_Plasma_IgM_B_cell,5
19_60350,T_cell,11
19_60351,T_cell,11
19_60352,unknown,14
19_60353,CAF,0
19_60356,CAF,0
19_60358,Plasma_IgG,10
19_60359,Plasma_IgG,10
19_60360,Plasma_IgG,10
19_60366,unknown,14
19_60367,Germinal_Center_Plasma_IgM_B_cell,5
19_60368,unknown,14
19_60369,M1_macrophages,7
19_60372,unknown,14
19_60373,CAF,0
19_60375,CAF,0
19_60378,unknown,14
19_60380,Germinal_Center_Plasma_IgM_B_cell,5
19_60381,unknown,14
19_60382,unknown,14
19_60383,Plasma_IgG,10
19_60387,T_cell,11
19_60392,Plasma_IgG,10
19_60398,T_cell,11
19_60399,T_cell,11
19_60401,T_cell,11
19_60402,High_Endothelial_Venules,6
19_60406,Plasma_IgG,10
19_60407,M1_macrophages,7
19_60414,unknown,14
19_60415,unknown,14
19_60418,Germinal_Center_Plasma_IgM_B_cell,5
19_60419,Germinal_Center_Plasma_IgM_B_cell,5
19_60420,M1_macrophages,7
19_60421,CAF,0
19_60422,Plasma_IgG,10
19_60426,unknown,14
19_60427,T_cell,11
19_60428,Germinal_Center_Plasma_IgM_B_cell,5
19_60430,M1_macrophages,7
19_60431,unknown,14
19_60432,Germinal_Center_Plasma_IgM_B_cell,5
19_60433,M1_macrophages,7
19_60437,T_cell,11
19_60440,unknown,14
19_60441,M1_macrophages,7
19_60449,CAF,0
19_60450,Plasma_IgG,10
19_60454,unknown,14
19_60455,unknown,14
19_60456,unknown,14
19_60460,Plasma_IgG,10
19_60461,M1_macrophages,7
19_60463,unknown,14
19_60464,T_cell,11
19_60465,unknown,14
19_60466,Germinal_Center_Plasma_IgM_B_cell,5
19_60467,Plasma_IgA,9
19_60474,M1_macrophages,7
19_60475,Germinal_Center_Plasma_IgM_B_cell,5
19_60478,unknown,14
19_60479,CAF,0
19_60480,Plasma_IgG,10
19_60485,High_Endothelial_Venules,6
19_60487,unknown,14
19_60491,unknown,14
19_60492,Germinal_Center_Plasma_IgM_B_cell,5
19_60496,High_Endothelial_Venules,6
19_60498,unknown,14
19_60500,CAF,0
19_60501,M1_macrophages,7
19_60502,Plasma_IgG,10
19_60503,Plasma_IgG,10
19_60508,unknown,14
19_60510,High_Endothelial_Venules,6
19_60511,unknown,14
19_60512,unknown,14
19_60514,unknown,14
19_60515,unknown,14
19_60516,Plasma_IgG,10
19_60525,T_cell,11
19_60526,CAF,0
19_60527,Plasma_IgG,10
19_60530,M1_macrophages,7
19_60532,M1_macrophages,7
19_60533,unknown,14
19_60534,unknown,14
19_60535,unknown,14
19_60536,M1_macrophages,7
19_60537,Plasma_IgG,10
19_60538,Plasma_IgG,10
19_60540,Plasma_IgA,9
19_60542,High_Endothelial_Venules,6
19_60543,T_cell,11
19_60544,Germinal_Center_Plasma_IgM_B_cell,5
19_60545,unknown,14
19_60547,T_cell,11
19_60551,unknown,14
19_60552,Germinal_Center_Plasma_IgM_B_cell,5
19_60555,unknown,14
19_60559,M1_macrophages,7
19_60560,Plasma_IgA,9
19_60568,T_cell,11
19_60569,Germinal_Center_Plasma_IgM_B_cell,5
19_60570,unknown,14
19_60571,M1_macrophages,7
19_60572,CAF,0
19_60573,M1_macrophages,7
19_60574,Plasma_IgG,10
19_60576,T_cell,11
19_60577,Germinal_Center_Plasma_IgM_B_cell,5
19_60579,unknown,14
19_60580,Germinal_Center_Plasma_IgM_B_cell,5
19_60582,Fibroblasts,4
19_60586,M1_macrophages,7
19_60588,High_Endothelial_Venules,6
19_60592,Germinal_Center_Plasma_IgM_B_cell,5
19_60594,Plasma_IgG,10
19_60595,Plasma_IgG,10
19_60600,unknown,14
19_60604,M1_macrophages,7
19_60607,M1_macrophages,7
19_60608,unknown,14
19_60609,unknown,14
19_60611,T_cell,11
19_60612,High_Endothelial_Venules,6
19_60619,Plasma_IgG,10
19_60620,unknown,14
19_60621,Plasma_IgG,10
19_60622,High_Endothelial_Venules,6
19_60623,Plasma_IgG,10
19_60625,T_cell,11
19_60626,Plasma_IgA,9
19_60627,unknown,14
19_60629,M1_macrophages,7
19_60630,Plasma_IgG,10
19_60633,T_cell,11
19_60634,unknown,14
19_60635,Germinal_Center_Plasma_IgM_B_cell,5
19_60636,M1_macrophages,7
19_60638,High_Endothelial_Venules,6
19_60645,M1_macrophages,7
19_60646,T_cell,11
19_60647,unknown,14
19_60649,Germinal_Center_Plasma_IgM_B_cell,5
19_60652,unknown,14
19_60663,Germinal_Center_Plasma_IgM_B_cell,5
19_60664,High_Endothelial_Venules,6
19_60667,unknown,14
19_60669,T_cell,11
19_60672,T_cell,11
19_60674,T_cell,11
19_60679,T_cell,11
19_60681,unknown,14
19_60682,M1_macrophages,7
19_60687,M1_macrophages,7
19_60688,T_cell,11
19_60690,M1_macrophages,7
19_60699,unknown,14
19_60700,Germinal_Center_Plasma_IgM_B_cell,5
19_60702,unknown,14
19_60703,unknown,14
19_60704,Plasma_IgG,10
19_60710,High_Endothelial_Venules,6
19_60712,Plasma_IgA,9
19_60719,High_Endothelial_Venules,6
19_60721,Plasma_IgG,10
19_60722,Plasma_IgG,10
19_60727,unknown,14
19_60728,Germinal_Center_Plasma_IgM_B_cell,5
19_60732,unknown,14
19_60733,unknown,14
19_60736,unknown,14
19_60738,M1_macrophages,7
19_60739,Plasma_IgG,10
19_60740,Plasma_IgG,10
19_60742,M1_macrophages,7
19_60744,Germinal_Center_Plasma_IgM_B_cell,5
19_60748,unknown,14
19_60762,High_Endothelial_Venules,6
19_60763,unknown,14
19_60764,Germinal_Center_Plasma_IgM_B_cell,5
19_60765,Germinal_Center_Plasma_IgM_B_cell,5
19_60766,unknown,14
19_60767,T_cell,11
19_60768,CAF,0
19_60769,unknown,14
19_60770,M1_macrophages,7
19_60771,M1_macrophages,7
19_60774,T_cell,11
19_60776,M1_macrophages,7
19_60777,M1_macrophages,7
19_60780,Germinal_Center_Plasma_IgM_B_cell,5
19_60783,unknown,14
19_60784,unknown,14
19_60786,M1_macrophages,7
19_60789,Plasma_IgA,9
19_60791,unknown,14
19_60792,M1_macrophages,7
19_60794,M1_macrophages,7
19_60795,T_cell,11
19_60797,Germinal_Center_Plasma_IgM_B_cell,5
19_60798,unknown,14
19_60800,M1_macrophages,7
19_60801,Germinal_Center_Plasma_IgM_B_cell,5
19_60802,T_cell,11
19_60809,Germinal_Center_Plasma_IgM_B_cell,5
19_60810,T_cell,11
19_60811,M1_macrophages,7
19_60812,Germinal_Center_Plasma_IgM_B_cell,5
19_60813,Germinal_Center_Plasma_IgM_B_cell,5
19_60814,High_Endothelial_Venules,6
19_60815,Plasma_IgG,10
19_60816,Plasma_IgG,10
19_60823,High_Endothelial_Venules,6
19_60824,T_cell,11
19_60825,Germinal_Center_Plasma_IgM_B_cell,5
19_60827,T_cell,11
19_60828,CAF,0
19_60830,unknown,14
19_60831,M1_macrophages,7
19_60832,Germinal_Center_Plasma_IgM_B_cell,5
19_60840,Germinal_Center_Plasma_IgM_B_cell,5
19_60841,M1_macrophages,7
19_60850,High_Endothelial_Venules,6
19_60851,Germinal_Center_Plasma_IgM_B_cell,5
19_60856,unknown,14
19_60857,Germinal_Center_Plasma_IgM_B_cell,5
19_60858,CAF,0
19_60860,M1_macrophages,7
19_60867,unknown,14
19_60868,M1_macrophages,7
19_60869,Germinal_Center_Plasma_IgM_B_cell,5
19_60870,Plasma_IgG,10
19_60871,unknown,14
19_60872,Germinal_Center_Plasma_IgM_B_cell,5
19_60874,unknown,14
19_60875,M1_macrophages,7
19_60881,Germinal_Center_Plasma_IgM_B_cell,5
19_60882,unknown,14
19_60883,M1_macrophages,7
19_60884,Plasma_IgG,10
19_60885,M1_macrophages,7
19_60889,M1_macrophages,7
19_60890,Germinal_Center_Plasma_IgM_B_cell,5
19_60898,High_Endothelial_Venules,6
19_60899,Germinal_Center_Plasma_IgM_B_cell,5
19_60900,High_Endothelial_Venules,6
19_60901,M1_macrophages,7
19_60911,unknown,14
19_60912,M1_macrophages,7
19_60913,Plasma_IgG,10
19_60914,High_Endothelial_Venules,6
19_60919,Plasma_IgG,10
19_60920,Plasma_IgG,10
19_60921,T_cell,11
19_60925,T_cell,11
19_60926,T_cell,11
19_60927,M1_macrophages,7
19_60928,Plasma_IgG,10
19_60929,Plasma_IgG,10
19_60937,unknown,14
19_60938,T_cell,11
19_60940,Plasma_IgG,10
19_60944,unknown,14
19_60945,Germinal_Center_Plasma_IgM_B_cell,5
19_60948,Plasma_IgG,10
19_60955,Germinal_Center_Plasma_IgM_B_cell,5
19_60956,M1_macrophages,7
19_60957,T_cell,11
19_60959,unknown,14
19_60962,Plasma_IgG,10
19_60969,unknown,14
19_60970,unknown,14
19_60971,unknown,14
19_60973,Plasma_IgG,10
19_60974,High_Endothelial_Venules,6
19_60976,Plasma_IgG,10
19_60984,unknown,14
19_60990,High_Endothelial_Venules,6
19_60992,Germinal_Center_Plasma_IgM_B_cell,5
19_60993,M1_macrophages,7
19_60995,Plasma_IgG,10
19_61001,Germinal_Center_Plasma_IgM_B_cell,5
19_61004,Cytotoxic_IFN_signaling,3
19_61005,Germinal_Center_Plasma_IgM_B_cell,5
19_61006,Germinal_Center_Plasma_IgM_B_cell,5
19_61007,Plasma_IgG,10
19_61008,Plasma_IgG,10
19_61012,T_cell,11
19_61015,T_cell,11
19_61016,High_Endothelial_Venules,6
19_61017,M1_macrophages,7
19_61019,T_cell,11
19_61033,T_cell,11
19_61034,unknown,14
19_61035,unknown,14
19_61036,Plasma_IgA,9
19_61037,M1_macrophages,7
19_61041,unknown,14
19_61042,T_cell,11
19_61043,unknown,14
19_61044,T_cell,11
19_61045,unknown,14
19_61047,M1_macrophages,7
19_61051,T_cell,11
19_61053,T_cell,11
19_61056,CAF,0
19_61059,T_cell,11
19_61060,T_cell,11
19_61062,T_cell,11
19_61063,High_Endothelial_Venules,6
19_61065,High_Endothelial_Venules,6
19_61066,M1_macrophages,7
19_61074,Plasma_IgA,9
19_61075,T_cell,11
19_61076,unknown,14
19_61077,Germinal_Center_Plasma_IgM_B_cell,5
19_61078,Germinal_Center_Plasma_IgM_B_cell,5
19_61079,M1_macrophages,7
19_61086,T_cell,11
19_61087,M1_macrophages,7
19_61092,unknown,14
19_61095,High_Endothelial_Venules,6
19_61097,T_cell,11
19_61098,unknown,14
19_61099,M1_macrophages,7
19_61100,M1_macrophages,7
19_61104,High_Endothelial_Venules,6
19_61105,T_cell,11
19_61107,unknown,14
19_61109,unknown,14
19_61110,Plasma_IgG,10
19_61114,unknown,14
19_61115,unknown,14
19_61118,High_Endothelial_Venules,6
19_61121,unknown,14
19_61122,High_Endothelial_Venules,6
19_61125,High_Endothelial_Venules,6
19_61126,Germinal_Center_Plasma_IgM_B_cell,5
19_61127,M1_macrophages,7
19_61129,M1_macrophages,7
19_61134,Germinal_Center_Plasma_IgM_B_cell,5
19_61135,unknown,14
19_61138,unknown,14
19_61140,unknown,14
19_61141,Plasma_IgG,10
19_61145,unknown,14
19_61147,M1_macrophages,7
19_61148,M1_macrophages,7
19_61153,T_cell,11
19_61154,Germinal_Center_Plasma_IgM_B_cell,5
19_61157,T_cell,11
19_61159,M1_macrophages,7
19_61161,Plasma_IgG,10
19_61165,T_cell,11
19_61166,unknown,14
19_61174,M1_macrophages,7
19_61175,M1_macrophages,7
19_61176,T_cell,11
19_61181,unknown,14
19_61182,M1_macrophages,7
19_61184,T_cell,11
19_61186,M1_macrophages,7
19_61187,M1_macrophages,7
19_61188,Tumor_Keratin_Pearl,13
19_61190,Plasma_IgG,10
19_61194,T_cell,11
19_61195,unknown,14
19_61198,M1_macrophages,7
19_61200,M1_macrophages,7
19_61203,unknown,14
19_61205,M1_macrophages,7
19_61206,M1_macrophages,7
19_61215,unknown,14
19_61216,unknown,14
19_61218,CAF,0
19_61219,Plasma_IgG,10
19_61220,Plasma_IgG,10
19_61221,Plasma_IgG,10
19_61222,Plasma_IgG,10
19_61223,High_Endothelial_Venules,6
19_61229,T_cell,11
19_61230,Germinal_Center_Plasma_IgM_B_cell,5
19_61237,M1_macrophages,7
19_61238,High_Endothelial_Venules,6
19_61239,Germinal_Center_Plasma_IgM_B_cell,5
19_61240,Germinal_Center_Plasma_IgM_B_cell,5
19_61250,M1_macrophages,7
19_61254,unknown,14
19_61255,Plasma_IgG,10
19_61256,Plasma_IgG,10
19_61258,M1_macrophages,7
19_61259,unknown,14
19_61260,Plasma_IgA,9
19_61261,Germinal_Center_Plasma_IgM_B_cell,5
19_61262,unknown,14
19_61263,Germinal_Center_Plasma_IgM_B_cell,5
19_61264,unknown,14
19_61266,unknown,14
19_61274,M1_macrophages,7
19_61276,M1_macrophages,7
19_61277,High_Endothelial_Venules,6
19_61278,Germinal_Center_Plasma_IgM_B_cell,5
19_61279,unknown,14
19_61283,M1_macrophages,7
19_61285,unknown,14
19_61287,M1_macrophages,7
19_61291,Germinal_Center_Plasma_IgM_B_cell,5
19_61295,Plasma_IgG,10
19_61296,Plasma_IgG,10
19_61297,T_cell,11
19_61306,Plasma_IgG,10
19_61307,unknown,14
19_61308,unknown,14
19_61313,M1_macrophages,7
19_61315,unknown,14
19_61316,unknown,14
19_61317,Germinal_Center_Plasma_IgM_B_cell,5
19_61318,Tumor,12
19_61327,Germinal_Center_Plasma_IgM_B_cell,5
19_61328,Germinal_Center_Plasma_IgM_B_cell,5
19_61331,T_cell,11
19_61334,unknown,14
19_61341,T_cell,11
19_61342,Germinal_Center_Plasma_IgM_B_cell,5
19_61346,unknown,14
19_61347,unknown,14
19_61351,Germinal_Center_Plasma_IgM_B_cell,5
19_61357,CAF,0
19_61362,M1_macrophages,7
19_61363,unknown,14
19_61365,High_Endothelial_Venules,6
19_61366,Plasma_IgG,10
19_61367,M1_macrophages,7
19_61371,T_cell,11
19_61375,High_Endothelial_Venules,6
19_61378,High_Endothelial_Venules,6
19_61381,unknown,14
19_61383,unknown,14
19_61384,Fibroblasts,4
19_61388,M1_macrophages,7
19_61390,T_cell,11
19_61398,Plasma_IgG,10
19_61399,M1_macrophages,7
19_61411,Germinal_Center_Plasma_IgM_B_cell,5
19_61415,High_Endothelial_Venules,6
19_61417,T_cell,11
19_61419,M1_macrophages,7
19_61420,Germinal_Center_Plasma_IgM_B_cell,5
19_61425,M1_macrophages,7
19_61426,unknown,14
19_61427,T_cell,11
19_61428,Germinal_Center_Plasma_IgM_B_cell,5
19_61433,unknown,14
19_61442,M1_macrophages,7
19_61445,M1_macrophages,7
19_61454,T_cell,11
19_61458,Plasma_IgG,10
19_61464,M1_macrophages,7
19_61466,Plasma_IgG,10
19_61467,Plasma_IgA,9
19_61472,T_cell,11
19_61473,unknown,14
19_61474,unknown,14
19_61475,unknown,14
19_61476,T_cell,11
19_61477,M1_macrophages,7
19_61479,CAF,0
19_61480,M1_macrophages,7
19_61486,M1_macrophages,7
19_61487,T_cell,11
19_61492,unknown,14
19_61493,unknown,14
19_61494,T_cell,11
19_61495,unknown,14
19_61496,unknown,14
19_61497,High_Endothelial_Venules,6
19_61499,Tumor_Keratin_Pearl,13
19_61506,unknown,14
19_61509,M1_macrophages,7
19_61510,M1_macrophages,7
19_61514,unknown,14
19_61517,Germinal_Center_Plasma_IgM_B_cell,5
19_61518,T_cell,11
19_61519,M1_macrophages,7
19_61520,unknown,14
19_61521,T_cell,11
19_61524,M1_macrophages,7
19_61525,CAF,0
19_61527,M1_macrophages,7
19_61532,Plasma_IgG,10
19_61533,Plasma_IgG,10
19_61535,M1_macrophages,7
19_61537,Germinal_Center_Plasma_IgM_B_cell,5
19_61539,T_cell,11
19_61540,T_cell,11
19_61542,Plasma_IgG,10
19_61543,Plasma_IgG,10
19_61548,M1_macrophages,7
19_61551,T_cell,11
19_61552,High_Endothelial_Venules,6
19_61554,M1_macrophages,7
19_61557,Plasma_IgG,10
19_61562,High_Endothelial_Venules,6
19_61564,Germinal_Center_Plasma_IgM_B_cell,5
19_61565,unknown,14
19_61569,M1_macrophages,7
19_61570,Plasma_IgG,10
19_61579,M1_macrophages,7
19_61583,High_Endothelial_Venules,6
19_61584,T_cell,11
19_61585,T_cell,11
19_61587,Germinal_Center_Plasma_IgM_B_cell,5
19_61588,unknown,14
19_61594,Plasma_IgG,10
19_61596,Germinal_Center_Plasma_IgM_B_cell,5
19_61599,unknown,14
19_61600,T_cell,11
19_61601,High_Endothelial_Venules,6
19_61602,Tumor_Keratin_Pearl,13
19_61603,Plasma_IgG,10
19_61609,unknown,14
19_61612,Fibroblasts,4
19_61613,Plasma_IgG,10
19_61614,Plasma_IgG,10
19_61620,unknown,14
19_61621,unknown,14
19_61624,Germinal_Center_Plasma_IgM_B_cell,5
19_61625,M1_macrophages,7
19_61627,M1_macrophages,7
19_61629,unknown,14
19_61630,unknown,14
19_61631,T_cell,11
19_61635,Germinal_Center_Plasma_IgM_B_cell,5
19_61639,T_cell,11
19_61640,Germinal_Center_Plasma_IgM_B_cell,5
19_61643,M1_macrophages,7
19_61644,Germinal_Center_Plasma_IgM_B_cell,5
19_61647,Plasma_IgG,10
19_61653,M1_macrophages,7
19_61654,Plasma_IgG,10
19_61660,M1_macrophages,7
19_61661,Plasma_IgG,10
19_61662,M1_macrophages,7
19_61664,unknown,14
19_61666,T_cell,11
19_61667,unknown,14
19_61668,unknown,14
19_61669,unknown,14
19_61670,High_Endothelial_Venules,6
19_61671,Tumor_Keratin_Pearl,13
19_61674,Germinal_Center_Plasma_IgM_B_cell,5
19_61676,Germinal_Center_Plasma_IgM_B_cell,5
19_61677,Germinal_Center_Plasma_IgM_B_cell,5
19_61680,unknown,14
19_61681,unknown,14
19_61682,T_cell,11
19_61683,Plasma_IgG,10
19_61684,Plasma_IgA,9
19_61689,T_cell,11
19_61690,Germinal_Center_Plasma_IgM_B_cell,5
19_61692,Plasma_IgG,10
19_61696,T_cell,11
19_61697,M1_macrophages,7
19_61702,Plasma_IgG,10
19_61703,Plasma_IgG,10
19_61708,T_cell,11
19_61711,Germinal_Center_Plasma_IgM_B_cell,5
19_61713,M1_macrophages,7
19_61715,M1_macrophages,7
19_61721,High_Endothelial_Venules,6
19_61725,Plasma_IgA,9
19_61732,M1_macrophages,7
19_61734,Germinal_Center_Plasma_IgM_B_cell,5
19_61735,unknown,14
19_61738,unknown,14
19_61739,unknown,14
19_61740,Germinal_Center_Plasma_IgM_B_cell,5
19_61741,Plasma_IgG,10
19_61743,M1_macrophages,7
19_61751,M1_macrophages,7
19_61753,Plasma_IgG,10
19_61760,T_cell,11
19_61761,Germinal_Center_Plasma_IgM_B_cell,5
19_61763,unknown,14
19_61764,unknown,14
19_61766,High_Endothelial_Venules,6
19_61772,Plasma_IgA,9
19_61775,Germinal_Center_Plasma_IgM_B_cell,5
19_61776,unknown,14
19_61777,Germinal_Center_Plasma_IgM_B_cell,5
19_61781,Plasma_IgG,10
19_61785,T_cell,11
19_61786,unknown,14
19_61788,Plasma_IgA,9
19_61789,High_Endothelial_Venules,6
19_61792,Plasma_IgG,10
19_61793,T_cell,11
19_61794,M1_macrophages,7
19_61796,Germinal_Center_Plasma_IgM_B_cell,5
19_61797,Germinal_Center_Plasma_IgM_B_cell,5
19_61801,Germinal_Center_Plasma_IgM_B_cell,5
19_61805,Germinal_Center_Plasma_IgM_B_cell,5
19_61806,High_Endothelial_Venules,6
19_61807,M1_macrophages,7
19_61808,M1_macrophages,7
19_61809,Fibroblasts,4
19_61811,High_Endothelial_Venules,6
19_61812,unknown,14
19_61817,Tumor,12
19_61819,Germinal_Center_Plasma_IgM_B_cell,5
19_61820,Germinal_Center_Plasma_IgM_B_cell,5
19_61821,CAF,0
19_61822,M1_macrophages,7
19_61828,unknown,14
19_61829,High_Endothelial_Venules,6
19_61838,unknown,14
19_61839,unknown,14
19_61843,Plasma_IgG,10
19_61849,T_cell,11
19_61850,M1_macrophages,7
19_61851,unknown,14
19_61854,CAF,0
19_61863,Plasma_IgG,10
19_61864,unknown,14
19_61867,High_Endothelial_Venules,6
19_61869,CAF,0
19_61871,Germinal_Center_Plasma_IgM_B_cell,5
19_61872,High_Endothelial_Venules,6
19_61879,Germinal_Center_Plasma_IgM_B_cell,5
19_61880,Macrophages,8
19_61881,Germinal_Center_Plasma_IgM_B_cell,5
19_61884,unknown,14
19_61885,Germinal_Center_Plasma_IgM_B_cell,5
19_61886,Germinal_Center_Plasma_IgM_B_cell,5
19_61889,unknown,14
19_61891,CAF,0
19_61893,Plasma_IgG,10
19_61900,Tumor,12
19_61901,unknown,14
19_61902,Plasma_IgG,10
19_61909,unknown,14
19_61912,unknown,14
19_61917,Germinal_Center_Plasma_IgM_B_cell,5
19_61919,unknown,14
19_61920,T_cell,11
19_61922,T_cell,11
19_61931,Plasma_IgG,10
19_61932,Germinal_Center_Plasma_IgM_B_cell,5
19_61933,Germinal_Center_Plasma_IgM_B_cell,5
19_61934,unknown,14
19_61936,Plasma_IgG,10
19_61938,Plasma_IgA,9
19_61943,Plasma_IgG,10
19_61945,unknown,14
19_61947,Germinal_Center_Plasma_IgM_B_cell,5
19_61948,Tumor_Keratin_Pearl,13
19_61950,Plasma_IgG,10
19_61951,Plasma_IgG,10
19_61952,M1_macrophages,7
19_61957,Plasma_IgA,9
19_61958,unknown,14
19_61961,Plasma_IgG,10
19_61962,Plasma_IgA,9
19_61963,Plasma_IgG,10
19_61967,unknown,14
19_61968,Germinal_Center_Plasma_IgM_B_cell,5
19_61970,T_cell,11
19_61971,High_Endothelial_Venules,6
19_61972,M1_macrophages,7
19_61973,Plasma_IgG,10
19_61974,M1_macrophages,7
19_61977,Germinal_Center_Plasma_IgM_B_cell,5
19_61978,unknown,14
19_61979,unknown,14
19_61980,M1_macrophages,7
19_61981,M1_macrophages,7
19_61991,unknown,14
19_61993,M1_macrophages,7
19_61995,Plasma_IgG,10
19_61999,unknown,14
19_62000,T_cell,11
19_62001,Germinal_Center_Plasma_IgM_B_cell,5
19_62002,M1_macrophages,7
19_62004,unknown,14
19_62009,Germinal_Center_Plasma_IgM_B_cell,5
19_62010,Germinal_Center_Plasma_IgM_B_cell,5
19_62011,unknown,14
19_62014,M1_macrophages,7
19_62015,Tumor,12
19_62016,T_cell,11
19_62024,High_Endothelial_Venules,6
19_62025,High_Endothelial_Venules,6
19_62026,unknown,14
19_62028,Germinal_Center_Plasma_IgM_B_cell,5
19_62029,unknown,14
19_62031,unknown,14
19_62033,Plasma_IgG,10
19_62034,Plasma_IgG,10
19_62039,T_cell,11
19_62040,unknown,14
19_62045,Germinal_Center_Plasma_IgM_B_cell,5
19_62047,Plasma_IgG,10
19_62048,Plasma_IgG,10
19_62049,M1_macrophages,7
19_62054,T_cell,11
19_62056,Plasma_IgG,10
19_62063,unknown,14
19_62064,M1_macrophages,7
19_62066,M1_macrophages,7
19_62067,M1_macrophages,7
19_62068,unknown,14
19_62077,High_Endothelial_Venules,6
19_62079,unknown,14
19_62081,Germinal_Center_Plasma_IgM_B_cell,5
19_62082,Germinal_Center_Plasma_IgM_B_cell,5
19_62089,M1_macrophages,7
19_62092,Plasma_IgG,10
19_62098,T_cell,11
19_62105,High_Endothelial_Venules,6
19_62106,High_Endothelial_Venules,6
19_62109,unknown,14
19_62111,High_Endothelial_Venules,6
19_62112,M1_macrophages,7
19_62114,unknown,14
19_62115,Tumor,12
19_62116,T_cell,11
19_62124,M1_macrophages,7
19_62125,T_cell,11
19_62126,T_cell,11
19_62127,unknown,14
19_62128,Germinal_Center_Plasma_IgM_B_cell,5
19_62129,Germinal_Center_Plasma_IgM_B_cell,5
19_62130,Germinal_Center_Plasma_IgM_B_cell,5
19_62133,unknown,14
19_62135,T_cell,11
19_62136,Plasma_IgG,10
19_62151,Germinal_Center_Plasma_IgM_B_cell,5
19_62153,M1_macrophages,7
19_62155,M1_macrophages,7
19_62156,M1_macrophages,7
19_62161,Germinal_Center_Plasma_IgM_B_cell,5
19_62162,unknown,14
19_62164,unknown,14
19_62168,M1_macrophages,7
19_62170,T_cell,11
19_62172,T_cell,11
19_62173,Germinal_Center_Plasma_IgM_B_cell,5
19_62174,Germinal_Center_Plasma_IgM_B_cell,5
19_62177,CAF,0
19_62179,unknown,14
19_62181,unknown,14
19_62182,Germinal_Center_Plasma_IgM_B_cell,5
19_62184,M1_macrophages,7
19_62186,M1_macrophages,7
19_62187,Plasma_IgG,10
19_62191,T_cell,11
19_62192,Germinal_Center_Plasma_IgM_B_cell,5
19_62195,unknown,14
19_62197,M1_macrophages,7
19_62198,High_Endothelial_Venules,6
19_62209,Germinal_Center_Plasma_IgM_B_cell,5
19_62210,unknown,14
19_62211,High_Endothelial_Venules,6
19_62212,T_cell,11
19_62216,M1_macrophages,7
19_62219,T_cell,11
19_62222,T_cell,11
19_62223,T_cell,11
19_62224,unknown,14
19_62225,unknown,14
19_62226,M1_macrophages,7
19_62227,Tumor_Keratin_Pearl,13
19_62228,Tumor,12
19_62230,unknown,14
19_62231,unknown,14
19_62235,M1_macrophages,7
19_62237,Plasma_IgG,10
19_62239,Plasma_IgG,10
19_62251,M1_macrophages,7
19_62252,unknown,14
19_62253,T_cell,11
19_62254,Germinal_Center_Plasma_IgM_B_cell,5
19_62255,unknown,14
19_62258,unknown,14
19_62261,M1_macrophages,7
19_62262,M1_macrophages,7
19_62263,Plasma_IgG,10
19_62267,unknown,14
19_62268,Germinal_Center_Plasma_IgM_B_cell,5
19_62272,M1_macrophages,7
19_62273,Plasma_IgG,10
19_62274,M1_macrophages,7
19_62277,Plasma_IgG,10
19_62279,M1_macrophages,7
19_62281,Germinal_Center_Plasma_IgM_B_cell,5
19_62284,T_cell,11
19_62285,T_cell,11
19_62287,Germinal_Center_Plasma_IgM_B_cell,5
19_62300,unknown,14
19_62301,unknown,14
19_62302,M1_macrophages,7
19_62303,Germinal_Center_Plasma_IgM_B_cell,5
19_62304,unknown,14
19_62314,Germinal_Center_Plasma_IgM_B_cell,5
19_62322,Germinal_Center_Plasma_IgM_B_cell,5
19_62323,unknown,14
19_62325,Tumor_Keratin_Pearl,13
19_62326,M1_macrophages,7
19_62328,unknown,14
19_62331,unknown,14
19_62332,Germinal_Center_Plasma_IgM_B_cell,5
19_62333,High_Endothelial_Venules,6
19_62337,Tumor,12
19_62345,T_cell,11
19_62351,Germinal_Center_Plasma_IgM_B_cell,5
19_62352,unknown,14
19_62353,T_cell,11
19_62354,M1_macrophages,7
19_62355,Germinal_Center_Plasma_IgM_B_cell,5
19_62356,unknown,14
19_62357,CAF,0
19_62364,T_cell,11
19_62366,unknown,14
19_62367,T_cell,11
19_62375,unknown,14
19_62376,High_Endothelial_Venules,6
19_62379,unknown,14
19_62380,unknown,14
19_62381,T_cell,11
19_62384,unknown,14
19_62386,Germinal_Center_Plasma_IgM_B_cell,5
19_62387,Germinal_Center_Plasma_IgM_B_cell,5
19_62392,Tumor_Keratin_Pearl,13
19_62399,unknown,14
19_62403,High_Endothelial_Venules,6
19_62406,Germinal_Center_Plasma_IgM_B_cell,5
19_62407,Germinal_Center_Plasma_IgM_B_cell,5
19_62409,Germinal_Center_Plasma_IgM_B_cell,5
19_62413,Germinal_Center_Plasma_IgM_B_cell,5
19_62417,T_cell,11
19_62418,Germinal_Center_Plasma_IgM_B_cell,5
19_62420,unknown,14
19_62421,unknown,14
19_62422,M1_macrophages,7
19_62423,unknown,14
19_62424,unknown,14
19_62428,Plasma_IgG,10
19_62430,M1_macrophages,7
19_62432,M1_macrophages,7
19_62434,M1_macrophages,7
19_62438,unknown,14
19_62447,Tumor,12
19_62448,T_cell,11
19_62449,High_Endothelial_Venules,6
19_62451,CAF,0
19_62453,unknown,14
19_62459,unknown,14
19_62460,unknown,14
19_62463,M1_macrophages,7
19_62464,High_Endothelial_Venules,6
19_62469,Germinal_Center_Plasma_IgM_B_cell,5
19_62470,Germinal_Center_Plasma_IgM_B_cell,5
19_62471,Germinal_Center_Plasma_IgM_B_cell,5
19_62473,unknown,14
19_62475,Tumor,12
19_62478,unknown,14
19_62481,M1_macrophages,7
19_62483,M1_macrophages,7
19_62491,High_Endothelial_Venules,6
19_62492,T_cell,11
19_62497,M1_macrophages,7
19_62498,T_cell,11
19_62499,Germinal_Center_Plasma_IgM_B_cell,5
19_62501,CAF,0
19_62503,High_Endothelial_Venules,6
19_62510,Plasma_IgG,10
19_62511,T_cell,11
19_62513,Germinal_Center_Plasma_IgM_B_cell,5
19_62514,T_cell,11
19_62517,unknown,14
19_62518,unknown,14
19_62520,unknown,14
19_62527,High_Endothelial_Venules,6
19_62528,Germinal_Center_Plasma_IgM_B_cell,5
19_62529,Germinal_Center_Plasma_IgM_B_cell,5
19_62530,Germinal_Center_Plasma_IgM_B_cell,5
19_62531,Germinal_Center_Plasma_IgM_B_cell,5
19_62532,unknown,14
19_62533,T_cell,11
19_62534,High_Endothelial_Venules,6
19_62535,Tumor_Keratin_Pearl,13
19_62536,Plasma_IgG,10
19_62540,unknown,14
19_62542,T_cell,11
19_62544,Tumor_Keratin_Pearl,13
19_62545,Tumor_Keratin_Pearl,13
19_62546,Plasma_IgG,10
19_62556,unknown,14
19_62560,Germinal_Center_Plasma_IgM_B_cell,5
19_62561,T_cell,11
19_62562,M1_macrophages,7
19_62563,M1_macrophages,7
19_62574,Plasma_IgA,9
19_62575,unknown,14
19_62576,unknown,14
19_62577,unknown,14
19_62578,unknown,14
19_62579,Tumor_Keratin_Pearl,13
19_62580,Tumor,12
19_62583,unknown,14
19_62585,Germinal_Center_Plasma_IgM_B_cell,5
19_62588,unknown,14
19_62589,Germinal_Center_Plasma_IgM_B_cell,5
19_62595,M1_macrophages,7
19_62596,T_cell,11
19_62597,unknown,14
19_62598,Germinal_Center_Plasma_IgM_B_cell,5
19_62599,Germinal_Center_Plasma_IgM_B_cell,5
19_62600,Germinal_Center_Plasma_IgM_B_cell,5
19_62601,T_cell,11
19_62605,Tumor,12
19_62606,M1_macrophages,7
19_62612,unknown,14
19_62613,Germinal_Center_Plasma_IgM_B_cell,5
19_62614,unknown,14
19_62617,Plasma_IgG,10
19_62618,unknown,14
19_62622,unknown,14
19_62623,M1_macrophages,7
19_62624,M1_macrophages,7
19_62629,Plasma_IgA,9
19_62630,Plasma_IgA,9
19_62631,Germinal_Center_Plasma_IgM_B_cell,5
19_62633,M1_macrophages,7
19_62635,Plasma_IgG,10
19_62636,unknown,14
19_62637,M1_macrophages,7
19_62640,High_Endothelial_Venules,6
19_62641,unknown,14
19_62643,Plasma_IgA,9
19_62648,T_cell,11
19_62651,Germinal_Center_Plasma_IgM_B_cell,5
19_62655,unknown,14
19_62656,Plasma_IgG,10
19_62657,Plasma_IgG,10
19_62663,T_cell,11
19_62665,unknown,14
19_62669,Germinal_Center_Plasma_IgM_B_cell,5
19_62670,Germinal_Center_Plasma_IgM_B_cell,5
19_62671,unknown,14
19_62680,High_Endothelial_Venules,6
19_62681,High_Endothelial_Venules,6
19_62682,Germinal_Center_Plasma_IgM_B_cell,5
19_62684,Tumor_Keratin_Pearl,13
19_62685,CAF,0
19_62697,Germinal_Center_Plasma_IgM_B_cell,5
19_62698,unknown,14
19_62707,M1_macrophages,7
19_62708,Germinal_Center_Plasma_IgM_B_cell,5
19_62709,Germinal_Center_Plasma_IgM_B_cell,5
19_62711,unknown,14
19_62715,High_Endothelial_Venules,6
19_62716,T_cell,11
19_62720,unknown,14
19_62721,T_cell,11
19_62722,unknown,14
19_62725,Tumor,12
19_62726,M1_macrophages,7
19_62727,unknown,14
19_62733,Germinal_Center_Plasma_IgM_B_cell,5
19_62735,Germinal_Center_Plasma_IgM_B_cell,5
19_62736,unknown,14
19_62739,unknown,14
19_62740,M1_macrophages,7
19_62741,Germinal_Center_Plasma_IgM_B_cell,5
19_62745,unknown,14
19_62746,M1_macrophages,7
19_62747,Tumor_Keratin_Pearl,13
19_62748,Tumor_Keratin_Pearl,13
19_62749,T_cell,11
19_62758,Germinal_Center_Plasma_IgM_B_cell,5
19_62760,M1_macrophages,7
19_62761,unknown,14
19_62762,Germinal_Center_Plasma_IgM_B_cell,5
19_62764,Germinal_Center_Plasma_IgM_B_cell,5
19_62765,Tumor_Keratin_Pearl,13
19_62767,M1_macrophages,7
19_62771,unknown,14
19_62772,Germinal_Center_Plasma_IgM_B_cell,5
19_62775,unknown,14
19_62776,Plasma_IgA,9
19_62781,M1_macrophages,7
19_62782,unknown,14
19_62785,Plasma_IgG,10
19_62786,unknown,14
19_62789,Plasma_IgG,10
19_62791,unknown,14
19_62792,Germinal_Center_Plasma_IgM_B_cell,5
19_62794,CAF,0
19_62795,M1_macrophages,7
19_62796,M1_macrophages,7
19_62797,High_Endothelial_Venules,6
19_62802,High_Endothelial_Venules,6
19_62803,Plasma_IgG,10
19_62805,T_cell,11
19_62812,unknown,14
19_62815,Germinal_Center_Plasma_IgM_B_cell,5
19_62822,High_Endothelial_Venules,6
19_62830,unknown,14
19_62831,Plasma_IgG,10
19_62832,unknown,14
19_62833,unknown,14
19_62835,M1_macrophages,7
19_62841,T_cell,11
19_62843,unknown,14
19_62845,unknown,14
19_62846,unknown,14
19_62848,Tumor,12
19_62853,High_Endothelial_Venules,6
19_62854,Germinal_Center_Plasma_IgM_B_cell,5
19_62855,M1_macrophages,7
19_62859,unknown,14
19_62862,Tumor_Keratin_Pearl,13
19_62863,Germinal_Center_Plasma_IgM_B_cell,5
19_62870,T_cell,11
19_62872,T_cell,11
19_62875,Germinal_Center_Plasma_IgM_B_cell,5
19_62876,CAF,0
19_62879,M1_macrophages,7
19_62887,T_cell,11
19_62888,Germinal_Center_Plasma_IgM_B_cell,5
19_62889,Germinal_Center_Plasma_IgM_B_cell,5
19_62890,unknown,14
19_62893,Germinal_Center_Plasma_IgM_B_cell,5
19_62896,T_cell,11
19_62902,T_cell,11
19_62907,unknown,14
19_62910,unknown,14
19_62911,Germinal_Center_Plasma_IgM_B_cell,5
19_62912,unknown,14
19_62917,T_cell,11
19_62919,Plasma_IgG,10
19_62920,T_cell,11
19_62925,T_cell,11
19_62926,Germinal_Center_Plasma_IgM_B_cell,5
19_62927,Germinal_Center_Plasma_IgM_B_cell,5
19_62928,M1_macrophages,7
19_62931,unknown,14
19_62934,CAF,0
19_62936,Germinal_Center_Plasma_IgM_B_cell,5
19_62939,unknown,14
19_62947,High_Endothelial_Venules,6
19_62949,Germinal_Center_Plasma_IgM_B_cell,5
19_62952,M1_macrophages,7
19_62959,High_Endothelial_Venules,6
19_62961,unknown,14
19_62963,unknown,14
19_62964,unknown,14
19_62966,High_Endothelial_Venules,6
19_62967,T_cell,11
19_62968,Germinal_Center_Plasma_IgM_B_cell,5
19_62970,unknown,14
19_62971,M1_macrophages,7
19_62972,Plasma_IgG,10
19_62973,M1_macrophages,7
19_62977,Germinal_Center_Plasma_IgM_B_cell,5
19_62979,High_Endothelial_Venules,6
19_62990,M1_macrophages,7
19_62992,unknown,14
19_62993,unknown,14
19_62994,M1_macrophages,7
19_62999,M1_macrophages,7
19_63001,unknown,14
19_63002,unknown,14
19_63005,High_Endothelial_Venules,6
19_63007,Plasma_IgA,9
19_63010,Germinal_Center_Plasma_IgM_B_cell,5
19_63011,Germinal_Center_Plasma_IgM_B_cell,5
19_63017,unknown,14
19_63019,High_Endothelial_Venules,6
19_63025,unknown,14
19_63031,Plasma_IgG,10
19_63032,Plasma_IgG,10
19_63036,unknown,14
19_63037,High_Endothelial_Venules,6
19_63041,High_Endothelial_Venules,6
19_63044,T_cell,11
19_63045,High_Endothelial_Venules,6
19_63047,T_cell,11
19_63049,unknown,14
19_63053,High_Endothelial_Venules,6
19_63057,M1_macrophages,7
19_63058,Tumor_Keratin_Pearl,13
19_63059,Plasma_IgG,10
19_63063,T_cell,11
19_63064,Germinal_Center_Plasma_IgM_B_cell,5
19_63065,M1_macrophages,7
19_63066,T_cell,11
19_63067,M1_macrophages,7
19_63068,Plasma_IgG,10
19_63069,M1_macrophages,7
19_63076,T_cell,11
19_63077,unknown,14
19_63078,High_Endothelial_Venules,6
19_63079,unknown,14
19_63080,Germinal_Center_Plasma_IgM_B_cell,5
19_63086,M1_macrophages,7
19_63087,High_Endothelial_Venules,6
19_63094,unknown,14
19_63095,unknown,14
19_63096,T_cell,11
19_63099,Germinal_Center_Plasma_IgM_B_cell,5
19_63100,Germinal_Center_Plasma_IgM_B_cell,5
19_63101,CAF,0
19_63102,M1_macrophages,7
19_63109,unknown,14
19_63110,unknown,14
19_63111,unknown,14
19_63113,M1_macrophages,7
19_63115,M1_macrophages,7
19_63116,T_cell,11
19_63117,High_Endothelial_Venules,6
19_63121,Germinal_Center_Plasma_IgM_B_cell,5
19_63132,M1_macrophages,7
19_63133,Germinal_Center_Plasma_IgM_B_cell,5
19_63134,T_cell,11
19_63135,M1_macrophages,7
19_63137,Fibroblasts,4
19_63138,High_Endothelial_Venules,6
19_63143,M1_macrophages,7
19_63145,T_cell,11
19_63146,Germinal_Center_Plasma_IgM_B_cell,5
19_63149,High_Endothelial_Venules,6
19_63151,Tumor,12
19_63154,Plasma_IgG,10
19_63158,Germinal_Center_Plasma_IgM_B_cell,5
19_63159,unknown,14
19_63160,unknown,14
19_63162,M1_macrophages,7
19_63174,unknown,14
19_63175,unknown,14
19_63176,Germinal_Center_Plasma_IgM_B_cell,5
19_63179,M1_macrophages,7
19_63181,Plasma_IgG,10
19_63182,Germinal_Center_Plasma_IgM_B_cell,5
19_63183,unknown,14
19_63184,unknown,14
19_63189,M1_macrophages,7
19_63190,M1_macrophages,7
19_63200,High_Endothelial_Venules,6
19_63202,unknown,14
19_63203,M1_macrophages,7
19_63209,unknown,14
19_63210,M1_macrophages,7
19_63216,M1_macrophages,7
19_63222,T_cell,11
19_63223,Germinal_Center_Plasma_IgM_B_cell,5
19_63224,unknown,14
19_63227,Tumor_Keratin_Pearl,13
19_63234,unknown,14
19_63237,M1_macrophages,7
19_63238,M1_macrophages,7
19_63239,T_cell,11
19_63244,M1_macrophages,7
19_63245,High_Endothelial_Venules,6
19_63246,unknown,14
19_63248,unknown,14
19_63252,High_Endothelial_Venules,6
19_63253,M1_macrophages,7
19_63261,High_Endothelial_Venules,6
19_63265,High_Endothelial_Venules,6
19_63271,Plasma_IgA,9
19_63283,Germinal_Center_Plasma_IgM_B_cell,5
19_63284,T_cell,11
19_63285,T_cell,11
19_63286,M1_macrophages,7
19_63290,unknown,14
19_63291,M1_macrophages,7
19_63292,unknown,14
19_63296,CAF,0
19_63302,Plasma_IgA,9
19_63304,unknown,14
19_63305,unknown,14
19_63308,T_cell,11
19_63309,M1_macrophages,7
19_63316,T_cell,11
19_63317,unknown,14
19_63320,unknown,14
19_63323,M1_macrophages,7
19_63325,unknown,14
19_63326,Germinal_Center_Plasma_IgM_B_cell,5
19_63327,unknown,14
19_63329,unknown,14
19_63330,unknown,14
19_63332,High_Endothelial_Venules,6
19_63333,M1_macrophages,7
19_63336,M1_macrophages,7
19_63340,Plasma_IgG,10
19_63346,Plasma_IgG,10
19_63349,unknown,14
19_63350,Germinal_Center_Plasma_IgM_B_cell,5
19_63352,unknown,14
19_63353,unknown,14
19_63358,unknown,14
19_63359,Germinal_Center_Plasma_IgM_B_cell,5
19_63361,High_Endothelial_Venules,6
19_63362,Tumor_Keratin_Pearl,13
19_63364,High_Endothelial_Venules,6
19_63366,M1_macrophages,7
19_63367,Germinal_Center_Plasma_IgM_B_cell,5
19_63368,unknown,14
19_63379,Tumor_Keratin_Pearl,13
19_63380,Tumor_Keratin_Pearl,13
19_63381,M1_macrophages,7
19_63385,Germinal_Center_Plasma_IgM_B_cell,5
19_63386,Germinal_Center_Plasma_IgM_B_cell,5
19_63387,unknown,14
19_63388,M1_macrophages,7
19_63390,Plasma_IgG,10
19_63391,High_Endothelial_Venules,6
19_63392,High_Endothelial_Venules,6
19_63402,Germinal_Center_Plasma_IgM_B_cell,5
19_63406,unknown,14
19_63408,Plasma_IgG,10
19_63413,unknown,14
19_63414,T_cell,11
19_63415,Germinal_Center_Plasma_IgM_B_cell,5
19_63416,Germinal_Center_Plasma_IgM_B_cell,5
19_63420,M1_macrophages,7
19_63422,CAF,0
19_63432,unknown,14
19_63433,T_cell,11
19_63434,unknown,14
19_63435,unknown,14
19_63436,Macrophages,8
19_63438,Plasma_IgG,10
19_63439,T_cell,11
19_63440,M1_macrophages,7
19_63444,T_cell,11
19_63446,unknown,14
19_63447,Germinal_Center_Plasma_IgM_B_cell,5
19_63448,unknown,14
19_63449,T_cell,11
19_63450,Germinal_Center_Plasma_IgM_B_cell,5
19_63453,Plasma_IgG,10
19_63457,T_cell,11
19_63458,unknown,14
19_63466,M1_macrophages,7
19_63467,M1_macrophages,7
19_63479,Tumor_Keratin_Pearl,13
19_63482,M1_macrophages,7
19_63486,unknown,14
19_63488,Fibroblasts,4
19_63489,unknown,14
19_63494,unknown,14
19_63496,unknown,14
19_63497,unknown,14
19_63499,unknown,14
19_63509,Plasma_IgG,10
19_63511,unknown,14
19_63512,unknown,14
19_63515,unknown,14
19_63519,unknown,14
19_63520,T_cell,11
19_63521,M1_macrophages,7
19_63522,unknown,14
19_63523,unknown,14
19_63525,Germinal_Center_Plasma_IgM_B_cell,5
19_63527,High_Endothelial_Venules,6
19_63533,Germinal_Center_Plasma_IgM_B_cell,5
19_63535,Germinal_Center_Plasma_IgM_B_cell,5
19_63537,M1_macrophages,7
19_63538,High_Endothelial_Venules,6
19_63542,Plasma_IgG,10
19_63545,M1_macrophages,7
19_63546,Germinal_Center_Plasma_IgM_B_cell,5
19_63547,unknown,14
19_63548,M1_macrophages,7
19_63552,High_Endothelial_Venules,6
19_63556,unknown,14
19_63557,Germinal_Center_Plasma_IgM_B_cell,5
19_63561,T_cell,11
19_63562,Tumor_Keratin_Pearl,13
19_63564,High_Endothelial_Venules,6
19_63569,unknown,14
19_63570,T_cell,11
19_63573,Germinal_Center_Plasma_IgM_B_cell,5
19_63574,Germinal_Center_Plasma_IgM_B_cell,5
19_63576,High_Endothelial_Venules,6
19_63581,unknown,14
19_63582,Germinal_Center_Plasma_IgM_B_cell,5
19_63586,unknown,14
19_63588,Germinal_Center_Plasma_IgM_B_cell,5
19_63592,unknown,14
19_63593,Germinal_Center_Plasma_IgM_B_cell,5
19_63596,M1_macrophages,7
19_63597,M1_macrophages,7
19_63603,M1_macrophages,7
19_63605,High_Endothelial_Venules,6
19_63606,Germinal_Center_Plasma_IgM_B_cell,5
19_63611,unknown,14
19_63617,T_cell,11
19_63618,unknown,14
19_63620,unknown,14
19_63629,T_cell,11
19_63630,Germinal_Center_Plasma_IgM_B_cell,5
19_63631,Tumor,12
19_63635,M1_macrophages,7
19_63636,Germinal_Center_Plasma_IgM_B_cell,5
19_63638,High_Endothelial_Venules,6
19_63639,Germinal_Center_Plasma_IgM_B_cell,5
19_63641,M1_macrophages,7
19_63642,T_cell,11
19_63649,unknown,14
19_63653,CAF,0
19_63654,M1_macrophages,7
19_63660,unknown,14
19_63663,unknown,14
19_63664,Tumor_Keratin_Pearl,13
19_63673,Plasma_IgG,10
19_63683,Plasma_IgG,10
19_63684,T_cell,11
19_63688,M1_macrophages,7
19_63694,Germinal_Center_Plasma_IgM_B_cell,5
19_63695,T_cell,11
19_63697,High_Endothelial_Venules,6
19_63698,Germinal_Center_Plasma_IgM_B_cell,5
19_63699,High_Endothelial_Venules,6
19_63700,T_cell,11
19_63702,Germinal_Center_Plasma_IgM_B_cell,5
19_63703,Tumor_Keratin_Pearl,13
19_63709,unknown,14
19_63710,unknown,14
19_63714,M1_macrophages,7
19_63715,Tumor,12
19_63716,T_cell,11
19_63721,M1_macrophages,7
19_63722,M1_macrophages,7
19_63724,High_Endothelial_Venules,6
19_63728,CAF,0
19_63737,unknown,14
19_63742,Tumor,12
19_63744,M1_macrophages,7
19_63751,T_cell,11
19_63754,High_Endothelial_Venules,6
19_63755,M1_macrophages,7
19_63759,High_Endothelial_Venules,6
19_63760,M1_macrophages,7
19_63761,M1_macrophages,7
19_63763,unknown,14
19_63764,High_Endothelial_Venules,6
19_63769,High_Endothelial_Venules,6
19_63770,T_cell,11
19_63771,High_Endothelial_Venules,6
19_63772,unknown,14
19_63774,T_cell,11
19_63775,unknown,14
19_63777,M1_macrophages,7
19_63780,T_cell,11
19_63781,Germinal_Center_Plasma_IgM_B_cell,5
19_63782,unknown,14
19_63783,M1_macrophages,7
19_63785,M1_macrophages,7
19_63786,Germinal_Center_Plasma_IgM_B_cell,5
19_63788,M1_macrophages,7
19_63790,unknown,14
19_63793,M1_macrophages,7
19_63795,unknown,14
19_63797,unknown,14
19_63798,Germinal_Center_Plasma_IgM_B_cell,5
19_63801,CAF,0
19_63807,unknown,14
19_63809,High_Endothelial_Venules,6
19_63811,M1_macrophages,7
19_63812,Tumor_Keratin_Pearl,13
19_63819,High_Endothelial_Venules,6
19_63820,T_cell,11
19_63822,Germinal_Center_Plasma_IgM_B_cell,5
19_63823,M1_macrophages,7
19_63834,M1_macrophages,7
19_63835,M1_macrophages,7
19_63840,Plasma_IgG,10
19_63843,Germinal_Center_Plasma_IgM_B_cell,5
19_63844,Germinal_Center_Plasma_IgM_B_cell,5
19_63846,T_cell,11
19_63847,unknown,14
19_63848,T_cell,11
19_63850,unknown,14
19_63855,T_cell,11
19_63856,Germinal_Center_Plasma_IgM_B_cell,5
19_63864,Germinal_Center_Plasma_IgM_B_cell,5
19_63865,Germinal_Center_Plasma_IgM_B_cell,5
19_63866,Germinal_Center_Plasma_IgM_B_cell,5
19_63867,unknown,14
19_63868,unknown,14
19_63869,T_cell,11
19_63879,unknown,14
19_63880,Germinal_Center_Plasma_IgM_B_cell,5
19_63882,Plasma_IgA,9
19_63883,High_Endothelial_Venules,6
19_63888,Tumor_Keratin_Pearl,13
19_63889,Tumor_Keratin_Pearl,13
19_63897,Plasma_IgG,10
19_63900,Germinal_Center_Plasma_IgM_B_cell,5
19_63908,unknown,14
19_63910,Plasma_IgG,10
19_63915,T_cell,11
19_63916,T_cell,11
19_63917,Germinal_Center_Plasma_IgM_B_cell,5
19_63926,M1_macrophages,7
19_63927,Germinal_Center_Plasma_IgM_B_cell,5
19_63929,Germinal_Center_Plasma_IgM_B_cell,5
19_63931,T_cell,11
19_63932,T_cell,11
19_63939,M1_macrophages,7
19_63940,Germinal_Center_Plasma_IgM_B_cell,5
19_63943,High_Endothelial_Venules,6
19_63944,Plasma_IgG,10
19_63945,High_Endothelial_Venules,6
19_63946,Germinal_Center_Plasma_IgM_B_cell,5
19_63947,T_cell,11
19_63950,T_cell,11
19_63956,High_Endothelial_Venules,6
19_63957,unknown,14
19_63958,unknown,14
19_63962,M1_macrophages,7
19_63964,T_cell,11
19_63966,Germinal_Center_Plasma_IgM_B_cell,5
19_63967,unknown,14
19_63968,M1_macrophages,7
19_63969,M1_macrophages,7
19_63970,Tumor_Keratin_Pearl,13
19_63979,unknown,14
19_63981,T_cell,11
19_63982,M1_macrophages,7
19_63983,CAF,0
19_63991,M1_macrophages,7
19_63995,Plasma_IgG,10
19_63998,unknown,14
19_63999,M1_macrophages,7
19_64000,M1_macrophages,7
19_64001,unknown,14
19_64002,CAF,0
19_64003,Plasma_IgG,10
19_64004,Plasma_IgG,10
19_64008,T_cell,11
19_64009,unknown,14
19_64010,CAF,0
19_64018,Plasma_IgA,9
19_64023,unknown,14
19_64033,Germinal_Center_Plasma_IgM_B_cell,5
19_64035,unknown,14
19_64036,Germinal_Center_Plasma_IgM_B_cell,5
19_64037,Germinal_Center_Plasma_IgM_B_cell,5
19_64041,Tumor,12
19_64044,Plasma_IgG,10
19_64048,T_cell,11
19_64049,unknown,14
19_64050,M1_macrophages,7
19_64051,Germinal_Center_Plasma_IgM_B_cell,5
19_64053,M1_macrophages,7
19_64055,Tumor_Keratin_Pearl,13
19_64056,CAF,0
19_64060,Germinal_Center_Plasma_IgM_B_cell,5
19_64061,Plasma_IgG,10
19_64063,M1_macrophages,7
19_64067,unknown,14
19_64068,T_cell,11
19_64072,unknown,14
19_64073,M1_macrophages,7
19_64086,T_cell,11
19_64090,M1_macrophages,7
19_64091,Germinal_Center_Plasma_IgM_B_cell,5
19_64098,Plasma_IgG,10
19_64099,Germinal_Center_Plasma_IgM_B_cell,5
19_64100,Germinal_Center_Plasma_IgM_B_cell,5
19_64101,T_cell,11
19_64102,unknown,14
19_64103,M1_macrophages,7
19_64110,T_cell,11
19_64113,CAF,0
19_64115,High_Endothelial_Venules,6
19_64124,M1_macrophages,7
19_64125,Tumor,12
19_64126,Plasma_IgG,10
19_64127,Germinal_Center_Plasma_IgM_B_cell,5
19_64128,M1_macrophages,7
19_64132,Plasma_IgG,10
19_64133,T_cell,11
19_64134,M1_macrophages,7
19_64136,Tumor_Keratin_Pearl,13
19_64143,M1_macrophages,7
19_64144,High_Endothelial_Venules,6
19_64146,T_cell,11
19_64147,Germinal_Center_Plasma_IgM_B_cell,5
19_64149,M1_macrophages,7
19_64151,Tumor,12
19_64152,Tumor,12
19_64155,Germinal_Center_Plasma_IgM_B_cell,5
19_64156,High_Endothelial_Venules,6
19_64160,T_cell,11
19_64161,T_cell,11
19_64162,unknown,14
19_64164,unknown,14
19_64165,T_cell,11
19_64166,Germinal_Center_Plasma_IgM_B_cell,5
19_64171,T_cell,11
19_64173,T_cell,11
19_64174,High_Endothelial_Venules,6
19_64176,unknown,14
19_64179,Plasma_IgG,10
19_64187,M1_macrophages,7
19_64188,unknown,14
19_64200,T_cell,11
19_64201,M1_macrophages,7
19_64202,Plasma_IgA,9
19_64208,High_Endothelial_Venules,6
19_64209,High_Endothelial_Venules,6
19_64216,Germinal_Center_Plasma_IgM_B_cell,5
19_64217,Germinal_Center_Plasma_IgM_B_cell,5
19_64219,Fibroblasts,4
19_64225,unknown,14
19_64226,T_cell,11
19_64228,T_cell,11
19_64229,Germinal_Center_Plasma_IgM_B_cell,5
19_64230,Plasma_IgA,9
19_64231,CAF,0
19_64235,Plasma_IgG,10
19_64236,T_cell,11
19_64237,Germinal_Center_Plasma_IgM_B_cell,5
19_64249,unknown,14
19_64251,M1_macrophages,7
19_64253,unknown,14
19_64254,Tumor,12
19_64260,Plasma_IgG,10
19_64261,High_Endothelial_Venules,6
19_64266,T_cell,11
19_64268,M1_macrophages,7
19_64271,High_Endothelial_Venules,6
19_64276,unknown,14
19_64278,unknown,14
19_64280,unknown,14
19_64282,unknown,14
19_64284,Tumor_Keratin_Pearl,13
19_64287,M1_macrophages,7
19_64291,Plasma_IgA,9
19_64292,Germinal_Center_Plasma_IgM_B_cell,5
19_64293,Germinal_Center_Plasma_IgM_B_cell,5
19_64299,unknown,14
19_64300,M1_macrophages,7
19_64302,Tumor,12
19_64308,M1_macrophages,7
19_64309,Germinal_Center_Plasma_IgM_B_cell,5
19_64310,T_cell,11
19_64311,Germinal_Center_Plasma_IgM_B_cell,5
19_64317,M1_macrophages,7
19_64318,unknown,14
19_64319,T_cell,11
19_64324,Germinal_Center_Plasma_IgM_B_cell,5
19_64331,unknown,14
19_64333,unknown,14
19_64337,Germinal_Center_Plasma_IgM_B_cell,5
19_64346,Plasma_IgG,10
19_64347,M1_macrophages,7
19_64351,M1_macrophages,7
19_64357,Plasma_IgG,10
19_64361,Plasma_IgG,10
19_64365,unknown,14
19_64367,T_cell,11
19_64370,M1_macrophages,7
19_64371,CAF,0
19_64372,M1_macrophages,7
19_64373,T_cell,11
19_64375,High_Endothelial_Venules,6
19_64376,Germinal_Center_Plasma_IgM_B_cell,5
19_64377,unknown,14
19_64379,Tumor,12
19_64389,Germinal_Center_Plasma_IgM_B_cell,5
19_64391,Plasma_IgG,10
19_64397,Germinal_Center_Plasma_IgM_B_cell,5
19_64398,M1_macrophages,7
19_64402,Tumor_Keratin_Pearl,13
19_64403,Tumor_Keratin_Pearl,13
19_64404,Plasma_IgG,10
19_64411,M1_macrophages,7
19_64412,unknown,14
19_64414,unknown,14
19_64415,unknown,14
19_64424,unknown,14
19_64426,unknown,14
19_64428,Tumor_Keratin_Pearl,13
19_64429,M1_macrophages,7
19_64430,High_Endothelial_Venules,6
19_64437,unknown,14
19_64438,unknown,14
19_64439,unknown,14
19_64440,M1_macrophages,7
19_64448,unknown,14
19_64451,unknown,14
19_64452,Tumor_Keratin_Pearl,13
19_64453,Plasma_IgG,10
19_64464,Germinal_Center_Plasma_IgM_B_cell,5
19_64465,unknown,14
19_64468,M1_macrophages,7
19_64469,Tumor_Keratin_Pearl,13
19_64470,Plasma_IgG,10
19_64471,M1_macrophages,7
19_64477,Germinal_Center_Plasma_IgM_B_cell,5
19_64478,Germinal_Center_Plasma_IgM_B_cell,5
19_64479,High_Endothelial_Venules,6
19_64480,unknown,14
19_64483,Plasma_IgG,10
19_64484,unknown,14
19_64486,High_Endothelial_Venules,6
19_64487,M1_macrophages,7
19_64494,unknown,14
19_64495,unknown,14
19_64496,Germinal_Center_Plasma_IgM_B_cell,5
19_64497,Germinal_Center_Plasma_IgM_B_cell,5
19_64499,unknown,14
19_64500,M1_macrophages,7
19_64508,Plasma_IgG,10
19_64510,unknown,14
19_64511,Germinal_Center_Plasma_IgM_B_cell,5
19_64513,unknown,14
19_64515,T_cell,11
19_64522,Germinal_Center_Plasma_IgM_B_cell,5
19_64523,T_cell,11
19_64526,M1_macrophages,7
19_64528,Plasma_IgG,10
19_64533,T_cell,11
19_64534,T_cell,11
19_64537,unknown,14
19_64538,T_cell,11
19_64539,Tumor_Keratin_Pearl,13
19_64540,M1_macrophages,7
19_64546,M1_macrophages,7
19_64547,Tumor_Keratin_Pearl,13
19_64550,unknown,14
19_64553,Plasma_IgG,10
19_64556,unknown,14
19_64557,Germinal_Center_Plasma_IgM_B_cell,5
19_64558,M1_macrophages,7
19_64563,High_Endothelial_Venules,6
19_64564,High_Endothelial_Venules,6
19_64565,T_cell,11
19_64569,unknown,14
19_64570,unknown,14
19_64571,CAF,0
19_64572,High_Endothelial_Venules,6
19_64576,unknown,14
19_64579,M1_macrophages,7
19_64581,Tumor_Keratin_Pearl,13
19_64582,unknown,14
19_64583,M1_macrophages,7
19_64589,Plasma_IgG,10
19_64591,T_cell,11
19_64592,T_cell,11
19_64593,Germinal_Center_Plasma_IgM_B_cell,5
19_64597,M1_macrophages,7
19_64600,Plasma_IgG,10
19_64603,unknown,14
19_64604,unknown,14
19_64605,M1_macrophages,7
19_64612,M1_macrophages,7
19_64613,unknown,14
19_64614,T_cell,11
19_64620,Fibroblasts,4
19_64624,Plasma_IgG,10
19_64625,unknown,14
19_64626,T_cell,11
19_64627,Germinal_Center_Plasma_IgM_B_cell,5
19_64629,M1_macrophages,7
19_64632,Tumor_Keratin_Pearl,13
19_64633,Plasma_IgG,10
19_64635,High_Endothelial_Venules,6
19_64636,unknown,14
19_64643,Plasma_IgG,10
19_64644,High_Endothelial_Venules,6
19_64645,M1_macrophages,7
19_64647,M1_macrophages,7
19_64648,unknown,14
19_64651,unknown,14
19_64656,Germinal_Center_Plasma_IgM_B_cell,5
19_64660,unknown,14
19_64661,M1_macrophages,7
19_64666,M1_macrophages,7
19_64667,Germinal_Center_Plasma_IgM_B_cell,5
19_64670,Plasma_IgG,10
19_64676,T_cell,11
19_64679,Germinal_Center_Plasma_IgM_B_cell,5
19_64680,High_Endothelial_Venules,6
19_64681,T_cell,11
19_64682,M1_macrophages,7
19_64683,M1_macrophages,7
19_64685,unknown,14
19_64687,Plasma_IgG,10
19_64689,unknown,14
19_64692,T_cell,11
19_64693,T_cell,11
19_64700,T_cell,11
19_64703,unknown,14
19_64704,Germinal_Center_Plasma_IgM_B_cell,5
19_64707,Tumor_Keratin_Pearl,13
19_64714,Germinal_Center_Plasma_IgM_B_cell,5
19_64715,M1_macrophages,7
19_64717,High_Endothelial_Venules,6
19_64718,High_Endothelial_Venules,6
19_64720,unknown,14
19_64721,High_Endothelial_Venules,6
19_64722,Tumor_Keratin_Pearl,13
19_64723,Tumor_Keratin_Pearl,13
19_64725,T_cell,11
19_64730,High_Endothelial_Venules,6
19_64733,T_cell,11
19_64737,T_cell,11
19_64742,High_Endothelial_Venules,6
19_64744,Tumor_Keratin_Pearl,13
19_64750,unknown,14
19_64751,Tumor,12
19_64754,unknown,14
19_64755,Germinal_Center_Plasma_IgM_B_cell,5
19_64756,Germinal_Center_Plasma_IgM_B_cell,5
19_64757,unknown,14
19_64764,unknown,14
19_64765,T_cell,11
19_64767,Germinal_Center_Plasma_IgM_B_cell,5
19_64768,T_cell,11
19_64771,M1_macrophages,7
19_64773,M1_macrophages,7
19_64782,Germinal_Center_Plasma_IgM_B_cell,5
19_64783,unknown,14
19_64784,unknown,14
19_64785,unknown,14
19_64786,unknown,14
19_64789,Fibroblasts,4
19_64790,M1_macrophages,7
19_64794,Plasma_IgG,10
19_64795,unknown,14
19_64801,unknown,14
19_64802,T_cell,11
19_64803,Tumor_Keratin_Pearl,13
19_64807,Plasma_IgA,9
19_64810,Germinal_Center_Plasma_IgM_B_cell,5
19_64813,Plasma_IgA,9
19_64819,Plasma_IgG,10
19_64821,Germinal_Center_Plasma_IgM_B_cell,5
19_64822,unknown,14
19_64824,Tumor_Keratin_Pearl,13
19_64831,unknown,14
19_64832,unknown,14
19_64835,unknown,14
19_64836,T_cell,11
19_64837,Germinal_Center_Plasma_IgM_B_cell,5
19_64839,CAF,0
19_64845,M1_macrophages,7
19_64846,T_cell,11
19_64848,M1_macrophages,7
19_64849,unknown,14
19_64850,unknown,14
19_64851,T_cell,11
19_64852,High_Endothelial_Venules,6
19_64853,M1_macrophages,7
19_64857,Plasma_IgG,10
19_64858,T_cell,11
19_64862,T_cell,11
19_64864,unknown,14
19_64867,T_cell,11
19_64868,M1_macrophages,7
19_64869,M1_macrophages,7
19_64879,CAF,0
19_64880,High_Endothelial_Venules,6
19_64884,Plasma_IgG,10
19_64885,Plasma_IgA,9
19_64887,unknown,14
19_64888,M1_macrophages,7
19_64890,High_Endothelial_Venules,6
19_64894,Plasma_IgG,10
19_64895,M1_macrophages,7
19_64899,Plasma_IgG,10
19_64900,Germinal_Center_Plasma_IgM_B_cell,5
19_64901,Germinal_Center_Plasma_IgM_B_cell,5
19_64906,unknown,14
19_64909,T_cell,11
19_64911,unknown,14
19_64913,Tumor_Keratin_Pearl,13
19_64917,M1_macrophages,7
19_64927,T_cell,11
19_64932,M1_macrophages,7
19_64933,CAF,0
19_64936,unknown,14
19_64937,M1_macrophages,7
19_64940,M1_macrophages,7
19_64941,Tumor_Keratin_Pearl,13
19_64942,CAF,0
19_64943,M1_macrophages,7
19_64947,unknown,14
19_64948,unknown,14
19_64950,Germinal_Center_Plasma_IgM_B_cell,5
19_64952,Plasma_IgG,10
19_64958,T_cell,11
19_64959,unknown,14
19_64960,M1_macrophages,7
19_64961,Germinal_Center_Plasma_IgM_B_cell,5
19_64965,Tumor_Keratin_Pearl,13
19_64967,Tumor_Keratin_Pearl,13
19_64969,Plasma_IgG,10
19_64975,unknown,14
19_64979,High_Endothelial_Venules,6
19_64981,unknown,14
19_64983,Tumor,12
19_64987,unknown,14
19_64990,unknown,14
19_64992,unknown,14
19_64998,unknown,14
19_65000,Plasma_IgG,10
19_65001,High_Endothelial_Venules,6
19_65005,unknown,14
19_65011,High_Endothelial_Venules,6
19_65013,Germinal_Center_Plasma_IgM_B_cell,5
19_65014,T_cell,11
19_65017,M1_macrophages,7
19_65019,T_cell,11
19_65020,High_Endothelial_Venules,6
19_65021,Tumor_Keratin_Pearl,13
19_65022,High_Endothelial_Venules,6
19_65025,T_cell,11
19_65027,High_Endothelial_Venules,6
19_65028,Germinal_Center_Plasma_IgM_B_cell,5
19_65029,unknown,14
19_65035,CAF,0
19_65040,Plasma_IgA,9
19_65043,Cytotoxic_IFN_signaling,3
19_65044,unknown,14
19_65052,unknown,14
19_65053,High_Endothelial_Venules,6
19_65054,M1_macrophages,7
19_65055,Fibroblasts,4
19_65058,T_cell,11
19_65064,unknown,14
19_65065,unknown,14
19_65067,unknown,14
19_65069,T_cell,11
19_65070,CAF,0
19_65071,M1_macrophages,7
19_65075,unknown,14
19_65076,T_cell,11
19_65078,M1_macrophages,7
19_65080,unknown,14
19_65088,unknown,14
19_65089,High_Endothelial_Venules,6
19_65096,unknown,14
19_65098,High_Endothelial_Venules,6
19_65100,High_Endothelial_Venules,6
19_65101,M1_macrophages,7
19_65102,CAF,0
19_65103,Tumor_Keratin_Pearl,13
19_65104,Tumor,12
19_65105,Plasma_IgG,10
19_65106,Germinal_Center_Plasma_IgM_B_cell,5
19_65107,unknown,14
19_65109,Tumor_Keratin_Pearl,13
19_65118,unknown,14
19_65119,unknown,14
19_65120,unknown,14
19_65126,unknown,14
19_65135,M1_macrophages,7
19_65136,Fibroblasts,4
19_65137,M1_macrophages,7
19_65138,M1_macrophages,7
19_65140,Plasma_IgA,9
19_65144,T_cell,11
19_65155,M1_macrophages,7
19_65156,M1_macrophages,7
19_65158,unknown,14
19_65159,T_cell,11
19_65160,unknown,14
19_65164,Germinal_Center_Plasma_IgM_B_cell,5
19_65166,CAF,0
19_65169,Plasma_IgA,9
19_65170,Germinal_Center_Plasma_IgM_B_cell,5
19_65171,Germinal_Center_Plasma_IgM_B_cell,5
19_65173,unknown,14
19_65180,unknown,14
19_65182,High_Endothelial_Venules,6
19_65183,Germinal_Center_Plasma_IgM_B_cell,5
19_65185,M1_macrophages,7
19_65187,M1_macrophages,7
19_65188,M1_macrophages,7
19_65189,Plasma_IgG,10
19_65193,High_Endothelial_Venules,6
19_65194,High_Endothelial_Venules,6
19_65196,M1_macrophages,7
19_65203,unknown,14
19_65205,M1_macrophages,7
19_65206,T_cell,11
19_65208,unknown,14
19_65209,unknown,14
19_65213,M1_macrophages,7
19_65221,T_cell,11
19_65222,T_cell,11
19_65223,Germinal_Center_Plasma_IgM_B_cell,5
19_65225,T_cell,11
19_65226,unknown,14
19_65227,Tumor_Keratin_Pearl,13
19_65231,M1_macrophages,7
19_65232,High_Endothelial_Venules,6
19_65233,unknown,14
19_65234,unknown,14
19_65237,Plasma_IgG,10
19_65238,Fibroblasts,4
19_65245,T_cell,11
19_65249,Tumor_Keratin_Pearl,13
19_65250,T_cell,11
19_65255,Plasma_IgA,9
19_65256,High_Endothelial_Venules,6
19_65258,Germinal_Center_Plasma_IgM_B_cell,5
19_65259,Germinal_Center_Plasma_IgM_B_cell,5
19_65260,unknown,14
19_65261,unknown,14
19_65271,M1_macrophages,7
19_65275,High_Endothelial_Venules,6
19_65276,Germinal_Center_Plasma_IgM_B_cell,5
19_65277,High_Endothelial_Venules,6
19_65278,Germinal_Center_Plasma_IgM_B_cell,5
19_65279,T_cell,11
19_65281,unknown,14
19_65283,Plasma_IgG,10
19_65292,M1_macrophages,7
19_65293,M1_macrophages,7
19_65296,M1_macrophages,7
19_65299,Tumor_Keratin_Pearl,13
19_65303,Germinal_Center_Plasma_IgM_B_cell,5
19_65307,High_Endothelial_Venules,6
19_65310,unknown,14
19_65311,M1_macrophages,7
19_65315,Plasma_IgG,10
19_65316,High_Endothelial_Venules,6
19_65320,unknown,14
19_65322,T_cell,11
19_65326,Plasma_IgG,10
19_65331,Plasma_IgG,10
19_65332,M1_macrophages,7
19_65337,T_cell,11
19_65339,T_cell,11
19_65342,unknown,14
19_65344,unknown,14
19_65349,unknown,14
19_65350,unknown,14
19_65351,unknown,14
19_65354,M1_macrophages,7
19_65355,M1_macrophages,7
19_65356,CAF,0
19_65359,M1_macrophages,7
19_65361,unknown,14
19_65364,unknown,14
19_65367,unknown,14
19_65370,M1_macrophages,7
19_65377,unknown,14
19_65379,T_cell,11
19_65381,T_cell,11
19_65382,M1_macrophages,7
19_65384,Plasma_IgG,10
19_65387,unknown,14
19_65388,unknown,14
19_65389,T_cell,11
19_65390,unknown,14
19_65391,T_cell,11
19_65392,Germinal_Center_Plasma_IgM_B_cell,5
19_65394,unknown,14
19_65397,Tumor,12
19_65410,Germinal_Center_Plasma_IgM_B_cell,5
19_65414,M1_macrophages,7
19_65417,Plasma_IgG,10
19_65418,unknown,14
19_65423,M1_macrophages,7
19_65425,Germinal_Center_Plasma_IgM_B_cell,5
19_65429,Germinal_Center_Plasma_IgM_B_cell,5
19_65430,unknown,14
19_65432,M1_macrophages,7
19_65434,unknown,14
19_65435,T_cell,11
19_65436,unknown,14
19_65441,M1_macrophages,7
19_65442,Fibroblasts,4
19_65444,Plasma_IgG,10
19_65445,CAF,0
19_65451,unknown,14
19_65456,M1_macrophages,7
19_65457,M1_macrophages,7
19_65458,M1_macrophages,7
19_65462,unknown,14
19_65463,High_Endothelial_Venules,6
19_65472,High_Endothelial_Venules,6
19_65474,unknown,14
19_65476,unknown,14
19_65479,CAF,0
19_65481,High_Endothelial_Venules,6
19_65485,CAF,0
19_65486,Plasma_IgG,10
19_65487,M1_macrophages,7
19_65489,High_Endothelial_Venules,6
19_65490,T_cell,11
19_65491,Tumor_Keratin_Pearl,13
19_65492,M1_macrophages,7
19_65494,Fibroblasts,4
19_65498,unknown,14
19_65503,M1_macrophages,7
19_65504,High_Endothelial_Venules,6
19_65507,unknown,14
19_65508,T_cell,11
19_65510,T_cell,11
19_65513,T_cell,11
19_65515,Germinal_Center_Plasma_IgM_B_cell,5
19_65517,Tumor_Keratin_Pearl,13
19_65518,Plasma_IgG,10
19_65524,unknown,14
19_65525,M1_macrophages,7
19_65526,M1_macrophages,7
19_65528,T_cell,11
19_65530,Germinal_Center_Plasma_IgM_B_cell,5
19_65531,Germinal_Center_Plasma_IgM_B_cell,5
19_65533,Germinal_Center_Plasma_IgM_B_cell,5
19_65541,T_cell,11
19_65546,Germinal_Center_Plasma_IgM_B_cell,5
19_65547,T_cell,11
19_65548,unknown,14
19_65549,Germinal_Center_Plasma_IgM_B_cell,5
19_65551,unknown,14
19_65553,M1_macrophages,7
19_65560,Plasma_IgA,9
19_65561,M1_macrophages,7
19_65564,T_cell,11
19_65565,unknown,14
19_65566,CAF,0
19_65577,M1_macrophages,7
19_65580,unknown,14
19_65581,M1_macrophages,7
19_65582,Plasma_IgG,10
19_65588,unknown,14
19_65589,Tumor_Keratin_Pearl,13
19_65593,unknown,14
19_65596,Plasma_IgA,9
19_65601,unknown,14
19_65604,M1_macrophages,7
19_65605,Tumor_Keratin_Pearl,13
19_65606,Plasma_IgG,10
19_65610,High_Endothelial_Venules,6
19_65618,M1_macrophages,7
19_65622,Plasma_IgG,10
19_65626,unknown,14
19_65628,M1_macrophages,7
19_65631,Germinal_Center_Plasma_IgM_B_cell,5
19_65632,unknown,14
19_65633,High_Endothelial_Venules,6
19_65634,Germinal_Center_Plasma_IgM_B_cell,5
19_65641,High_Endothelial_Venules,6
19_65642,unknown,14
19_65643,unknown,14
19_65645,unknown,14
19_65646,Tumor_Keratin_Pearl,13
19_65651,T_cell,11
19_65652,M1_macrophages,7
19_65653,unknown,14
19_65654,unknown,14
19_65657,Tumor_Keratin_Pearl,13
19_65659,M1_macrophages,7
19_65664,unknown,14
19_65667,unknown,14
19_65669,M1_macrophages,7
19_65670,Tumor,12
19_65671,unknown,14
19_65677,T_cell,11
19_65679,M1_macrophages,7
19_65680,unknown,14
19_65682,T_cell,11
19_65683,T_cell,11
19_65685,Tumor_Keratin_Pearl,13
19_65687,High_Endothelial_Venules,6
19_65689,unknown,14
19_65696,unknown,14
19_65697,unknown,14
19_65701,unknown,14
19_65702,unknown,14
19_65703,Fibroblasts,4
19_65711,unknown,14
19_65715,T_cell,11
19_65716,unknown,14
19_65723,T_cell,11
19_65725,High_Endothelial_Venules,6
19_65726,T_cell,11
19_65727,High_Endothelial_Venules,6
19_65728,Cortex_CCL21,2
19_65729,unknown,14
19_65730,Tumor_Keratin_Pearl,13
19_65731,M1_macrophages,7
19_65733,Macrophages,8
19_65740,Plasma_IgG,10
19_65741,Plasma_IgA,9
19_65745,unknown,14
19_65746,M1_macrophages,7
19_65757,T_cell,11
19_65760,T_cell,11
19_65761,Plasma_IgG,10
19_65762,Germinal_Center_Plasma_IgM_B_cell,5
19_65764,unknown,14
19_65765,M1_macrophages,7
19_65766,Fibroblasts,4
19_65767,M1_macrophages,7
19_65769,T_cell,11
19_65774,T_cell,11
19_65778,M1_macrophages,7
19_65784,T_cell,11
19_65787,M1_macrophages,7
19_65788,Plasma_IgG,10
19_65794,CAF,0
19_65799,unknown,14
19_65801,T_cell,11
19_65804,unknown,14
19_65805,M1_macrophages,7
19_65811,Plasma_IgA,9
19_65813,unknown,14
19_65820,M1_macrophages,7
19_65821,High_Endothelial_Venules,6
19_65826,unknown,14
19_65831,M1_macrophages,7
19_65836,Germinal_Center_Plasma_IgM_B_cell,5
19_65839,Plasma_IgG,10
19_65840,unknown,14
19_65841,unknown,14
19_65843,unknown,14
19_65844,Tumor_Keratin_Pearl,13
19_65845,Tumor,12
19_65846,M1_macrophages,7
19_65854,Tumor,12
19_65858,High_Endothelial_Venules,6
19_65860,unknown,14
19_65862,T_cell,11
19_65866,Plasma_IgG,10
19_65867,Plasma_IgA,9
19_65873,T_cell,11
19_65874,M1_macrophages,7
19_65877,CAF,0
19_65878,M1_macrophages,7
19_65883,unknown,14
19_65884,M1_macrophages,7
19_65891,High_Endothelial_Venules,6
19_65895,M1_macrophages,7
19_65896,Cortex_CCL21,2
19_65897,unknown,14
19_65902,unknown,14
19_65903,Germinal_Center_Plasma_IgM_B_cell,5
19_65904,T_cell,11
19_65911,unknown,14
19_65916,M1_macrophages,7
19_65917,M1_macrophages,7
19_65922,Germinal_Center_Plasma_IgM_B_cell,5
19_65926,T_cell,11
19_65931,Germinal_Center_Plasma_IgM_B_cell,5
19_65932,unknown,14
19_65933,unknown,14
19_65937,M1_macrophages,7
19_65939,Plasma_IgG,10
19_65943,High_Endothelial_Venules,6
19_65947,Plasma_IgG,10
19_65955,M1_macrophages,7
19_65957,T_cell,11
19_65958,Tumor_Keratin_Pearl,13
19_65965,M1_macrophages,7
19_65966,High_Endothelial_Venules,6
19_65967,CAF,0
19_65968,High_Endothelial_Venules,6
19_65969,M1_macrophages,7
19_65971,M1_macrophages,7
19_65972,Germinal_Center_Plasma_IgM_B_cell,5
19_65973,T_cell,11
19_65974,High_Endothelial_Venules,6
19_65975,M1_macrophages,7
19_65978,M1_macrophages,7
19_65983,High_Endothelial_Venules,6
19_65986,unknown,14
19_65987,M1_macrophages,7
19_65992,unknown,14
19_65993,unknown,14
19_65995,M1_macrophages,7
19_65997,T_cell,11
19_66000,M1_macrophages,7
19_66003,unknown,14
19_66004,unknown,14
19_66005,T_cell,11
19_66006,unknown,14
19_66007,High_Endothelial_Venules,6
19_66008,Tumor_Keratin_Pearl,13
19_66009,Germinal_Center_Plasma_IgM_B_cell,5
19_66010,M1_macrophages,7
19_66022,M1_macrophages,7
19_66023,Plasma_IgA,9
19_66025,T_cell,11
19_66027,M1_macrophages,7
19_66028,M1_macrophages,7
19_66034,Plasma_IgG,10
19_66036,Plasma_IgA,9
19_66037,M1_macrophages,7
19_66038,unknown,14
19_66039,High_Endothelial_Venules,6
19_66040,unknown,14
19_66042,T_cell,11
19_66043,T_cell,11
19_66045,CAF,0
19_66046,Fibroblasts,4
19_66050,M1_macrophages,7
19_66052,High_Endothelial_Venules,6
19_66055,T_cell,11
19_66056,M1_macrophages,7
19_66057,T_cell,11
19_66063,M1_macrophages,7
19_66066,Tumor,12
19_66070,unknown,14
19_66071,M1_macrophages,7
19_66073,unknown,14
19_66074,Germinal_Center_Plasma_IgM_B_cell,5
19_66075,Plasma_IgG,10
19_66076,Tumor_Keratin_Pearl,13
19_66080,M1_macrophages,7
19_66081,M1_macrophages,7
19_66084,T_cell,11
19_66090,Germinal_Center_Plasma_IgM_B_cell,5
19_66091,T_cell,11
19_66092,Plasma_IgA,9
19_66094,unknown,14
19_66101,unknown,14
19_66102,unknown,14
19_66103,unknown,14
19_66104,T_cell,11
19_66106,Tumor_Keratin_Pearl,13
19_66107,M1_macrophages,7
19_66111,T_cell,11
19_66115,High_Endothelial_Venules,6
19_66118,High_Endothelial_Venules,6
19_66125,unknown,14
19_66126,Tumor_Keratin_Pearl,13
19_66127,M1_macrophages,7
19_66130,T_cell,11
19_66131,unknown,14
19_66132,unknown,14
19_66133,High_Endothelial_Venules,6
19_66137,M1_macrophages,7
19_66138,M1_macrophages,7
19_66141,unknown,14
19_66142,T_cell,11
19_66143,M1_macrophages,7
19_66149,High_Endothelial_Venules,6
19_66151,unknown,14
19_66152,T_cell,11
19_66153,T_cell,11
19_66155,T_cell,11
19_66157,Plasma_IgA,9
19_66158,M1_macrophages,7
19_66163,unknown,14
19_66169,unknown,14
19_66170,Plasma_IgG,10
19_66172,CAF,0
19_66180,unknown,14
19_66181,M1_macrophages,7
19_66182,unknown,14
19_66184,CAF,0
19_66185,Fibroblasts,4
19_66189,T_cell,11
19_66191,M1_macrophages,7
19_66192,M1_macrophages,7
19_66193,M1_macrophages,7
19_66195,Tumor_Keratin_Pearl,13
19_66200,Fibroblasts,4
19_66207,Germinal_Center_Plasma_IgM_B_cell,5
19_66208,Plasma_IgG,10
19_66215,M1_macrophages,7
19_66216,Plasma_IgG,10
19_66218,unknown,14
19_66222,M1_macrophages,7
19_66228,T_cell,11
19_66229,T_cell,11
19_66230,unknown,14
19_66233,T_cell,11
19_66236,Fibroblasts,4
19_66238,M1_macrophages,7
19_66246,unknown,14
19_66250,Plasma_IgA,9
19_66251,M1_macrophages,7
19_66255,M1_macrophages,7
19_66256,M1_macrophages,7
19_66261,Tumor,12
19_66268,T_cell,11
19_66270,High_Endothelial_Venules,6
19_66271,Germinal_Center_Plasma_IgM_B_cell,5
19_66272,Tumor_Keratin_Pearl,13
19_66274,T_cell,11
19_66278,unknown,14
19_66279,T_cell,11
19_66280,M1_macrophages,7
19_66281,M1_macrophages,7
19_66283,unknown,14
19_66285,unknown,14
19_66294,Plasma_IgG,10
19_66295,unknown,14
19_66302,Germinal_Center_Plasma_IgM_B_cell,5
19_66303,unknown,14
19_66304,Plasma_IgA,9
19_66305,T_cell,11
19_66307,T_cell,11
19_66308,Cortex_CCL21,2
19_66309,M1_macrophages,7
19_66310,M1_macrophages,7
19_66312,M1_macrophages,7
19_66319,unknown,14
19_66320,T_cell,11
19_66322,High_Endothelial_Venules,6
19_66323,M1_macrophages,7
19_66324,M1_macrophages,7
19_66325,unknown,14
19_66329,T_cell,11
19_66330,T_cell,11
19_66332,M1_macrophages,7
19_66334,Fibroblasts,4
19_66337,T_cell,11
19_66338,Germinal_Center_Plasma_IgM_B_cell,5
19_66343,unknown,14
19_66344,M1_macrophages,7
19_66351,unknown,14
19_66354,T_cell,11
19_66355,unknown,14
19_66357,Plasma_IgG,10
19_66365,M1_macrophages,7
19_66366,Plasma_IgA,9
19_66369,High_Endothelial_Venules,6
19_66375,unknown,14
19_66376,M1_macrophages,7
19_66378,Fibroblasts,4
19_66380,M1_macrophages,7
19_66381,unknown,14
19_66382,unknown,14
19_66384,High_Endothelial_Venules,6
19_66386,Tumor_Keratin_Pearl,13
19_66388,Plasma_IgG,10
19_66390,Germinal_Center_Plasma_IgM_B_cell,5
19_66393,Plasma_IgA,9
19_66397,unknown,14
19_66399,M1_macrophages,7
19_66404,Germinal_Center_Plasma_IgM_B_cell,5
19_66405,unknown,14
19_66406,unknown,14
19_66408,High_Endothelial_Venules,6
19_66409,M1_macrophages,7
19_66411,M1_macrophages,7
19_66412,Germinal_Center_Plasma_IgM_B_cell,5
19_66419,unknown,14
19_66421,T_cell,11
19_66422,Plasma_IgG,10
19_66424,Tumor_Keratin_Pearl,13
19_66428,Germinal_Center_Plasma_IgM_B_cell,5
19_66433,T_cell,11
19_66434,T_cell,11
19_66439,T_cell,11
19_66441,unknown,14
19_66442,M1_macrophages,7
19_66443,M1_macrophages,7
19_66444,M1_macrophages,7
19_66446,unknown,14
19_66447,M1_macrophages,7
19_66452,unknown,14
19_66453,unknown,14
19_66457,M1_macrophages,7
19_66460,unknown,14
19_66461,unknown,14
19_66462,Plasma_IgA,9
19_66467,M1_macrophages,7
19_66471,unknown,14
19_66474,M1_macrophages,7
19_66475,unknown,14
19_66476,unknown,14
19_66477,M1_macrophages,7
19_66489,Plasma_IgG,10
19_66490,Germinal_Center_Plasma_IgM_B_cell,5
19_66491,unknown,14
19_66492,M1_macrophages,7
19_66494,Plasma_IgG,10
19_66503,T_cell,11
19_66506,High_Endothelial_Venules,6
19_66508,M1_macrophages,7
19_66515,unknown,14
19_66516,T_cell,11
19_66517,T_cell,11
19_66520,M1_macrophages,7
19_66521,Fibroblasts,4
19_66529,unknown,14
19_66530,M1_macrophages,7
19_66531,M1_macrophages,7
19_66532,CAF,0
19_66539,T_cell,11
19_66540,unknown,14
19_66541,High_Endothelial_Venules,6
19_66544,unknown,14
19_66545,unknown,14
19_66546,T_cell,11
19_66547,M1_macrophages,7
19_66553,M1_macrophages,7
19_66556,Tumor,12
19_66559,unknown,14
19_66562,M1_macrophages,7
19_66565,unknown,14
19_66567,M1_macrophages,7
19_66569,M1_macrophages,7
19_66571,M1_macrophages,7
19_66572,unknown,14
19_66578,High_Endothelial_Venules,6
19_66579,Plasma_IgG,10
19_66581,Plasma_IgG,10
19_66582,Germinal_Center_Plasma_IgM_B_cell,5
19_66585,M1_macrophages,7
19_66587,T_cell,11
19_66588,unknown,14
19_66590,Germinal_Center_Plasma_IgM_B_cell,5
19_66592,M1_macrophages,7
19_66593,M1_macrophages,7
19_66594,Tumor_Keratin_Pearl,13
19_66596,M1_macrophages,7
19_66598,M1_macrophages,7
19_66607,unknown,14
19_66608,M1_macrophages,7
19_66609,T_cell,11
19_66612,High_Endothelial_Venules,6
19_66613,M1_macrophages,7
19_66615,Germinal_Center_Plasma_IgM_B_cell,5
19_66620,T_cell,11
19_66621,Plasma_IgA,9
19_66622,unknown,14
19_66625,CAF,0
19_66631,Germinal_Center_Plasma_IgM_B_cell,5
19_66645,unknown,14
19_66646,unknown,14
19_66650,T_cell,11
19_66652,Tumor,12
19_66653,CAF,0
19_66656,unknown,14
19_66657,High_Endothelial_Venules,6
19_66661,High_Endothelial_Venules,6
19_66662,unknown,14
19_66663,unknown,14
19_66664,M1_macrophages,7
19_66672,M1_macrophages,7
19_66677,unknown,14
19_66678,M1_macrophages,7
19_66679,T_cell,11
19_66680,unknown,14
19_66682,Fibroblasts,4
19_66683,Plasma_IgG,10
19_66687,High_Endothelial_Venules,6
19_66696,T_cell,11
19_66698,High_Endothelial_Venules,6
19_66699,unknown,14
19_66701,unknown,14
19_66702,Germinal_Center_Plasma_IgM_B_cell,5
19_66703,M1_macrophages,7
19_66704,CAF,0
19_66709,unknown,14
19_66710,T_cell,11
19_66712,CAF,0
19_66713,High_Endothelial_Venules,6
19_66714,Germinal_Center_Plasma_IgM_B_cell,5
19_66715,M1_macrophages,7
19_66720,Germinal_Center_Plasma_IgM_B_cell,5
19_66722,unknown,14
19_66726,T_cell,11
19_66727,M1_macrophages,7
19_66728,unknown,14
19_66729,CAF,0
19_66733,unknown,14
19_66735,T_cell,11
19_66736,unknown,14
19_66737,High_Endothelial_Venules,6
19_66739,M1_macrophages,7
19_66744,T_cell,11
19_66746,M1_macrophages,7
19_66747,M1_macrophages,7
19_66749,unknown,14
19_66750,Germinal_Center_Plasma_IgM_B_cell,5
19_66751,unknown,14
19_66752,M1_macrophages,7
19_66753,M1_macrophages,7
19_66755,T_cell,11
19_66759,High_Endothelial_Venules,6
19_66760,unknown,14
19_66762,Germinal_Center_Plasma_IgM_B_cell,5
19_66763,unknown,14
19_66764,Plasma_IgG,10
19_66766,CAF,0
19_66767,Tumor_Keratin_Pearl,13
19_66768,Tumor_Keratin_Pearl,13
19_66769,M1_macrophages,7
19_66773,Plasma_IgG,10
19_66774,Germinal_Center_Plasma_IgM_B_cell,5
19_66775,M1_macrophages,7
19_66776,Germinal_Center_Plasma_IgM_B_cell,5
19_66777,M1_macrophages,7
19_66779,High_Endothelial_Venules,6
19_66780,Plasma_IgG,10
19_66785,Plasma_IgG,10
19_66788,unknown,14
19_66793,Plasma_IgG,10
19_66794,unknown,14
19_66797,T_cell,11
19_66798,Germinal_Center_Plasma_IgM_B_cell,5
19_66799,Plasma_IgG,10
19_66809,Plasma_IgG,10
19_66811,unknown,14
19_66812,T_cell,11
19_66813,Fibroblasts,4
19_66814,CAM,1
19_66815,Plasma_IgG,10
19_66817,Plasma_IgG,10
19_66823,High_Endothelial_Venules,6
19_66826,M1_macrophages,7
19_66827,M1_macrophages,7
19_66828,unknown,14
19_66835,Plasma_IgG,10
19_66838,M1_macrophages,7
19_66842,High_Endothelial_Venules,6
19_66843,M1_macrophages,7
19_66847,Germinal_Center_Plasma_IgM_B_cell,5
19_66849,High_Endothelial_Venules,6
19_66851,unknown,14
19_66857,Germinal_Center_Plasma_IgM_B_cell,5
19_66858,unknown,14
19_66860,M1_macrophages,7
19_66861,Plasma_IgG,10
19_66862,Plasma_IgG,10
19_66863,unknown,14
19_66864,Plasma_IgG,10
19_66865,Germinal_Center_Plasma_IgM_B_cell,5
19_66866,T_cell,11
19_66867,unknown,14
19_66868,unknown,14
19_66869,M1_macrophages,7
19_66870,unknown,14
19_66875,M1_macrophages,7
19_66877,Plasma_IgG,10
19_66878,CAF,0
19_66880,M1_macrophages,7
19_66885,High_Endothelial_Venules,6
19_66887,Plasma_IgG,10
19_66891,M1_macrophages,7
19_66893,Germinal_Center_Plasma_IgM_B_cell,5
19_66896,M1_macrophages,7
19_66905,M1_macrophages,7
19_66906,M1_macrophages,7
19_66907,M1_macrophages,7
19_66908,M1_macrophages,7
19_66909,Fibroblasts,4
19_66919,T_cell,11
19_66920,unknown,14
19_66925,Plasma_IgA,9
19_66926,unknown,14
19_66931,M1_macrophages,7
19_66935,M1_macrophages,7
19_66936,M1_macrophages,7
19_66937,unknown,14
19_66938,unknown,14
19_66939,T_cell,11
19_66940,unknown,14
19_66941,unknown,14
19_66943,Plasma_IgA,9
19_66944,T_cell,11
19_66946,Plasma_IgG,10
19_66947,M1_macrophages,7
19_66948,High_Endothelial_Venules,6
19_66950,T_cell,11
19_66952,Plasma_IgG,10
19_66953,Tumor,12
19_66954,Germinal_Center_Plasma_IgM_B_cell,5
19_66955,CAF,0
19_66958,High_Endothelial_Venules,6
19_66960,T_cell,11
19_66961,unknown,14
19_66962,unknown,14
19_66963,M1_macrophages,7
19_66964,M1_macrophages,7
19_66966,unknown,14
19_66968,T_cell,11
19_66969,T_cell,11
19_66975,unknown,14
19_66981,T_cell,11
19_66982,M1_macrophages,7
19_66983,CAF,0
19_66984,High_Endothelial_Venules,6
19_66989,Plasma_IgA,9
19_66990,unknown,14
19_66993,M1_macrophages,7
19_66997,T_cell,11
19_66998,Germinal_Center_Plasma_IgM_B_cell,5
19_66999,M1_macrophages,7
19_67001,M1_macrophages,7
19_67002,M1_macrophages,7
19_67003,M1_macrophages,7
19_67004,M1_macrophages,7
19_67005,Plasma_IgG,10
19_67006,Plasma_IgG,10
19_67011,T_cell,11
19_67016,T_cell,11
19_67017,T_cell,11
19_67018,M1_macrophages,7
19_67022,T_cell,11
19_67023,unknown,14
19_67025,unknown,14
19_67026,M1_macrophages,7
19_67027,Plasma_IgA,9
19_67028,Fibroblasts,4
19_67036,unknown,14
19_67037,CAF,0
19_67038,M1_macrophages,7
19_67046,unknown,14
19_67049,unknown,14
19_67054,T_cell,11
19_67057,unknown,14
19_67058,High_Endothelial_Venules,6
19_67060,M1_macrophages,7
19_67061,M1_macrophages,7
19_67062,M1_macrophages,7
19_67064,unknown,14
19_67065,T_cell,11
19_67066,High_Endothelial_Venules,6
19_67072,CAF,0
19_67073,CAF,0
19_67074,CAF,0
19_67075,Plasma_IgG,10
19_67079,unknown,14
19_67080,unknown,14
19_67081,M1_macrophages,7
19_67084,M1_macrophages,7
19_67085,M1_macrophages,7
19_67094,M1_macrophages,7
19_67095,unknown,14
19_67097,M1_macrophages,7
19_67101,Germinal_Center_Plasma_IgM_B_cell,5
19_67105,M1_macrophages,7
19_67106,M1_macrophages,7
19_67109,unknown,14
19_67111,Plasma_IgG,10
19_67112,unknown,14
19_67113,Plasma_IgG,10
19_67114,Plasma_IgG,10
19_67119,unknown,14
19_67120,unknown,14
19_67121,unknown,14
19_67124,Plasma_IgG,10
19_67126,Plasma_IgA,9
19_67129,M1_macrophages,7
19_67130,M1_macrophages,7
19_67131,M1_macrophages,7
19_67139,High_Endothelial_Venules,6
19_67145,High_Endothelial_Venules,6
19_67146,unknown,14
19_67148,M1_macrophages,7
19_67150,unknown,14
19_67151,unknown,14
19_67152,M1_macrophages,7
19_67153,M1_macrophages,7
19_67154,Plasma_IgG,10
19_67155,T_cell,11
19_67156,Germinal_Center_Plasma_IgM_B_cell,5
19_67157,M1_macrophages,7
19_67159,Plasma_IgG,10
19_67164,M1_macrophages,7
19_67165,unknown,14
19_67167,T_cell,11
19_67168,unknown,14
19_67176,unknown,14
19_67177,Germinal_Center_Plasma_IgM_B_cell,5
19_67178,M1_macrophages,7
19_67179,M1_macrophages,7
19_67196,unknown,14
19_67198,unknown,14
19_67200,Tumor_Keratin_Pearl,13
19_67201,M1_macrophages,7
19_67208,unknown,14
19_67209,Plasma_IgA,9
19_67222,High_Endothelial_Venules,6
19_67224,M1_macrophages,7
19_67225,M1_macrophages,7
19_67235,Plasma_IgA,9
19_67236,unknown,14
19_67238,unknown,14
19_67239,Plasma_IgA,9
19_67247,High_Endothelial_Venules,6
19_67248,T_cell,11
19_67251,High_Endothelial_Venules,6
19_67257,Fibroblasts,4
19_67260,M1_macrophages,7
19_67267,Plasma_IgG,10
19_67272,M1_macrophages,7
19_67277,Tumor_Keratin_Pearl,13
19_67278,Plasma_IgG,10
19_67283,High_Endothelial_Venules,6
19_67286,High_Endothelial_Venules,6
19_67288,Fibroblasts,4
19_67289,Tumor_Keratin_Pearl,13
19_67294,High_Endothelial_Venules,6
19_67298,Plasma_IgA,9
19_67303,Plasma_IgG,10
19_67304,Plasma_IgA,9
19_67305,unknown,14
19_67307,Plasma_IgA,9
19_67308,Plasma_IgG,10
19_67309,M1_macrophages,7
19_67313,unknown,14
19_67314,Plasma_IgA,9
19_67316,Plasma_IgG,10
19_67317,Plasma_IgG,10
19_67319,M1_macrophages,7
19_67325,CAF,0
19_67326,CAF,0
19_67328,Plasma_IgG,10
19_67331,unknown,14
19_67332,High_Endothelial_Venules,6
19_67333,CAF,0
19_67335,CAF,0
19_67345,unknown,14
19_67348,High_Endothelial_Venules,6
19_67349,CAF,0
19_67353,M1_macrophages,7
19_67356,unknown,14
19_67357,unknown,14
19_67359,M1_macrophages,7
19_67360,T_cell,11
19_67365,High_Endothelial_Venules,6
19_67366,unknown,14
19_67368,M1_macrophages,7
19_67369,M1_macrophages,7
19_67371,T_cell,11
19_67373,High_Endothelial_Venules,6
19_67375,Tumor,12
19_67376,CAF,0
19_67381,Plasma_IgG,10
19_67382,unknown,14
19_67385,High_Endothelial_Venules,6
19_67386,High_Endothelial_Venules,6
19_67388,Fibroblasts,4
19_67389,Plasma_IgG,10
19_67390,M1_macrophages,7
19_67392,T_cell,11
19_67394,Plasma_IgG,10
19_67400,unknown,14
19_67401,High_Endothelial_Venules,6
19_67402,CAF,0
19_67409,High_Endothelial_Venules,6
19_67414,T_cell,11
19_67417,unknown,14
19_67418,CAF,0
19_67421,M1_macrophages,7
19_67422,unknown,14
19_67424,unknown,14
19_67425,T_cell,11
19_67426,Plasma_IgG,10
19_67428,M1_macrophages,7
19_67434,unknown,14
19_67436,M1_macrophages,7
19_67438,M1_macrophages,7
19_67444,Plasma_IgG,10
19_67445,High_Endothelial_Venules,6
19_67447,CAF,0
19_67448,M1_macrophages,7
19_67458,unknown,14
19_67461,M1_macrophages,7
19_67462,Plasma_IgG,10
19_67464,unknown,14
19_67465,Tumor,12
19_67474,M1_macrophages,7
19_67475,unknown,14
19_67476,Plasma_IgG,10
19_67477,unknown,14
19_67478,M1_macrophages,7
19_67486,High_Endothelial_Venules,6
19_67487,M1_macrophages,7
19_67494,CAF,0
19_67500,M1_macrophages,7
19_67502,unknown,14
19_67503,unknown,14
19_67507,M1_macrophages,7
19_67514,High_Endothelial_Venules,6
19_67516,High_Endothelial_Venules,6
19_67517,M1_macrophages,7
19_67520,M1_macrophages,7
19_67525,unknown,14
19_67526,T_cell,11
19_67527,unknown,14
19_67528,unknown,14
19_67535,Plasma_IgG,10
19_67536,Plasma_IgG,10
19_67538,T_cell,11
19_67539,M1_macrophages,7
19_67540,unknown,14
19_67547,Tumor_Keratin_Pearl,13
19_67548,Fibroblasts,4
19_67550,unknown,14
19_67552,T_cell,11
19_67555,High_Endothelial_Venules,6
19_67560,T_cell,11
19_67561,unknown,14
19_67572,unknown,14
19_67575,Plasma_IgG,10
19_67578,M1_macrophages,7
19_67583,T_cell,11
19_67584,M1_macrophages,7
19_67586,Plasma_IgG,10
19_67590,Plasma_IgG,10
19_67593,unknown,14
19_67594,unknown,14
19_67595,High_Endothelial_Venules,6
19_67596,High_Endothelial_Venules,6
19_67599,Tumor_Keratin_Pearl,13
19_67600,M1_macrophages,7
19_67605,unknown,14
19_67613,Plasma_IgA,9
19_67614,Plasma_IgA,9
19_67616,M1_macrophages,7
19_67618,M1_macrophages,7
19_67623,Germinal_Center_Plasma_IgM_B_cell,5
19_67624,unknown,14
19_67626,unknown,14
19_67628,Fibroblasts,4
19_67629,M1_macrophages,7
19_67630,M1_macrophages,7
19_67631,Germinal_Center_Plasma_IgM_B_cell,5
19_67632,High_Endothelial_Venules,6
19_67633,M1_macrophages,7
19_67637,T_cell,11
19_67639,T_cell,11
19_67653,Plasma_IgG,10
19_67654,M1_macrophages,7
19_67656,CAF,0
19_67657,unknown,14
19_67665,Germinal_Center_Plasma_IgM_B_cell,5
19_67667,Plasma_IgG,10
19_67675,Germinal_Center_Plasma_IgM_B_cell,5
19_67678,T_cell,11
19_67679,Germinal_Center_Plasma_IgM_B_cell,5
19_67680,CAM,1
19_67682,Germinal_Center_Plasma_IgM_B_cell,5
19_67683,Germinal_Center_Plasma_IgM_B_cell,5
19_67685,T_cell,11
19_67686,Germinal_Center_Plasma_IgM_B_cell,5
19_67687,unknown,14
19_67688,M1_macrophages,7
19_67697,unknown,14
19_67702,Germinal_Center_Plasma_IgM_B_cell,5
19_67703,unknown,14
19_67704,Tumor,12
19_67717,Plasma_IgG,10
19_67718,Tumor_Keratin_Pearl,13
19_67720,M1_macrophages,7
19_67724,M1_macrophages,7
19_67726,Plasma_IgA,9
19_67727,Plasma_IgG,10
19_67730,High_Endothelial_Venules,6
19_67731,High_Endothelial_Venules,6
19_67732,M1_macrophages,7
19_67733,M1_macrophages,7
19_67748,unknown,14
19_67750,Plasma_IgG,10
19_67751,M1_macrophages,7
19_67752,Plasma_IgG,10
19_67761,M1_macrophages,7
19_67764,Plasma_IgG,10
19_67765,Germinal_Center_Plasma_IgM_B_cell,5
19_67766,unknown,14
19_67770,unknown,14
19_67771,T_cell,11
19_67772,unknown,14
19_67773,M1_macrophages,7
19_67776,High_Endothelial_Venules,6
19_67778,T_cell,11
19_67779,M1_macrophages,7
19_67781,T_cell,11
19_67782,M1_macrophages,7
19_67783,M1_macrophages,7
19_67790,Plasma_IgG,10
19_67794,Plasma_IgG,10
19_67797,unknown,14
19_67799,unknown,14
19_67800,Tumor_Keratin_Pearl,13
19_67802,M1_macrophages,7
19_67805,Plasma_IgA,9
19_67806,Plasma_IgA,9
19_67808,Plasma_IgA,9
19_67809,Tumor,12
19_67810,Germinal_Center_Plasma_IgM_B_cell,5
19_67813,unknown,14
19_67814,M1_macrophages,7
19_67815,unknown,14
19_67819,High_Endothelial_Venules,6
19_67824,Plasma_IgG,10
19_67825,Germinal_Center_Plasma_IgM_B_cell,5
19_67827,Plasma_IgG,10
19_67828,Plasma_IgG,10
19_67829,M1_macrophages,7
19_67832,unknown,14
19_67834,Plasma_IgG,10
19_67835,Plasma_IgG,10
19_67836,M1_macrophages,7
19_67837,M1_macrophages,7
19_67841,Plasma_IgA,9
19_67846,Tumor,12
19_67847,M1_macrophages,7
19_67852,unknown,14
19_67853,unknown,14
19_67854,unknown,14
19_67857,High_Endothelial_Venules,6
19_67858,Plasma_IgG,10
19_67859,M1_macrophages,7
19_67868,T_cell,11
19_67869,unknown,14
19_67870,Plasma_IgA,9
19_67876,Plasma_IgG,10
19_67878,CAF,0
19_67879,M1_macrophages,7
19_67881,Plasma_IgG,10
19_67882,T_cell,11
19_67883,Plasma_IgA,9
19_67884,Plasma_IgG,10
19_67893,Plasma_IgG,10
19_67894,Plasma_IgG,10
19_67897,High_Endothelial_Venules,6
19_67901,unknown,14
19_67905,unknown,14
19_67907,M1_macrophages,7
19_67913,unknown,14
19_67915,unknown,14
19_67916,T_cell,11
19_67917,Germinal_Center_Plasma_IgM_B_cell,5
19_67923,M1_macrophages,7
19_67924,Germinal_Center_Plasma_IgM_B_cell,5
19_67931,T_cell,11
19_67932,M1_macrophages,7
19_67934,Germinal_Center_Plasma_IgM_B_cell,5
19_67940,unknown,14
19_67941,M1_macrophages,7
19_67942,Plasma_IgG,10
19_67944,M1_macrophages,7
19_67951,CAF,0
19_67952,Tumor_Keratin_Pearl,13
19_67953,M1_macrophages,7
19_67973,M1_macrophages,7
19_67974,Fibroblasts,4
19_67975,Fibroblasts,4
19_67977,Tumor,12
19_67978,M1_macrophages,7
19_67979,Germinal_Center_Plasma_IgM_B_cell,5
19_67987,unknown,14
19_67988,T_cell,11
19_67989,M1_macrophages,7
19_67990,Plasma_IgG,10
19_67991,M1_macrophages,7
19_67993,High_Endothelial_Venules,6
19_68000,unknown,14
19_68001,High_Endothelial_Venules,6
19_68003,unknown,14
19_68004,Plasma_IgG,10
19_68005,Plasma_IgG,10
19_68013,Plasma_IgG,10
19_68014,CAF,0
19_68015,M1_macrophages,7
19_68016,M1_macrophages,7
19_68023,unknown,14
19_68024,CAF,0
19_68026,M1_macrophages,7
19_68029,Germinal_Center_Plasma_IgM_B_cell,5
19_68032,T_cell,11
19_68039,T_cell,11
19_68040,Plasma_IgA,9
19_68048,M1_macrophages,7
19_68053,Plasma_IgG,10
19_68054,M1_macrophages,7
19_68055,M1_macrophages,7
19_68064,Plasma_IgG,10
19_68071,unknown,14
19_68072,Plasma_IgA,9
19_68077,unknown,14
19_68078,unknown,14
19_68081,Plasma_IgA,9
19_68083,CAF,0
19_68084,unknown,14
19_68086,High_Endothelial_Venules,6
19_68087,M1_macrophages,7
19_68090,High_Endothelial_Venules,6
19_68102,unknown,14
19_68103,M1_macrophages,7
19_68107,Plasma_IgG,10
19_68109,unknown,14
19_68114,M1_macrophages,7
19_68119,T_cell,11
19_68120,unknown,14
19_68121,unknown,14
19_68129,Plasma_IgG,10
19_68136,High_Endothelial_Venules,6
19_68139,M1_macrophages,7
19_68140,M1_macrophages,7
19_68141,M1_macrophages,7
19_68147,unknown,14
19_68148,M1_macrophages,7
19_68149,Plasma_IgG,10
19_68150,High_Endothelial_Venules,6
19_68155,T_cell,11
19_68157,unknown,14
19_68163,M1_macrophages,7
19_68175,Plasma_IgA,9
19_68176,M1_macrophages,7
19_68182,unknown,14
19_68184,Plasma_IgG,10
19_68186,Plasma_IgA,9
19_68190,Cytotoxic_IFN_signaling,3
19_68193,unknown,14
19_68198,M1_macrophages,7
19_68206,Plasma_IgG,10
19_68208,Plasma_IgA,9
19_68210,Tumor,12
19_68212,unknown,14
19_68213,M1_macrophages,7
19_68214,High_Endothelial_Venules,6
19_68215,Tumor_Keratin_Pearl,13
19_68216,unknown,14
19_68217,unknown,14
19_68220,M1_macrophages,7
19_68227,Germinal_Center_Plasma_IgM_B_cell,5
19_68229,Plasma_IgG,10
19_68231,M1_macrophages,7
19_68239,unknown,14
19_68241,M1_macrophages,7
19_68242,Plasma_IgG,10
19_68243,Tumor_Keratin_Pearl,13
19_68244,CAF,0
19_68245,Germinal_Center_Plasma_IgM_B_cell,5
19_68253,Germinal_Center_Plasma_IgM_B_cell,5
19_68255,Plasma_IgG,10
19_68257,M1_macrophages,7
19_68264,Germinal_Center_Plasma_IgM_B_cell,5
19_68265,T_cell,11
19_68270,M1_macrophages,7
19_68272,CAF,0
19_68273,Fibroblasts,4
19_68274,M1_macrophages,7
19_68286,Tumor_Keratin_Pearl,13
19_68287,High_Endothelial_Venules,6
19_68294,M1_macrophages,7
19_68296,CAF,0
19_68297,Fibroblasts,4
19_68301,M1_macrophages,7
19_68303,Plasma_IgG,10
19_68308,High_Endothelial_Venules,6
19_68309,M1_macrophages,7
19_68310,unknown,14
19_68312,Fibroblasts,4
19_68313,Plasma_IgG,10
19_68317,High_Endothelial_Venules,6
19_68322,M1_macrophages,7
19_68323,CAF,0
19_68324,M1_macrophages,7
19_68331,T_cell,11
19_68335,Tumor,12
19_68336,CAF,0
19_68337,M1_macrophages,7
19_68344,unknown,14
19_68353,T_cell,11
19_68361,unknown,14
19_68362,unknown,14
19_68363,unknown,14
19_68365,M1_macrophages,7
19_68366,CAF,0
19_68367,M1_macrophages,7
19_68368,Fibroblasts,4
19_68370,T_cell,11
19_68372,M1_macrophages,7
19_68373,High_Endothelial_Venules,6
19_68374,unknown,14
19_68377,Plasma_IgG,10
19_68378,CAF,0
19_68379,CAF,0
19_68385,unknown,14
19_68386,unknown,14
19_68387,Plasma_IgA,9
19_68391,Plasma_IgG,10
19_68392,Plasma_IgG,10
19_68393,CAF,0
19_68394,CAF,0
19_68395,M1_macrophages,7
19_68401,unknown,14
19_68404,T_cell,11
19_68405,High_Endothelial_Venules,6
19_68407,T_cell,11
19_68408,Tumor_Keratin_Pearl,13
19_68409,unknown,14
19_68412,High_Endothelial_Venules,6
19_68415,M1_macrophages,7
19_68416,CAF,0
19_68417,M1_macrophages,7
19_68421,unknown,14
19_68429,Plasma_IgG,10
19_68433,unknown,14
19_68436,CAF,0
19_68437,Tumor,12
19_68438,Tumor_Keratin_Pearl,13
19_68444,Plasma_IgA,9
19_68465,High_Endothelial_Venules,6
19_68467,M1_macrophages,7
19_68471,High_Endothelial_Venules,6
19_68474,M1_macrophages,7
19_68475,M1_macrophages,7
19_68481,unknown,14
19_68484,Tumor,12
19_68485,Tumor_Keratin_Pearl,13
19_68490,Plasma_IgA,9
19_68491,M1_macrophages,7
19_68494,Plasma_IgA,9
19_68495,M1_macrophages,7
19_68499,High_Endothelial_Venules,6
19_68503,unknown,14
19_68504,unknown,14
19_68505,unknown,14
19_68511,M1_macrophages,7
19_68515,unknown,14
19_68522,Germinal_Center_Plasma_IgM_B_cell,5
19_68523,High_Endothelial_Venules,6
19_68527,Plasma_IgG,10
19_68528,Fibroblasts,4
19_68533,T_cell,11
19_68534,M1_macrophages,7
19_68535,Plasma_IgA,9
19_68537,High_Endothelial_Venules,6
19_68544,unknown,14
19_68550,unknown,14
19_68551,unknown,14
19_68555,High_Endothelial_Venules,6
19_68556,Plasma_IgG,10
19_68557,Tumor,12
19_68558,M1_macrophages,7
19_68562,Germinal_Center_Plasma_IgM_B_cell,5
19_68565,Plasma_IgG,10
19_68568,unknown,14
19_68569,M1_macrophages,7
19_68570,M1_macrophages,7
19_68571,unknown,14
19_68572,Fibroblasts,4
19_68578,unknown,14
19_68580,M1_macrophages,7
19_68582,High_Endothelial_Venules,6
19_68587,High_Endothelial_Venules,6
19_68588,unknown,14
19_68591,unknown,14
19_68592,Germinal_Center_Plasma_IgM_B_cell,5
19_68593,High_Endothelial_Venules,6
19_68594,Germinal_Center_Plasma_IgM_B_cell,5
19_68595,Plasma_IgG,10
19_68597,unknown,14
19_68598,Fibroblasts,4
19_68599,High_Endothelial_Venules,6
19_68603,Plasma_IgG,10
19_68604,unknown,14
19_68606,M1_macrophages,7
19_68611,Plasma_IgG,10
19_68612,High_Endothelial_Venules,6
19_68613,Tumor,12
19_68614,Macrophages,8
19_68615,M1_macrophages,7
19_68618,T_cell,11
19_68619,unknown,14
19_68620,unknown,14
19_68621,unknown,14
19_68625,unknown,14
19_68628,M1_macrophages,7
19_68629,M1_macrophages,7
19_68634,unknown,14
19_68638,unknown,14
19_68640,unknown,14
19_68642,Plasma_IgG,10
19_68643,T_cell,11
19_68645,M1_macrophages,7
19_68652,unknown,14
19_68656,Fibroblasts,4
19_68657,Tumor,12
19_68658,M1_macrophages,7
19_68665,unknown,14
19_68666,Tumor,12
19_68674,M1_macrophages,7
19_68675,CAF,0
19_68682,M1_macrophages,7
19_68692,unknown,14
19_68693,M1_macrophages,7
19_68695,M1_macrophages,7
19_68703,High_Endothelial_Venules,6
19_68704,High_Endothelial_Venules,6
19_68705,Plasma_IgG,10
19_68707,M1_macrophages,7
19_68708,Germinal_Center_Plasma_IgM_B_cell,5
19_68710,unknown,14
19_68713,Plasma_IgG,10
19_68715,M1_macrophages,7
19_68717,M1_macrophages,7
19_68719,High_Endothelial_Venules,6
19_68720,Germinal_Center_Plasma_IgM_B_cell,5
19_68721,unknown,14
19_68724,Plasma_IgG,10
19_68725,Plasma_IgG,10
19_68727,CAF,0
19_68734,T_cell,11
19_68737,High_Endothelial_Venules,6
19_68747,unknown,14
19_68748,M1_macrophages,7
19_68749,CAF,0
19_68750,unknown,14
19_68754,T_cell,11
19_68756,Germinal_Center_Plasma_IgM_B_cell,5
19_68757,unknown,14
19_68763,T_cell,11
19_68765,High_Endothelial_Venules,6
19_68766,M1_macrophages,7
19_68774,M1_macrophages,7
19_68777,Fibroblasts,4
19_68783,T_cell,11
19_68789,M1_macrophages,7
19_68793,Plasma_IgA,9
19_68794,unknown,14
19_68798,Tumor_Keratin_Pearl,13
19_68799,CAF,0
19_68801,M1_macrophages,7
19_68805,unknown,14
19_68807,M1_macrophages,7
19_68808,T_cell,11
19_68810,M1_macrophages,7
19_68813,T_cell,11
19_68815,unknown,14
19_68816,M1_macrophages,7
19_68818,M1_macrophages,7
19_68820,M1_macrophages,7
19_68825,M1_macrophages,7
19_68828,T_cell,11
19_68834,Plasma_IgG,10
19_68835,M1_macrophages,7
19_68838,Plasma_IgA,9
19_68840,CAF,0
19_68843,unknown,14
19_68844,M1_macrophages,7
19_68846,High_Endothelial_Venules,6
19_68847,M1_macrophages,7
19_68851,Plasma_IgG,10
19_68852,Plasma_IgG,10
19_68855,M1_macrophages,7
19_68856,High_Endothelial_Venules,6
19_68857,High_Endothelial_Venules,6
19_68858,unknown,14
19_68859,unknown,14
19_68860,Fibroblasts,4
19_68861,M1_macrophages,7
19_68862,M1_macrophages,7
19_68864,Germinal_Center_Plasma_IgM_B_cell,5
19_68867,High_Endothelial_Venules,6
19_68868,Plasma_IgG,10
19_68869,unknown,14
19_68870,M1_macrophages,7
19_68872,Plasma_IgG,10
19_68875,unknown,14
19_68877,High_Endothelial_Venules,6
19_68878,Plasma_IgG,10
19_68879,unknown,14
19_68880,M1_macrophages,7
19_68885,Plasma_IgG,10
19_68886,unknown,14
19_68889,M1_macrophages,7
19_68890,unknown,14
19_68891,M1_macrophages,7
19_68894,Germinal_Center_Plasma_IgM_B_cell,5
19_68896,unknown,14
19_68899,High_Endothelial_Venules,6
19_68900,unknown,14
19_68901,M1_macrophages,7
19_68902,Plasma_IgA,9
19_68905,unknown,14
19_68906,unknown,14
19_68907,unknown,14
19_68908,High_Endothelial_Venules,6
19_68910,High_Endothelial_Venules,6
19_68911,M1_macrophages,7
19_68912,M1_macrophages,7
19_68914,Tumor_Keratin_Pearl,13
19_68916,M1_macrophages,7
19_68922,unknown,14
19_68924,Plasma_IgG,10
19_68925,M1_macrophages,7
19_68926,M1_macrophages,7
19_68929,M1_macrophages,7
19_68930,unknown,14
19_68931,High_Endothelial_Venules,6
19_68934,M1_macrophages,7
19_68940,Plasma_IgG,10
19_68941,Germinal_Center_Plasma_IgM_B_cell,5
19_68945,unknown,14
19_68946,High_Endothelial_Venules,6
19_68948,Plasma_IgA,9
19_68952,CAF,0
19_68957,M1_macrophages,7
19_68958,T_cell,11
19_68960,Tumor,12
19_68962,M1_macrophages,7
19_68963,High_Endothelial_Venules,6
19_68968,unknown,14
19_68971,T_cell,11
19_68972,CAF,0
19_68975,unknown,14
19_68976,Germinal_Center_Plasma_IgM_B_cell,5
19_68983,Germinal_Center_Plasma_IgM_B_cell,5
19_68984,unknown,14
19_68985,unknown,14
19_68986,M1_macrophages,7
19_68990,CAF,0
19_68991,Fibroblasts,4
19_68996,unknown,14
19_69002,CAF,0
19_69003,M1_macrophages,7
19_69009,unknown,14
19_69012,M1_macrophages,7
19_69013,M1_macrophages,7
19_69019,M1_macrophages,7
19_69021,M1_macrophages,7
19_69026,T_cell,11
19_69030,CAF,0
19_69037,High_Endothelial_Venules,6
19_69038,T_cell,11
19_69040,T_cell,11
19_69042,unknown,14
19_69044,High_Endothelial_Venules,6
19_69047,CAF,0
19_69048,Plasma_IgG,10
19_69052,M1_macrophages,7
19_69053,Plasma_IgG,10
19_69054,High_Endothelial_Venules,6
19_69058,T_cell,11
19_69059,unknown,14
19_69060,unknown,14
19_69064,M1_macrophages,7
19_69065,unknown,14
19_69066,M1_macrophages,7
19_69067,unknown,14
19_69069,Plasma_IgG,10
19_69070,M1_macrophages,7
19_69075,Tumor,12
19_69079,Plasma_IgA,9
19_69080,Plasma_IgG,10
19_69082,CAF,0
19_69083,CAF,0
19_69084,CAF,0
19_69092,M1_macrophages,7
19_69093,Plasma_IgA,9
19_69094,T_cell,11
19_69095,unknown,14
19_69097,Germinal_Center_Plasma_IgM_B_cell,5
19_69098,M1_macrophages,7
19_69103,High_Endothelial_Venules,6
19_69104,CAF,0
19_69106,unknown,14
19_69107,T_cell,11
19_69108,Germinal_Center_Plasma_IgM_B_cell,5
19_69109,Plasma_IgG,10
19_69112,CAF,0
19_69113,unknown,14
19_69117,unknown,14
19_69121,unknown,14
19_69126,Germinal_Center_Plasma_IgM_B_cell,5
19_69128,M1_macrophages,7
19_69132,M1_macrophages,7
19_69134,Germinal_Center_Plasma_IgM_B_cell,5
19_69135,M1_macrophages,7
19_69136,M1_macrophages,7
19_69142,unknown,14
19_69145,Germinal_Center_Plasma_IgM_B_cell,5
19_69147,T_cell,11
19_69148,M1_macrophages,7
19_69152,High_Endothelial_Venules,6
19_69154,T_cell,11
19_69155,M1_macrophages,7
19_69156,High_Endothelial_Venules,6
19_69159,T_cell,11
19_69164,Plasma_IgG,10
19_69166,unknown,14
19_69171,M1_macrophages,7
19_69179,M1_macrophages,7
19_69180,Macrophages,8
19_69181,M1_macrophages,7
19_69183,Plasma_IgG,10
19_69188,M1_macrophages,7
19_69189,CAF,0
19_69190,Fibroblasts,4
19_69193,Plasma_IgA,9
19_69194,Plasma_IgA,9
19_69199,M1_macrophages,7
19_69201,M1_macrophages,7
19_69203,T_cell,11
19_69205,unknown,14
19_69206,T_cell,11
19_69207,T_cell,11
19_69208,High_Endothelial_Venules,6
19_69209,M1_macrophages,7
19_69213,M1_macrophages,7
19_69215,Plasma_IgG,10
19_69216,Fibroblasts,4
19_69217,Plasma_IgG,10
19_69218,Plasma_IgG,10
19_69223,T_cell,11
19_69224,M1_macrophages,7
19_69225,unknown,14
19_69226,Tumor,12
19_69227,M1_macrophages,7
19_69234,M1_macrophages,7
19_69238,unknown,14
19_69243,M1_macrophages,7
19_69246,unknown,14
19_69247,M1_macrophages,7
19_69251,Plasma_IgA,9
19_69254,Plasma_IgG,10
19_69258,High_Endothelial_Venules,6
19_69259,Plasma_IgG,10
19_69261,M1_macrophages,7
19_69266,Germinal_Center_Plasma_IgM_B_cell,5
19_69274,M1_macrophages,7
19_69276,Plasma_IgG,10
19_69277,High_Endothelial_Venules,6
19_69278,unknown,14
19_69279,unknown,14
19_69281,T_cell,11
19_69282,T_cell,11
19_69283,High_Endothelial_Venules,6
19_69288,Plasma_IgG,10
19_69290,High_Endothelial_Venules,6
19_69292,M1_macrophages,7
19_69293,M1_macrophages,7
19_69294,Plasma_IgG,10
19_69300,unknown,14
19_69302,unknown,14
19_69309,M1_macrophages,7
19_69311,unknown,14
19_69312,Germinal_Center_Plasma_IgM_B_cell,5
19_69320,Plasma_IgA,9
19_69322,T_cell,11
19_69326,Fibroblasts,4
19_69329,High_Endothelial_Venules,6
19_69331,T_cell,11
19_69332,Germinal_Center_Plasma_IgM_B_cell,5
19_69336,T_cell,11
19_69338,CAF,0
19_69341,M1_macrophages,7
19_69343,T_cell,11
19_69346,M1_macrophages,7
19_69347,unknown,14
19_69348,T_cell,11
19_69349,M1_macrophages,7
19_69350,M1_macrophages,7
19_69354,unknown,14
19_69358,M1_macrophages,7
19_69359,CAF,0
19_69360,M1_macrophages,7
19_69361,Plasma_IgG,10
19_69366,High_Endothelial_Venules,6
19_69369,M1_macrophages,7
19_69371,unknown,14
19_69372,M1_macrophages,7
19_69373,Fibroblasts,4
19_69377,Plasma_IgG,10
19_69378,Plasma_IgG,10
19_69379,unknown,14
19_69384,M1_macrophages,7
19_69385,Plasma_IgG,10
19_69386,High_Endothelial_Venules,6
19_69388,M1_macrophages,7
19_69389,Germinal_Center_Plasma_IgM_B_cell,5
19_69390,unknown,14
19_69391,M1_macrophages,7
19_69394,M1_macrophages,7
19_69396,unknown,14
19_69397,High_Endothelial_Venules,6
19_69398,unknown,14
19_69399,M1_macrophages,7
19_69400,Plasma_IgG,10
19_69403,Germinal_Center_Plasma_IgM_B_cell,5
19_69405,unknown,14
19_69406,High_Endothelial_Venules,6
19_69408,CAF,0
19_69413,T_cell,11
19_69417,Plasma_IgG,10
19_69418,T_cell,11
19_69419,Germinal_Center_Plasma_IgM_B_cell,5
19_69420,unknown,14
19_69422,unknown,14
19_69423,Fibroblasts,4
19_69425,M1_macrophages,7
19_69426,CAF,0
19_69432,M1_macrophages,7
19_69433,unknown,14
19_69434,Germinal_Center_Plasma_IgM_B_cell,5
19_69436,Germinal_Center_Plasma_IgM_B_cell,5
19_69440,T_cell,11
19_69445,M1_macrophages,7
19_69446,CAF,0
19_69447,Plasma_IgG,10
19_69451,unknown,14
19_69457,M1_macrophages,7
19_69458,Plasma_IgG,10
19_69459,Plasma_IgG,10
19_69461,Plasma_IgA,9
19_69467,M1_macrophages,7
19_69468,unknown,14
19_69469,Germinal_Center_Plasma_IgM_B_cell,5
19_69470,unknown,14
19_69471,T_cell,11
19_69472,Plasma_IgG,10
19_69473,Germinal_Center_Plasma_IgM_B_cell,5
19_69478,M1_macrophages,7
19_69482,M1_macrophages,7
19_69489,Plasma_IgA,9
19_69494,Cortex_CCL21,2
19_69496,High_Endothelial_Venules,6
19_69499,M1_macrophages,7
19_69502,CAF,0
19_69509,M1_macrophages,7
19_69510,unknown,14
19_69511,M1_macrophages,7
19_69512,Germinal_Center_Plasma_IgM_B_cell,5
19_69513,Plasma_IgG,10
19_69515,M1_macrophages,7
19_69517,unknown,14
19_69519,CAF,0
19_69527,unknown,14
19_69530,M1_macrophages,7
19_69534,unknown,14
19_69535,Plasma_IgA,9
19_69536,M1_macrophages,7
19_69538,M1_macrophages,7
19_69539,unknown,14
19_69543,Plasma_IgG,10
19_69545,High_Endothelial_Venules,6
19_69546,High_Endothelial_Venules,6
19_69548,unknown,14
19_69551,unknown,14
19_69557,unknown,14
19_69558,M1_macrophages,7
19_69560,unknown,14
19_69562,CAF,0
19_69567,M1_macrophages,7
19_69569,T_cell,11
19_69578,M1_macrophages,7
19_69581,M1_macrophages,7
19_69582,T_cell,11
19_69583,M1_macrophages,7
19_69584,M1_macrophages,7
19_69585,High_Endothelial_Venules,6
19_69586,unknown,14
19_69588,CAF,0
19_69592,unknown,14
19_69593,CAF,0
19_69594,CAF,0
19_69600,Germinal_Center_Plasma_IgM_B_cell,5
19_69607,unknown,14
19_69608,Plasma_IgG,10
19_69609,T_cell,11
19_69616,T_cell,11
19_69618,CAF,0
19_69619,Plasma_IgG,10
19_69620,M1_macrophages,7
19_69629,High_Endothelial_Venules,6
19_69631,unknown,14
19_69632,High_Endothelial_Venules,6
19_69633,T_cell,11
19_69634,M1_macrophages,7
19_69636,High_Endothelial_Venules,6
19_69637,Macrophages,8
19_69638,CAF,0
19_69639,M1_macrophages,7
19_69650,High_Endothelial_Venules,6
19_69653,Plasma_IgG,10
19_69657,M1_macrophages,7
19_69659,unknown,14
19_69663,unknown,14
19_69664,Germinal_Center_Plasma_IgM_B_cell,5
19_69665,M1_macrophages,7
19_69666,T_cell,11
19_69667,unknown,14
19_69668,Germinal_Center_Plasma_IgM_B_cell,5
19_69669,unknown,14
19_69673,Plasma_IgG,10
19_69674,M1_macrophages,7
19_69675,unknown,14
19_69677,M1_macrophages,7
19_69679,Plasma_IgG,10
19_69684,M1_macrophages,7
19_69685,unknown,14
19_69686,Plasma_IgG,10
19_69687,High_Endothelial_Venules,6
19_69688,Germinal_Center_Plasma_IgM_B_cell,5
19_69691,M1_macrophages,7
19_69694,Plasma_IgG,10
19_69696,unknown,14
19_69701,Plasma_IgA,9
19_69702,unknown,14
19_69706,Plasma_IgG,10
19_69708,unknown,14
19_69714,T_cell,11
19_69715,unknown,14
19_69719,M1_macrophages,7
19_69722,unknown,14
19_69723,M1_macrophages,7
19_69725,unknown,14
19_69727,T_cell,11
19_69728,M1_macrophages,7
19_69729,M1_macrophages,7
19_69735,unknown,14
19_69737,M1_macrophages,7
19_69743,unknown,14
19_69744,T_cell,11
19_69745,Plasma_IgG,10
19_69746,M1_macrophages,7
19_69749,M1_macrophages,7
19_69755,M1_macrophages,7
19_69756,T_cell,11
19_69757,Plasma_IgG,10
19_69762,M1_macrophages,7
19_69763,Germinal_Center_Plasma_IgM_B_cell,5
19_69764,unknown,14
19_69765,CAF,0
19_69767,Germinal_Center_Plasma_IgM_B_cell,5
19_69768,unknown,14
19_69769,High_Endothelial_Venules,6
19_69770,M1_macrophages,7
19_69778,T_cell,11
19_69780,M1_macrophages,7
19_69781,Plasma_IgG,10
19_69782,T_cell,11
19_69789,unknown,14
19_69790,M1_macrophages,7
19_69793,M1_macrophages,7
19_69794,M1_macrophages,7
19_69803,M1_macrophages,7
19_69804,unknown,14
19_69806,T_cell,11
19_69810,M1_macrophages,7
19_69811,Germinal_Center_Plasma_IgM_B_cell,5
19_69812,CAF,0
19_69813,M1_macrophages,7
19_69814,unknown,14
19_69823,CAF,0
19_69825,M1_macrophages,7
19_69827,Plasma_IgG,10
19_69828,M1_macrophages,7
19_69831,High_Endothelial_Venules,6
19_69833,M1_macrophages,7
19_69838,M1_macrophages,7
19_69839,Germinal_Center_Plasma_IgM_B_cell,5
19_69854,T_cell,11
19_69855,Plasma_IgG,10
19_69856,unknown,14
19_69857,T_cell,11
19_69858,unknown,14
19_69862,M1_macrophages,7
19_69864,M1_macrophages,7
19_69865,Germinal_Center_Plasma_IgM_B_cell,5
19_69869,M1_macrophages,7
19_69874,T_cell,11
19_69875,M1_macrophages,7
19_69877,T_cell,11
19_69887,Germinal_Center_Plasma_IgM_B_cell,5
19_69890,unknown,14
19_69898,M1_macrophages,7
19_69900,M1_macrophages,7
19_69903,T_cell,11
19_69904,M1_macrophages,7
19_69906,M1_macrophages,7
19_69913,unknown,14
19_69914,M1_macrophages,7
19_69919,unknown,14
19_69921,M1_macrophages,7
19_69924,M1_macrophages,7
19_69928,unknown,14
19_69930,unknown,14
19_69931,Germinal_Center_Plasma_IgM_B_cell,5
19_69936,M1_macrophages,7
19_69939,T_cell,11
19_69942,High_Endothelial_Venules,6
19_69943,Plasma_IgG,10
19_69944,Fibroblasts,4
19_69948,T_cell,11
19_69949,Plasma_IgG,10
19_69956,M1_macrophages,7
19_69961,T_cell,11
19_69963,High_Endothelial_Venules,6
19_69964,M1_macrophages,7
19_69967,unknown,14
19_69970,M1_macrophages,7
19_69972,unknown,14
19_69973,M1_macrophages,7
19_69974,Plasma_IgG,10
19_69975,T_cell,11
19_69977,unknown,14
19_69978,unknown,14
19_69981,CAF,0
19_69982,T_cell,11
19_69983,M1_macrophages,7
19_69987,T_cell,11
19_69988,M1_macrophages,7
19_69989,M1_macrophages,7
19_69990,unknown,14
19_69992,unknown,14
19_69994,M1_macrophages,7
19_69998,T_cell,11
19_69999,CAF,0
19_70002,unknown,14
19_70003,Plasma_IgA,9
19_70004,T_cell,11
19_70005,M1_macrophages,7
19_70007,unknown,14
19_70008,T_cell,11
19_70009,M1_macrophages,7
19_70014,M1_macrophages,7
19_70015,Plasma_IgG,10
19_70016,M1_macrophages,7
19_70022,CAF,0
19_70023,M1_macrophages,7
19_70028,unknown,14
19_70039,Plasma_IgG,10
19_70042,M1_macrophages,7
19_70044,CAF,0
19_70046,M1_macrophages,7
19_70050,Germinal_Center_Plasma_IgM_B_cell,5
19_70053,CAF,0
19_70062,M1_macrophages,7
19_70063,High_Endothelial_Venules,6
19_70064,unknown,14
19_70086,M1_macrophages,7
19_70087,Plasma_IgG,10
19_70088,Germinal_Center_Plasma_IgM_B_cell,5
19_70090,High_Endothelial_Venules,6
19_70092,High_Endothelial_Venules,6
19_70097,unknown,14
19_70098,M1_macrophages,7
19_70099,M1_macrophages,7
19_70100,M1_macrophages,7
19_70101,Tumor,12
19_70105,Plasma_IgG,10
19_70108,M1_macrophages,7
19_70109,CAF,0
19_70110,M1_macrophages,7
19_70111,M1_macrophages,7
19_70118,unknown,14
19_70126,unknown,14
19_70134,unknown,14
19_70136,Plasma_IgA,9
19_70138,unknown,14
19_70146,High_Endothelial_Venules,6
19_70147,Plasma_IgA,9
19_70148,High_Endothelial_Venules,6
19_70152,T_cell,11
19_70153,unknown,14
19_70155,M1_macrophages,7
19_70157,Plasma_IgG,10
19_70159,T_cell,11
19_70166,unknown,14
19_70169,M1_macrophages,7
19_70176,Germinal_Center_Plasma_IgM_B_cell,5
19_70178,Plasma_IgG,10
19_70179,unknown,14
19_70181,Fibroblasts,4
19_70182,Fibroblasts,4
19_70183,M1_macrophages,7
19_70192,M1_macrophages,7
19_70196,Germinal_Center_Plasma_IgM_B_cell,5
19_70198,unknown,14
19_70203,T_cell,11
19_70204,unknown,14
19_70206,CAF,0
19_70211,Macrophages,8
19_70212,M1_macrophages,7
19_70217,CAF,0
19_70218,M1_macrophages,7
19_70220,Plasma_IgG,10
19_70221,Plasma_IgG,10
19_70227,Germinal_Center_Plasma_IgM_B_cell,5
19_70229,unknown,14
19_70230,M1_macrophages,7
19_70231,M1_macrophages,7
19_70232,unknown,14
19_70237,unknown,14
19_70244,High_Endothelial_Venules,6
19_70247,unknown,14
19_70250,unknown,14
19_70251,unknown,14
19_70253,M1_macrophages,7
19_70257,unknown,14
19_70258,High_Endothelial_Venules,6
19_70263,High_Endothelial_Venules,6
19_70264,unknown,14
19_70270,M1_macrophages,7
19_70272,unknown,14
19_70273,Plasma_IgA,9
19_70281,T_cell,11
19_70282,unknown,14
19_70283,High_Endothelial_Venules,6
19_70288,unknown,14
19_70291,unknown,14
19_70299,M1_macrophages,7
19_70300,Plasma_IgG,10
19_70303,unknown,14
19_70304,M1_macrophages,7
19_70307,unknown,14
19_70308,M1_macrophages,7
19_70311,unknown,14
19_70316,M1_macrophages,7
19_70320,unknown,14
19_70321,unknown,14
19_70322,Plasma_IgA,9
19_70327,Germinal_Center_Plasma_IgM_B_cell,5
19_70330,Plasma_IgA,9
19_70331,M1_macrophages,7
19_70335,M1_macrophages,7
19_70336,M1_macrophages,7
19_70342,T_cell,11
19_70343,Germinal_Center_Plasma_IgM_B_cell,5
19_70344,T_cell,11
19_70347,M1_macrophages,7
19_70352,T_cell,11
19_70353,T_cell,11
19_70354,unknown,14
19_70356,Plasma_IgA,9
19_70358,T_cell,11
19_70362,High_Endothelial_Venules,6
19_70363,unknown,14
19_70369,Plasma_IgG,10
19_70377,unknown,14
19_70380,M1_macrophages,7
19_70388,M1_macrophages,7
19_70396,T_cell,11
19_70403,Plasma_IgG,10
19_70404,M1_macrophages,7
19_70407,Tumor,12
19_70418,Germinal_Center_Plasma_IgM_B_cell,5
19_70424,Germinal_Center_Plasma_IgM_B_cell,5
19_70431,Plasma_IgG,10
19_70432,unknown,14
19_70435,M1_macrophages,7
19_70436,unknown,14
19_70437,Plasma_IgG,10
19_70438,T_cell,11
19_70439,Plasma_IgG,10
19_70442,Plasma_IgA,9
19_70443,High_Endothelial_Venules,6
19_70449,M1_macrophages,7
19_70450,M1_macrophages,7
19_70451,CAF,0
19_70452,unknown,14
19_70456,T_cell,11
19_70458,Germinal_Center_Plasma_IgM_B_cell,5
19_70461,T_cell,11
19_70462,High_Endothelial_Venules,6
19_70467,CAF,0
19_70471,T_cell,11
19_70473,M1_macrophages,7
19_70481,Fibroblasts,4
19_70483,T_cell,11
19_70484,T_cell,11
19_70488,Plasma_IgG,10
19_70494,T_cell,11
19_70495,T_cell,11
19_70499,High_Endothelial_Venules,6
19_70505,Plasma_IgG,10
19_70506,Plasma_IgG,10
19_70508,Plasma_IgA,9
19_70509,T_cell,11
19_70510,Cytotoxic_IFN_signaling,3
19_70513,Fibroblasts,4
19_70514,M1_macrophages,7
19_70515,CAF,0
19_70524,M1_macrophages,7
19_70525,unknown,14
19_70529,T_cell,11
19_70533,Plasma_IgG,10
19_70538,T_cell,11
19_70541,unknown,14
19_70542,unknown,14
19_70547,M1_macrophages,7
19_70548,M1_macrophages,7
19_70549,Germinal_Center_Plasma_IgM_B_cell,5
19_70555,M1_macrophages,7
19_70557,Plasma_IgA,9
19_70558,unknown,14
19_70560,Fibroblasts,4
19_70568,unknown,14
19_70569,unknown,14
19_70570,unknown,14
19_70573,Plasma_IgG,10
19_70575,M1_macrophages,7
19_70576,Plasma_IgG,10
19_70581,M1_macrophages,7
19_70587,M1_macrophages,7
19_70592,Plasma_IgG,10
19_70595,T_cell,11
19_70596,unknown,14
19_70597,High_Endothelial_Venules,6
19_70598,unknown,14
19_70606,unknown,14
19_70607,unknown,14
19_70608,M1_macrophages,7
19_70616,unknown,14
19_70617,unknown,14
19_70619,CAF,0
19_70629,T_cell,11
19_70630,M1_macrophages,7
19_70632,Plasma_IgG,10
19_70633,Germinal_Center_Plasma_IgM_B_cell,5
19_70637,M1_macrophages,7
19_70640,M1_macrophages,7
19_70642,M1_macrophages,7
19_70644,High_Endothelial_Venules,6
19_70645,T_cell,11
19_70646,Fibroblasts,4
19_70647,unknown,14
19_70651,T_cell,11
19_70652,unknown,14
19_70655,unknown,14
19_70656,CAF,0
19_70663,unknown,14
19_70664,unknown,14
19_70665,Plasma_IgA,9
19_70672,Plasma_IgG,10
19_70675,Germinal_Center_Plasma_IgM_B_cell,5
19_70682,unknown,14
19_70683,M1_macrophages,7
19_70686,Plasma_IgG,10
19_70687,unknown,14
19_70692,unknown,14
19_70693,unknown,14
19_70695,unknown,14
19_70696,M1_macrophages,7
19_70698,T_cell,11
19_70705,T_cell,11
19_70706,M1_macrophages,7
19_70708,M1_macrophages,7
19_70710,unknown,14
19_70714,T_cell,11
19_70715,Germinal_Center_Plasma_IgM_B_cell,5
19_70716,Plasma_IgA,9
19_70717,unknown,14
19_70718,unknown,14
19_70720,Fibroblasts,4
19_70724,unknown,14
19_70726,unknown,14
19_70727,unknown,14
19_70730,unknown,14
19_70736,M1_macrophages,7
19_70738,High_Endothelial_Venules,6
19_70739,M1_macrophages,7
19_70752,Plasma_IgA,9
19_70753,Plasma_IgG,10
19_70759,M1_macrophages,7
19_70761,Plasma_IgG,10
19_70762,High_Endothelial_Venules,6
19_70766,Plasma_IgA,9
19_70768,T_cell,11
19_70769,T_cell,11
19_70771,unknown,14
19_70775,M1_macrophages,7
19_70776,Plasma_IgG,10
19_70785,T_cell,11
19_70786,unknown,14
19_70787,M1_macrophages,7
19_70789,unknown,14
19_70790,M1_macrophages,7
19_70794,CAF,0
19_70796,M1_macrophages,7
19_70809,unknown,14
19_70811,Plasma_IgG,10
19_70812,M1_macrophages,7
19_70813,M1_macrophages,7
19_70814,CAF,0
19_70816,M1_macrophages,7
19_70817,M1_macrophages,7
19_70820,Plasma_IgG,10
19_70825,Plasma_IgA,9
19_70826,unknown,14
19_70827,M1_macrophages,7
19_70829,Plasma_IgG,10
19_70833,unknown,14
19_70839,unknown,14
19_70841,Germinal_Center_Plasma_IgM_B_cell,5
19_70844,Germinal_Center_Plasma_IgM_B_cell,5
19_70846,Germinal_Center_Plasma_IgM_B_cell,5
19_70847,unknown,14
19_70853,Plasma_IgG,10
19_70856,M1_macrophages,7
19_70858,T_cell,11
19_70864,unknown,14
19_70867,unknown,14
19_70873,Plasma_IgG,10
19_70874,unknown,14
19_70875,M1_macrophages,7
19_70881,High_Endothelial_Venules,6
19_70882,M1_macrophages,7
19_70885,T_cell,11
19_70886,T_cell,11
19_70888,unknown,14
19_70889,Plasma_IgG,10
19_70893,High_Endothelial_Venules,6
19_70894,M1_macrophages,7
19_70895,unknown,14
19_70896,M1_macrophages,7
19_70897,Germinal_Center_Plasma_IgM_B_cell,5
19_70898,M1_macrophages,7
19_70899,CAF,0
19_70905,Germinal_Center_Plasma_IgM_B_cell,5
19_70906,unknown,14
19_70907,M1_macrophages,7
19_70911,M1_macrophages,7
19_70912,M1_macrophages,7
19_70915,Plasma_IgG,10
19_70921,High_Endothelial_Venules,6
19_70926,Plasma_IgA,9
19_70932,unknown,14
19_70941,Plasma_IgA,9
19_70943,unknown,14
19_70944,M1_macrophages,7
19_70948,Plasma_IgG,10
19_70950,M1_macrophages,7
19_70956,High_Endothelial_Venules,6
19_70957,M1_macrophages,7
19_70959,Plasma_IgG,10
19_70966,M1_macrophages,7
19_70977,Tumor,12
19_70978,Germinal_Center_Plasma_IgM_B_cell,5
19_70979,M1_macrophages,7
19_70984,T_cell,11
19_70985,High_Endothelial_Venules,6
19_70993,Plasma_IgG,10
19_71004,T_cell,11
19_71005,unknown,14
19_71007,CAF,0
19_71010,unknown,14
19_71011,Fibroblasts,4
19_71012,M1_macrophages,7
19_71017,Plasma_IgA,9
19_71018,M1_macrophages,7
19_71024,T_cell,11
19_71026,Germinal_Center_Plasma_IgM_B_cell,5
19_71028,CAF,0
19_71032,Germinal_Center_Plasma_IgM_B_cell,5
19_71034,M1_macrophages,7
19_71035,M1_macrophages,7
19_71036,M1_macrophages,7
19_71037,M1_macrophages,7
19_71040,unknown,14
19_71041,unknown,14
19_71043,CAF,0
19_71045,M1_macrophages,7
19_71048,T_cell,11
19_71056,M1_macrophages,7
19_71057,T_cell,11
19_71062,High_Endothelial_Venules,6
19_71069,unknown,14
19_71070,Germinal_Center_Plasma_IgM_B_cell,5
19_71071,unknown,14
19_71076,unknown,14
19_71080,M1_macrophages,7
19_71081,T_cell,11
19_71082,unknown,14
19_71083,M1_macrophages,7
19_71085,M1_macrophages,7
19_71092,T_cell,11
19_71093,M1_macrophages,7
19_71094,unknown,14
19_71096,Plasma_IgA,9
19_71097,T_cell,11
19_71098,unknown,14
19_71099,CAF,0
19_71101,M1_macrophages,7
19_71102,unknown,14
19_71107,T_cell,11
19_71108,unknown,14
19_71110,M1_macrophages,7
19_71116,High_Endothelial_Venules,6
19_71117,M1_macrophages,7
19_71119,unknown,14
19_71121,Fibroblasts,4
19_71124,unknown,14
19_71125,unknown,14
19_71128,High_Endothelial_Venules,6
19_71129,unknown,14
19_71131,CAF,0
19_71132,M1_macrophages,7
19_71133,unknown,14
19_71137,Germinal_Center_Plasma_IgM_B_cell,5
19_71138,Germinal_Center_Plasma_IgM_B_cell,5
19_71139,M1_macrophages,7
19_71141,CAF,0
19_71147,T_cell,11
19_71151,Plasma_IgG,10
19_71152,Germinal_Center_Plasma_IgM_B_cell,5
19_71156,M1_macrophages,7
19_71159,M1_macrophages,7
19_71163,Plasma_IgG,10
19_71164,Plasma_IgG,10
19_71165,Plasma_IgA,9
19_71166,M1_macrophages,7
19_71167,M1_macrophages,7
19_71175,unknown,14
19_71176,M1_macrophages,7
19_71179,Plasma_IgG,10
19_71180,T_cell,11
19_71181,unknown,14
19_71182,unknown,14
19_71184,Plasma_IgG,10
19_71188,Plasma_IgG,10
19_71189,High_Endothelial_Venules,6
19_71191,High_Endothelial_Venules,6
19_71193,M1_macrophages,7
19_71194,M1_macrophages,7
19_71197,T_cell,11
19_71198,unknown,14
19_71199,Germinal_Center_Plasma_IgM_B_cell,5
19_71206,Plasma_IgG,10
19_71208,M1_macrophages,7
19_71210,Fibroblasts,4
19_71219,M1_macrophages,7
19_71220,Fibroblasts,4
19_71222,Plasma_IgA,9
19_71224,unknown,14
19_71226,T_cell,11
19_71233,Germinal_Center_Plasma_IgM_B_cell,5
19_71234,M1_macrophages,7
19_71235,High_Endothelial_Venules,6
19_71236,M1_macrophages,7
19_71243,unknown,14
19_71246,M1_macrophages,7
19_71250,M1_macrophages,7
19_71252,Plasma_IgG,10
19_71255,T_cell,11
19_71256,T_cell,11
19_71258,unknown,14
19_71260,M1_macrophages,7
19_71264,M1_macrophages,7
19_71265,Plasma_IgG,10
19_71267,CAF,0
19_71273,M1_macrophages,7
19_71274,T_cell,11
19_71281,Plasma_IgA,9
19_71282,unknown,14
19_71283,T_cell,11
19_71286,M1_macrophages,7
19_71290,M1_macrophages,7
19_71294,Germinal_Center_Plasma_IgM_B_cell,5
19_71295,unknown,14
19_71297,Plasma_IgA,9
19_71298,High_Endothelial_Venules,6
19_71301,Germinal_Center_Plasma_IgM_B_cell,5
19_71303,Plasma_IgG,10
19_71312,T_cell,11
19_71313,Plasma_IgG,10
19_71314,Plasma_IgA,9
19_71315,M1_macrophages,7
19_71319,Plasma_IgG,10
19_71320,T_cell,11
19_71321,unknown,14
19_71323,High_Endothelial_Venules,6
19_71324,M1_macrophages,7
19_71330,Plasma_IgA,9
19_71336,Plasma_IgA,9
19_71338,High_Endothelial_Venules,6
19_71339,unknown,14
19_71342,unknown,14
19_71344,unknown,14
19_71345,unknown,14
19_71352,unknown,14
19_71354,CAF,0
19_71355,CAF,0
19_71356,CAF,0
19_71360,unknown,14
19_71363,unknown,14
19_71365,M1_macrophages,7
19_71366,M1_macrophages,7
19_71367,High_Endothelial_Venules,6
19_71373,M1_macrophages,7
19_71375,M1_macrophages,7
19_71376,unknown,14
19_71382,T_cell,11
19_71383,Plasma_IgG,10
19_71384,T_cell,11
19_71385,High_Endothelial_Venules,6
19_71386,Plasma_IgG,10
19_71389,Plasma_IgG,10
19_71390,M1_macrophages,7
19_71393,M1_macrophages,7
19_71394,M1_macrophages,7
19_71401,Germinal_Center_Plasma_IgM_B_cell,5
19_71402,M1_macrophages,7
19_71415,CAF,0
19_71421,CAF,0
19_71428,Plasma_IgG,10
19_71435,T_cell,11
19_71437,M1_macrophages,7
19_71438,High_Endothelial_Venules,6
19_71443,Fibroblasts,4
19_71444,Fibroblasts,4
19_71447,Plasma_IgG,10
19_71448,T_cell,11
19_71450,CAF,0
19_71451,CAF,0
19_71453,M1_macrophages,7
19_71461,unknown,14
19_71462,unknown,14
19_71468,Germinal_Center_Plasma_IgM_B_cell,5
19_71470,Germinal_Center_Plasma_IgM_B_cell,5
19_71478,T_cell,11
19_71481,M1_macrophages,7
19_71482,T_cell,11
19_71484,M1_macrophages,7
19_71492,unknown,14
19_71494,M1_macrophages,7
19_71497,M1_macrophages,7
19_71498,Plasma_IgG,10
19_71500,Plasma_IgA,9
19_71501,CAF,0
19_71508,unknown,14
19_71510,M1_macrophages,7
19_71512,T_cell,11
19_71514,unknown,14
19_71516,Germinal_Center_Plasma_IgM_B_cell,5
19_71521,unknown,14
19_71524,Plasma_IgG,10
19_71530,T_cell,11
19_71533,M1_macrophages,7
19_71534,Fibroblasts,4
19_71541,M1_macrophages,7
19_71542,M1_macrophages,7
19_71543,Fibroblasts,4
19_71550,unknown,14
19_71551,unknown,14
19_71560,unknown,14
19_71561,unknown,14
19_71562,M1_macrophages,7
19_71565,Plasma_IgG,10
19_71570,unknown,14
19_71571,M1_macrophages,7
19_71574,M1_macrophages,7
19_71575,unknown,14
19_71576,unknown,14
19_71577,unknown,14
19_71578,T_cell,11
19_71579,unknown,14
19_71586,M1_macrophages,7
19_71587,unknown,14
19_71588,M1_macrophages,7
19_71589,CAF,0
19_71600,Germinal_Center_Plasma_IgM_B_cell,5
19_71611,High_Endothelial_Venules,6
19_71612,High_Endothelial_Venules,6
19_71614,M1_macrophages,7
19_71616,CAF,0
19_71617,High_Endothelial_Venules,6
19_71618,High_Endothelial_Venules,6
19_71624,M1_macrophages,7
19_71625,High_Endothelial_Venules,6
19_71628,M1_macrophages,7
19_71634,Plasma_IgG,10
19_71637,M1_macrophages,7
19_71641,Plasma_IgA,9
19_71643,M1_macrophages,7
19_71644,M1_macrophages,7
19_71650,High_Endothelial_Venules,6
19_71652,M1_macrophages,7
19_71653,unknown,14
19_71654,M1_macrophages,7
19_71655,M1_macrophages,7
19_71659,High_Endothelial_Venules,6
19_71661,T_cell,11
19_71668,unknown,14
19_71670,unknown,14
19_71672,unknown,14
19_71673,unknown,14
19_71679,Plasma_IgG,10
19_71681,Plasma_IgG,10
19_71682,High_Endothelial_Venules,6
19_71683,High_Endothelial_Venules,6
19_71684,M1_macrophages,7
19_71685,unknown,14
19_71686,unknown,14
19_71688,unknown,14
19_71689,Germinal_Center_Plasma_IgM_B_cell,5
19_71690,M1_macrophages,7
19_71691,M1_macrophages,7
19_71692,unknown,14
19_71703,unknown,14
19_71704,T_cell,11
19_71705,unknown,14
19_71706,CAF,0
19_71711,T_cell,11
19_71714,High_Endothelial_Venules,6
19_71719,unknown,14
19_71720,Plasma_IgG,10
19_71721,unknown,14
19_71722,Plasma_IgA,9
19_71725,unknown,14
19_71743,M1_macrophages,7
19_71744,unknown,14
19_71746,T_cell,11
19_71751,unknown,14
19_71752,M1_macrophages,7
19_71755,T_cell,11
19_71761,Plasma_IgG,10
19_71766,Plasma_IgA,9
19_71777,unknown,14
19_71778,unknown,14
19_71789,Germinal_Center_Plasma_IgM_B_cell,5
19_71794,Plasma_IgG,10
19_71809,unknown,14
19_71812,M1_macrophages,7
19_71813,CAF,0
19_71819,Plasma_IgG,10
19_71820,M1_macrophages,7
19_71825,CAF,0
19_71831,unknown,14
19_71834,Plasma_IgG,10
19_71836,unknown,14
19_71839,Germinal_Center_Plasma_IgM_B_cell,5
19_71862,M1_macrophages,7
19_71863,M1_macrophages,7
19_71864,M1_macrophages,7
19_71875,T_cell,11
19_71876,Germinal_Center_Plasma_IgM_B_cell,5
19_71885,M1_macrophages,7
19_71887,T_cell,11
19_71903,High_Endothelial_Venules,6
19_71906,Plasma_IgG,10
19_71907,unknown,14
19_71908,unknown,14
19_71909,M1_macrophages,7
19_71915,M1_macrophages,7
19_71916,M1_macrophages,7
19_71917,Germinal_Center_Plasma_IgM_B_cell,5
19_71918,unknown,14
19_71920,T_cell,11
19_71927,High_Endothelial_Venules,6
19_71934,M1_macrophages,7
19_71935,M1_macrophages,7
19_71940,unknown,14
19_71941,unknown,14
19_71943,M1_macrophages,7
19_71944,Plasma_IgG,10
19_71948,CAF,0
19_71954,M1_macrophages,7
19_71958,unknown,14
19_71959,M1_macrophages,7
19_71960,M1_macrophages,7
19_71962,M1_macrophages,7
19_71965,Plasma_IgG,10
19_71967,High_Endothelial_Venules,6
19_71970,Plasma_IgG,10
19_71971,unknown,14
19_71974,T_cell,11
19_71975,Fibroblasts,4
19_71976,M1_macrophages,7
19_71977,Plasma_IgA,9
19_71978,M1_macrophages,7
19_71984,unknown,14
19_71986,M1_macrophages,7
19_71987,M1_macrophages,7
19_71991,Plasma_IgG,10
19_71995,T_cell,11
19_72002,Germinal_Center_Plasma_IgM_B_cell,5
19_72009,M1_macrophages,7
19_72010,Germinal_Center_Plasma_IgM_B_cell,5
19_72011,unknown,14
19_72012,Plasma_IgA,9
19_72017,unknown,14
19_72018,unknown,14
19_72020,T_cell,11
19_72023,unknown,14
19_72024,High_Endothelial_Venules,6
19_72025,Fibroblasts,4
19_72028,Germinal_Center_Plasma_IgM_B_cell,5
19_72029,unknown,14
19_72030,unknown,14
19_72031,unknown,14
19_72033,Plasma_IgA,9
19_72044,M1_macrophages,7
19_72052,unknown,14
19_72054,Plasma_IgG,10
19_72059,unknown,14
19_72069,unknown,14
19_72070,unknown,14
19_72071,unknown,14
19_72072,T_cell,11
19_72079,T_cell,11
19_72081,T_cell,11
19_72082,M1_macrophages,7
19_72083,M1_macrophages,7
19_72088,Plasma_IgG,10
19_72090,T_cell,11
19_72095,Plasma_IgG,10
19_72096,unknown,14
19_72097,M1_macrophages,7
19_72101,T_cell,11
19_72102,M1_macrophages,7
19_72103,M1_macrophages,7
19_72104,Plasma_IgG,10
19_72105,unknown,14
19_72114,unknown,14
19_72118,M1_macrophages,7
19_72123,Plasma_IgG,10
19_72128,CAF,0
19_72132,unknown,14
19_72133,unknown,14
19_72134,Tumor,12
19_72140,Germinal_Center_Plasma_IgM_B_cell,5
19_72141,T_cell,11
19_72144,T_cell,11
19_72148,unknown,14
19_72151,T_cell,11
19_72152,M1_macrophages,7
19_72164,T_cell,11
19_72165,Plasma_IgA,9
19_72166,T_cell,11
19_72168,M1_macrophages,7
19_72178,T_cell,11
19_72181,M1_macrophages,7
19_72182,unknown,14
19_72186,T_cell,11
19_72187,T_cell,11
19_72188,M1_macrophages,7
19_72193,High_Endothelial_Venules,6
19_72194,M1_macrophages,7
19_72195,High_Endothelial_Venules,6
19_72196,T_cell,11
19_72197,unknown,14
19_72201,T_cell,11
19_72202,CAF,0
19_72205,unknown,14
19_72206,T_cell,11
19_72208,M1_macrophages,7
19_72212,unknown,14
19_72223,unknown,14
19_72235,M1_macrophages,7
19_72239,unknown,14
19_72241,Germinal_Center_Plasma_IgM_B_cell,5
19_72245,Germinal_Center_Plasma_IgM_B_cell,5
19_72248,CAF,0
19_72257,Plasma_IgG,10
19_72259,unknown,14
19_72261,T_cell,11
19_72262,T_cell,11
19_72265,M1_macrophages,7
19_72266,M1_macrophages,7
19_72267,M1_macrophages,7
19_72272,High_Endothelial_Venules,6
19_72279,Plasma_IgA,9
19_72280,unknown,14
19_72283,M1_macrophages,7
19_72284,Germinal_Center_Plasma_IgM_B_cell,5
19_72292,unknown,14
19_72303,unknown,14
19_72304,T_cell,11
19_72306,T_cell,11
19_72308,Germinal_Center_Plasma_IgM_B_cell,5
19_72309,High_Endothelial_Venules,6
19_72310,M1_macrophages,7
19_72314,unknown,14
19_72315,M1_macrophages,7
19_72316,unknown,14
19_72321,M1_macrophages,7
19_72326,M1_macrophages,7
19_72328,M1_macrophages,7
19_72329,Plasma_IgG,10
19_72337,M1_macrophages,7
19_72339,Germinal_Center_Plasma_IgM_B_cell,5
19_72340,M1_macrophages,7
19_72341,Plasma_IgG,10
19_72342,M1_macrophages,7
19_72343,M1_macrophages,7
19_72347,unknown,14
19_72349,M1_macrophages,7
19_72354,T_cell,11
19_72366,unknown,14
19_72368,M1_macrophages,7
19_72373,T_cell,11
19_72374,M1_macrophages,7
19_72376,High_Endothelial_Venules,6
19_72377,Fibroblasts,4
19_72382,T_cell,11
19_72383,T_cell,11
19_72391,unknown,14
19_72393,T_cell,11
19_72395,unknown,14
19_72397,Plasma_IgG,10
19_72406,M1_macrophages,7
19_72412,Plasma_IgA,9
19_72413,unknown,14
19_72417,M1_macrophages,7
19_72419,Plasma_IgG,10
19_72421,T_cell,11
19_72425,unknown,14
19_72426,T_cell,11
19_72435,T_cell,11
19_72436,Germinal_Center_Plasma_IgM_B_cell,5
19_72439,Plasma_IgG,10
19_72443,M1_macrophages,7
19_72445,M1_macrophages,7
19_72446,M1_macrophages,7
19_72454,T_cell,11
19_72455,T_cell,11
19_72457,Plasma_IgG,10
19_72460,M1_macrophages,7
19_72466,M1_macrophages,7
19_72467,T_cell,11
19_72469,M1_macrophages,7
19_72474,T_cell,11
19_72489,Plasma_IgG,10
19_72492,Plasma_IgG,10
19_72493,M1_macrophages,7
19_72496,unknown,14
19_72497,unknown,14
19_72498,M1_macrophages,7
19_72500,M1_macrophages,7
19_72503,CAF,0
19_72505,M1_macrophages,7
19_72507,T_cell,11
19_72508,T_cell,11
19_72510,unknown,14
19_72513,unknown,14
19_72516,M1_macrophages,7
19_72520,unknown,14
19_72521,T_cell,11
19_72522,M1_macrophages,7
19_72534,unknown,14
19_72535,High_Endothelial_Venules,6
19_72536,unknown,14
19_72537,T_cell,11
19_72538,M1_macrophages,7
19_72543,M1_macrophages,7
19_72544,Germinal_Center_Plasma_IgM_B_cell,5
19_72549,unknown,14
19_72550,unknown,14
19_72551,unknown,14
19_72553,Plasma_IgG,10
19_72562,Plasma_IgA,9
19_72568,M1_macrophages,7
19_72569,M1_macrophages,7
19_72571,M1_macrophages,7
19_72572,M1_macrophages,7
19_72581,M1_macrophages,7
19_72590,M1_macrophages,7
19_72596,High_Endothelial_Venules,6
19_72597,unknown,14
19_72598,T_cell,11
19_72599,T_cell,11
19_72600,M1_macrophages,7
19_72601,M1_macrophages,7
19_72606,T_cell,11
19_72608,unknown,14
19_72615,Plasma_IgG,10
19_72616,T_cell,11
19_72617,M1_macrophages,7
19_72623,unknown,14
19_72627,M1_macrophages,7
19_72630,unknown,14
19_72632,T_cell,11
19_72635,Plasma_IgG,10
19_72645,T_cell,11
19_72648,Plasma_IgG,10
19_72650,CAF,0
19_72651,M1_macrophages,7
19_72663,M1_macrophages,7
19_72667,M1_macrophages,7
19_72677,Plasma_IgG,10
19_72678,T_cell,11
19_72679,CAF,0
19_72680,unknown,14
19_72681,Germinal_Center_Plasma_IgM_B_cell,5
19_72691,High_Endothelial_Venules,6
19_72699,M1_macrophages,7
19_72701,Fibroblasts,4
19_72705,Plasma_IgA,9
19_72708,T_cell,11
19_72709,M1_macrophages,7
19_72714,T_cell,11
19_72716,Germinal_Center_Plasma_IgM_B_cell,5
19_72717,unknown,14
19_72718,M1_macrophages,7
19_72719,CAF,0
19_72726,unknown,14
19_72729,M1_macrophages,7
19_72734,unknown,14
19_72736,unknown,14
19_72737,M1_macrophages,7
19_72738,M1_macrophages,7
19_72742,M1_macrophages,7
19_72746,Germinal_Center_Plasma_IgM_B_cell,5
19_72747,Plasma_IgG,10
19_72751,Plasma_IgG,10
19_72758,M1_macrophages,7
19_72759,M1_macrophages,7
19_72763,unknown,14
19_72765,unknown,14
19_72767,Germinal_Center_Plasma_IgM_B_cell,5
19_72773,Plasma_IgG,10
19_72774,M1_macrophages,7
19_72776,unknown,14
19_72777,M1_macrophages,7
19_72779,CAF,0
19_72783,T_cell,11
19_72784,unknown,14
19_72785,High_Endothelial_Venules,6
19_72787,T_cell,11
19_72788,M1_macrophages,7
19_72790,High_Endothelial_Venules,6
19_72800,M1_macrophages,7
19_72801,T_cell,11
19_72805,M1_macrophages,7
19_72819,Plasma_IgG,10
19_72823,M1_macrophages,7
19_72827,M1_macrophages,7
19_72828,Plasma_IgA,9
19_72831,M1_macrophages,7
19_72834,Plasma_IgG,10
19_72841,T_cell,11
19_72845,T_cell,11
19_72854,Germinal_Center_Plasma_IgM_B_cell,5
19_72856,High_Endothelial_Venules,6
19_72857,High_Endothelial_Venules,6
19_72862,M1_macrophages,7
19_72863,M1_macrophages,7
19_72869,M1_macrophages,7
19_72870,T_cell,11
19_72871,T_cell,11
19_72878,unknown,14
19_72882,unknown,14
19_72884,T_cell,11
19_72885,T_cell,11
19_72887,unknown,14
19_72889,T_cell,11
19_72890,T_cell,11
19_72891,High_Endothelial_Venules,6
19_72892,unknown,14
19_72893,M1_macrophages,7
19_72902,unknown,14
19_72904,CAF,0
19_72905,CAF,0
19_72908,M1_macrophages,7
19_72909,M1_macrophages,7
19_72914,Plasma_IgG,10
19_72935,unknown,14
19_72947,M1_macrophages,7
19_72952,Germinal_Center_Plasma_IgM_B_cell,5
19_72954,Plasma_IgA,9
19_72955,Plasma_IgA,9
19_72959,High_Endothelial_Venules,6
19_72960,Plasma_IgG,10
19_72963,Plasma_IgA,9
19_72969,M1_macrophages,7
19_72972,T_cell,11
19_72975,High_Endothelial_Venules,6
19_72979,Plasma_IgA,9
19_72987,High_Endothelial_Venules,6
19_72989,Plasma_IgG,10
19_72991,M1_macrophages,7
19_72994,unknown,14
19_72995,unknown,14
19_72996,unknown,14
19_73005,High_Endothelial_Venules,6
19_73006,unknown,14
19_73007,unknown,14
19_73015,unknown,14
19_73019,Fibroblasts,4
19_73026,Plasma_IgG,10
19_73037,T_cell,11
19_73041,T_cell,11
19_73042,Germinal_Center_Plasma_IgM_B_cell,5
19_73043,Plasma_IgG,10
19_73044,CAF,0
19_73045,Plasma_IgG,10
19_73051,Plasma_IgG,10
19_73056,T_cell,11
19_73057,T_cell,11
19_73060,High_Endothelial_Venules,6
19_73062,Plasma_IgG,10
19_73063,Plasma_IgG,10
19_73070,M1_macrophages,7
19_73071,Plasma_IgG,10
19_73073,Plasma_IgG,10
19_73088,unknown,14
19_73089,unknown,14
19_73090,T_cell,11
19_73092,T_cell,11
19_73095,Germinal_Center_Plasma_IgM_B_cell,5
19_73099,unknown,14
19_73101,Plasma_IgG,10
19_73106,unknown,14
19_73110,Tumor,12
19_73111,unknown,14
19_73116,T_cell,11
19_73119,T_cell,11
19_73120,unknown,14
19_73121,Plasma_IgG,10
19_73126,unknown,14
19_73127,unknown,14
19_73132,M1_macrophages,7
19_73133,unknown,14
19_73134,Plasma_IgG,10
19_73143,M1_macrophages,7
19_73146,M1_macrophages,7
19_73150,Plasma_IgG,10
19_73151,T_cell,11
19_73161,unknown,14
19_73162,T_cell,11
19_73163,T_cell,11
19_73164,T_cell,11
19_73165,M1_macrophages,7
19_73166,M1_macrophages,7
19_73167,Plasma_IgA,9
19_73177,unknown,14
19_73179,T_cell,11
19_73181,unknown,14
19_73182,T_cell,11
19_73183,unknown,14
19_73192,Plasma_IgG,10
19_73194,Plasma_IgG,10
19_73196,Plasma_IgG,10
19_73198,High_Endothelial_Venules,6
19_73207,Plasma_IgG,10
19_73208,M1_macrophages,7
19_73225,T_cell,11
19_73227,CAF,0
19_73236,unknown,14
19_73237,Plasma_IgA,9
19_73246,unknown,14
19_73253,Germinal_Center_Plasma_IgM_B_cell,5
19_73257,High_Endothelial_Venules,6
19_73260,unknown,14
19_73262,M1_macrophages,7
19_73269,M1_macrophages,7
19_73270,Plasma_IgG,10
19_73273,M1_macrophages,7
19_73276,unknown,14
19_73278,Plasma_IgG,10
19_73279,CAF,0
19_73285,T_cell,11
19_73287,Plasma_IgG,10
19_73290,M1_macrophages,7
19_73295,unknown,14
19_73296,unknown,14
19_73297,unknown,14
19_73303,M1_macrophages,7
19_73307,Plasma_IgG,10
19_73309,unknown,14
19_73310,Plasma_IgG,10
19_73314,M1_macrophages,7
19_73326,T_cell,11
19_73327,T_cell,11
19_73329,T_cell,11
19_73330,Plasma_IgG,10
19_73332,Plasma_IgG,10
19_73333,Plasma_IgG,10
19_73334,M1_macrophages,7
19_73343,High_Endothelial_Venules,6
19_73346,Plasma_IgA,9
19_73348,unknown,14
19_73360,M1_macrophages,7
19_73361,CAF,0
19_73367,unknown,14
19_73368,T_cell,11
19_73370,Plasma_IgG,10
19_73384,CAF,0
19_73385,CAF,0
19_73386,Plasma_IgG,10
19_73389,High_Endothelial_Venules,6
19_73403,unknown,14
19_73406,unknown,14
19_73410,Plasma_IgG,10
19_73412,M1_macrophages,7
19_73415,unknown,14
19_73416,Plasma_IgG,10
19_73419,T_cell,11
19_73421,unknown,14
19_73422,T_cell,11
19_73425,Plasma_IgG,10
19_73427,M1_macrophages,7
19_73435,High_Endothelial_Venules,6
19_73438,T_cell,11
19_73446,Plasma_IgG,10
19_73447,Germinal_Center_Plasma_IgM_B_cell,5
19_73449,M1_macrophages,7
19_73450,M1_macrophages,7
19_73451,Plasma_IgG,10
19_73458,M1_macrophages,7
19_73460,unknown,14
19_73461,T_cell,11
19_73463,M1_macrophages,7
19_73474,M1_macrophages,7
19_73482,M1_macrophages,7
19_73484,unknown,14
19_73485,T_cell,11
19_73486,Germinal_Center_Plasma_IgM_B_cell,5
19_73487,unknown,14
19_73494,Plasma_IgG,10
19_73496,Plasma_IgA,9
19_73498,M1_macrophages,7
19_73507,unknown,14
19_73509,M1_macrophages,7
19_73510,Plasma_IgG,10
19_73512,T_cell,11
19_73513,High_Endothelial_Venules,6
19_73516,Fibroblasts,4
19_73525,Plasma_IgG,10
19_73536,T_cell,11
19_73538,CAF,0
19_73540,CAF,0
19_73541,M1_macrophages,7
19_73545,T_cell,11
19_73548,unknown,14
19_73558,unknown,14
19_73559,M1_macrophages,7
19_73562,unknown,14
19_73563,M1_macrophages,7
19_73564,Plasma_IgG,10
19_73565,CAF,0
19_73571,M1_macrophages,7
19_73574,Plasma_IgG,10
19_73575,T_cell,11
19_73583,unknown,14
19_73584,unknown,14
19_73585,unknown,14
19_73586,Plasma_IgA,9
19_73587,Plasma_IgG,10
19_73588,High_Endothelial_Venules,6
19_73596,T_cell,11
19_73597,T_cell,11
19_73599,unknown,14
19_73600,T_cell,11
19_73609,Plasma_IgG,10
19_73610,Plasma_IgG,10
19_73611,M1_macrophages,7
19_73619,T_cell,11
19_73621,Plasma_IgG,10
19_73624,unknown,14
19_73626,M1_macrophages,7
19_73635,unknown,14
19_73636,M1_macrophages,7
19_73643,unknown,14
19_73645,unknown,14
19_73646,T_cell,11
19_73648,Plasma_IgG,10
19_73656,CAF,0
19_73670,M1_macrophages,7
19_73673,Plasma_IgG,10
19_73681,High_Endothelial_Venules,6
19_73691,unknown,14
19_73693,M1_macrophages,7
19_73694,M1_macrophages,7
19_73698,High_Endothelial_Venules,6
19_73703,Germinal_Center_Plasma_IgM_B_cell,5
19_73705,M1_macrophages,7
19_73708,unknown,14
19_73709,M1_macrophages,7
19_73711,M1_macrophages,7
19_73716,T_cell,11
19_73717,Plasma_IgG,10
19_73719,T_cell,11
19_73725,unknown,14
19_73727,High_Endothelial_Venules,6
19_73734,T_cell,11
19_73737,Plasma_IgG,10
19_73745,unknown,14
19_73748,M1_macrophages,7
19_73751,Plasma_IgG,10
19_73756,unknown,14
19_73757,T_cell,11
19_73758,T_cell,11
19_73772,unknown,14
19_73776,M1_macrophages,7
19_73778,Plasma_IgG,10
19_73785,unknown,14
19_73788,Plasma_IgG,10
19_73791,M1_macrophages,7
19_73802,unknown,14
19_73803,T_cell,11
19_73813,unknown,14
19_73820,High_Endothelial_Venules,6
19_73826,unknown,14
19_73829,unknown,14
19_73832,unknown,14
19_73837,unknown,14
19_73840,High_Endothelial_Venules,6
19_73842,Plasma_IgG,10
19_73843,M1_macrophages,7
19_73845,Plasma_IgG,10
19_73854,unknown,14
19_73855,Plasma_IgG,10
19_73857,Plasma_IgA,9
19_73858,CAF,0
19_73863,High_Endothelial_Venules,6
19_73864,High_Endothelial_Venules,6
19_73865,M1_macrophages,7
19_73866,M1_macrophages,7
19_73868,Plasma_IgG,10
19_73871,M1_macrophages,7
19_73874,T_cell,11
19_73875,unknown,14
19_73877,M1_macrophages,7
19_73888,M1_macrophages,7
19_73890,Germinal_Center_Plasma_IgM_B_cell,5
19_73891,unknown,14
19_73910,Plasma_IgG,10
19_73911,T_cell,11
19_73919,Germinal_Center_Plasma_IgM_B_cell,5
19_73921,M1_macrophages,7
19_73924,Plasma_IgG,10
19_73932,Plasma_IgA,9
19_73933,High_Endothelial_Venules,6
19_73935,Plasma_IgG,10
19_73949,CAF,0
19_73950,Plasma_IgG,10
19_73951,Germinal_Center_Plasma_IgM_B_cell,5
19_73956,T_cell,11
19_73959,unknown,14
19_73961,Plasma_IgG,10
19_73962,M1_macrophages,7
19_73963,Plasma_IgG,10
19_73972,T_cell,11
19_73978,M1_macrophages,7
19_73979,CAF,0
19_73980,M1_macrophages,7
19_73990,unknown,14
19_73991,Germinal_Center_Plasma_IgM_B_cell,5
19_73994,High_Endothelial_Venules,6
19_74002,Germinal_Center_Plasma_IgM_B_cell,5
19_74003,CAF,0
19_74015,T_cell,11
19_74017,Plasma_IgG,10
19_74018,Fibroblasts,4
19_74024,M1_macrophages,7
19_74026,Germinal_Center_Plasma_IgM_B_cell,5
19_74030,M1_macrophages,7
19_74037,unknown,14
19_74038,unknown,14
19_74039,unknown,14
19_74040,M1_macrophages,7
19_74041,M1_macrophages,7
19_74044,High_Endothelial_Venules,6
19_74045,High_Endothelial_Venules,6
19_74050,Germinal_Center_Plasma_IgM_B_cell,5
19_74051,T_cell,11
19_74058,unknown,14
19_74064,unknown,14
19_74065,unknown,14
19_74066,M1_macrophages,7
19_74067,M1_macrophages,7
19_74073,unknown,14
19_74078,Germinal_Center_Plasma_IgM_B_cell,5
19_74082,unknown,14
19_74083,Plasma_IgG,10
19_74084,Plasma_IgG,10
19_74088,Plasma_IgG,10
19_74098,Fibroblasts,4
19_74099,Plasma_IgA,9
19_74113,CAF,0
19_74114,M1_macrophages,7
19_74115,Germinal_Center_Plasma_IgM_B_cell,5
19_74122,unknown,14
19_74124,M1_macrophages,7
19_74126,Plasma_IgG,10
19_74127,M1_macrophages,7
19_74134,unknown,14
19_74135,unknown,14
19_74140,M1_macrophages,7
19_74144,Plasma_IgG,10
19_74145,CAF,0
19_74155,Germinal_Center_Plasma_IgM_B_cell,5
19_74156,Germinal_Center_Plasma_IgM_B_cell,5
19_74166,M1_macrophages,7
19_74169,Germinal_Center_Plasma_IgM_B_cell,5
19_74182,T_cell,11
19_74183,M1_macrophages,7
19_74194,Germinal_Center_Plasma_IgM_B_cell,5
19_74197,M1_macrophages,7
19_74204,M1_macrophages,7
19_74211,T_cell,11
19_74212,Plasma_IgG,10
19_74220,unknown,14
19_74222,unknown,14
19_74224,unknown,14
19_74234,CAF,0
19_74238,Plasma_IgA,9
19_74240,High_Endothelial_Venules,6
19_74246,Plasma_IgG,10
19_74247,High_Endothelial_Venules,6
19_74250,T_cell,11
19_74253,T_cell,11
19_74254,M1_macrophages,7
19_74264,M1_macrophages,7
19_74265,Plasma_IgG,10
19_74272,T_cell,11
19_74275,Fibroblasts,4
19_74297,M1_macrophages,7
19_74304,Plasma_IgG,10
19_74305,T_cell,11
19_74311,Plasma_IgA,9
19_74318,unknown,14
19_74323,unknown,14
19_74325,Germinal_Center_Plasma_IgM_B_cell,5
19_74326,M1_macrophages,7
19_74331,unknown,14
19_74341,T_cell,11
19_74342,High_Endothelial_Venules,6
19_74344,unknown,14
19_74345,unknown,14
19_74346,T_cell,11
19_74348,unknown,14
19_74350,unknown,14
19_74353,Plasma_IgG,10
19_74359,M1_macrophages,7
19_74371,Plasma_IgA,9
19_74373,M1_macrophages,7
19_74375,Germinal_Center_Plasma_IgM_B_cell,5
19_74377,T_cell,11
19_74379,unknown,14
19_74381,M1_macrophages,7
19_74387,unknown,14
19_74390,High_Endothelial_Venules,6
19_74394,Plasma_IgG,10
19_74395,Germinal_Center_Plasma_IgM_B_cell,5
19_74400,Tumor,12
19_74401,M1_macrophages,7
19_74404,M1_macrophages,7
19_74407,M1_macrophages,7
19_74419,unknown,14
19_74421,Germinal_Center_Plasma_IgM_B_cell,5
19_74423,M1_macrophages,7
19_74424,Plasma_IgG,10
19_74435,unknown,14
19_74436,unknown,14
19_74449,Plasma_IgG,10
19_74451,M1_macrophages,7
19_74457,T_cell,11
19_74458,unknown,14
19_74459,High_Endothelial_Venules,6
19_74461,M1_macrophages,7
19_74462,Plasma_IgG,10
19_74464,Plasma_IgG,10
19_74476,Plasma_IgA,9
19_74477,unknown,14
19_74478,unknown,14
19_74479,M1_macrophages,7
19_74484,unknown,14
19_74485,High_Endothelial_Venules,6
19_74486,M1_macrophages,7
19_74489,M1_macrophages,7
19_74490,Fibroblasts,4
19_74508,M1_macrophages,7
19_74509,M1_macrophages,7
19_74511,M1_macrophages,7
19_74519,M1_macrophages,7
19_74520,Plasma_IgG,10
19_74524,unknown,14
19_74525,unknown,14
19_74530,unknown,14
19_74534,High_Endothelial_Venules,6
19_74536,Plasma_IgG,10
19_74537,M1_macrophages,7
19_74546,M1_macrophages,7
19_74547,M1_macrophages,7
19_74549,Plasma_IgG,10
19_74555,T_cell,11
19_74558,M1_macrophages,7
19_74569,unknown,14
19_74573,Plasma_IgG,10
19_74576,Plasma_IgG,10
19_74581,unknown,14
19_74587,M1_macrophages,7
19_74590,CAF,0
19_74591,CAF,0
19_74592,Plasma_IgG,10
19_74605,unknown,14
19_74607,M1_macrophages,7
19_74610,M1_macrophages,7
19_74619,CAF,0
19_74627,Germinal_Center_Plasma_IgM_B_cell,5
19_74629,Germinal_Center_Plasma_IgM_B_cell,5
19_74632,unknown,14
19_74635,unknown,14
19_74636,unknown,14
19_74638,Plasma_IgG,10
19_74647,Fibroblasts,4
19_74650,T_cell,11
19_74669,High_Endothelial_Venules,6
19_74676,T_cell,11
19_74700,unknown,14
19_74707,T_cell,11
19_74712,M1_macrophages,7
19_74718,M1_macrophages,7
19_74719,T_cell,11
19_74720,CAF,0
19_74721,Plasma_IgG,10
19_74730,Plasma_IgG,10
19_74739,M1_macrophages,7
19_74741,CAF,0
19_74742,Plasma_IgA,9
19_74751,unknown,14
19_74753,unknown,14
19_74756,M1_macrophages,7
19_74774,unknown,14
19_74780,Plasma_IgG,10
19_74784,CAF,0
19_74790,Germinal_Center_Plasma_IgM_B_cell,5
19_74791,unknown,14
19_74797,M1_macrophages,7
19_74798,Plasma_IgG,10
19_74804,unknown,14
19_74807,CAF,0
19_74808,CAF,0
19_74812,Plasma_IgG,10
19_74818,T_cell,11
19_74819,unknown,14
19_74832,M1_macrophages,7
19_74833,M1_macrophages,7
19_74839,unknown,14
19_74846,M1_macrophages,7
19_74853,Plasma_IgG,10
19_74856,unknown,14
19_74857,Germinal_Center_Plasma_IgM_B_cell,5
19_74865,unknown,14
19_74867,unknown,14
19_74870,M1_macrophages,7
19_74881,High_Endothelial_Venules,6
19_74884,M1_macrophages,7
19_74888,unknown,14
19_74889,unknown,14
19_74890,Plasma_IgG,10
19_74892,Plasma_IgG,10
19_74894,Plasma_IgG,10
19_74912,T_cell,11
19_74919,Plasma_IgA,9
19_74928,Plasma_IgG,10
19_74943,unknown,14
19_74944,M1_macrophages,7
19_74946,Plasma_IgG,10
19_74958,unknown,14
19_74962,Plasma_IgG,10
19_74963,Plasma_IgG,10
19_74964,Plasma_IgG,10
19_74977,unknown,14
19_74985,T_cell,11
19_74994,unknown,14
19_74996,unknown,14
19_75007,T_cell,11
19_75009,unknown,14
19_75012,Plasma_IgG,10
19_75017,unknown,14
19_75018,T_cell,11
19_75020,High_Endothelial_Venules,6
19_75022,unknown,14
19_75023,High_Endothelial_Venules,6
19_75031,Germinal_Center_Plasma_IgM_B_cell,5
19_75034,T_cell,11
19_75037,M1_macrophages,7
19_75041,Plasma_IgG,10
19_75042,Plasma_IgG,10
19_75043,Plasma_IgG,10
19_75046,Germinal_Center_Plasma_IgM_B_cell,5
19_75047,T_cell,11
19_75048,M1_macrophages,7
19_75049,M1_macrophages,7
19_75052,M1_macrophages,7
19_75060,High_Endothelial_Venules,6
19_75067,M1_macrophages,7
19_75075,unknown,14
19_75079,T_cell,11
19_75082,Plasma_IgA,9
19_75090,unknown,14
19_75092,Fibroblasts,4
19_75095,M1_macrophages,7
19_75098,unknown,14
19_75103,unknown,14
19_75108,Plasma_IgG,10
19_75110,Plasma_IgG,10
19_75121,M1_macrophages,7
19_75122,High_Endothelial_Venules,6
19_75126,unknown,14
19_75131,Plasma_IgG,10
19_75133,M1_macrophages,7
19_75139,M1_macrophages,7
19_75142,Plasma_IgG,10
19_75144,Plasma_IgG,10
19_75153,Plasma_IgA,9
19_75158,Plasma_IgG,10
19_75166,M1_macrophages,7
19_75168,unknown,14
19_75178,Plasma_IgG,10
19_75188,unknown,14
19_75189,unknown,14
19_75190,M1_macrophages,7
19_75192,M1_macrophages,7
19_75193,CAF,0
19_75194,Plasma_IgG,10
19_75198,Plasma_IgG,10
19_75206,M1_macrophages,7
19_75210,Plasma_IgA,9
19_75214,T_cell,11
19_75216,unknown,14
19_75219,M1_macrophages,7
19_75227,unknown,14
19_75228,T_cell,11
19_75230,M1_macrophages,7
19_75241,T_cell,11
19_75251,unknown,14
19_75259,Plasma_IgG,10
19_75261,T_cell,11
19_75270,High_Endothelial_Venules,6
19_75279,unknown,14
19_75280,High_Endothelial_Venules,6
19_75281,Tumor,12
19_75288,unknown,14
19_75301,unknown,14
19_75308,High_Endothelial_Venules,6
19_75310,CAF,0
19_75311,Fibroblasts,4
19_75313,Plasma_IgG,10
19_75318,unknown,14
19_75319,unknown,14
19_75325,Plasma_IgG,10
19_75326,Plasma_IgG,10
19_75333,T_cell,11
19_75334,unknown,14
19_75348,M1_macrophages,7
19_75351,Plasma_IgG,10
19_75363,unknown,14
19_75366,Plasma_IgG,10
19_75371,unknown,14
19_75386,High_Endothelial_Venules,6
19_75397,Plasma_IgG,10
19_75400,CAF,0
19_75401,Plasma_IgG,10
19_75408,Germinal_Center_Plasma_IgM_B_cell,5
19_75427,unknown,14
19_75431,unknown,14
19_75435,Germinal_Center_Plasma_IgM_B_cell,5
19_75444,High_Endothelial_Venules,6
19_75451,Plasma_IgG,10
19_75459,unknown,14
19_75477,M1_macrophages,7
19_75483,Plasma_IgA,9
19_75484,Germinal_Center_Plasma_IgM_B_cell,5
19_75485,unknown,14
19_75486,Plasma_IgG,10
19_75496,Plasma_IgA,9
19_75497,unknown,14
19_75501,T_cell,11
19_75506,T_cell,11
19_75511,Plasma_IgG,10
19_75518,unknown,14
19_75524,Tumor,12
19_75535,T_cell,11
19_75538,unknown,14
19_75540,T_cell,11
19_75542,M1_macrophages,7
19_75551,unknown,14
19_75557,Germinal_Center_Plasma_IgM_B_cell,5
19_75561,T_cell,11
19_75566,M1_macrophages,7
19_75578,T_cell,11
19_75582,CAF,0
19_75583,Fibroblasts,4
19_75601,Germinal_Center_Plasma_IgM_B_cell,5
19_75604,T_cell,11
19_75616,Plasma_IgA,9
19_75619,Plasma_IgG,10
19_75630,Germinal_Center_Plasma_IgM_B_cell,5
19_75638,Plasma_IgG,10
19_75641,unknown,14
19_75643,Fibroblasts,4
19_75647,High_Endothelial_Venules,6
19_75651,unknown,14
19_75658,Fibroblasts,4
19_75671,M1_macrophages,7
19_75685,CAF,0
19_75692,unknown,14
19_75695,unknown,14
19_75697,High_Endothelial_Venules,6
19_75701,M1_macrophages,7
19_75703,Plasma_IgG,10
19_75709,M1_macrophages,7
19_75712,Germinal_Center_Plasma_IgM_B_cell,5
19_75714,Plasma_IgG,10
19_75722,T_cell,11
19_75727,CAF,0
19_75737,M1_macrophages,7
19_75739,Plasma_IgG,10
19_75749,Germinal_Center_Plasma_IgM_B_cell,5
19_75752,Fibroblasts,4
19_75762,M1_macrophages,7
19_75764,unknown,14
19_75767,Plasma_IgG,10
19_75785,High_Endothelial_Venules,6
19_75788,Plasma_IgG,10
19_75798,Plasma_IgG,10
19_75813,unknown,14
19_75816,Plasma_IgG,10
19_75824,unknown,14
19_75829,Plasma_IgG,10
19_75837,T_cell,11
19_75838,unknown,14
19_75847,Germinal_Center_Plasma_IgM_B_cell,5
19_75848,unknown,14
19_75866,Plasma_IgG,10
19_75872,High_Endothelial_Venules,6
19_75873,T_cell,11
19_75876,Germinal_Center_Plasma_IgM_B_cell,5
19_75877,Plasma_IgG,10
19_75879,M1_macrophages,7
19_75880,CAF,0
19_75885,unknown,14
19_75902,M1_macrophages,7
19_75903,T_cell,11
19_75906,unknown,14
19_75907,Plasma_IgG,10
19_75908,CAF,0
19_75909,High_Endothelial_Venules,6
19_75910,CAF,0
19_75924,Fibroblasts,4
19_75925,Plasma_IgG,10
19_75934,M1_macrophages,7
19_75935,T_cell,11
19_75938,Plasma_IgG,10
19_75940,CAF,0
19_75945,Plasma_IgG,10
19_75946,M1_macrophages,7
19_75969,M1_macrophages,7
19_75977,CAF,0
19_75978,unknown,14
19_75979,Plasma_IgG,10
19_75985,M1_macrophages,7
19_75989,T_cell,11
19_75990,High_Endothelial_Venules,6
19_75992,unknown,14
19_75995,Plasma_IgG,10
19_75996,M1_macrophages,7
19_76006,T_cell,11
19_76007,M1_macrophages,7
19_76010,High_Endothelial_Venules,6
19_76012,T_cell,11
19_76015,unknown,14
19_76017,unknown,14
19_76029,Plasma_IgG,10
19_76041,T_cell,11
19_76049,High_Endothelial_Venules,6
19_76052,Plasma_IgG,10
19_76058,M1_macrophages,7
19_76059,Germinal_Center_Plasma_IgM_B_cell,5
19_76079,High_Endothelial_Venules,6
19_76084,Plasma_IgG,10
19_76095,High_Endothelial_Venules,6
19_76096,Plasma_IgG,10
19_76104,unknown,14
19_76105,unknown,14
19_76106,T_cell,11
19_76113,T_cell,11
19_76114,High_Endothelial_Venules,6
19_76118,unknown,14
19_76119,CAF,0
19_76120,Plasma_IgG,10
19_76132,Germinal_Center_Plasma_IgM_B_cell,5
19_76133,unknown,14
19_76134,unknown,14
19_76139,unknown,14
19_76150,Plasma_IgG,10
19_76152,Plasma_IgG,10
19_76159,Plasma_IgG,10
19_76160,T_cell,11
19_76162,unknown,14
19_76165,Plasma_IgG,10
19_76180,Plasma_IgG,10
19_76183,Plasma_IgG,10
19_76187,unknown,14
19_76196,unknown,14
19_76197,unknown,14
19_76198,M1_macrophages,7
19_76207,Plasma_IgG,10
19_76212,T_cell,11
19_76217,unknown,14
19_76218,High_Endothelial_Venules,6
19_76230,Tumor,12
19_76231,unknown,14
19_76234,unknown,14
19_76236,T_cell,11
19_76237,High_Endothelial_Venules,6
19_76247,Germinal_Center_Plasma_IgM_B_cell,5
19_76248,Plasma_IgA,9
19_76249,T_cell,11
19_76250,M1_macrophages,7
19_76253,M1_macrophages,7
19_76257,Plasma_IgG,10
19_76259,Plasma_IgG,10
19_76260,T_cell,11
19_76264,M1_macrophages,7
19_76271,unknown,14
19_76280,T_cell,11
19_76281,unknown,14
19_76282,Plasma_IgG,10
19_76290,Plasma_IgG,10
19_76291,Germinal_Center_Plasma_IgM_B_cell,5
19_76293,unknown,14
19_76296,M1_macrophages,7
19_76310,unknown,14
19_76313,Fibroblasts,4
19_76335,M1_macrophages,7
19_76338,unknown,14
19_76342,unknown,14
19_76343,T_cell,11
19_76344,M1_macrophages,7
19_76355,Plasma_IgG,10
19_76356,M1_macrophages,7
19_76360,M1_macrophages,7
19_76361,Plasma_IgG,10
19_76362,CAF,0
19_76363,Germinal_Center_Plasma_IgM_B_cell,5
19_76367,Plasma_IgG,10
19_76371,T_cell,11
19_76373,Plasma_IgG,10
19_76374,M1_macrophages,7
19_76380,Plasma_IgG,10
19_76385,unknown,14
19_76388,CAF,0
19_76396,Plasma_IgG,10
19_76399,Plasma_IgG,10
19_76401,Plasma_IgG,10
19_76412,Plasma_IgG,10
19_76422,T_cell,11
19_76425,M1_macrophages,7
19_76426,M1_macrophages,7
19_76427,Plasma_IgG,10
19_76428,Plasma_IgG,10
19_76429,T_cell,11
19_76431,Plasma_IgA,9
19_76432,High_Endothelial_Venules,6
19_76433,Plasma_IgG,10
19_76434,Plasma_IgG,10
19_76435,unknown,14
19_76436,T_cell,11
19_76444,High_Endothelial_Venules,6
19_76445,Plasma_IgA,9
19_76457,unknown,14
19_76461,High_Endothelial_Venules,6
19_76463,M1_macrophages,7
19_76464,M1_macrophages,7
19_76473,Plasma_IgG,10
19_76476,Plasma_IgG,10
19_76479,M1_macrophages,7
19_76480,Plasma_IgG,10
19_76495,High_Endothelial_Venules,6
19_76503,T_cell,11
19_76504,unknown,14
19_76505,Plasma_IgG,10
19_76506,Plasma_IgA,9
19_76512,Germinal_Center_Plasma_IgM_B_cell,5
19_76513,unknown,14
19_76527,Plasma_IgG,10
19_76528,M1_macrophages,7
19_76535,unknown,14
19_76539,unknown,14
19_76547,T_cell,11
19_76549,Germinal_Center_Plasma_IgM_B_cell,5
19_76550,unknown,14
19_76567,High_Endothelial_Venules,6
19_76569,unknown,14
19_76571,CAF,0
19_76580,T_cell,11
19_76582,CAF,0
19_76583,Plasma_IgG,10
19_76586,unknown,14
19_76591,unknown,14
19_76595,Plasma_IgG,10
19_76596,Germinal_Center_Plasma_IgM_B_cell,5
19_76597,Germinal_Center_Plasma_IgM_B_cell,5
19_76599,Tumor,12
19_76600,Plasma_IgG,10
19_76611,unknown,14
19_76616,unknown,14
19_76618,Fibroblasts,4
19_76619,M1_macrophages,7
19_76621,Plasma_IgG,10
19_76635,Macrophages,8
19_76638,unknown,14
19_76640,T_cell,11
19_76651,unknown,14
19_76658,Tumor,12
19_76661,T_cell,11
19_76664,T_cell,11
19_76665,M1_macrophages,7
19_76667,High_Endothelial_Venules,6
19_76673,Plasma_IgG,10
19_76674,Germinal_Center_Plasma_IgM_B_cell,5
19_76678,Plasma_IgG,10
19_76680,M1_macrophages,7
19_76684,Plasma_IgA,9
19_76685,High_Endothelial_Venules,6
19_76687,Plasma_IgG,10
19_76688,Plasma_IgG,10
19_76690,M1_macrophages,7
19_76696,M1_macrophages,7
19_76697,High_Endothelial_Venules,6
19_76702,CAF,0
19_76703,unknown,14
19_76709,unknown,14
19_76710,unknown,14
19_76711,Germinal_Center_Plasma_IgM_B_cell,5
19_76712,unknown,14
19_76716,Plasma_IgG,10
19_76723,Germinal_Center_Plasma_IgM_B_cell,5
19_76724,unknown,14
19_76725,High_Endothelial_Venules,6
19_76734,unknown,14
19_76745,High_Endothelial_Venules,6
19_76749,Germinal_Center_Plasma_IgM_B_cell,5
19_76751,Plasma_IgG,10
19_76758,Plasma_IgG,10
19_76762,M1_macrophages,7
19_76773,M1_macrophages,7
19_76774,Plasma_IgG,10
19_76779,High_Endothelial_Venules,6
19_76780,Germinal_Center_Plasma_IgM_B_cell,5
19_76784,Germinal_Center_Plasma_IgM_B_cell,5
19_76788,Plasma_IgG,10
19_76791,unknown,14
19_76796,High_Endothelial_Venules,6
19_76799,M1_macrophages,7
19_76804,Plasma_IgG,10
19_76814,Germinal_Center_Plasma_IgM_B_cell,5
19_76822,Plasma_IgG,10
19_76827,T_cell,11
19_76828,Plasma_IgG,10
19_76829,High_Endothelial_Venules,6
19_76830,T_cell,11
19_76831,Fibroblasts,4
19_76836,High_Endothelial_Venules,6
19_76838,unknown,14
19_76842,M1_macrophages,7
19_76849,unknown,14
19_76854,M1_macrophages,7
19_76863,T_cell,11
19_76866,Germinal_Center_Plasma_IgM_B_cell,5
19_76867,Plasma_IgG,10
19_76871,unknown,14
19_76876,unknown,14
19_76877,M1_macrophages,7
19_76882,unknown,14
19_76887,Plasma_IgA,9
19_76889,Plasma_IgG,10
19_76896,unknown,14
19_76897,unknown,14
19_76898,T_cell,11
19_76900,M1_macrophages,7
19_76903,Plasma_IgG,10
19_76904,High_Endothelial_Venules,6
19_76905,Plasma_IgG,10
19_76910,Tumor,12
19_76913,Plasma_IgG,10
19_76916,M1_macrophages,7
19_76917,High_Endothelial_Venules,6
19_76920,Plasma_IgG,10
19_76924,Plasma_IgG,10
19_76925,Germinal_Center_Plasma_IgM_B_cell,5
19_76927,M1_macrophages,7
19_76928,High_Endothelial_Venules,6
19_76934,Plasma_IgG,10
19_76937,Germinal_Center_Plasma_IgM_B_cell,5
19_76940,Plasma_IgG,10
19_76944,T_cell,11
19_76947,M1_macrophages,7
19_76949,Plasma_IgA,9
19_76950,Plasma_IgG,10
19_76951,M1_macrophages,7
19_76957,M1_macrophages,7
19_76959,Germinal_Center_Plasma_IgM_B_cell,5
19_76960,unknown,14
19_76962,unknown,14
19_76963,M1_macrophages,7
19_76964,M1_macrophages,7
19_76967,T_cell,11
19_76981,Plasma_IgA,9
19_76983,T_cell,11
19_76984,High_Endothelial_Venules,6
19_76993,Plasma_IgA,9
19_76995,Plasma_IgG,10
19_77001,M1_macrophages,7
19_77003,Plasma_IgG,10
19_77004,Plasma_IgA,9
19_77014,Plasma_IgA,9
19_77020,Plasma_IgG,10
19_77023,High_Endothelial_Venules,6
19_77025,M1_macrophages,7
19_77033,unknown,14
19_77036,M1_macrophages,7
19_77037,M1_macrophages,7
19_77042,Germinal_Center_Plasma_IgM_B_cell,5
19_77049,Plasma_IgG,10
19_77050,Plasma_IgG,10
19_77054,T_cell,11
19_77057,T_cell,11
19_77058,unknown,14
19_77066,unknown,14
19_77067,T_cell,11
19_77071,unknown,14
19_77072,Plasma_IgG,10
19_77075,T_cell,11
19_77079,Plasma_IgG,10
19_77088,Plasma_IgA,9
19_77089,unknown,14
19_77090,T_cell,11
19_77091,Germinal_Center_Plasma_IgM_B_cell,5
19_77096,Plasma_IgG,10
19_77098,T_cell,11
19_77102,Plasma_IgG,10
19_77103,High_Endothelial_Venules,6
19_77105,unknown,14
19_77106,T_cell,11
19_77108,unknown,14
19_77110,Plasma_IgG,10
19_77111,Plasma_IgG,10
19_77120,unknown,14
19_77121,Germinal_Center_Plasma_IgM_B_cell,5
19_77122,Plasma_IgG,10
19_77123,M1_macrophages,7
19_77125,Fibroblasts,4
19_77130,T_cell,11
19_77134,Plasma_IgG,10
19_77143,Germinal_Center_Plasma_IgM_B_cell,5
19_77145,unknown,14
19_77159,Plasma_IgA,9
19_77168,unknown,14
19_77175,Plasma_IgG,10
19_77177,Plasma_IgG,10
19_77182,Plasma_IgG,10
19_77187,Germinal_Center_Plasma_IgM_B_cell,5
19_77188,T_cell,11
19_77189,T_cell,11
19_77191,Plasma_IgA,9
19_77198,unknown,14
19_77199,unknown,14
19_77200,Germinal_Center_Plasma_IgM_B_cell,5
19_77201,unknown,14
19_77202,T_cell,11
19_77203,T_cell,11
19_77205,Plasma_IgA,9
19_77212,M1_macrophages,7
19_77213,Germinal_Center_Plasma_IgM_B_cell,5
19_77215,High_Endothelial_Venules,6
19_77216,M1_macrophages,7
19_77217,M1_macrophages,7
19_77223,Plasma_IgG,10
19_77226,M1_macrophages,7
19_77227,Plasma_IgG,10
19_77231,unknown,14
19_77236,Plasma_IgG,10
19_77238,High_Endothelial_Venules,6
19_77243,unknown,14
19_77244,Plasma_IgG,10
19_77247,unknown,14
19_77250,Germinal_Center_Plasma_IgM_B_cell,5
19_77261,unknown,14
19_77264,M1_macrophages,7
19_77268,Plasma_IgG,10
19_77272,Plasma_IgG,10
19_77275,Plasma_IgG,10
19_77277,Plasma_IgG,10
19_77280,T_cell,11
19_77282,unknown,14
19_77283,Plasma_IgG,10
19_77288,Plasma_IgA,9
19_77290,unknown,14
19_77297,Germinal_Center_Plasma_IgM_B_cell,5
19_77298,Plasma_IgG,10
19_77300,Germinal_Center_Plasma_IgM_B_cell,5
19_77302,M1_macrophages,7
19_77303,CAF,0
19_77314,Plasma_IgG,10
19_77320,unknown,14
19_77324,Plasma_IgG,10
19_77330,unknown,14
19_77347,Germinal_Center_Plasma_IgM_B_cell,5
19_77350,M1_macrophages,7
19_77356,M1_macrophages,7
19_77357,Germinal_Center_Plasma_IgM_B_cell,5
19_77360,Plasma_IgA,9
19_77366,unknown,14
19_77368,unknown,14
19_77370,Plasma_IgG,10
19_77378,Germinal_Center_Plasma_IgM_B_cell,5
19_77379,unknown,14
19_77380,Germinal_Center_Plasma_IgM_B_cell,5
19_77382,M1_macrophages,7
19_77384,Plasma_IgG,10
19_77385,Plasma_IgG,10
19_77388,unknown,14
19_77400,Plasma_IgA,9
19_77403,Plasma_IgG,10
19_77405,M1_macrophages,7
19_77416,M1_macrophages,7
19_77417,M1_macrophages,7
19_77419,M1_macrophages,7
19_77420,Germinal_Center_Plasma_IgM_B_cell,5
19_77427,Germinal_Center_Plasma_IgM_B_cell,5
19_77438,T_cell,11
19_77439,T_cell,11
19_77440,T_cell,11
19_77442,Plasma_IgA,9
19_77443,M1_macrophages,7
19_77445,Plasma_IgG,10
19_77458,Plasma_IgG,10
19_77464,T_cell,11
19_77465,T_cell,11
19_77467,Plasma_IgG,10
19_77468,CAF,0
19_77469,unknown,14
19_77472,M1_macrophages,7
19_77473,unknown,14
19_77482,unknown,14
19_77484,M1_macrophages,7
19_77485,M1_macrophages,7
19_77486,M1_macrophages,7
19_77491,High_Endothelial_Venules,6
19_77493,M1_macrophages,7
19_77495,Plasma_IgG,10
19_77496,M1_macrophages,7
19_77504,unknown,14
19_77506,M1_macrophages,7
19_77513,unknown,14
19_77518,Plasma_IgG,10
19_77522,M1_macrophages,7
19_77523,Plasma_IgG,10
19_77524,M1_macrophages,7
19_77531,unknown,14
19_77534,M1_macrophages,7
19_77535,Plasma_IgG,10
19_77537,M1_macrophages,7
19_77538,M1_macrophages,7
19_77545,Plasma_IgG,10
19_77556,T_cell,11
19_77557,unknown,14
19_77558,M1_macrophages,7
19_77559,Plasma_IgG,10
19_77560,Plasma_IgG,10
19_77570,Plasma_IgG,10
19_77579,Plasma_IgG,10
19_77581,T_cell,11
19_77588,M1_macrophages,7
19_77595,Plasma_IgG,10
19_77601,Plasma_IgG,10
19_77608,M1_macrophages,7
19_77611,Plasma_IgG,10
19_77613,T_cell,11
19_77616,unknown,14
19_77618,unknown,14
19_77624,Plasma_IgG,10
19_77625,Plasma_IgA,9
19_77626,High_Endothelial_Venules,6
19_77627,M1_macrophages,7
19_77628,unknown,14
19_77636,unknown,14
19_77638,M1_macrophages,7
19_77641,High_Endothelial_Venules,6
19_77646,Plasma_IgG,10
19_77647,High_Endothelial_Venules,6
19_77654,M1_macrophages,7
19_77661,M1_macrophages,7
19_77662,unknown,14
19_77664,T_cell,11
19_77665,T_cell,11
19_77683,unknown,14
19_77684,unknown,14
19_77688,M1_macrophages,7
19_77701,Plasma_IgA,9
19_77702,M1_macrophages,7
19_77706,Germinal_Center_Plasma_IgM_B_cell,5
19_77707,M1_macrophages,7
19_77710,M1_macrophages,7
19_77722,T_cell,11
19_77726,High_Endothelial_Venules,6
19_77733,M1_macrophages,7
19_77734,High_Endothelial_Venules,6
19_77737,Plasma_IgG,10
19_77748,T_cell,11
19_77749,High_Endothelial_Venules,6
19_77750,Plasma_IgG,10
19_77753,Plasma_IgG,10
19_77762,Germinal_Center_Plasma_IgM_B_cell,5
19_77765,Germinal_Center_Plasma_IgM_B_cell,5
19_77769,unknown,14
19_77771,M1_macrophages,7
19_77780,unknown,14
19_77781,unknown,14
19_77782,Germinal_Center_Plasma_IgM_B_cell,5
19_77785,M1_macrophages,7
19_77786,Plasma_IgG,10
19_77792,Germinal_Center_Plasma_IgM_B_cell,5
19_77795,unknown,14
19_77798,M1_macrophages,7
19_77799,T_cell,11
19_77800,High_Endothelial_Venules,6
19_77811,M1_macrophages,7
19_77814,T_cell,11
19_77816,T_cell,11
19_77818,M1_macrophages,7
19_77819,M1_macrophages,7
19_77821,M1_macrophages,7
19_77822,Plasma_IgG,10
19_77832,Plasma_IgG,10
19_77843,T_cell,11
19_77844,unknown,14
19_77849,Fibroblasts,4
19_77851,Plasma_IgG,10
19_77852,Plasma_IgG,10
19_77856,Plasma_IgG,10
19_77867,T_cell,11
19_77874,unknown,14
19_77875,Germinal_Center_Plasma_IgM_B_cell,5
19_77876,Germinal_Center_Plasma_IgM_B_cell,5
19_77878,High_Endothelial_Venules,6
19_77879,unknown,14
19_77881,M1_macrophages,7
19_77886,Plasma_IgA,9
19_77888,Plasma_IgG,10
19_77889,M1_macrophages,7
19_77891,Plasma_IgG,10
19_77898,Plasma_IgG,10
19_77902,T_cell,11
19_77904,T_cell,11
19_77906,unknown,14
19_77910,Plasma_IgG,10
19_77913,Germinal_Center_Plasma_IgM_B_cell,5
19_77915,M1_macrophages,7
19_77918,unknown,14
19_77920,T_cell,11
19_77922,High_Endothelial_Venules,6
19_77925,Plasma_IgA,9
19_77926,M1_macrophages,7
19_77935,Germinal_Center_Plasma_IgM_B_cell,5
19_77937,High_Endothelial_Venules,6
19_77939,Plasma_IgG,10
19_77940,M1_macrophages,7
19_77942,Plasma_IgG,10
19_77944,Plasma_IgG,10
19_77947,T_cell,11
19_77954,Plasma_IgG,10
19_77956,High_Endothelial_Venules,6
19_77957,Plasma_IgA,9
19_77958,Plasma_IgA,9
19_77960,M1_macrophages,7
19_77962,Plasma_IgA,9
19_77969,Plasma_IgG,10
19_77973,Tumor,12
19_77974,unknown,14
19_77975,Plasma_IgG,10
19_77977,unknown,14
19_77984,unknown,14
19_77987,unknown,14
19_77988,High_Endothelial_Venules,6
19_77992,High_Endothelial_Venules,6
19_77993,M1_macrophages,7
19_78002,unknown,14
19_78013,M1_macrophages,7
19_78019,Plasma_IgG,10
19_78021,Plasma_IgG,10
19_78027,M1_macrophages,7
19_78033,Plasma_IgG,10
19_78034,Plasma_IgG,10
19_78047,High_Endothelial_Venules,6
19_78048,High_Endothelial_Venules,6
19_78058,Plasma_IgG,10
19_78059,unknown,14
19_78064,High_Endothelial_Venules,6
19_78066,Plasma_IgG,10
19_78070,unknown,14
19_78072,High_Endothelial_Venules,6
19_78076,unknown,14
19_78077,Germinal_Center_Plasma_IgM_B_cell,5
19_78078,High_Endothelial_Venules,6
19_78080,unknown,14
19_78088,Plasma_IgG,10
19_78089,Germinal_Center_Plasma_IgM_B_cell,5
19_78098,T_cell,11
19_78104,M1_macrophages,7
19_78109,unknown,14
19_78110,Germinal_Center_Plasma_IgM_B_cell,5
19_78111,Cytotoxic_IFN_signaling,3
19_78112,unknown,14
19_78120,Plasma_IgG,10
19_78122,Plasma_IgG,10
19_78125,High_Endothelial_Venules,6
19_78140,Plasma_IgA,9
19_78143,M1_macrophages,7
19_78144,High_Endothelial_Venules,6
19_78152,Plasma_IgG,10
19_78155,Germinal_Center_Plasma_IgM_B_cell,5
19_78160,Plasma_IgG,10
19_78172,M1_macrophages,7
19_78174,Fibroblasts,4
19_78176,Plasma_IgG,10
19_78181,T_cell,11
19_78190,Plasma_IgG,10
19_78200,M1_macrophages,7
19_78201,T_cell,11
19_78204,M1_macrophages,7
19_78205,Plasma_IgA,9
19_78208,M1_macrophages,7
19_78213,Macrophages,8
19_78214,Germinal_Center_Plasma_IgM_B_cell,5
19_78220,Plasma_IgG,10
19_78222,Plasma_IgG,10
19_78227,Plasma_IgG,10
19_78241,High_Endothelial_Venules,6
19_78247,M1_macrophages,7
19_78248,M1_macrophages,7
19_78255,T_cell,11
19_78264,T_cell,11
19_78266,M1_macrophages,7
19_78276,Plasma_IgG,10
19_78280,M1_macrophages,7
19_78281,Plasma_IgG,10
19_78293,unknown,14
19_78302,Germinal_Center_Plasma_IgM_B_cell,5
19_78304,Plasma_IgA,9
19_78305,M1_macrophages,7
19_78306,unknown,14
19_78316,T_cell,11
19_78320,Plasma_IgG,10
19_78326,M1_macrophages,7
19_78330,Plasma_IgG,10
19_78333,T_cell,11
19_78337,T_cell,11
19_78343,Plasma_IgG,10
19_78345,M1_macrophages,7
19_78355,Plasma_IgA,9
19_78356,unknown,14
19_78357,Plasma_IgG,10
19_78359,M1_macrophages,7
19_78360,M1_macrophages,7
19_78362,High_Endothelial_Venules,6
19_78370,Plasma_IgA,9
19_78382,Germinal_Center_Plasma_IgM_B_cell,5
19_78388,Plasma_IgA,9
19_78394,unknown,14
19_78400,M1_macrophages,7
19_78402,Germinal_Center_Plasma_IgM_B_cell,5
19_78407,unknown,14
19_78408,unknown,14
19_78418,unknown,14
19_78419,High_Endothelial_Venules,6
19_78434,T_cell,11
19_78435,Plasma_IgG,10
19_78445,unknown,14
19_78447,unknown,14
19_78451,Plasma_IgG,10
19_78455,unknown,14
19_78457,unknown,14
19_78462,Plasma_IgG,10
19_78464,Plasma_IgG,10
19_78481,M1_macrophages,7
19_78487,High_Endothelial_Venules,6
19_78490,Plasma_IgG,10
19_78495,Plasma_IgG,10
19_78496,Germinal_Center_Plasma_IgM_B_cell,5
19_78497,Germinal_Center_Plasma_IgM_B_cell,5
19_78506,Plasma_IgA,9
19_78507,Plasma_IgG,10
19_78509,Plasma_IgG,10
19_78510,M1_macrophages,7
19_78512,Plasma_IgG,10
19_78519,M1_macrophages,7
19_78521,unknown,14
19_78523,Plasma_IgG,10
19_78524,High_Endothelial_Venules,6
19_78539,Plasma_IgG,10
19_78545,High_Endothelial_Venules,6
19_78555,M1_macrophages,7
19_78561,Plasma_IgG,10
19_78562,unknown,14
19_78564,High_Endothelial_Venules,6
19_78575,T_cell,11
19_78576,High_Endothelial_Venules,6
19_78577,M1_macrophages,7
19_78581,unknown,14
19_78586,unknown,14
19_78589,T_cell,11
19_78593,Plasma_IgA,9
19_78594,Plasma_IgG,10
19_78602,Plasma_IgG,10
19_78608,Plasma_IgG,10
19_78610,Plasma_IgG,10
19_78615,unknown,14
19_78621,Fibroblasts,4
19_78634,Plasma_IgG,10
19_78650,M1_macrophages,7
19_78651,Plasma_IgG,10
19_78656,M1_macrophages,7
19_78662,M1_macrophages,7
19_78669,M1_macrophages,7
19_78671,unknown,14
19_78672,unknown,14
19_78673,Plasma_IgA,9
19_78676,T_cell,11
19_78677,M1_macrophages,7
19_78683,High_Endothelial_Venules,6
19_78687,unknown,14
19_78691,unknown,14
19_78692,Germinal_Center_Plasma_IgM_B_cell,5
19_78693,Plasma_IgG,10
19_78696,M1_macrophages,7
19_78704,unknown,14
19_78705,Germinal_Center_Plasma_IgM_B_cell,5
19_78706,Germinal_Center_Plasma_IgM_B_cell,5
19_78709,unknown,14
19_78712,T_cell,11
19_78716,unknown,14
19_78718,unknown,14
19_78721,High_Endothelial_Venules,6
19_78727,T_cell,11
19_78730,M1_macrophages,7
19_78731,unknown,14
19_78733,Germinal_Center_Plasma_IgM_B_cell,5
19_78740,High_Endothelial_Venules,6
19_78742,Plasma_IgG,10
19_78746,Germinal_Center_Plasma_IgM_B_cell,5
19_78751,M1_macrophages,7
19_78757,M1_macrophages,7
19_78758,M1_macrophages,7
19_78764,High_Endothelial_Venules,6
19_78770,M1_macrophages,7
19_78777,Plasma_IgA,9
19_78792,T_cell,11
19_78794,Germinal_Center_Plasma_IgM_B_cell,5
19_78795,Plasma_IgG,10
19_78805,Plasma_IgG,10
19_78807,Germinal_Center_Plasma_IgM_B_cell,5
19_78815,Plasma_IgG,10
19_78821,M1_macrophages,7
19_78826,T_cell,11
19_78832,Plasma_IgG,10
19_78834,unknown,14
19_78838,T_cell,11
19_78841,T_cell,11
19_78843,High_Endothelial_Venules,6
19_78853,Plasma_IgG,10
19_78857,M1_macrophages,7
19_78868,High_Endothelial_Venules,6
19_78872,Plasma_IgG,10
19_78879,unknown,14
19_78886,High_Endothelial_Venules,6
19_78888,Germinal_Center_Plasma_IgM_B_cell,5
19_78892,M1_macrophages,7
19_78895,unknown,14
19_78898,T_cell,11
19_78900,unknown,14
19_78902,High_Endothelial_Venules,6
19_78904,Plasma_IgG,10
19_78914,M1_macrophages,7
19_78915,Plasma_IgG,10
19_78919,Plasma_IgG,10
19_78929,Plasma_IgG,10
19_78934,unknown,14
19_78946,Plasma_IgG,10
19_78948,T_cell,11
19_78955,Germinal_Center_Plasma_IgM_B_cell,5
19_78957,High_Endothelial_Venules,6
19_78965,unknown,14
19_78972,High_Endothelial_Venules,6
19_78973,T_cell,11
19_78974,Plasma_IgG,10
19_78975,Germinal_Center_Plasma_IgM_B_cell,5
19_78987,High_Endothelial_Venules,6
19_78994,Plasma_IgG,10
19_78996,Plasma_IgA,9
19_78998,M1_macrophages,7
19_79010,unknown,14
19_79011,unknown,14
19_79016,Plasma_IgG,10
19_79017,M1_macrophages,7
19_79032,Plasma_IgG,10
19_79034,T_cell,11
19_79038,Germinal_Center_Plasma_IgM_B_cell,5
19_79045,Plasma_IgG,10
19_79048,M1_macrophages,7
19_79049,Plasma_IgG,10
19_79050,M1_macrophages,7
19_79057,unknown,14
19_79058,Plasma_IgG,10
19_79059,unknown,14
19_79060,Plasma_IgG,10
19_79076,T_cell,11
19_79077,Germinal_Center_Plasma_IgM_B_cell,5
19_79079,T_cell,11
19_79081,unknown,14
19_79082,High_Endothelial_Venules,6
19_79083,Plasma_IgA,9
19_79084,Plasma_IgG,10
19_79090,Plasma_IgG,10
19_79092,Plasma_IgG,10
19_79098,unknown,14
19_79108,unknown,14
19_79112,Plasma_IgG,10
19_79115,unknown,14
19_79125,T_cell,11
19_79136,Plasma_IgG,10
19_79139,M1_macrophages,7
19_79142,Plasma_IgG,10
19_79144,T_cell,11
19_79149,M1_macrophages,7
19_79150,M1_macrophages,7
19_79153,Plasma_IgG,10
19_79161,M1_macrophages,7
19_79163,T_cell,11
19_79164,Germinal_Center_Plasma_IgM_B_cell,5
19_79167,Plasma_IgG,10
19_79168,Germinal_Center_Plasma_IgM_B_cell,5
19_79175,unknown,14
19_79185,unknown,14
19_79186,T_cell,11
19_79187,T_cell,11
19_79192,Plasma_IgG,10
19_79194,High_Endothelial_Venules,6
19_79195,unknown,14
19_79201,unknown,14
19_79203,T_cell,11
19_79210,Plasma_IgA,9
19_79212,Plasma_IgG,10
19_79216,unknown,14
19_79219,Plasma_IgG,10
19_79223,Plasma_IgG,10
19_79236,Plasma_IgG,10
19_79239,Germinal_Center_Plasma_IgM_B_cell,5
19_79240,M1_macrophages,7
19_79257,High_Endothelial_Venules,6
19_79262,M1_macrophages,7
19_79264,unknown,14
19_79265,unknown,14
19_79276,M1_macrophages,7
19_79289,T_cell,11
19_79291,unknown,14
19_79292,unknown,14
19_79299,unknown,14
19_79301,T_cell,11
19_79303,High_Endothelial_Venules,6
19_79305,M1_macrophages,7
19_79311,M1_macrophages,7
19_79312,Macrophages,8
19_79315,M1_macrophages,7
19_79317,Plasma_IgG,10
19_79320,unknown,14
19_79324,unknown,14
19_79325,Germinal_Center_Plasma_IgM_B_cell,5
19_79329,High_Endothelial_Venules,6
19_79330,unknown,14
19_79336,M1_macrophages,7
19_79341,M1_macrophages,7
19_79349,Plasma_IgG,10
19_79352,Plasma_IgG,10
19_79356,High_Endothelial_Venules,6
19_79361,Plasma_IgG,10
19_79364,unknown,14
19_79365,High_Endothelial_Venules,6
19_79366,unknown,14
19_79369,Plasma_IgA,9
19_79379,M1_macrophages,7
19_79380,Plasma_IgG,10
19_79392,M1_macrophages,7
19_79397,Germinal_Center_Plasma_IgM_B_cell,5
19_79400,Plasma_IgA,9
19_79402,unknown,14
19_79407,Plasma_IgG,10
19_79415,High_Endothelial_Venules,6
19_79426,Macrophages,8
19_79427,Plasma_IgA,9
19_79429,M1_macrophages,7
19_79430,High_Endothelial_Venules,6
19_79432,Plasma_IgG,10
19_79433,unknown,14
19_79438,Plasma_IgG,10
19_79439,unknown,14
19_79450,High_Endothelial_Venules,6
19_79451,Plasma_IgG,10
19_79453,M1_macrophages,7
19_79456,unknown,14
19_79458,Plasma_IgA,9
19_79460,Plasma_IgG,10
19_79466,High_Endothelial_Venules,6
19_79467,unknown,14
19_79468,Plasma_IgG,10
19_79476,Plasma_IgG,10
19_79480,unknown,14
19_79483,Germinal_Center_Plasma_IgM_B_cell,5
19_79485,Plasma_IgA,9
19_79486,T_cell,11
19_79487,M1_macrophages,7
19_79488,M1_macrophages,7
19_79493,unknown,14
19_79502,High_Endothelial_Venules,6
19_79513,Plasma_IgG,10
19_79514,Plasma_IgG,10
19_79515,unknown,14
19_79519,T_cell,11
19_79525,Plasma_IgG,10
19_79526,Plasma_IgA,9
19_79527,M1_macrophages,7
19_79533,Plasma_IgG,10
19_79534,Plasma_IgG,10
19_79539,High_Endothelial_Venules,6
19_79545,High_Endothelial_Venules,6
19_79546,Germinal_Center_Plasma_IgM_B_cell,5
19_79551,M1_macrophages,7
19_79563,High_Endothelial_Venules,6
19_79571,Plasma_IgG,10
19_79572,Tumor,12
19_79573,unknown,14
19_79575,Plasma_IgA,9
19_79579,T_cell,11
19_79584,M1_macrophages,7
19_79585,High_Endothelial_Venules,6
19_79593,unknown,14
19_79594,T_cell,11
19_79596,Plasma_IgA,9
19_79604,M1_macrophages,7
19_79606,T_cell,11
19_79610,M1_macrophages,7
19_79614,Plasma_IgG,10
19_79624,M1_macrophages,7
19_79625,unknown,14
19_79636,Germinal_Center_Plasma_IgM_B_cell,5
19_79646,T_cell,11
19_79647,High_Endothelial_Venules,6
19_79648,unknown,14
19_79651,unknown,14
19_79652,Germinal_Center_Plasma_IgM_B_cell,5
19_79654,Plasma_IgG,10
19_79655,T_cell,11
19_79656,M1_macrophages,7
19_79661,M1_macrophages,7
19_79666,unknown,14
19_79668,Germinal_Center_Plasma_IgM_B_cell,5
19_79670,High_Endothelial_Venules,6
19_79671,M1_macrophages,7
19_79673,Plasma_IgG,10
19_79679,Plasma_IgG,10
19_79682,Germinal_Center_Plasma_IgM_B_cell,5
19_79684,High_Endothelial_Venules,6
19_79685,Fibroblasts,4
19_79692,unknown,14
19_79694,unknown,14
19_79696,Germinal_Center_Plasma_IgM_B_cell,5
19_79700,Plasma_IgG,10
19_79703,unknown,14
19_79706,High_Endothelial_Venules,6
19_79721,unknown,14
19_79722,Plasma_IgA,9
19_79724,High_Endothelial_Venules,6
19_79725,unknown,14
19_79726,T_cell,11
19_79731,T_cell,11
19_79734,unknown,14
19_79736,T_cell,11
19_79737,M1_macrophages,7
19_79740,unknown,14
19_79747,unknown,14
19_79748,M1_macrophages,7
19_79749,unknown,14
19_79751,Plasma_IgG,10
19_79753,T_cell,11
19_79768,unknown,14
19_79776,unknown,14
19_79777,M1_macrophages,7
19_79782,T_cell,11
19_79786,Plasma_IgG,10
19_79793,Germinal_Center_Plasma_IgM_B_cell,5
19_79798,T_cell,11
19_79800,Germinal_Center_Plasma_IgM_B_cell,5
19_79802,unknown,14
19_79806,unknown,14
19_79807,T_cell,11
19_79809,M1_macrophages,7
19_79810,unknown,14
19_79818,unknown,14
19_79820,Plasma_IgG,10
19_79821,T_cell,11
19_79822,Plasma_IgG,10
19_79823,Plasma_IgG,10
19_79831,unknown,14
19_79833,unknown,14
19_79836,unknown,14
19_79839,Germinal_Center_Plasma_IgM_B_cell,5
19_79842,unknown,14
19_79844,unknown,14
19_79852,unknown,14
19_79853,Plasma_IgA,9
19_79855,Germinal_Center_Plasma_IgM_B_cell,5
19_79856,High_Endothelial_Venules,6
19_79857,M1_macrophages,7
19_79860,unknown,14
19_79862,unknown,14
19_79863,High_Endothelial_Venules,6
19_79866,M1_macrophages,7
19_79869,unknown,14
19_79870,Germinal_Center_Plasma_IgM_B_cell,5
19_79872,Germinal_Center_Plasma_IgM_B_cell,5
19_79873,T_cell,11
19_79884,Plasma_IgG,10
19_79889,T_cell,11
19_79896,Plasma_IgG,10
19_79897,unknown,14
19_79898,M1_macrophages,7
19_79901,unknown,14
19_79902,Plasma_IgG,10
19_79907,unknown,14
19_79909,Plasma_IgG,10
19_79911,T_cell,11
19_79912,unknown,14
19_79920,unknown,14
19_79921,M1_macrophages,7
19_79928,Plasma_IgG,10
19_79939,unknown,14
19_79940,High_Endothelial_Venules,6
19_79944,Plasma_IgG,10
19_79951,T_cell,11
19_79953,Plasma_IgG,10
19_79957,M1_macrophages,7
19_79958,Plasma_IgG,10
19_79964,unknown,14
19_79969,Germinal_Center_Plasma_IgM_B_cell,5
19_79976,M1_macrophages,7
19_79982,unknown,14
19_79983,unknown,14
19_79985,Plasma_IgG,10
19_79986,High_Endothelial_Venules,6
19_79989,T_cell,11
19_79991,Plasma_IgG,10
19_79996,M1_macrophages,7
19_79997,T_cell,11
19_80004,T_cell,11
19_80006,M1_macrophages,7
19_80008,T_cell,11
19_80010,Plasma_IgA,9
19_80014,T_cell,11
19_80015,High_Endothelial_Venules,6
19_80027,T_cell,11
19_80036,High_Endothelial_Venules,6
19_80037,T_cell,11
19_80048,Germinal_Center_Plasma_IgM_B_cell,5
19_80052,Plasma_IgG,10
19_80055,T_cell,11
19_80059,M1_macrophages,7
19_80063,T_cell,11
19_80065,unknown,14
19_80066,M1_macrophages,7
19_80067,T_cell,11
19_80068,T_cell,11
19_80070,T_cell,11
19_80076,unknown,14
19_80077,T_cell,11
19_80078,T_cell,11
19_80079,M1_macrophages,7
19_80080,M1_macrophages,7
19_80081,T_cell,11
19_80088,unknown,14
19_80093,T_cell,11
19_80094,T_cell,11
19_80098,M1_macrophages,7
19_80101,unknown,14
19_80103,M1_macrophages,7
19_80112,M1_macrophages,7
19_80115,M1_macrophages,7
19_80120,T_cell,11
19_80121,Plasma_IgG,10
19_80125,T_cell,11
19_80126,M1_macrophages,7
19_80127,Plasma_IgA,9
19_80129,unknown,14
19_80130,unknown,14
19_80138,High_Endothelial_Venules,6
19_80140,M1_macrophages,7
19_80145,Fibroblasts,4
19_80146,Germinal_Center_Plasma_IgM_B_cell,5
19_80148,M1_macrophages,7
19_80149,M1_macrophages,7
19_80152,M1_macrophages,7
19_80153,M1_macrophages,7
19_80154,High_Endothelial_Venules,6
19_80156,unknown,14
19_80157,Germinal_Center_Plasma_IgM_B_cell,5
19_80158,High_Endothelial_Venules,6
19_80165,unknown,14
19_80166,M1_macrophages,7
19_80167,M1_macrophages,7
19_80168,T_cell,11
19_80169,High_Endothelial_Venules,6
19_80177,T_cell,11
19_80181,unknown,14
19_80188,Macrophages,8
19_80189,Cytotoxic_IFN_signaling,3
19_80190,Germinal_Center_Plasma_IgM_B_cell,5
19_80191,unknown,14
19_80196,M1_macrophages,7
19_80197,High_Endothelial_Venules,6
19_80198,Plasma_IgG,10
19_80199,T_cell,11
19_80201,unknown,14
19_80204,T_cell,11
19_80205,High_Endothelial_Venules,6
19_80206,unknown,14
19_80208,T_cell,11
19_80213,T_cell,11
19_80214,T_cell,11
19_80216,unknown,14
19_80218,unknown,14
19_80222,M1_macrophages,7
19_80227,unknown,14
19_80228,M1_macrophages,7
19_80229,Plasma_IgG,10
19_80233,unknown,14
19_80234,unknown,14
19_80244,T_cell,11
19_80245,T_cell,11
19_80249,Fibroblasts,4
19_80251,High_Endothelial_Venules,6
19_80256,M1_macrophages,7
19_80257,unknown,14
19_80262,unknown,14
19_80263,M1_macrophages,7
19_80265,Germinal_Center_Plasma_IgM_B_cell,5
19_80266,unknown,14
19_80267,unknown,14
19_80268,T_cell,11
19_80271,Plasma_IgG,10
19_80272,unknown,14
19_80273,Plasma_IgA,9
19_80279,unknown,14
19_80280,unknown,14
19_80281,M1_macrophages,7
19_80286,unknown,14
19_80288,M1_macrophages,7
19_80295,unknown,14
19_80296,High_Endothelial_Venules,6
19_80299,High_Endothelial_Venules,6
19_80300,Plasma_IgG,10
19_80301,T_cell,11
19_80307,High_Endothelial_Venules,6
19_80318,M1_macrophages,7
19_80320,M1_macrophages,7
19_80321,M1_macrophages,7
19_80338,Plasma_IgA,9
19_80339,High_Endothelial_Venules,6
19_80341,unknown,14
19_80345,High_Endothelial_Venules,6
19_80360,unknown,14
19_80361,T_cell,11
19_80376,M1_macrophages,7
19_80383,T_cell,11
19_80394,M1_macrophages,7
19_80395,Plasma_IgG,10
19_80397,unknown,14
19_80398,M1_macrophages,7
19_80399,Germinal_Center_Plasma_IgM_B_cell,5
19_80400,Tumor,12
19_80401,M1_macrophages,7
19_80408,Plasma_IgG,10
19_80421,High_Endothelial_Venules,6
19_80430,M1_macrophages,7
19_80433,unknown,14
19_80436,unknown,14
19_80437,unknown,14
19_80439,Germinal_Center_Plasma_IgM_B_cell,5
19_80445,Plasma_IgG,10
19_80447,unknown,14
19_80449,T_cell,11
19_80451,High_Endothelial_Venules,6
19_80456,M1_macrophages,7
19_80457,unknown,14
19_80458,unknown,14
19_80463,M1_macrophages,7
19_80464,unknown,14
19_80467,T_cell,11
19_80469,T_cell,11
19_80470,Fibroblasts,4
19_80472,M1_macrophages,7
19_80474,unknown,14
19_80475,M1_macrophages,7
19_80479,Plasma_IgG,10
19_80482,Germinal_Center_Plasma_IgM_B_cell,5
19_80483,T_cell,11
19_80486,unknown,14
19_80488,M1_macrophages,7
19_80489,unknown,14
19_80492,Germinal_Center_Plasma_IgM_B_cell,5
19_80493,unknown,14
19_80494,unknown,14
19_80498,M1_macrophages,7
19_80505,unknown,14
19_80507,unknown,14
19_80518,M1_macrophages,7
19_80519,Plasma_IgA,9
19_80529,M1_macrophages,7
19_80536,T_cell,11
19_80548,Germinal_Center_Plasma_IgM_B_cell,5
19_80552,M1_macrophages,7
19_80558,High_Endothelial_Venules,6
19_80564,High_Endothelial_Venules,6
19_80565,Plasma_IgG,10
19_80571,unknown,14
19_80572,unknown,14
19_80573,Plasma_IgG,10
19_80576,T_cell,11
19_80578,Germinal_Center_Plasma_IgM_B_cell,5
19_80585,unknown,14
19_80586,M1_macrophages,7
19_80589,M1_macrophages,7
19_80590,High_Endothelial_Venules,6
19_80598,unknown,14
19_80599,Plasma_IgG,10
19_80608,unknown,14
19_80611,Germinal_Center_Plasma_IgM_B_cell,5
19_80617,High_Endothelial_Venules,6
19_80620,M1_macrophages,7
19_80622,M1_macrophages,7
19_80629,T_cell,11
19_80632,T_cell,11
19_80633,Germinal_Center_Plasma_IgM_B_cell,5
19_80634,Plasma_IgG,10
19_80641,T_cell,11
19_80642,M1_macrophages,7
19_80651,unknown,14
19_80652,M1_macrophages,7
19_80658,T_cell,11
19_80663,unknown,14
19_80668,Plasma_IgG,10
19_80669,Plasma_IgA,9
19_80670,Germinal_Center_Plasma_IgM_B_cell,5
19_80671,unknown,14
19_80673,Plasma_IgG,10
19_80685,M1_macrophages,7
19_80688,High_Endothelial_Venules,6
19_80695,M1_macrophages,7
19_80706,unknown,14
19_80714,unknown,14
19_80715,M1_macrophages,7
19_80716,unknown,14
19_80720,High_Endothelial_Venules,6
19_80725,Plasma_IgG,10
19_80734,Germinal_Center_Plasma_IgM_B_cell,5
19_80740,Plasma_IgG,10
19_80744,Germinal_Center_Plasma_IgM_B_cell,5
19_80745,unknown,14
19_80747,unknown,14
19_80752,High_Endothelial_Venules,6
19_80754,M1_macrophages,7
19_80755,Germinal_Center_Plasma_IgM_B_cell,5
19_80768,unknown,14
19_80771,unknown,14
19_80772,Plasma_IgG,10
19_80776,T_cell,11
19_80777,T_cell,11
19_80778,unknown,14
19_80782,High_Endothelial_Venules,6
19_80785,unknown,14
19_80793,T_cell,11
19_80794,unknown,14
19_80796,Germinal_Center_Plasma_IgM_B_cell,5
19_80811,Plasma_IgG,10
19_80812,Macrophages,8
19_80820,Germinal_Center_Plasma_IgM_B_cell,5
19_80835,T_cell,11
19_80836,T_cell,11
19_80841,T_cell,11
19_80843,Plasma_IgA,9
19_80845,High_Endothelial_Venules,6
19_80849,T_cell,11
19_80850,T_cell,11
19_80851,High_Endothelial_Venules,6
19_80852,Plasma_IgG,10
19_80856,High_Endothelial_Venules,6
19_80859,unknown,14
19_80860,unknown,14
19_80867,T_cell,11
19_80873,unknown,14
19_80874,High_Endothelial_Venules,6
19_80875,Germinal_Center_Plasma_IgM_B_cell,5
19_80876,T_cell,11
19_80882,T_cell,11
19_80903,unknown,14
19_80911,High_Endothelial_Venules,6
19_80920,High_Endothelial_Venules,6
19_80921,High_Endothelial_Venules,6
19_80923,High_Endothelial_Venules,6
19_80924,T_cell,11
19_80926,Plasma_IgG,10
19_80927,unknown,14
19_80928,unknown,14
19_80929,Plasma_IgG,10
19_80930,M1_macrophages,7
19_80931,T_cell,11
19_80932,T_cell,11
19_80940,unknown,14
19_80946,High_Endothelial_Venules,6
19_80949,M1_macrophages,7
19_80954,Plasma_IgG,10
19_80956,unknown,14
19_80961,unknown,14
19_80965,Germinal_Center_Plasma_IgM_B_cell,5
19_80967,Plasma_IgG,10
19_80977,Plasma_IgA,9
19_80978,Plasma_IgG,10
19_81000,Germinal_Center_Plasma_IgM_B_cell,5
19_81003,unknown,14
19_81004,Plasma_IgG,10
19_81008,M1_macrophages,7
19_81016,M1_macrophages,7
19_81019,unknown,14
19_81023,T_cell,11
19_81026,M1_macrophages,7
19_81044,High_Endothelial_Venules,6
19_81046,Germinal_Center_Plasma_IgM_B_cell,5
19_81047,unknown,14
19_81048,unknown,14
19_81053,Germinal_Center_Plasma_IgM_B_cell,5
19_81057,Plasma_IgG,10
19_81065,unknown,14
19_81069,Plasma_IgA,9
19_81071,T_cell,11
19_81076,unknown,14
19_81088,Plasma_IgG,10
19_81090,M1_macrophages,7
19_81093,M1_macrophages,7
19_81098,High_Endothelial_Venules,6
19_81099,T_cell,11
19_81101,unknown,14
19_81102,unknown,14
19_81103,unknown,14
19_81104,High_Endothelial_Venules,6
19_81107,Germinal_Center_Plasma_IgM_B_cell,5
19_81110,Plasma_IgG,10
19_81111,Plasma_IgA,9
19_81113,M1_macrophages,7
19_81118,T_cell,11
19_81119,unknown,14
19_81124,M1_macrophages,7
19_81129,Germinal_Center_Plasma_IgM_B_cell,5
19_81130,unknown,14
19_81139,Plasma_IgG,10
19_81140,High_Endothelial_Venules,6
19_81142,Germinal_Center_Plasma_IgM_B_cell,5
19_81146,M1_macrophages,7
19_81152,unknown,14
19_81153,unknown,14
19_81160,T_cell,11
19_81161,High_Endothelial_Venules,6
19_81174,unknown,14
19_81176,High_Endothelial_Venules,6
19_81181,Plasma_IgG,10
19_81182,unknown,14
19_81192,unknown,14
19_81196,T_cell,11
19_81205,unknown,14
19_81210,unknown,14
19_81217,unknown,14
19_81220,unknown,14
19_81221,T_cell,11
19_81223,Germinal_Center_Plasma_IgM_B_cell,5
19_81224,T_cell,11
19_81229,unknown,14
19_81233,unknown,14
19_81235,Germinal_Center_Plasma_IgM_B_cell,5
19_81239,Plasma_IgG,10
19_81251,M1_macrophages,7
19_81255,Germinal_Center_Plasma_IgM_B_cell,5
19_81262,Germinal_Center_Plasma_IgM_B_cell,5
19_81268,unknown,14
19_81274,Plasma_IgA,9
19_81282,M1_macrophages,7
19_81283,Germinal_Center_Plasma_IgM_B_cell,5
19_81286,High_Endothelial_Venules,6
19_81288,Germinal_Center_Plasma_IgM_B_cell,5
19_81291,M1_macrophages,7
19_81308,M1_macrophages,7
19_81311,High_Endothelial_Venules,6
19_81317,unknown,14
19_81318,Germinal_Center_Plasma_IgM_B_cell,5
19_81320,M1_macrophages,7
19_81325,unknown,14
19_81329,unknown,14
19_81334,unknown,14
19_81336,T_cell,11
19_81339,High_Endothelial_Venules,6
19_81347,High_Endothelial_Venules,6
19_81352,Plasma_IgG,10
19_81361,High_Endothelial_Venules,6
19_81362,unknown,14
19_81365,T_cell,11
19_81372,unknown,14
19_81373,High_Endothelial_Venules,6
19_81383,M1_macrophages,7
19_81385,T_cell,11
19_81396,unknown,14
19_81405,Germinal_Center_Plasma_IgM_B_cell,5
19_81408,unknown,14
19_81416,unknown,14
19_81417,Germinal_Center_Plasma_IgM_B_cell,5
19_81418,unknown,14
19_81434,unknown,14
19_81447,Plasma_IgG,10
19_81457,M1_macrophages,7
19_81458,unknown,14
19_81462,T_cell,11
19_81469,unknown,14
19_81470,T_cell,11
19_81474,unknown,14
19_81480,M1_macrophages,7
19_81502,M1_macrophages,7
19_81503,M1_macrophages,7
19_81507,Plasma_IgA,9
19_81509,unknown,14
19_81517,Plasma_IgA,9
19_81523,Plasma_IgG,10
19_81531,T_cell,11
19_81537,unknown,14
19_81538,Germinal_Center_Plasma_IgM_B_cell,5
19_81539,Plasma_IgG,10
19_81540,M1_macrophages,7
19_81542,unknown,14
19_81550,M1_macrophages,7
19_81555,T_cell,11
19_81556,unknown,14
19_81567,Germinal_Center_Plasma_IgM_B_cell,5
19_81568,T_cell,11
19_81570,unknown,14
19_81579,M1_macrophages,7
19_81588,M1_macrophages,7
19_81599,unknown,14
19_81601,M1_macrophages,7
19_81607,M1_macrophages,7
19_81608,unknown,14
19_81618,T_cell,11
19_81620,unknown,14
19_81625,Germinal_Center_Plasma_IgM_B_cell,5
19_81626,T_cell,11
19_81628,M1_macrophages,7
19_81631,M1_macrophages,7
19_81633,M1_macrophages,7
19_81639,T_cell,11
19_81641,High_Endothelial_Venules,6
19_81649,T_cell,11
19_81653,M1_macrophages,7
19_81667,Plasma_IgG,10
19_81682,High_Endothelial_Venules,6
19_81683,unknown,14
19_81695,unknown,14
19_81697,unknown,14
19_81699,Plasma_IgA,9
19_81702,unknown,14
19_81714,unknown,14
19_81727,Plasma_IgG,10
19_81729,M1_macrophages,7
19_81738,unknown,14
19_81741,M1_macrophages,7
19_81744,High_Endothelial_Venules,6
19_81753,High_Endothelial_Venules,6
19_81754,M1_macrophages,7
19_81768,M1_macrophages,7
19_81769,unknown,14
19_81780,Germinal_Center_Plasma_IgM_B_cell,5
19_81781,Germinal_Center_Plasma_IgM_B_cell,5
19_81782,Plasma_IgG,10
19_81784,Plasma_IgG,10
19_81795,T_cell,11
19_81796,unknown,14
19_81799,T_cell,11
19_81801,Plasma_IgG,10
19_81821,M1_macrophages,7
19_81829,unknown,14
19_81830,Plasma_IgG,10
19_81831,T_cell,11
19_81841,Germinal_Center_Plasma_IgM_B_cell,5
19_81850,M1_macrophages,7
19_81856,Plasma_IgG,10
19_81859,unknown,14
19_81860,High_Endothelial_Venules,6
19_81866,Plasma_IgG,10
19_81868,M1_macrophages,7
19_81877,unknown,14
19_81882,M1_macrophages,7
19_81885,M1_macrophages,7
19_81893,unknown,14
19_81896,unknown,14
19_81902,T_cell,11
19_81903,Germinal_Center_Plasma_IgM_B_cell,5
19_81916,High_Endothelial_Venules,6
19_81923,M1_macrophages,7
19_81924,High_Endothelial_Venules,6
19_81926,Plasma_IgG,10
19_81936,unknown,14
19_81937,M1_macrophages,7
19_81938,Plasma_IgG,10
19_81942,M1_macrophages,7
19_81944,Plasma_IgA,9
19_81958,unknown,14
19_81969,T_cell,11
19_81982,Germinal_Center_Plasma_IgM_B_cell,5
19_81988,Plasma_IgG,10
19_81998,M1_macrophages,7
19_81999,T_cell,11
19_82000,unknown,14
19_82003,T_cell,11
19_82014,unknown,14
19_82021,T_cell,11
19_82024,unknown,14
19_82036,Plasma_IgG,10
19_82037,unknown,14
19_82040,M1_macrophages,7
19_82102,unknown,14
19_82103,T_cell,11
19_82105,unknown,14
19_82106,High_Endothelial_Venules,6
19_82118,unknown,14
19_82122,T_cell,11
19_82138,Plasma_IgG,10
19_82157,M1_macrophages,7
19_82165,Plasma_IgA,9
19_82174,Germinal_Center_Plasma_IgM_B_cell,5
19_82183,Plasma_IgA,9
19_82188,High_Endothelial_Venules,6
19_82192,M1_macrophages,7
19_82196,unknown,14
19_82201,T_cell,11
19_82208,M1_macrophages,7
19_82209,High_Endothelial_Venules,6
19_82214,M1_macrophages,7
19_82217,unknown,14
19_82218,Plasma_IgA,9
19_82220,T_cell,11
19_82229,Plasma_IgG,10
19_82245,unknown,14
19_82250,M1_macrophages,7
19_82255,High_Endothelial_Venules,6
19_82256,unknown,14
19_82262,Plasma_IgA,9
19_82263,unknown,14
19_82269,unknown,14
19_82270,unknown,14
19_82282,unknown,14
19_82284,T_cell,11
19_82285,M1_macrophages,7
19_82292,M1_macrophages,7
19_82310,Plasma_IgG,10
19_82313,unknown,14
19_82323,T_cell,11
19_82327,Plasma_IgG,10
19_82335,Plasma_IgG,10
19_82338,unknown,14
19_82339,unknown,14
19_82344,unknown,14
19_82354,M1_macrophages,7
19_82365,Plasma_IgG,10
19_82368,M1_macrophages,7
19_82372,Plasma_IgG,10
19_82378,M1_macrophages,7
19_82389,unknown,14
19_82412,High_Endothelial_Venules,6
19_82413,T_cell,11
19_82414,M1_macrophages,7
19_82415,Plasma_IgG,10
19_82429,T_cell,11
19_82432,unknown,14
19_82448,unknown,14
19_82450,High_Endothelial_Venules,6
19_82457,Plasma_IgG,10
19_82458,Plasma_IgG,10
19_82461,High_Endothelial_Venules,6
19_82465,unknown,14
19_82473,Germinal_Center_Plasma_IgM_B_cell,5
19_82474,Plasma_IgG,10
19_82478,unknown,14
19_82485,Plasma_IgG,10
19_82486,Plasma_IgA,9
19_82496,Germinal_Center_Plasma_IgM_B_cell,5
19_82507,Plasma_IgG,10
19_82516,Macrophages,8
19_82527,unknown,14
19_82528,unknown,14
19_82530,M1_macrophages,7
19_82539,T_cell,11
19_82548,Plasma_IgG,10
19_82549,T_cell,11
19_82551,Plasma_IgG,10
19_82553,M1_macrophages,7
19_82557,M1_macrophages,7
19_82562,Macrophages,8
19_82564,M1_macrophages,7
19_82574,Plasma_IgG,10
19_82576,unknown,14
19_82588,Plasma_IgA,9
19_82600,M1_macrophages,7
19_82615,Plasma_IgG,10
19_82620,T_cell,11
19_82640,unknown,14
19_82653,Plasma_IgA,9
19_82663,T_cell,11
19_82682,T_cell,11
19_82688,High_Endothelial_Venules,6
19_82694,T_cell,11
19_82695,M1_macrophages,7
19_82696,T_cell,11
19_82699,Germinal_Center_Plasma_IgM_B_cell,5
19_82702,Tumor,12
19_82704,Germinal_Center_Plasma_IgM_B_cell,5
19_82726,unknown,14
19_82729,unknown,14
19_82734,Germinal_Center_Plasma_IgM_B_cell,5
19_82743,unknown,14
19_82757,T_cell,11
19_82759,Plasma_IgG,10
19_82766,unknown,14
19_82777,M1_macrophages,7
19_82778,unknown,14
19_82784,Plasma_IgG,10
19_82795,Plasma_IgA,9
19_82800,unknown,14
19_82805,unknown,14
19_82806,M1_macrophages,7
19_82812,Germinal_Center_Plasma_IgM_B_cell,5
19_82823,Plasma_IgG,10
19_82825,Plasma_IgG,10
19_82826,unknown,14
19_82838,unknown,14
19_82842,unknown,14
19_82855,Plasma_IgG,10
19_82856,Plasma_IgG,10
19_82873,Germinal_Center_Plasma_IgM_B_cell,5
19_82884,unknown,14
19_82901,unknown,14
19_82903,Plasma_IgA,9
19_82904,unknown,14
19_82907,unknown,14
19_82916,T_cell,11
19_82917,unknown,14
19_82918,High_Endothelial_Venules,6
19_82921,High_Endothelial_Venules,6
19_82932,unknown,14
19_82941,T_cell,11
19_82942,Germinal_Center_Plasma_IgM_B_cell,5
19_82944,High_Endothelial_Venules,6
19_82946,Germinal_Center_Plasma_IgM_B_cell,5
19_82947,Germinal_Center_Plasma_IgM_B_cell,5
19_82956,Plasma_IgG,10
19_82969,Plasma_IgG,10
19_82970,unknown,14
19_82973,High_Endothelial_Venules,6
19_82983,Germinal_Center_Plasma_IgM_B_cell,5
19_82984,unknown,14
19_82988,M1_macrophages,7
19_83021,Germinal_Center_Plasma_IgM_B_cell,5
19_83023,Plasma_IgG,10
19_83030,High_Endothelial_Venules,6
19_83040,unknown,14
19_83072,Plasma_IgG,10
19_83077,unknown,14
19_83089,unknown,14
19_83100,T_cell,11
19_83120,unknown,14
19_83133,unknown,14
19_83137,Plasma_IgA,9
19_83144,unknown,14
19_83149,M1_macrophages,7
19_83184,unknown,14
19_83185,Germinal_Center_Plasma_IgM_B_cell,5
19_83186,unknown,14
19_83187,M1_macrophages,7
19_83224,Germinal_Center_Plasma_IgM_B_cell,5
19_83233,Germinal_Center_Plasma_IgM_B_cell,5
19_83246,Plasma_IgG,10
19_83256,M1_macrophages,7
19_83263,Plasma_IgG,10
19_83264,unknown,14
19_83266,M1_macrophages,7
19_83278,High_Endothelial_Venules,6
19_83279,Plasma_IgG,10
19_83280,T_cell,11
19_83282,Germinal_Center_Plasma_IgM_B_cell,5
19_83320,Plasma_IgG,10
19_83326,M1_macrophages,7
19_83332,T_cell,11
19_83333,Plasma_IgA,9
19_83338,Germinal_Center_Plasma_IgM_B_cell,5
19_83346,M1_macrophages,7
19_83358,High_Endothelial_Venules,6
19_83360,M1_macrophages,7
19_83361,unknown,14
19_83369,unknown,14
19_83402,unknown,14
19_83403,High_Endothelial_Venules,6
19_83405,M1_macrophages,7
19_83408,High_Endothelial_Venules,6
19_83422,T_cell,11
19_83431,unknown,14
19_83458,High_Endothelial_Venules,6
19_83468,T_cell,11
19_83469,unknown,14
19_83502,Plasma_IgG,10
19_83506,M1_macrophages,7
19_83507,unknown,14
19_83509,Fibroblasts,4
19_83516,Germinal_Center_Plasma_IgM_B_cell,5
19_83517,Fibroblasts,4
19_83554,Germinal_Center_Plasma_IgM_B_cell,5
19_83556,Plasma_IgG,10
19_83558,unknown,14
19_83560,High_Endothelial_Venules,6
19_83568,High_Endothelial_Venules,6
19_83578,Germinal_Center_Plasma_IgM_B_cell,5
19_83584,Plasma_IgG,10
19_83593,Plasma_IgA,9
19_83626,unknown,14
19_83637,M1_macrophages,7
19_83647,unknown,14
19_83653,unknown,14
19_83657,M1_macrophages,7
19_83666,Germinal_Center_Plasma_IgM_B_cell,5
19_83677,unknown,14
19_83708,unknown,14
19_83709,Germinal_Center_Plasma_IgM_B_cell,5
19_83726,T_cell,11
19_83746,T_cell,11
19_83751,Germinal_Center_Plasma_IgM_B_cell,5
19_83756,M1_macrophages,7
19_83757,Plasma_IgG,10
19_83768,unknown,14
19_83779,M1_macrophages,7
19_83790,T_cell,11
19_83802,unknown,14
19_83827,unknown,14
19_83837,unknown,14
19_83842,M1_macrophages,7
19_83847,unknown,14
19_83857,unknown,14
19_83866,Plasma_IgG,10
19_83942,High_Endothelial_Venules,6
19_83963,T_cell,11
19_83964,T_cell,11
19_83973,unknown,14
19_83975,T_cell,11
19_83992,unknown,14
19_84004,unknown,14
19_84026,T_cell,11
19_84040,M1_macrophages,7
19_84072,Germinal_Center_Plasma_IgM_B_cell,5
19_84090,unknown,14
19_84118,Germinal_Center_Plasma_IgM_B_cell,5
19_84119,unknown,14
19_84129,M1_macrophages,7
19_84139,T_cell,11
19_84148,T_cell,11
19_84150,unknown,14
19_84202,High_Endothelial_Venules,6
19_84223,T_cell,11
19_84225,Plasma_IgG,10
19_84240,M1_macrophages,7
19_84241,T_cell,11
19_84242,unknown,14
19_84256,Plasma_IgG,10
19_84268,T_cell,11
19_84300,Germinal_Center_Plasma_IgM_B_cell,5
19_84301,Germinal_Center_Plasma_IgM_B_cell,5
19_84304,Plasma_IgA,9
19_84315,unknown,14
19_84325,T_cell,11
19_84326,Germinal_Center_Plasma_IgM_B_cell,5
19_84336,High_Endothelial_Venules,6
19_84352,High_Endothelial_Venules,6
19_84383,T_cell,11
19_84423,unknown,14
19_84436,unknown,14
19_84437,Plasma_IgA,9
19_84471,unknown,14
19_84489,unknown,14
19_84490,High_Endothelial_Venules,6
19_84552,unknown,14
19_84560,unknown,14
19_84561,unknown,14
19_84564,Plasma_IgG,10
19_84582,Plasma_IgG,10
19_84594,High_Endothelial_Venules,6
19_84600,unknown,14
19_84616,unknown,14
19_84633,Plasma_IgG,10
19_84673,T_cell,11
19_84706,High_Endothelial_Venules,6
19_84719,Germinal_Center_Plasma_IgM_B_cell,5
19_84732,unknown,14
19_84744,Plasma_IgA,9
19_84767,unknown,14
19_84770,unknown,14
19_84792,Plasma_IgG,10
19_84793,High_Endothelial_Venules,6
19_84815,M1_macrophages,7
19_84816,unknown,14
19_84837,M1_macrophages,7
19_84858,Plasma_IgG,10
19_84860,Plasma_IgG,10
19_84864,T_cell,11
19_84993,Plasma_IgG,10
19_85003,T_cell,11
19_85034,unknown,14
19_85055,Plasma_IgG,10
19_85068,unknown,14
19_85099,unknown,14
19_85101,T_cell,11
19_85110,Germinal_Center_Plasma_IgM_B_cell,5
19_85118,unknown,14
19_85123,Plasma_IgA,9
19_85128,Germinal_Center_Plasma_IgM_B_cell,5
19_85129,T_cell,11
19_85137,unknown,14
19_85175,Plasma_IgG,10
19_85196,Germinal_Center_Plasma_IgM_B_cell,5
19_85197,unknown,14
19_85225,M1_macrophages,7
19_85243,M1_macrophages,7
19_85266,Germinal_Center_Plasma_IgM_B_cell,5
19_85291,Plasma_IgG,10
19_85310,T_cell,11
19_85361,unknown,14
19_85371,unknown,14
19_85380,unknown,14
19_85382,unknown,14
19_85407,Plasma_IgG,10
19_85477,Plasma_IgG,10
19_85512,unknown,14
19_85520,Germinal_Center_Plasma_IgM_B_cell,5
19_85533,Germinal_Center_Plasma_IgM_B_cell,5
19_85546,Germinal_Center_Plasma_IgM_B_cell,5
19_85573,Germinal_Center_Plasma_IgM_B_cell,5
19_85586,unknown,14
19_85597,unknown,14
19_85623,High_Endothelial_Venules,6
19_85650,Plasma_IgA,9
19_85686,High_Endothelial_Venules,6
19_85688,T_cell,11
19_85695,T_cell,11
19_85708,unknown,14
19_85710,unknown,14
19_85747,Plasma_IgG,10
19_85772,M1_macrophages,7
19_85842,T_cell,11
19_85853,Plasma_IgG,10
19_85890,T_cell,11
19_85927,unknown,14
19_85929,Plasma_IgG,10
19_85953,unknown,14
19_86030,T_cell,11
19_86032,Plasma_IgA,9
19_86062,unknown,14
19_86091,Germinal_Center_Plasma_IgM_B_cell,5
19_86123,Germinal_Center_Plasma_IgM_B_cell,5
19_86176,Plasma_IgG,10
19_86277,Plasma_IgG,10
19_86382,High_Endothelial_Venules,6
19_86390,unknown,14
19_86421,Plasma_IgG,10
19_86450,Plasma_IgA,9
19_86585,unknown,14
19_86623,High_Endothelial_Venules,6
19_86651,unknown,14
19_86687,unknown,14
19_86949,Plasma_IgG,10
19_87089,Plasma_IgA,9
19_87222,M1_macrophages,7
19_87255,M1_macrophages,7
19_87289,M1_macrophages,7
